regime,method,display,channel,arm,cell,seed,in_selection,return_mean,return_std,n_episodes,score,diverged,source
online,RARL-PPO,RARL-PPO,theta_r,m=gauss,nominal,0,1,589.6682,32.419791312299175,20,18.7410,0,runs/spec_rnoise/rarlppo_hopper_rgauss/seed_0/r_r_hopper_eval.json
online,RARL-PPO,RARL-PPO,theta_r,m=gauss,l1_in,0,0,595.5455,102.99754011913434,20,18.9216,0,runs/spec_rnoise/rarlppo_hopper_rgauss/seed_0/r_r_hopper_eval.json
online,RARL-PPO,RARL-PPO,theta_r,m=gauss,l1_out,0,0,428.0346,147.54174934440357,20,13.7746,0,runs/spec_rnoise/rarlppo_hopper_rgauss/seed_0/r_r_hopper_eval.json
online,RARL-PPO,RARL-PPO,theta_r,m=gauss,l2_in,0,0,494.3554,146.3420099367773,20,15.8124,0,runs/spec_rnoise/rarlppo_hopper_rgauss/seed_0/r_r_hopper_eval.json
online,RARL-PPO,RARL-PPO,theta_r,m=gauss,l2_out,0,0,523.2665,178.46437483586456,20,16.7007,0,runs/spec_rnoise/rarlppo_hopper_rgauss/seed_0/r_r_hopper_eval.json
online,RARL-PPO,RARL-PPO,theta_r,m=gauss,l3_in,0,0,529.4164,177.2713622346365,20,16.8897,0,runs/spec_rnoise/rarlppo_hopper_rgauss/seed_0/r_r_hopper_eval.json
online,RARL-PPO,RARL-PPO,theta_r,m=gauss,l3_out,0,0,484.3188,290.57663831002577,20,15.5040,0,runs/spec_rnoise/rarlppo_hopper_rgauss/seed_0/r_r_hopper_eval.json
online,RARL-PPO,RARL-PPO,theta_r,m=gauss,l1_anchor,0,0,356.3963,4.904907241647697,20,11.5735,0,runs/spec_rnoise/rarlppo_hopper_rgauss/seed_0/r_r_hopper_eval.json
online,RARL-PPO,RARL-PPO,theta_r,m=gauss,l2_anchor,0,0,317.8669,2.964676651150516,20,10.3896,0,runs/spec_rnoise/rarlppo_hopper_rgauss/seed_0/r_r_hopper_eval.json
online,RARL-PPO,RARL-PPO,theta_r,m=gauss,l3_anchor,0,0,258.6812,26.22131735043786,20,8.5711,0,runs/spec_rnoise/rarlppo_hopper_rgauss/seed_0/r_r_hopper_eval.json
online,RARL-PPO,RARL-PPO,theta_r,m=gauss,nominal,1,1,556.6737,43.61635156569592,20,17.7272,0,runs/spec_rnoise/rarlppo_hopper_rgauss/seed_1/r_r_hopper_eval.json
online,RARL-PPO,RARL-PPO,theta_r,m=gauss,l1_in,1,0,628.9469,239.8994524591279,20,19.9479,0,runs/spec_rnoise/rarlppo_hopper_rgauss/seed_1/r_r_hopper_eval.json
online,RARL-PPO,RARL-PPO,theta_r,m=gauss,l1_out,1,0,562.2692,417.9114937921994,20,17.8991,0,runs/spec_rnoise/rarlppo_hopper_rgauss/seed_1/r_r_hopper_eval.json
online,RARL-PPO,RARL-PPO,theta_r,m=gauss,l2_in,1,0,632.0661,271.5380530759394,20,20.0437,0,runs/spec_rnoise/rarlppo_hopper_rgauss/seed_1/r_r_hopper_eval.json
online,RARL-PPO,RARL-PPO,theta_r,m=gauss,l2_out,1,0,705.7299,674.7934657317743,20,22.3071,0,runs/spec_rnoise/rarlppo_hopper_rgauss/seed_1/r_r_hopper_eval.json
online,RARL-PPO,RARL-PPO,theta_r,m=gauss,l3_in,1,0,601.0675,253.95057125860373,20,19.0912,0,runs/spec_rnoise/rarlppo_hopper_rgauss/seed_1/r_r_hopper_eval.json
online,RARL-PPO,RARL-PPO,theta_r,m=gauss,l3_out,1,0,501.8878,410.7548653492199,20,16.0438,0,runs/spec_rnoise/rarlppo_hopper_rgauss/seed_1/r_r_hopper_eval.json
online,RARL-PPO,RARL-PPO,theta_r,m=gauss,l1_anchor,1,0,241.4234,18.358117820251866,20,8.0408,0,runs/spec_rnoise/rarlppo_hopper_rgauss/seed_1/r_r_hopper_eval.json
online,RARL-PPO,RARL-PPO,theta_r,m=gauss,l2_anchor,1,0,283.2041,10.115994602618715,20,9.3246,0,runs/spec_rnoise/rarlppo_hopper_rgauss/seed_1/r_r_hopper_eval.json
online,RARL-PPO,RARL-PPO,theta_r,m=gauss,l3_anchor,1,0,271.3308,40.18676197889934,20,8.9597,0,runs/spec_rnoise/rarlppo_hopper_rgauss/seed_1/r_r_hopper_eval.json
online,RARL-PPO,RARL-PPO,theta_r,m=gauss,nominal,2,1,690.4360,68.35873920997679,20,21.8372,0,runs/spec_rnoise/rarlppo_hopper_rgauss/seed_2/r_r_hopper_eval.json
online,RARL-PPO,RARL-PPO,theta_r,m=gauss,l1_in,2,0,542.5540,244.15279091922866,20,17.2933,0,runs/spec_rnoise/rarlppo_hopper_rgauss/seed_2/r_r_hopper_eval.json
online,RARL-PPO,RARL-PPO,theta_r,m=gauss,l1_out,2,0,379.0840,250.43048575934608,20,12.2706,0,runs/spec_rnoise/rarlppo_hopper_rgauss/seed_2/r_r_hopper_eval.json
online,RARL-PPO,RARL-PPO,theta_r,m=gauss,l2_in,2,0,569.9954,342.80115135316373,20,18.1365,0,runs/spec_rnoise/rarlppo_hopper_rgauss/seed_2/r_r_hopper_eval.json
online,RARL-PPO,RARL-PPO,theta_r,m=gauss,l2_out,2,0,499.2652,401.5175532648024,20,15.9633,0,runs/spec_rnoise/rarlppo_hopper_rgauss/seed_2/r_r_hopper_eval.json
online,RARL-PPO,RARL-PPO,theta_r,m=gauss,l3_in,2,0,536.8919,392.55387082736627,20,17.1194,0,runs/spec_rnoise/rarlppo_hopper_rgauss/seed_2/r_r_hopper_eval.json
online,RARL-PPO,RARL-PPO,theta_r,m=gauss,l3_out,2,0,615.8522,353.8088874484888,20,19.5455,0,runs/spec_rnoise/rarlppo_hopper_rgauss/seed_2/r_r_hopper_eval.json
online,RARL-PPO,RARL-PPO,theta_r,m=gauss,l1_anchor,2,0,421.7395,23.331914503651426,20,13.5812,0,runs/spec_rnoise/rarlppo_hopper_rgauss/seed_2/r_r_hopper_eval.json
online,RARL-PPO,RARL-PPO,theta_r,m=gauss,l2_anchor,2,0,180.4324,2.2639075421499033,20,6.1668,0,runs/spec_rnoise/rarlppo_hopper_rgauss/seed_2/r_r_hopper_eval.json
online,RARL-PPO,RARL-PPO,theta_r,m=gauss,l3_anchor,2,0,168.7994,35.511668049205234,20,5.8094,0,runs/spec_rnoise/rarlppo_hopper_rgauss/seed_2/r_r_hopper_eval.json
online,RARL-PPO,RARL-PPO,theta_r,m=gauss,nominal,3407,1,124.8541,1.1703633320899536,20,4.4591,0,runs/spec_rnoise/rarlppo_hopper_rgauss/seed_3407/r_r_hopper_eval.json
online,RARL-PPO,RARL-PPO,theta_r,m=gauss,l1_in,3407,0,134.9201,12.445153265584006,20,4.7684,0,runs/spec_rnoise/rarlppo_hopper_rgauss/seed_3407/r_r_hopper_eval.json
online,RARL-PPO,RARL-PPO,theta_r,m=gauss,l1_out,3407,0,157.2033,46.05385243778289,20,5.4530,0,runs/spec_rnoise/rarlppo_hopper_rgauss/seed_3407/r_r_hopper_eval.json
online,RARL-PPO,RARL-PPO,theta_r,m=gauss,l2_in,3407,0,169.8499,151.9285342380822,20,5.8416,0,runs/spec_rnoise/rarlppo_hopper_rgauss/seed_3407/r_r_hopper_eval.json
online,RARL-PPO,RARL-PPO,theta_r,m=gauss,l2_out,3407,0,219.4495,253.58044229059706,20,7.3656,0,runs/spec_rnoise/rarlppo_hopper_rgauss/seed_3407/r_r_hopper_eval.json
online,RARL-PPO,RARL-PPO,theta_r,m=gauss,l3_in,3407,0,366.6651,406.2298595112106,20,11.8890,0,runs/spec_rnoise/rarlppo_hopper_rgauss/seed_3407/r_r_hopper_eval.json
online,RARL-PPO,RARL-PPO,theta_r,m=gauss,l3_out,3407,0,632.5083,353.00189256197865,20,20.0573,0,runs/spec_rnoise/rarlppo_hopper_rgauss/seed_3407/r_r_hopper_eval.json
online,RARL-PPO,RARL-PPO,theta_r,m=gauss,l1_anchor,3407,0,125.3781,1.2371161860590323,20,4.4752,0,runs/spec_rnoise/rarlppo_hopper_rgauss/seed_3407/r_r_hopper_eval.json
online,RARL-PPO,RARL-PPO,theta_r,m=gauss,l2_anchor,3407,0,128.2057,8.326019399792802,20,4.5621,0,runs/spec_rnoise/rarlppo_hopper_rgauss/seed_3407/r_r_hopper_eval.json
online,RARL-PPO,RARL-PPO,theta_r,m=gauss,l3_anchor,3407,0,128.8363,22.22525266411792,20,4.5814,0,runs/spec_rnoise/rarlppo_hopper_rgauss/seed_3407/r_r_hopper_eval.json
online,RARL-PPO,RARL-PPO,theta_r,m=gauss,nominal,42,1,390.1381,7.047045230242262,20,12.6102,0,runs/spec_rnoise/rarlppo_hopper_rgauss/seed_42/r_r_hopper_eval.json
online,RARL-PPO,RARL-PPO,theta_r,m=gauss,l1_in,42,0,652.9827,365.4797357536556,20,20.6864,0,runs/spec_rnoise/rarlppo_hopper_rgauss/seed_42/r_r_hopper_eval.json
online,RARL-PPO,RARL-PPO,theta_r,m=gauss,l1_out,42,0,615.4047,311.0312281870915,20,19.5318,0,runs/spec_rnoise/rarlppo_hopper_rgauss/seed_42/r_r_hopper_eval.json
online,RARL-PPO,RARL-PPO,theta_r,m=gauss,l2_in,42,0,598.8770,447.97031217099965,20,19.0239,0,runs/spec_rnoise/rarlppo_hopper_rgauss/seed_42/r_r_hopper_eval.json
online,RARL-PPO,RARL-PPO,theta_r,m=gauss,l2_out,42,0,471.3010,247.15380065828256,20,15.1040,0,runs/spec_rnoise/rarlppo_hopper_rgauss/seed_42/r_r_hopper_eval.json
online,RARL-PPO,RARL-PPO,theta_r,m=gauss,l3_in,42,0,528.9337,194.4247520087321,20,16.8748,0,runs/spec_rnoise/rarlppo_hopper_rgauss/seed_42/r_r_hopper_eval.json
online,RARL-PPO,RARL-PPO,theta_r,m=gauss,l3_out,42,0,716.2617,383.18929062282166,20,22.6307,0,runs/spec_rnoise/rarlppo_hopper_rgauss/seed_42/r_r_hopper_eval.json
online,RARL-PPO,RARL-PPO,theta_r,m=gauss,l1_anchor,42,0,315.9057,9.456170936354393,20,10.3293,0,runs/spec_rnoise/rarlppo_hopper_rgauss/seed_42/r_r_hopper_eval.json
online,RARL-PPO,RARL-PPO,theta_r,m=gauss,l2_anchor,42,0,293.2233,2.5316776101697824,20,9.6324,0,runs/spec_rnoise/rarlppo_hopper_rgauss/seed_42/r_r_hopper_eval.json
online,RARL-PPO,RARL-PPO,theta_r,m=gauss,l3_anchor,42,0,237.7453,63.54566734264569,20,7.9278,0,runs/spec_rnoise/rarlppo_hopper_rgauss/seed_42/r_r_hopper_eval.json
online,RARL-PPO,RARL-PPO,theta_r,m=uniform,nominal,0,1,382.5824,6.516545671113441,20,12.3781,0,runs/spec_rnoise/rarlppo_hopper_runiform/seed_0/r_r_hopper_eval.json
online,RARL-PPO,RARL-PPO,theta_r,m=uniform,l1_in,0,0,528.9655,155.91167362698218,20,16.8758,0,runs/spec_rnoise/rarlppo_hopper_runiform/seed_0/r_r_hopper_eval.json
online,RARL-PPO,RARL-PPO,theta_r,m=uniform,l1_out,0,0,419.5286,190.98261351418574,20,13.5133,0,runs/spec_rnoise/rarlppo_hopper_runiform/seed_0/r_r_hopper_eval.json
online,RARL-PPO,RARL-PPO,theta_r,m=uniform,l2_in,0,0,505.1744,204.44403550868776,20,16.1448,0,runs/spec_rnoise/rarlppo_hopper_runiform/seed_0/r_r_hopper_eval.json
online,RARL-PPO,RARL-PPO,theta_r,m=uniform,l2_out,0,0,497.1324,306.15462891579074,20,15.8977,0,runs/spec_rnoise/rarlppo_hopper_runiform/seed_0/r_r_hopper_eval.json
online,RARL-PPO,RARL-PPO,theta_r,m=uniform,l3_in,0,0,553.5517,247.82322351237272,20,17.6313,0,runs/spec_rnoise/rarlppo_hopper_runiform/seed_0/r_r_hopper_eval.json
online,RARL-PPO,RARL-PPO,theta_r,m=uniform,l3_out,0,0,382.4422,214.20780040824783,20,12.3737,0,runs/spec_rnoise/rarlppo_hopper_runiform/seed_0/r_r_hopper_eval.json
online,RARL-PPO,RARL-PPO,theta_r,m=uniform,l1_anchor,0,0,312.7206,4.97261699254659,20,10.2315,0,runs/spec_rnoise/rarlppo_hopper_runiform/seed_0/r_r_hopper_eval.json
online,RARL-PPO,RARL-PPO,theta_r,m=uniform,l2_anchor,0,0,284.4924,5.363933142920835,20,9.3641,0,runs/spec_rnoise/rarlppo_hopper_runiform/seed_0/r_r_hopper_eval.json
online,RARL-PPO,RARL-PPO,theta_r,m=uniform,l3_anchor,0,0,220.7704,42.862079873437835,20,7.4062,0,runs/spec_rnoise/rarlppo_hopper_runiform/seed_0/r_r_hopper_eval.json
online,RARL-PPO,RARL-PPO,theta_r,m=uniform,nominal,1,1,421.4216,38.37773470035593,20,13.5714,0,runs/spec_rnoise/rarlppo_hopper_runiform/seed_1/r_r_hopper_eval.json
online,RARL-PPO,RARL-PPO,theta_r,m=uniform,l1_in,1,0,455.2103,244.95321932275482,20,14.6096,0,runs/spec_rnoise/rarlppo_hopper_runiform/seed_1/r_r_hopper_eval.json
online,RARL-PPO,RARL-PPO,theta_r,m=uniform,l1_out,1,0,358.9648,237.9216262473831,20,11.6524,0,runs/spec_rnoise/rarlppo_hopper_runiform/seed_1/r_r_hopper_eval.json
online,RARL-PPO,RARL-PPO,theta_r,m=uniform,l2_in,1,0,469.7222,321.3210081383662,20,15.0555,0,runs/spec_rnoise/rarlppo_hopper_runiform/seed_1/r_r_hopper_eval.json
online,RARL-PPO,RARL-PPO,theta_r,m=uniform,l2_out,1,0,462.4603,292.48712155196665,20,14.8324,0,runs/spec_rnoise/rarlppo_hopper_runiform/seed_1/r_r_hopper_eval.json
online,RARL-PPO,RARL-PPO,theta_r,m=uniform,l3_in,1,0,466.5624,255.02090780798517,20,14.9584,0,runs/spec_rnoise/rarlppo_hopper_runiform/seed_1/r_r_hopper_eval.json
online,RARL-PPO,RARL-PPO,theta_r,m=uniform,l3_out,1,0,466.8552,280.4220676928454,20,14.9674,0,runs/spec_rnoise/rarlppo_hopper_runiform/seed_1/r_r_hopper_eval.json
online,RARL-PPO,RARL-PPO,theta_r,m=uniform,l1_anchor,1,0,115.4811,1.1963984507004533,20,4.1711,0,runs/spec_rnoise/rarlppo_hopper_runiform/seed_1/r_r_hopper_eval.json
online,RARL-PPO,RARL-PPO,theta_r,m=uniform,l2_anchor,1,0,121.0869,1.765194823813525,20,4.3433,0,runs/spec_rnoise/rarlppo_hopper_runiform/seed_1/r_r_hopper_eval.json
online,RARL-PPO,RARL-PPO,theta_r,m=uniform,l3_anchor,1,0,154.0568,62.73712038446029,20,5.3564,0,runs/spec_rnoise/rarlppo_hopper_runiform/seed_1/r_r_hopper_eval.json
online,RARL-PPO,RARL-PPO,theta_r,m=uniform,nominal,2,1,628.1666,763.717678915503,20,19.9239,0,runs/spec_rnoise/rarlppo_hopper_runiform/seed_2/r_r_hopper_eval.json
online,RARL-PPO,RARL-PPO,theta_r,m=uniform,l1_in,2,0,1227.7609,992.8546675891249,20,38.3470,0,runs/spec_rnoise/rarlppo_hopper_runiform/seed_2/r_r_hopper_eval.json
online,RARL-PPO,RARL-PPO,theta_r,m=uniform,l1_out,2,0,1263.8070,1170.6854269703495,20,39.4546,0,runs/spec_rnoise/rarlppo_hopper_runiform/seed_2/r_r_hopper_eval.json
online,RARL-PPO,RARL-PPO,theta_r,m=uniform,l2_in,2,0,1467.8008,1243.6883966224905,20,45.7225,0,runs/spec_rnoise/rarlppo_hopper_runiform/seed_2/r_r_hopper_eval.json
online,RARL-PPO,RARL-PPO,theta_r,m=uniform,l2_out,2,0,1246.0462,1082.4725698773207,20,38.9089,0,runs/spec_rnoise/rarlppo_hopper_runiform/seed_2/r_r_hopper_eval.json
online,RARL-PPO,RARL-PPO,theta_r,m=uniform,l3_in,2,0,1054.5727,912.689950661485,20,33.0256,0,runs/spec_rnoise/rarlppo_hopper_runiform/seed_2/r_r_hopper_eval.json
online,RARL-PPO,RARL-PPO,theta_r,m=uniform,l3_out,2,0,562.8418,522.759995454436,20,17.9167,0,runs/spec_rnoise/rarlppo_hopper_runiform/seed_2/r_r_hopper_eval.json
online,RARL-PPO,RARL-PPO,theta_r,m=uniform,l1_anchor,2,0,2469.1420,863.4247039157021,20,76.4897,0,runs/spec_rnoise/rarlppo_hopper_runiform/seed_2/r_r_hopper_eval.json
online,RARL-PPO,RARL-PPO,theta_r,m=uniform,l2_anchor,2,0,652.1370,16.369185050146466,20,20.6604,0,runs/spec_rnoise/rarlppo_hopper_runiform/seed_2/r_r_hopper_eval.json
online,RARL-PPO,RARL-PPO,theta_r,m=uniform,l3_anchor,2,0,404.8849,100.63174632945264,20,13.0633,0,runs/spec_rnoise/rarlppo_hopper_runiform/seed_2/r_r_hopper_eval.json
online,RARL-PPO,RARL-PPO,theta_r,m=uniform,nominal,3407,1,654.4274,283.8950080887622,20,20.7308,0,runs/spec_rnoise/rarlppo_hopper_runiform/seed_3407/r_r_hopper_eval.json
online,RARL-PPO,RARL-PPO,theta_r,m=uniform,l1_in,3407,0,633.3489,368.97380436760415,20,20.0831,0,runs/spec_rnoise/rarlppo_hopper_runiform/seed_3407/r_r_hopper_eval.json
online,RARL-PPO,RARL-PPO,theta_r,m=uniform,l1_out,3407,0,415.1063,359.8748440910991,20,13.3774,0,runs/spec_rnoise/rarlppo_hopper_runiform/seed_3407/r_r_hopper_eval.json
online,RARL-PPO,RARL-PPO,theta_r,m=uniform,l2_in,3407,0,607.1784,581.778671137889,20,19.2790,0,runs/spec_rnoise/rarlppo_hopper_runiform/seed_3407/r_r_hopper_eval.json
online,RARL-PPO,RARL-PPO,theta_r,m=uniform,l2_out,3407,0,444.9549,306.9560655871952,20,14.2945,0,runs/spec_rnoise/rarlppo_hopper_runiform/seed_3407/r_r_hopper_eval.json
online,RARL-PPO,RARL-PPO,theta_r,m=uniform,l3_in,3407,0,494.1482,461.26068908913163,20,15.8060,0,runs/spec_rnoise/rarlppo_hopper_runiform/seed_3407/r_r_hopper_eval.json
online,RARL-PPO,RARL-PPO,theta_r,m=uniform,l3_out,3407,0,608.3364,492.4951864871369,20,19.3146,0,runs/spec_rnoise/rarlppo_hopper_runiform/seed_3407/r_r_hopper_eval.json
online,RARL-PPO,RARL-PPO,theta_r,m=uniform,l1_anchor,3407,0,111.8327,2.7403721843503392,20,4.0590,0,runs/spec_rnoise/rarlppo_hopper_runiform/seed_3407/r_r_hopper_eval.json
online,RARL-PPO,RARL-PPO,theta_r,m=uniform,l2_anchor,3407,0,119.7275,3.0871771594108197,20,4.3016,0,runs/spec_rnoise/rarlppo_hopper_runiform/seed_3407/r_r_hopper_eval.json
online,RARL-PPO,RARL-PPO,theta_r,m=uniform,l3_anchor,3407,0,113.7170,5.363155779573034,20,4.1169,0,runs/spec_rnoise/rarlppo_hopper_runiform/seed_3407/r_r_hopper_eval.json
online,RARL-PPO,RARL-PPO,theta_r,m=uniform,nominal,42,1,2271.9091,501.52803910804363,20,70.4296,0,runs/spec_rnoise/rarlppo_hopper_runiform/seed_42/r_r_hopper_eval.json
online,RARL-PPO,RARL-PPO,theta_r,m=uniform,l1_in,42,0,1317.5820,775.5571430498537,20,41.1069,0,runs/spec_rnoise/rarlppo_hopper_runiform/seed_42/r_r_hopper_eval.json
online,RARL-PPO,RARL-PPO,theta_r,m=uniform,l1_out,42,0,938.7388,643.2302048628605,20,29.4665,0,runs/spec_rnoise/rarlppo_hopper_runiform/seed_42/r_r_hopper_eval.json
online,RARL-PPO,RARL-PPO,theta_r,m=uniform,l2_in,42,0,1563.5435,917.5095291598834,20,48.6643,0,runs/spec_rnoise/rarlppo_hopper_runiform/seed_42/r_r_hopper_eval.json
online,RARL-PPO,RARL-PPO,theta_r,m=uniform,l2_out,42,0,1123.9398,785.6680946405097,20,35.1570,0,runs/spec_rnoise/rarlppo_hopper_runiform/seed_42/r_r_hopper_eval.json
online,RARL-PPO,RARL-PPO,theta_r,m=uniform,l3_in,42,0,913.2315,428.9416383668161,20,28.6828,0,runs/spec_rnoise/rarlppo_hopper_runiform/seed_42/r_r_hopper_eval.json
online,RARL-PPO,RARL-PPO,theta_r,m=uniform,l3_out,42,0,683.8258,437.9296104166008,20,21.6341,0,runs/spec_rnoise/rarlppo_hopper_runiform/seed_42/r_r_hopper_eval.json
online,RARL-PPO,RARL-PPO,theta_r,m=uniform,l1_anchor,42,0,2324.7242,476.00151840275885,20,72.0523,0,runs/spec_rnoise/rarlppo_hopper_runiform/seed_42/r_r_hopper_eval.json
online,RARL-PPO,RARL-PPO,theta_r,m=uniform,l2_anchor,42,0,643.6631,36.233374189935546,20,20.4000,0,runs/spec_rnoise/rarlppo_hopper_runiform/seed_42/r_r_hopper_eval.json
online,RARL-PPO,RARL-PPO,theta_r,m=uniform,l3_anchor,42,0,417.1918,89.25198901961123,20,13.4415,0,runs/spec_rnoise/rarlppo_hopper_runiform/seed_42/r_r_hopper_eval.json
online,RARL-PPO,RARL-PPO,theta_r,m=shift,nominal,0,1,482.0764,1.966276608992014,20,15.4351,0,runs/spec_rnoise/rarlppo_hopper_rshift/seed_0/r_r_hopper_eval.json
online,RARL-PPO,RARL-PPO,theta_r,m=shift,l1_in,0,0,570.8872,139.23245443801085,20,18.1639,0,runs/spec_rnoise/rarlppo_hopper_rshift/seed_0/r_r_hopper_eval.json
online,RARL-PPO,RARL-PPO,theta_r,m=shift,l1_out,0,0,506.2463,195.9093264720534,20,16.1778,0,runs/spec_rnoise/rarlppo_hopper_rshift/seed_0/r_r_hopper_eval.json
online,RARL-PPO,RARL-PPO,theta_r,m=shift,l2_in,0,0,590.5664,184.85939919015786,20,18.7686,0,runs/spec_rnoise/rarlppo_hopper_rshift/seed_0/r_r_hopper_eval.json
online,RARL-PPO,RARL-PPO,theta_r,m=shift,l2_out,0,0,558.5460,251.76720161306045,20,17.7847,0,runs/spec_rnoise/rarlppo_hopper_rshift/seed_0/r_r_hopper_eval.json
online,RARL-PPO,RARL-PPO,theta_r,m=shift,l3_in,0,0,607.0499,271.02204014450643,20,19.2750,0,runs/spec_rnoise/rarlppo_hopper_rshift/seed_0/r_r_hopper_eval.json
online,RARL-PPO,RARL-PPO,theta_r,m=shift,l3_out,0,0,483.0481,307.8294545929456,20,15.4650,0,runs/spec_rnoise/rarlppo_hopper_rshift/seed_0/r_r_hopper_eval.json
online,RARL-PPO,RARL-PPO,theta_r,m=shift,l1_anchor,0,0,364.6379,7.30051484262113,20,11.8267,0,runs/spec_rnoise/rarlppo_hopper_rshift/seed_0/r_r_hopper_eval.json
online,RARL-PPO,RARL-PPO,theta_r,m=shift,l2_anchor,0,0,333.8056,1.4621168935768696,20,10.8793,0,runs/spec_rnoise/rarlppo_hopper_rshift/seed_0/r_r_hopper_eval.json
online,RARL-PPO,RARL-PPO,theta_r,m=shift,l3_anchor,0,0,235.8682,17.556602386777257,20,7.8701,0,runs/spec_rnoise/rarlppo_hopper_rshift/seed_0/r_r_hopper_eval.json
online,RARL-PPO,RARL-PPO,theta_r,m=shift,nominal,1,1,379.2742,6.223610915839502,20,12.2764,0,runs/spec_rnoise/rarlppo_hopper_rshift/seed_1/r_r_hopper_eval.json
online,RARL-PPO,RARL-PPO,theta_r,m=shift,l1_in,1,0,465.7754,176.3038690718794,20,14.9342,0,runs/spec_rnoise/rarlppo_hopper_rshift/seed_1/r_r_hopper_eval.json
online,RARL-PPO,RARL-PPO,theta_r,m=shift,l1_out,1,0,429.3852,234.58272259402295,20,13.8161,0,runs/spec_rnoise/rarlppo_hopper_rshift/seed_1/r_r_hopper_eval.json
online,RARL-PPO,RARL-PPO,theta_r,m=shift,l2_in,1,0,457.4262,212.78861977872594,20,14.6777,0,runs/spec_rnoise/rarlppo_hopper_rshift/seed_1/r_r_hopper_eval.json
online,RARL-PPO,RARL-PPO,theta_r,m=shift,l2_out,1,0,407.8594,205.25932607595698,20,13.1547,0,runs/spec_rnoise/rarlppo_hopper_rshift/seed_1/r_r_hopper_eval.json
online,RARL-PPO,RARL-PPO,theta_r,m=shift,l3_in,1,0,431.5976,180.36007639358897,20,13.8841,0,runs/spec_rnoise/rarlppo_hopper_rshift/seed_1/r_r_hopper_eval.json
online,RARL-PPO,RARL-PPO,theta_r,m=shift,l3_out,1,0,376.5046,231.48636822400988,20,12.1913,0,runs/spec_rnoise/rarlppo_hopper_rshift/seed_1/r_r_hopper_eval.json
online,RARL-PPO,RARL-PPO,theta_r,m=shift,l1_anchor,1,0,257.1219,4.597502224951948,20,8.5232,0,runs/spec_rnoise/rarlppo_hopper_rshift/seed_1/r_r_hopper_eval.json
online,RARL-PPO,RARL-PPO,theta_r,m=shift,l2_anchor,1,0,150.3615,7.1593499055960885,20,5.2428,0,runs/spec_rnoise/rarlppo_hopper_rshift/seed_1/r_r_hopper_eval.json
online,RARL-PPO,RARL-PPO,theta_r,m=shift,l3_anchor,1,0,159.0086,15.646288134580944,20,5.5085,0,runs/spec_rnoise/rarlppo_hopper_rshift/seed_1/r_r_hopper_eval.json
online,RARL-PPO,RARL-PPO,theta_r,m=shift,nominal,2,1,884.0858,69.73839196824868,20,27.7873,0,runs/spec_rnoise/rarlppo_hopper_rshift/seed_2/r_r_hopper_eval.json
online,RARL-PPO,RARL-PPO,theta_r,m=shift,l1_in,2,0,616.0975,361.38503078682044,20,19.5530,0,runs/spec_rnoise/rarlppo_hopper_rshift/seed_2/r_r_hopper_eval.json
online,RARL-PPO,RARL-PPO,theta_r,m=shift,l1_out,2,0,362.5086,228.8537848666047,20,11.7613,0,runs/spec_rnoise/rarlppo_hopper_rshift/seed_2/r_r_hopper_eval.json
online,RARL-PPO,RARL-PPO,theta_r,m=shift,l2_in,2,0,751.5212,803.2710217674788,20,23.7141,0,runs/spec_rnoise/rarlppo_hopper_rshift/seed_2/r_r_hopper_eval.json
online,RARL-PPO,RARL-PPO,theta_r,m=shift,l2_out,2,0,716.8801,804.6300054185932,20,22.6497,0,runs/spec_rnoise/rarlppo_hopper_rshift/seed_2/r_r_hopper_eval.json
online,RARL-PPO,RARL-PPO,theta_r,m=shift,l3_in,2,0,618.4193,408.51009512911304,20,19.6244,0,runs/spec_rnoise/rarlppo_hopper_rshift/seed_2/r_r_hopper_eval.json
online,RARL-PPO,RARL-PPO,theta_r,m=shift,l3_out,2,0,645.1754,425.0566325562142,20,20.4465,0,runs/spec_rnoise/rarlppo_hopper_rshift/seed_2/r_r_hopper_eval.json
online,RARL-PPO,RARL-PPO,theta_r,m=shift,l1_anchor,2,0,342.1381,4.002563669663412,20,11.1354,0,runs/spec_rnoise/rarlppo_hopper_rshift/seed_2/r_r_hopper_eval.json
online,RARL-PPO,RARL-PPO,theta_r,m=shift,l2_anchor,2,0,226.6926,62.18682885586103,20,7.5882,0,runs/spec_rnoise/rarlppo_hopper_rshift/seed_2/r_r_hopper_eval.json
online,RARL-PPO,RARL-PPO,theta_r,m=shift,l3_anchor,2,0,178.4569,10.239877383595003,20,6.1061,0,runs/spec_rnoise/rarlppo_hopper_rshift/seed_2/r_r_hopper_eval.json
online,RARL-PPO,RARL-PPO,theta_r,m=shift,nominal,3407,1,334.9743,214.67631184767268,20,10.9152,0,runs/spec_rnoise/rarlppo_hopper_rshift/seed_3407/r_r_hopper_eval.json
online,RARL-PPO,RARL-PPO,theta_r,m=shift,l1_in,3407,0,425.9500,204.9793223896087,20,13.7106,0,runs/spec_rnoise/rarlppo_hopper_rshift/seed_3407/r_r_hopper_eval.json
online,RARL-PPO,RARL-PPO,theta_r,m=shift,l1_out,3407,0,354.1991,175.5020886097738,20,11.5059,0,runs/spec_rnoise/rarlppo_hopper_rshift/seed_3407/r_r_hopper_eval.json
online,RARL-PPO,RARL-PPO,theta_r,m=shift,l2_in,3407,0,488.3803,256.6697460295474,20,15.6288,0,runs/spec_rnoise/rarlppo_hopper_rshift/seed_3407/r_r_hopper_eval.json
online,RARL-PPO,RARL-PPO,theta_r,m=shift,l2_out,3407,0,519.0571,503.862339328532,20,16.5714,0,runs/spec_rnoise/rarlppo_hopper_rshift/seed_3407/r_r_hopper_eval.json
online,RARL-PPO,RARL-PPO,theta_r,m=shift,l3_in,3407,0,551.9808,304.95427526006085,20,17.5830,0,runs/spec_rnoise/rarlppo_hopper_rshift/seed_3407/r_r_hopper_eval.json
online,RARL-PPO,RARL-PPO,theta_r,m=shift,l3_out,3407,0,523.8472,243.80849148671993,20,16.7186,0,runs/spec_rnoise/rarlppo_hopper_rshift/seed_3407/r_r_hopper_eval.json
online,RARL-PPO,RARL-PPO,theta_r,m=shift,l1_anchor,3407,0,244.3211,65.53660533925982,20,8.1298,0,runs/spec_rnoise/rarlppo_hopper_rshift/seed_3407/r_r_hopper_eval.json
online,RARL-PPO,RARL-PPO,theta_r,m=shift,l2_anchor,3407,0,232.9171,23.1357866803255,20,7.7794,0,runs/spec_rnoise/rarlppo_hopper_rshift/seed_3407/r_r_hopper_eval.json
online,RARL-PPO,RARL-PPO,theta_r,m=shift,l3_anchor,3407,0,244.2600,49.23857415980838,20,8.1280,0,runs/spec_rnoise/rarlppo_hopper_rshift/seed_3407/r_r_hopper_eval.json
online,RARL-PPO,RARL-PPO,theta_r,m=shift,nominal,42,1,1038.1038,1018.5530461869203,20,32.5196,0,runs/spec_rnoise/rarlppo_hopper_rshift/seed_42/r_r_hopper_eval.json
online,RARL-PPO,RARL-PPO,theta_r,m=shift,l1_in,42,0,1201.8053,1214.2262256170593,20,37.5495,0,runs/spec_rnoise/rarlppo_hopper_rshift/seed_42/r_r_hopper_eval.json
online,RARL-PPO,RARL-PPO,theta_r,m=shift,l1_out,42,0,782.7731,1098.857607753465,20,24.6743,0,runs/spec_rnoise/rarlppo_hopper_rshift/seed_42/r_r_hopper_eval.json
online,RARL-PPO,RARL-PPO,theta_r,m=shift,l2_in,42,0,973.7174,1218.6687179912458,20,30.5413,0,runs/spec_rnoise/rarlppo_hopper_rshift/seed_42/r_r_hopper_eval.json
online,RARL-PPO,RARL-PPO,theta_r,m=shift,l2_out,42,0,748.5194,1150.223613844431,20,23.6218,0,runs/spec_rnoise/rarlppo_hopper_rshift/seed_42/r_r_hopper_eval.json
online,RARL-PPO,RARL-PPO,theta_r,m=shift,l3_in,42,0,679.6389,819.4970331705852,20,21.5054,0,runs/spec_rnoise/rarlppo_hopper_rshift/seed_42/r_r_hopper_eval.json
online,RARL-PPO,RARL-PPO,theta_r,m=shift,l3_out,42,0,457.8539,552.1129084332575,20,14.6908,0,runs/spec_rnoise/rarlppo_hopper_rshift/seed_42/r_r_hopper_eval.json
online,RARL-PPO,RARL-PPO,theta_r,m=shift,l1_anchor,42,0,106.9018,1.01508685407571,20,3.9075,0,runs/spec_rnoise/rarlppo_hopper_rshift/seed_42/r_r_hopper_eval.json
online,RARL-PPO,RARL-PPO,theta_r,m=shift,l2_anchor,42,0,108.1271,0.8386257087847069,20,3.9451,0,runs/spec_rnoise/rarlppo_hopper_rshift/seed_42/r_r_hopper_eval.json
online,RARL-PPO,RARL-PPO,theta_r,m=shift,l3_anchor,42,0,113.9243,1.8630072971723213,20,4.1233,0,runs/spec_rnoise/rarlppo_hopper_rshift/seed_42/r_r_hopper_eval.json
online,RARL-PPO,RARL-PPO,theta_tau_credit,k=4,nominal,0,1,237.2792,116.2340927155616,20,7.9135,0,runs/spec_rdelay/rarl2m_hopper_k4/seed_0/r_r_hopper_eval.json
online,RARL-PPO,RARL-PPO,theta_tau_credit,k=4,l1_in,0,0,342.8539,246.8687400148919,20,11.1574,0,runs/spec_rdelay/rarl2m_hopper_k4/seed_0/r_r_hopper_eval.json
online,RARL-PPO,RARL-PPO,theta_tau_credit,k=4,l1_out,0,0,319.1748,214.6458156669856,20,10.4298,0,runs/spec_rdelay/rarl2m_hopper_k4/seed_0/r_r_hopper_eval.json
online,RARL-PPO,RARL-PPO,theta_tau_credit,k=4,l2_in,0,0,359.4928,249.76404821729938,20,11.6686,0,runs/spec_rdelay/rarl2m_hopper_k4/seed_0/r_r_hopper_eval.json
online,RARL-PPO,RARL-PPO,theta_tau_credit,k=4,l2_out,0,0,380.4555,281.69278878809797,20,12.3127,0,runs/spec_rdelay/rarl2m_hopper_k4/seed_0/r_r_hopper_eval.json
online,RARL-PPO,RARL-PPO,theta_tau_credit,k=4,l3_in,0,0,420.7497,288.8091429844943,20,13.5508,0,runs/spec_rdelay/rarl2m_hopper_k4/seed_0/r_r_hopper_eval.json
online,RARL-PPO,RARL-PPO,theta_tau_credit,k=4,l3_out,0,0,475.7875,343.14497437072583,20,15.2419,0,runs/spec_rdelay/rarl2m_hopper_k4/seed_0/r_r_hopper_eval.json
online,RARL-PPO,RARL-PPO,theta_tau_credit,k=4,l1_anchor,0,0,117.2964,0.8028991098469477,20,4.2269,0,runs/spec_rdelay/rarl2m_hopper_k4/seed_0/r_r_hopper_eval.json
online,RARL-PPO,RARL-PPO,theta_tau_credit,k=4,l2_anchor,0,0,113.8918,1.0936866690882936,20,4.1223,0,runs/spec_rdelay/rarl2m_hopper_k4/seed_0/r_r_hopper_eval.json
online,RARL-PPO,RARL-PPO,theta_tau_credit,k=4,l3_anchor,0,0,146.7963,78.72583626576406,20,5.1333,0,runs/spec_rdelay/rarl2m_hopper_k4/seed_0/r_r_hopper_eval.json
online,RARL-PPO,RARL-PPO,theta_tau_credit,k=4,nominal,1,1,368.1393,5.96263087751556,20,11.9343,0,runs/spec_rdelay/rarl2m_hopper_k4/seed_1/r_r_hopper_eval.json
online,RARL-PPO,RARL-PPO,theta_tau_credit,k=4,l1_in,1,0,476.7811,172.35931709787332,20,15.2724,0,runs/spec_rdelay/rarl2m_hopper_k4/seed_1/r_r_hopper_eval.json
online,RARL-PPO,RARL-PPO,theta_tau_credit,k=4,l1_out,1,0,349.6471,185.58376163060356,20,11.3661,0,runs/spec_rdelay/rarl2m_hopper_k4/seed_1/r_r_hopper_eval.json
online,RARL-PPO,RARL-PPO,theta_tau_credit,k=4,l2_in,1,0,463.0277,180.64823264999401,20,14.8498,0,runs/spec_rdelay/rarl2m_hopper_k4/seed_1/r_r_hopper_eval.json
online,RARL-PPO,RARL-PPO,theta_tau_credit,k=4,l2_out,1,0,440.5198,178.48336881982598,20,14.1582,0,runs/spec_rdelay/rarl2m_hopper_k4/seed_1/r_r_hopper_eval.json
online,RARL-PPO,RARL-PPO,theta_tau_credit,k=4,l3_in,1,0,456.6440,177.2303971121972,20,14.6537,0,runs/spec_rdelay/rarl2m_hopper_k4/seed_1/r_r_hopper_eval.json
online,RARL-PPO,RARL-PPO,theta_tau_credit,k=4,l3_out,1,0,445.4237,216.60910352041833,20,14.3089,0,runs/spec_rdelay/rarl2m_hopper_k4/seed_1/r_r_hopper_eval.json
online,RARL-PPO,RARL-PPO,theta_tau_credit,k=4,l1_anchor,1,0,232.6163,10.751902970404188,20,7.7702,0,runs/spec_rdelay/rarl2m_hopper_k4/seed_1/r_r_hopper_eval.json
online,RARL-PPO,RARL-PPO,theta_tau_credit,k=4,l2_anchor,1,0,290.2777,4.45364174566898,20,9.5419,0,runs/spec_rdelay/rarl2m_hopper_k4/seed_1/r_r_hopper_eval.json
online,RARL-PPO,RARL-PPO,theta_tau_credit,k=4,l3_anchor,1,0,244.1442,49.456871523756746,20,8.1244,0,runs/spec_rdelay/rarl2m_hopper_k4/seed_1/r_r_hopper_eval.json
online,RARL-PPO,RARL-PPO,theta_tau_credit,k=4,nominal,2,1,2213.0056,899.3456973676506,20,68.6197,0,runs/spec_rdelay/rarl2m_hopper_k4/seed_2/r_r_hopper_eval.json
online,RARL-PPO,RARL-PPO,theta_tau_credit,k=4,l1_in,2,0,2132.8980,779.4854208685539,20,66.1583,0,runs/spec_rdelay/rarl2m_hopper_k4/seed_2/r_r_hopper_eval.json
online,RARL-PPO,RARL-PPO,theta_tau_credit,k=4,l1_out,2,0,1638.0866,915.5934188707046,20,50.9547,0,runs/spec_rdelay/rarl2m_hopper_k4/seed_2/r_r_hopper_eval.json
online,RARL-PPO,RARL-PPO,theta_tau_credit,k=4,l2_in,2,0,2021.6803,764.0421795073307,20,62.7410,0,runs/spec_rdelay/rarl2m_hopper_k4/seed_2/r_r_hopper_eval.json
online,RARL-PPO,RARL-PPO,theta_tau_credit,k=4,l2_out,2,0,1450.8314,1121.7398214051384,20,45.2011,0,runs/spec_rdelay/rarl2m_hopper_k4/seed_2/r_r_hopper_eval.json
online,RARL-PPO,RARL-PPO,theta_tau_credit,k=4,l3_in,2,0,1064.2800,842.0048122557162,20,33.3239,0,runs/spec_rdelay/rarl2m_hopper_k4/seed_2/r_r_hopper_eval.json
online,RARL-PPO,RARL-PPO,theta_tau_credit,k=4,l3_out,2,0,817.3243,628.6141984242902,20,25.7359,0,runs/spec_rdelay/rarl2m_hopper_k4/seed_2/r_r_hopper_eval.json
online,RARL-PPO,RARL-PPO,theta_tau_credit,k=4,l1_anchor,2,0,2405.2930,42.37498634225123,20,74.5279,0,runs/spec_rdelay/rarl2m_hopper_k4/seed_2/r_r_hopper_eval.json
online,RARL-PPO,RARL-PPO,theta_tau_credit,k=4,l2_anchor,2,0,827.9274,85.25397774033253,20,26.0617,0,runs/spec_rdelay/rarl2m_hopper_k4/seed_2/r_r_hopper_eval.json
online,RARL-PPO,RARL-PPO,theta_tau_credit,k=4,l3_anchor,2,0,402.7850,62.56125907511537,20,12.9988,0,runs/spec_rdelay/rarl2m_hopper_k4/seed_2/r_r_hopper_eval.json
online,RARL-PPO,RARL-PPO,theta_tau_credit,k=4,nominal,3407,1,518.2604,68.7083143343592,20,16.5469,0,runs/spec_rdelay/rarl2m_hopper_k4/seed_3407/r_r_hopper_eval.json
online,RARL-PPO,RARL-PPO,theta_tau_credit,k=4,l1_in,3407,0,663.9465,362.31786753945374,20,21.0233,0,runs/spec_rdelay/rarl2m_hopper_k4/seed_3407/r_r_hopper_eval.json
online,RARL-PPO,RARL-PPO,theta_tau_credit,k=4,l1_out,3407,0,396.0896,336.2590663205536,20,12.7931,0,runs/spec_rdelay/rarl2m_hopper_k4/seed_3407/r_r_hopper_eval.json
online,RARL-PPO,RARL-PPO,theta_tau_credit,k=4,l2_in,3407,0,627.5991,469.7455387691605,20,19.9064,0,runs/spec_rdelay/rarl2m_hopper_k4/seed_3407/r_r_hopper_eval.json
online,RARL-PPO,RARL-PPO,theta_tau_credit,k=4,l2_out,3407,0,529.9454,492.7535162144194,20,16.9059,0,runs/spec_rdelay/rarl2m_hopper_k4/seed_3407/r_r_hopper_eval.json
online,RARL-PPO,RARL-PPO,theta_tau_credit,k=4,l3_in,3407,0,632.2035,551.7016971046762,20,20.0479,0,runs/spec_rdelay/rarl2m_hopper_k4/seed_3407/r_r_hopper_eval.json
online,RARL-PPO,RARL-PPO,theta_tau_credit,k=4,l3_out,3407,0,549.4069,464.15997885068185,20,17.5039,0,runs/spec_rdelay/rarl2m_hopper_k4/seed_3407/r_r_hopper_eval.json
online,RARL-PPO,RARL-PPO,theta_tau_credit,k=4,l1_anchor,3407,0,111.2973,1.766801613558002,20,4.0425,0,runs/spec_rdelay/rarl2m_hopper_k4/seed_3407/r_r_hopper_eval.json
online,RARL-PPO,RARL-PPO,theta_tau_credit,k=4,l2_anchor,3407,0,102.3275,1.066267625613902,20,3.7669,0,runs/spec_rdelay/rarl2m_hopper_k4/seed_3407/r_r_hopper_eval.json
online,RARL-PPO,RARL-PPO,theta_tau_credit,k=4,l3_anchor,3407,0,130.1703,31.98152632085492,20,4.6224,0,runs/spec_rdelay/rarl2m_hopper_k4/seed_3407/r_r_hopper_eval.json
online,RARL-PPO,RARL-PPO,theta_tau_credit,k=4,nominal,42,1,477.4707,67.93615491030013,20,15.2936,0,runs/spec_rdelay/rarl2m_hopper_k4/seed_42/r_r_hopper_eval.json
online,RARL-PPO,RARL-PPO,theta_tau_credit,k=4,l1_in,42,0,710.3974,399.80149835568767,20,22.4505,0,runs/spec_rdelay/rarl2m_hopper_k4/seed_42/r_r_hopper_eval.json
online,RARL-PPO,RARL-PPO,theta_tau_credit,k=4,l1_out,42,0,568.7866,600.5078309403265,20,18.0994,0,runs/spec_rdelay/rarl2m_hopper_k4/seed_42/r_r_hopper_eval.json
online,RARL-PPO,RARL-PPO,theta_tau_credit,k=4,l2_in,42,0,569.8086,294.13886033813066,20,18.1308,0,runs/spec_rdelay/rarl2m_hopper_k4/seed_42/r_r_hopper_eval.json
online,RARL-PPO,RARL-PPO,theta_tau_credit,k=4,l2_out,42,0,543.1731,360.1201128051248,20,17.3124,0,runs/spec_rdelay/rarl2m_hopper_k4/seed_42/r_r_hopper_eval.json
online,RARL-PPO,RARL-PPO,theta_tau_credit,k=4,l3_in,42,0,595.1940,372.7897967379212,20,18.9108,0,runs/spec_rdelay/rarl2m_hopper_k4/seed_42/r_r_hopper_eval.json
online,RARL-PPO,RARL-PPO,theta_tau_credit,k=4,l3_out,42,0,371.2276,182.59800789111245,20,12.0292,0,runs/spec_rdelay/rarl2m_hopper_k4/seed_42/r_r_hopper_eval.json
online,RARL-PPO,RARL-PPO,theta_tau_credit,k=4,l1_anchor,42,0,252.8064,3.554536667075873,20,8.3906,0,runs/spec_rdelay/rarl2m_hopper_k4/seed_42/r_r_hopper_eval.json
online,RARL-PPO,RARL-PPO,theta_tau_credit,k=4,l2_anchor,42,0,261.7561,9.966437706226225,20,8.6655,0,runs/spec_rdelay/rarl2m_hopper_k4/seed_42/r_r_hopper_eval.json
online,RARL-PPO,RARL-PPO,theta_tau_credit,k=4,l3_anchor,42,0,248.3695,15.223917171127754,20,8.2542,0,runs/spec_rdelay/rarl2m_hopper_k4/seed_42/r_r_hopper_eval.json
online,RARL-PPO,RARL-PPO,theta_tau_credit,k=16,nominal,0,1,1798.1373,226.8673574114909,20,55.8724,0,runs/spec_rdelay/rarl2m_hopper_k16/seed_0/r_r_hopper_eval.json
online,RARL-PPO,RARL-PPO,theta_tau_credit,k=16,l1_in,0,0,1895.6085,970.4556181051247,20,58.8673,0,runs/spec_rdelay/rarl2m_hopper_k16/seed_0/r_r_hopper_eval.json
online,RARL-PPO,RARL-PPO,theta_tau_credit,k=16,l1_out,0,0,1273.8361,1091.225816405227,20,39.7627,0,runs/spec_rdelay/rarl2m_hopper_k16/seed_0/r_r_hopper_eval.json
online,RARL-PPO,RARL-PPO,theta_tau_credit,k=16,l2_in,0,0,1528.7646,958.8259397867207,20,47.5957,0,runs/spec_rdelay/rarl2m_hopper_k16/seed_0/r_r_hopper_eval.json
online,RARL-PPO,RARL-PPO,theta_tau_credit,k=16,l2_out,0,0,856.2577,653.809336235905,20,26.9322,0,runs/spec_rdelay/rarl2m_hopper_k16/seed_0/r_r_hopper_eval.json
online,RARL-PPO,RARL-PPO,theta_tau_credit,k=16,l3_in,0,0,708.7034,368.04065921603194,20,22.3985,0,runs/spec_rdelay/rarl2m_hopper_k16/seed_0/r_r_hopper_eval.json
online,RARL-PPO,RARL-PPO,theta_tau_credit,k=16,l3_out,0,0,553.7162,388.0582476120565,20,17.6363,0,runs/spec_rdelay/rarl2m_hopper_k16/seed_0/r_r_hopper_eval.json
online,RARL-PPO,RARL-PPO,theta_tau_credit,k=16,l1_anchor,0,0,581.0702,5.716313093561542,20,18.4768,0,runs/spec_rdelay/rarl2m_hopper_k16/seed_0/r_r_hopper_eval.json
online,RARL-PPO,RARL-PPO,theta_tau_credit,k=16,l2_anchor,0,0,427.5763,4.534262084932828,20,13.7605,0,runs/spec_rdelay/rarl2m_hopper_k16/seed_0/r_r_hopper_eval.json
online,RARL-PPO,RARL-PPO,theta_tau_credit,k=16,l3_anchor,0,0,303.9542,10.412553949819,20,9.9621,0,runs/spec_rdelay/rarl2m_hopper_k16/seed_0/r_r_hopper_eval.json
online,RARL-PPO,RARL-PPO,theta_tau_credit,k=16,nominal,1,1,511.1217,11.081436679878676,20,16.3276,0,runs/spec_rdelay/rarl2m_hopper_k16/seed_1/r_r_hopper_eval.json
online,RARL-PPO,RARL-PPO,theta_tau_credit,k=16,l1_in,1,0,585.1166,243.40924902958247,20,18.6011,0,runs/spec_rdelay/rarl2m_hopper_k16/seed_1/r_r_hopper_eval.json
online,RARL-PPO,RARL-PPO,theta_tau_credit,k=16,l1_out,1,0,440.3469,217.73280367358774,20,14.1529,0,runs/spec_rdelay/rarl2m_hopper_k16/seed_1/r_r_hopper_eval.json
online,RARL-PPO,RARL-PPO,theta_tau_credit,k=16,l2_in,1,0,601.4610,269.9386267143614,20,19.1033,0,runs/spec_rdelay/rarl2m_hopper_k16/seed_1/r_r_hopper_eval.json
online,RARL-PPO,RARL-PPO,theta_tau_credit,k=16,l2_out,1,0,732.6686,786.1135725059055,20,23.1348,0,runs/spec_rdelay/rarl2m_hopper_k16/seed_1/r_r_hopper_eval.json
online,RARL-PPO,RARL-PPO,theta_tau_credit,k=16,l3_in,1,0,663.0754,371.22495034166866,20,20.9965,0,runs/spec_rdelay/rarl2m_hopper_k16/seed_1/r_r_hopper_eval.json
online,RARL-PPO,RARL-PPO,theta_tau_credit,k=16,l3_out,1,0,559.7602,330.3332313998138,20,17.8220,0,runs/spec_rdelay/rarl2m_hopper_k16/seed_1/r_r_hopper_eval.json
online,RARL-PPO,RARL-PPO,theta_tau_credit,k=16,l1_anchor,1,0,259.7328,2.171212467044145,20,8.6034,0,runs/spec_rdelay/rarl2m_hopper_k16/seed_1/r_r_hopper_eval.json
online,RARL-PPO,RARL-PPO,theta_tau_credit,k=16,l2_anchor,1,0,197.2407,18.324622615430414,20,6.6832,0,runs/spec_rdelay/rarl2m_hopper_k16/seed_1/r_r_hopper_eval.json
online,RARL-PPO,RARL-PPO,theta_tau_credit,k=16,l3_anchor,1,0,197.0131,47.75880625220076,20,6.6762,0,runs/spec_rdelay/rarl2m_hopper_k16/seed_1/r_r_hopper_eval.json
online,RARL-PPO,RARL-PPO,theta_tau_credit,k=16,nominal,2,1,818.5043,11.314285809180198,20,25.7722,0,runs/spec_rdelay/rarl2m_hopper_k16/seed_2/r_r_hopper_eval.json
online,RARL-PPO,RARL-PPO,theta_tau_credit,k=16,l1_in,2,0,586.9978,194.3076038590661,20,18.6589,0,runs/spec_rdelay/rarl2m_hopper_k16/seed_2/r_r_hopper_eval.json
online,RARL-PPO,RARL-PPO,theta_tau_credit,k=16,l1_out,2,0,435.0402,208.5193837080804,20,13.9899,0,runs/spec_rdelay/rarl2m_hopper_k16/seed_2/r_r_hopper_eval.json
online,RARL-PPO,RARL-PPO,theta_tau_credit,k=16,l2_in,2,0,569.2238,230.22192065592935,20,18.1128,0,runs/spec_rdelay/rarl2m_hopper_k16/seed_2/r_r_hopper_eval.json
online,RARL-PPO,RARL-PPO,theta_tau_credit,k=16,l2_out,2,0,503.3425,200.2305101044781,20,16.0885,0,runs/spec_rdelay/rarl2m_hopper_k16/seed_2/r_r_hopper_eval.json
online,RARL-PPO,RARL-PPO,theta_tau_credit,k=16,l3_in,2,0,559.3346,222.91424001482017,20,17.8089,0,runs/spec_rdelay/rarl2m_hopper_k16/seed_2/r_r_hopper_eval.json
online,RARL-PPO,RARL-PPO,theta_tau_credit,k=16,l3_out,2,0,541.9822,233.2763554039926,20,17.2758,0,runs/spec_rdelay/rarl2m_hopper_k16/seed_2/r_r_hopper_eval.json
online,RARL-PPO,RARL-PPO,theta_tau_credit,k=16,l1_anchor,2,0,271.6449,2.3914704549456167,20,8.9694,0,runs/spec_rdelay/rarl2m_hopper_k16/seed_2/r_r_hopper_eval.json
online,RARL-PPO,RARL-PPO,theta_tau_credit,k=16,l2_anchor,2,0,281.6255,2.015126123607234,20,9.2760,0,runs/spec_rdelay/rarl2m_hopper_k16/seed_2/r_r_hopper_eval.json
online,RARL-PPO,RARL-PPO,theta_tau_credit,k=16,l3_anchor,2,0,276.7384,32.647141665776466,20,9.1259,0,runs/spec_rdelay/rarl2m_hopper_k16/seed_2/r_r_hopper_eval.json
online,RARL-PPO,RARL-PPO,theta_tau_credit,k=16,nominal,3407,1,389.0646,6.883506563513652,20,12.5772,0,runs/spec_rdelay/rarl2m_hopper_k16/seed_3407/r_r_hopper_eval.json
online,RARL-PPO,RARL-PPO,theta_tau_credit,k=16,l1_in,3407,0,514.1277,265.18524996854956,20,16.4199,0,runs/spec_rdelay/rarl2m_hopper_k16/seed_3407/r_r_hopper_eval.json
online,RARL-PPO,RARL-PPO,theta_tau_credit,k=16,l1_out,3407,0,369.3178,138.60598862303388,20,11.9705,0,runs/spec_rdelay/rarl2m_hopper_k16/seed_3407/r_r_hopper_eval.json
online,RARL-PPO,RARL-PPO,theta_tau_credit,k=16,l2_in,3407,0,432.1609,169.38001603821738,20,13.9014,0,runs/spec_rdelay/rarl2m_hopper_k16/seed_3407/r_r_hopper_eval.json
online,RARL-PPO,RARL-PPO,theta_tau_credit,k=16,l2_out,3407,0,393.9917,257.2475409681653,20,12.7286,0,runs/spec_rdelay/rarl2m_hopper_k16/seed_3407/r_r_hopper_eval.json
online,RARL-PPO,RARL-PPO,theta_tau_credit,k=16,l3_in,3407,0,507.0055,408.7806688703974,20,16.2011,0,runs/spec_rdelay/rarl2m_hopper_k16/seed_3407/r_r_hopper_eval.json
online,RARL-PPO,RARL-PPO,theta_tau_credit,k=16,l3_out,3407,0,488.9125,253.32566685016758,20,15.6452,0,runs/spec_rdelay/rarl2m_hopper_k16/seed_3407/r_r_hopper_eval.json
online,RARL-PPO,RARL-PPO,theta_tau_credit,k=16,l1_anchor,3407,0,175.9776,23.194242858959136,20,6.0299,0,runs/spec_rdelay/rarl2m_hopper_k16/seed_3407/r_r_hopper_eval.json
online,RARL-PPO,RARL-PPO,theta_tau_credit,k=16,l2_anchor,3407,0,272.6550,6.2907400001696665,20,9.0004,0,runs/spec_rdelay/rarl2m_hopper_k16/seed_3407/r_r_hopper_eval.json
online,RARL-PPO,RARL-PPO,theta_tau_credit,k=16,l3_anchor,3407,0,284.4027,48.140148980967794,20,9.3614,0,runs/spec_rdelay/rarl2m_hopper_k16/seed_3407/r_r_hopper_eval.json
online,RARL-PPO,RARL-PPO,theta_tau_credit,k=16,nominal,42,1,541.2424,38.10986079709656,20,17.2530,0,runs/spec_rdelay/rarl2m_hopper_k16/seed_42/r_r_hopper_eval.json
online,RARL-PPO,RARL-PPO,theta_tau_credit,k=16,l1_in,42,0,624.3700,406.17733191186915,20,19.8072,0,runs/spec_rdelay/rarl2m_hopper_k16/seed_42/r_r_hopper_eval.json
online,RARL-PPO,RARL-PPO,theta_tau_credit,k=16,l1_out,42,0,385.5424,286.9132809347466,20,12.4690,0,runs/spec_rdelay/rarl2m_hopper_k16/seed_42/r_r_hopper_eval.json
online,RARL-PPO,RARL-PPO,theta_tau_credit,k=16,l2_in,42,0,644.4520,549.0902088200792,20,20.4243,0,runs/spec_rdelay/rarl2m_hopper_k16/seed_42/r_r_hopper_eval.json
online,RARL-PPO,RARL-PPO,theta_tau_credit,k=16,l2_out,42,0,494.6521,314.1196456969394,20,15.8215,0,runs/spec_rdelay/rarl2m_hopper_k16/seed_42/r_r_hopper_eval.json
online,RARL-PPO,RARL-PPO,theta_tau_credit,k=16,l3_in,42,0,508.6088,272.8259229148762,20,16.2503,0,runs/spec_rdelay/rarl2m_hopper_k16/seed_42/r_r_hopper_eval.json
online,RARL-PPO,RARL-PPO,theta_tau_credit,k=16,l3_out,42,0,553.0007,340.36542501707123,20,17.6143,0,runs/spec_rdelay/rarl2m_hopper_k16/seed_42/r_r_hopper_eval.json
online,RARL-PPO,RARL-PPO,theta_tau_credit,k=16,l1_anchor,42,0,151.6839,16.770731567477814,20,5.2835,0,runs/spec_rdelay/rarl2m_hopper_k16/seed_42/r_r_hopper_eval.json
online,RARL-PPO,RARL-PPO,theta_tau_credit,k=16,l2_anchor,42,0,250.3346,6.634184303474541,20,8.3146,0,runs/spec_rdelay/rarl2m_hopper_k16/seed_42/r_r_hopper_eval.json
online,RARL-PPO,RARL-PPO,theta_tau_credit,k=16,l3_anchor,42,0,205.2143,26.704067359047833,20,6.9282,0,runs/spec_rdelay/rarl2m_hopper_k16/seed_42/r_r_hopper_eval.json
online,RARL-PPO,RARL-PPO,theta_tau_credit,k=32,nominal,0,1,498.6505,204.83528155949108,20,15.9444,0,runs/spec_rdelay/rarl2m_hopper_k32/seed_0/r_r_hopper_eval.json
online,RARL-PPO,RARL-PPO,theta_tau_credit,k=32,l1_in,0,0,508.9882,272.853310146802,20,16.2620,0,runs/spec_rdelay/rarl2m_hopper_k32/seed_0/r_r_hopper_eval.json
online,RARL-PPO,RARL-PPO,theta_tau_credit,k=32,l1_out,0,0,321.0748,267.0568202098401,20,10.4882,0,runs/spec_rdelay/rarl2m_hopper_k32/seed_0/r_r_hopper_eval.json
online,RARL-PPO,RARL-PPO,theta_tau_credit,k=32,l2_in,0,0,493.2506,281.88294993599516,20,15.7784,0,runs/spec_rdelay/rarl2m_hopper_k32/seed_0/r_r_hopper_eval.json
online,RARL-PPO,RARL-PPO,theta_tau_credit,k=32,l2_out,0,0,464.9610,198.72903847285593,20,14.9092,0,runs/spec_rdelay/rarl2m_hopper_k32/seed_0/r_r_hopper_eval.json
online,RARL-PPO,RARL-PPO,theta_tau_credit,k=32,l3_in,0,0,451.1863,302.5904487116551,20,14.4860,0,runs/spec_rdelay/rarl2m_hopper_k32/seed_0/r_r_hopper_eval.json
online,RARL-PPO,RARL-PPO,theta_tau_credit,k=32,l3_out,0,0,300.8168,247.55482544584788,20,9.8657,0,runs/spec_rdelay/rarl2m_hopper_k32/seed_0/r_r_hopper_eval.json
online,RARL-PPO,RARL-PPO,theta_tau_credit,k=32,l1_anchor,0,0,148.6932,77.37112861164178,20,5.1916,0,runs/spec_rdelay/rarl2m_hopper_k32/seed_0/r_r_hopper_eval.json
online,RARL-PPO,RARL-PPO,theta_tau_credit,k=32,l2_anchor,0,0,211.3871,77.14316579305623,20,7.1179,0,runs/spec_rdelay/rarl2m_hopper_k32/seed_0/r_r_hopper_eval.json
online,RARL-PPO,RARL-PPO,theta_tau_credit,k=32,l3_anchor,0,0,113.6576,13.052698752505504,20,4.1151,0,runs/spec_rdelay/rarl2m_hopper_k32/seed_0/r_r_hopper_eval.json
online,RARL-PPO,RARL-PPO,theta_tau_credit,k=32,nominal,1,1,462.8393,24.35041634820037,20,14.8440,0,runs/spec_rdelay/rarl2m_hopper_k32/seed_1/r_r_hopper_eval.json
online,RARL-PPO,RARL-PPO,theta_tau_credit,k=32,l1_in,1,0,461.1954,198.5542691092726,20,14.7935,0,runs/spec_rdelay/rarl2m_hopper_k32/seed_1/r_r_hopper_eval.json
online,RARL-PPO,RARL-PPO,theta_tau_credit,k=32,l1_out,1,0,373.8379,170.8021921987691,20,12.1094,0,runs/spec_rdelay/rarl2m_hopper_k32/seed_1/r_r_hopper_eval.json
online,RARL-PPO,RARL-PPO,theta_tau_credit,k=32,l2_in,1,0,482.1299,214.30022007256528,20,15.4368,0,runs/spec_rdelay/rarl2m_hopper_k32/seed_1/r_r_hopper_eval.json
online,RARL-PPO,RARL-PPO,theta_tau_credit,k=32,l2_out,1,0,490.2633,236.95560265781293,20,15.6867,0,runs/spec_rdelay/rarl2m_hopper_k32/seed_1/r_r_hopper_eval.json
online,RARL-PPO,RARL-PPO,theta_tau_credit,k=32,l3_in,1,0,420.0998,170.29352527285508,20,13.5308,0,runs/spec_rdelay/rarl2m_hopper_k32/seed_1/r_r_hopper_eval.json
online,RARL-PPO,RARL-PPO,theta_tau_credit,k=32,l3_out,1,0,327.0590,146.64261393595348,20,10.6720,0,runs/spec_rdelay/rarl2m_hopper_k32/seed_1/r_r_hopper_eval.json
online,RARL-PPO,RARL-PPO,theta_tau_credit,k=32,l1_anchor,1,0,279.5348,29.889400077167448,20,9.2118,0,runs/spec_rdelay/rarl2m_hopper_k32/seed_1/r_r_hopper_eval.json
online,RARL-PPO,RARL-PPO,theta_tau_credit,k=32,l2_anchor,1,0,216.4475,39.468535383379916,20,7.2734,0,runs/spec_rdelay/rarl2m_hopper_k32/seed_1/r_r_hopper_eval.json
online,RARL-PPO,RARL-PPO,theta_tau_credit,k=32,l3_anchor,1,0,198.1010,50.97504192388654,20,6.7097,0,runs/spec_rdelay/rarl2m_hopper_k32/seed_1/r_r_hopper_eval.json
online,RARL-PPO,RARL-PPO,theta_tau_credit,k=32,nominal,2,1,2175.6195,399.20343443040525,20,67.4710,0,runs/spec_rdelay/rarl2m_hopper_k32/seed_2/r_r_hopper_eval.json
online,RARL-PPO,RARL-PPO,theta_tau_credit,k=32,l1_in,2,0,1930.7599,493.6819849002531,20,59.9474,0,runs/spec_rdelay/rarl2m_hopper_k32/seed_2/r_r_hopper_eval.json
online,RARL-PPO,RARL-PPO,theta_tau_credit,k=32,l1_out,2,0,1233.2498,807.8556331385004,20,38.5157,0,runs/spec_rdelay/rarl2m_hopper_k32/seed_2/r_r_hopper_eval.json
online,RARL-PPO,RARL-PPO,theta_tau_credit,k=32,l2_in,2,0,1611.2615,676.2204854036961,20,50.1305,0,runs/spec_rdelay/rarl2m_hopper_k32/seed_2/r_r_hopper_eval.json
online,RARL-PPO,RARL-PPO,theta_tau_credit,k=32,l2_out,2,0,1137.7643,610.5894271833818,20,35.5818,0,runs/spec_rdelay/rarl2m_hopper_k32/seed_2/r_r_hopper_eval.json
online,RARL-PPO,RARL-PPO,theta_tau_credit,k=32,l3_in,2,0,960.7368,694.7720004772451,20,30.1424,0,runs/spec_rdelay/rarl2m_hopper_k32/seed_2/r_r_hopper_eval.json
online,RARL-PPO,RARL-PPO,theta_tau_credit,k=32,l3_out,2,0,679.8998,537.6453266115831,20,21.5134,0,runs/spec_rdelay/rarl2m_hopper_k32/seed_2/r_r_hopper_eval.json
online,RARL-PPO,RARL-PPO,theta_tau_credit,k=32,l1_anchor,2,0,2386.2754,16.96748437599754,20,73.9436,0,runs/spec_rdelay/rarl2m_hopper_k32/seed_2/r_r_hopper_eval.json
online,RARL-PPO,RARL-PPO,theta_tau_credit,k=32,l2_anchor,2,0,610.5560,14.099116283390964,20,19.3828,0,runs/spec_rdelay/rarl2m_hopper_k32/seed_2/r_r_hopper_eval.json
online,RARL-PPO,RARL-PPO,theta_tau_credit,k=32,l3_anchor,2,0,309.1211,63.80960638765254,20,10.1209,0,runs/spec_rdelay/rarl2m_hopper_k32/seed_2/r_r_hopper_eval.json
online,RARL-PPO,RARL-PPO,theta_tau_credit,k=32,nominal,3407,1,858.5511,8.27317010293669,20,27.0027,0,runs/spec_rdelay/rarl2m_hopper_k32/seed_3407/r_r_hopper_eval.json
online,RARL-PPO,RARL-PPO,theta_tau_credit,k=32,l1_in,3407,0,852.6185,147.8425685063865,20,26.8204,0,runs/spec_rdelay/rarl2m_hopper_k32/seed_3407/r_r_hopper_eval.json
online,RARL-PPO,RARL-PPO,theta_tau_credit,k=32,l1_out,3407,0,863.3375,502.03424450509095,20,27.1497,0,runs/spec_rdelay/rarl2m_hopper_k32/seed_3407/r_r_hopper_eval.json
online,RARL-PPO,RARL-PPO,theta_tau_credit,k=32,l2_in,3407,0,900.9718,516.7836477128374,20,28.3061,0,runs/spec_rdelay/rarl2m_hopper_k32/seed_3407/r_r_hopper_eval.json
online,RARL-PPO,RARL-PPO,theta_tau_credit,k=32,l2_out,3407,0,927.9462,837.6704302518962,20,29.1349,0,runs/spec_rdelay/rarl2m_hopper_k32/seed_3407/r_r_hopper_eval.json
online,RARL-PPO,RARL-PPO,theta_tau_credit,k=32,l3_in,3407,0,809.5544,526.2764710706921,20,25.4972,0,runs/spec_rdelay/rarl2m_hopper_k32/seed_3407/r_r_hopper_eval.json
online,RARL-PPO,RARL-PPO,theta_tau_credit,k=32,l3_out,3407,0,674.2504,393.5358767050713,20,21.3399,0,runs/spec_rdelay/rarl2m_hopper_k32/seed_3407/r_r_hopper_eval.json
online,RARL-PPO,RARL-PPO,theta_tau_credit,k=32,l1_anchor,3407,0,586.3590,6.2729035516095495,20,18.6393,0,runs/spec_rdelay/rarl2m_hopper_k32/seed_3407/r_r_hopper_eval.json
online,RARL-PPO,RARL-PPO,theta_tau_credit,k=32,l2_anchor,3407,0,452.7214,4.493089387622833,20,14.5331,0,runs/spec_rdelay/rarl2m_hopper_k32/seed_3407/r_r_hopper_eval.json
online,RARL-PPO,RARL-PPO,theta_tau_credit,k=32,l3_anchor,3407,0,349.9627,56.344547816772646,20,11.3758,0,runs/spec_rdelay/rarl2m_hopper_k32/seed_3407/r_r_hopper_eval.json
online,RARL-PPO,RARL-PPO,theta_tau_credit,k=32,nominal,42,1,682.7036,69.44269283591039,20,21.5996,0,runs/spec_rdelay/rarl2m_hopper_k32/seed_42/r_r_hopper_eval.json
online,RARL-PPO,RARL-PPO,theta_tau_credit,k=32,l1_in,42,0,693.2685,229.75460750363075,20,21.9242,0,runs/spec_rdelay/rarl2m_hopper_k32/seed_42/r_r_hopper_eval.json
online,RARL-PPO,RARL-PPO,theta_tau_credit,k=32,l1_out,42,0,475.7179,221.4791504264692,20,15.2397,0,runs/spec_rdelay/rarl2m_hopper_k32/seed_42/r_r_hopper_eval.json
online,RARL-PPO,RARL-PPO,theta_tau_credit,k=32,l2_in,42,0,682.4211,237.5063178295572,20,21.5909,0,runs/spec_rdelay/rarl2m_hopper_k32/seed_42/r_r_hopper_eval.json
online,RARL-PPO,RARL-PPO,theta_tau_credit,k=32,l2_out,42,0,700.9928,596.2024719561891,20,22.1615,0,runs/spec_rdelay/rarl2m_hopper_k32/seed_42/r_r_hopper_eval.json
online,RARL-PPO,RARL-PPO,theta_tau_credit,k=32,l3_in,42,0,487.6648,318.22155879290636,20,15.6068,0,runs/spec_rdelay/rarl2m_hopper_k32/seed_42/r_r_hopper_eval.json
online,RARL-PPO,RARL-PPO,theta_tau_credit,k=32,l3_out,42,0,369.0262,291.1470412832512,20,11.9615,0,runs/spec_rdelay/rarl2m_hopper_k32/seed_42/r_r_hopper_eval.json
online,RARL-PPO,RARL-PPO,theta_tau_credit,k=32,l1_anchor,42,0,274.9719,6.908312076254996,20,9.0716,0,runs/spec_rdelay/rarl2m_hopper_k32/seed_42/r_r_hopper_eval.json
online,RARL-PPO,RARL-PPO,theta_tau_credit,k=32,l2_anchor,42,0,315.5095,7.014786871059605,20,10.3172,0,runs/spec_rdelay/rarl2m_hopper_k32/seed_42/r_r_hopper_eval.json
online,RARL-PPO,RARL-PPO,theta_tau_credit,k=32,l3_anchor,42,0,177.8455,76.00400970108318,20,6.0873,0,runs/spec_rdelay/rarl2m_hopper_k32/seed_42/r_r_hopper_eval.json
online,RARL-PPO,RARL-PPO,theta_tau_credit,k=64,nominal,0,1,660.5511,3.816382024852419,20,20.9189,0,runs/spec_rdelay/rarl2m_hopper_k64/seed_0/r_r_hopper_eval.json
online,RARL-PPO,RARL-PPO,theta_tau_credit,k=64,l1_in,0,0,684.9775,87.86711125299784,20,21.6695,0,runs/spec_rdelay/rarl2m_hopper_k64/seed_0/r_r_hopper_eval.json
online,RARL-PPO,RARL-PPO,theta_tau_credit,k=64,l1_out,0,0,595.1272,156.72961839017907,20,18.9087,0,runs/spec_rdelay/rarl2m_hopper_k64/seed_0/r_r_hopper_eval.json
online,RARL-PPO,RARL-PPO,theta_tau_credit,k=64,l2_in,0,0,742.1168,234.78956185328192,20,23.4251,0,runs/spec_rdelay/rarl2m_hopper_k64/seed_0/r_r_hopper_eval.json
online,RARL-PPO,RARL-PPO,theta_tau_credit,k=64,l2_out,0,0,571.8197,177.936645553015,20,18.1926,0,runs/spec_rdelay/rarl2m_hopper_k64/seed_0/r_r_hopper_eval.json
online,RARL-PPO,RARL-PPO,theta_tau_credit,k=64,l3_in,0,0,684.7498,261.65232867434423,20,21.6625,0,runs/spec_rdelay/rarl2m_hopper_k64/seed_0/r_r_hopper_eval.json
online,RARL-PPO,RARL-PPO,theta_tau_credit,k=64,l3_out,0,0,579.0393,280.60387955284267,20,18.4144,0,runs/spec_rdelay/rarl2m_hopper_k64/seed_0/r_r_hopper_eval.json
online,RARL-PPO,RARL-PPO,theta_tau_credit,k=64,l1_anchor,0,0,551.9772,2.4587339913018424,20,17.5829,0,runs/spec_rdelay/rarl2m_hopper_k64/seed_0/r_r_hopper_eval.json
online,RARL-PPO,RARL-PPO,theta_tau_credit,k=64,l2_anchor,0,0,448.3039,1.8340676695203373,20,14.3974,0,runs/spec_rdelay/rarl2m_hopper_k64/seed_0/r_r_hopper_eval.json
online,RARL-PPO,RARL-PPO,theta_tau_credit,k=64,l3_anchor,0,0,380.5874,43.90207253586488,20,12.3168,0,runs/spec_rdelay/rarl2m_hopper_k64/seed_0/r_r_hopper_eval.json
online,RARL-PPO,RARL-PPO,theta_tau_credit,k=64,nominal,1,1,1917.1323,127.53782491030357,20,59.5287,0,runs/spec_rdelay/rarl2m_hopper_k64/seed_1/r_r_hopper_eval.json
online,RARL-PPO,RARL-PPO,theta_tau_credit,k=64,l1_in,1,0,1599.3985,647.3569946636255,20,49.7660,0,runs/spec_rdelay/rarl2m_hopper_k64/seed_1/r_r_hopper_eval.json
online,RARL-PPO,RARL-PPO,theta_tau_credit,k=64,l1_out,1,0,1087.8821,677.340617952274,20,34.0491,0,runs/spec_rdelay/rarl2m_hopper_k64/seed_1/r_r_hopper_eval.json
online,RARL-PPO,RARL-PPO,theta_tau_credit,k=64,l2_in,1,0,1186.7801,459.4013243622445,20,37.0879,0,runs/spec_rdelay/rarl2m_hopper_k64/seed_1/r_r_hopper_eval.json
online,RARL-PPO,RARL-PPO,theta_tau_credit,k=64,l2_out,1,0,966.3369,530.7372465011555,20,30.3145,0,runs/spec_rdelay/rarl2m_hopper_k64/seed_1/r_r_hopper_eval.json
online,RARL-PPO,RARL-PPO,theta_tau_credit,k=64,l3_in,1,0,927.3376,362.77026879271057,20,29.1162,0,runs/spec_rdelay/rarl2m_hopper_k64/seed_1/r_r_hopper_eval.json
online,RARL-PPO,RARL-PPO,theta_tau_credit,k=64,l3_out,1,0,753.3699,457.66454863785765,20,23.7709,0,runs/spec_rdelay/rarl2m_hopper_k64/seed_1/r_r_hopper_eval.json
online,RARL-PPO,RARL-PPO,theta_tau_credit,k=64,l1_anchor,1,0,916.0699,56.44303002019921,20,28.7700,0,runs/spec_rdelay/rarl2m_hopper_k64/seed_1/r_r_hopper_eval.json
online,RARL-PPO,RARL-PPO,theta_tau_credit,k=64,l2_anchor,1,0,504.5959,5.749864239624125,20,16.1270,0,runs/spec_rdelay/rarl2m_hopper_k64/seed_1/r_r_hopper_eval.json
online,RARL-PPO,RARL-PPO,theta_tau_credit,k=64,l3_anchor,1,0,467.7528,100.04962881228172,20,14.9950,0,runs/spec_rdelay/rarl2m_hopper_k64/seed_1/r_r_hopper_eval.json
online,RARL-PPO,RARL-PPO,theta_tau_credit,k=64,nominal,2,1,943.5445,13.574258371339013,20,29.6142,0,runs/spec_rdelay/rarl2m_hopper_k64/seed_2/r_r_hopper_eval.json
online,RARL-PPO,RARL-PPO,theta_tau_credit,k=64,l1_in,2,0,719.6471,211.31005017305554,20,22.7347,0,runs/spec_rdelay/rarl2m_hopper_k64/seed_2/r_r_hopper_eval.json
online,RARL-PPO,RARL-PPO,theta_tau_credit,k=64,l1_out,2,0,453.3939,228.79817681186478,20,14.5538,0,runs/spec_rdelay/rarl2m_hopper_k64/seed_2/r_r_hopper_eval.json
online,RARL-PPO,RARL-PPO,theta_tau_credit,k=64,l2_in,2,0,633.7870,208.3491810935452,20,20.0966,0,runs/spec_rdelay/rarl2m_hopper_k64/seed_2/r_r_hopper_eval.json
online,RARL-PPO,RARL-PPO,theta_tau_credit,k=64,l2_out,2,0,512.9840,187.91058507279894,20,16.3848,0,runs/spec_rdelay/rarl2m_hopper_k64/seed_2/r_r_hopper_eval.json
online,RARL-PPO,RARL-PPO,theta_tau_credit,k=64,l3_in,2,0,482.3466,161.2852550107499,20,15.4434,0,runs/spec_rdelay/rarl2m_hopper_k64/seed_2/r_r_hopper_eval.json
online,RARL-PPO,RARL-PPO,theta_tau_credit,k=64,l3_out,2,0,470.0386,191.2789812232016,20,15.0652,0,runs/spec_rdelay/rarl2m_hopper_k64/seed_2/r_r_hopper_eval.json
online,RARL-PPO,RARL-PPO,theta_tau_credit,k=64,l1_anchor,2,0,509.6180,24.616973017029615,20,16.2814,0,runs/spec_rdelay/rarl2m_hopper_k64/seed_2/r_r_hopper_eval.json
online,RARL-PPO,RARL-PPO,theta_tau_credit,k=64,l2_anchor,2,0,289.5413,81.59583176793026,20,9.5193,0,runs/spec_rdelay/rarl2m_hopper_k64/seed_2/r_r_hopper_eval.json
online,RARL-PPO,RARL-PPO,theta_tau_credit,k=64,l3_anchor,2,0,366.3846,114.85426348407995,20,11.8804,0,runs/spec_rdelay/rarl2m_hopper_k64/seed_2/r_r_hopper_eval.json
online,RARL-PPO,RARL-PPO,theta_tau_credit,k=64,nominal,3407,1,675.2303,6.5824080573600625,20,21.3700,0,runs/spec_rdelay/rarl2m_hopper_k64/seed_3407/r_r_hopper_eval.json
online,RARL-PPO,RARL-PPO,theta_tau_credit,k=64,l1_in,3407,0,680.5003,89.90344703606705,20,21.5319,0,runs/spec_rdelay/rarl2m_hopper_k64/seed_3407/r_r_hopper_eval.json
online,RARL-PPO,RARL-PPO,theta_tau_credit,k=64,l1_out,3407,0,611.5434,153.30003857857994,20,19.4131,0,runs/spec_rdelay/rarl2m_hopper_k64/seed_3407/r_r_hopper_eval.json
online,RARL-PPO,RARL-PPO,theta_tau_credit,k=64,l2_in,3407,0,661.0470,130.78293909075703,20,20.9342,0,runs/spec_rdelay/rarl2m_hopper_k64/seed_3407/r_r_hopper_eval.json
online,RARL-PPO,RARL-PPO,theta_tau_credit,k=64,l2_out,3407,0,632.1191,182.94324610932063,20,20.0453,0,runs/spec_rdelay/rarl2m_hopper_k64/seed_3407/r_r_hopper_eval.json
online,RARL-PPO,RARL-PPO,theta_tau_credit,k=64,l3_in,3407,0,687.2585,218.80991213224203,20,21.7395,0,runs/spec_rdelay/rarl2m_hopper_k64/seed_3407/r_r_hopper_eval.json
online,RARL-PPO,RARL-PPO,theta_tau_credit,k=64,l3_out,3407,0,614.1348,241.29917356086463,20,19.4927,0,runs/spec_rdelay/rarl2m_hopper_k64/seed_3407/r_r_hopper_eval.json
online,RARL-PPO,RARL-PPO,theta_tau_credit,k=64,l1_anchor,3407,0,538.8709,5.874473095804996,20,17.1802,0,runs/spec_rdelay/rarl2m_hopper_k64/seed_3407/r_r_hopper_eval.json
online,RARL-PPO,RARL-PPO,theta_tau_credit,k=64,l2_anchor,3407,0,472.8960,2.438809150505682,20,15.1530,0,runs/spec_rdelay/rarl2m_hopper_k64/seed_3407/r_r_hopper_eval.json
online,RARL-PPO,RARL-PPO,theta_tau_credit,k=64,l3_anchor,3407,0,401.3241,37.33496250949796,20,12.9539,0,runs/spec_rdelay/rarl2m_hopper_k64/seed_3407/r_r_hopper_eval.json
online,RARL-PPO,RARL-PPO,theta_tau_credit,k=64,nominal,42,1,948.9363,18.373357857379993,20,29.7799,0,runs/spec_rdelay/rarl2m_hopper_k64/seed_42/r_r_hopper_eval.json
online,RARL-PPO,RARL-PPO,theta_tau_credit,k=64,l1_in,42,0,727.2645,131.56440405079204,20,22.9688,0,runs/spec_rdelay/rarl2m_hopper_k64/seed_42/r_r_hopper_eval.json
online,RARL-PPO,RARL-PPO,theta_tau_credit,k=64,l1_out,42,0,601.1738,161.75108821467398,20,19.0945,0,runs/spec_rdelay/rarl2m_hopper_k64/seed_42/r_r_hopper_eval.json
online,RARL-PPO,RARL-PPO,theta_tau_credit,k=64,l2_in,42,0,687.8929,188.78565984030035,20,21.7590,0,runs/spec_rdelay/rarl2m_hopper_k64/seed_42/r_r_hopper_eval.json
online,RARL-PPO,RARL-PPO,theta_tau_credit,k=64,l2_out,42,0,706.9933,232.05852565937295,20,22.3459,0,runs/spec_rdelay/rarl2m_hopper_k64/seed_42/r_r_hopper_eval.json
online,RARL-PPO,RARL-PPO,theta_tau_credit,k=64,l3_in,42,0,660.3194,188.0628180963053,20,20.9118,0,runs/spec_rdelay/rarl2m_hopper_k64/seed_42/r_r_hopper_eval.json
online,RARL-PPO,RARL-PPO,theta_tau_credit,k=64,l3_out,42,0,593.2471,234.56560504333652,20,18.8509,0,runs/spec_rdelay/rarl2m_hopper_k64/seed_42/r_r_hopper_eval.json
online,RARL-PPO,RARL-PPO,theta_tau_credit,k=64,l1_anchor,42,0,692.6980,9.507429769719511,20,21.9067,0,runs/spec_rdelay/rarl2m_hopper_k64/seed_42/r_r_hopper_eval.json
online,RARL-PPO,RARL-PPO,theta_tau_credit,k=64,l2_anchor,42,0,439.4597,3.3627697990518164,20,14.1257,0,runs/spec_rdelay/rarl2m_hopper_k64/seed_42/r_r_hopper_eval.json
online,RARL-PPO,RARL-PPO,theta_tau_credit,k=64,l3_anchor,42,0,318.9543,17.22543060971697,20,10.4230,0,runs/spec_rdelay/rarl2m_hopper_k64/seed_42/r_r_hopper_eval.json
online,RARL-TRPO,RARL-TRPO,theta_r,m=gauss,nominal,0,1,2051.7931,1040.8604152032906,20,63.6663,0,runs/spec_rnoise/rarltrpo_hopper_rgauss/seed_0/r_r_hopper_eval.json
online,RARL-TRPO,RARL-TRPO,theta_r,m=gauss,l1_in,0,0,1810.0282,1226.9393172034493,20,56.2378,0,runs/spec_rnoise/rarltrpo_hopper_rgauss/seed_0/r_r_hopper_eval.json
online,RARL-TRPO,RARL-TRPO,theta_r,m=gauss,l1_out,0,0,1438.1253,1264.2036942146062,20,44.8107,0,runs/spec_rnoise/rarltrpo_hopper_rgauss/seed_0/r_r_hopper_eval.json
online,RARL-TRPO,RARL-TRPO,theta_r,m=gauss,l2_in,0,0,1763.4901,1319.4339255096172,20,54.8079,0,runs/spec_rnoise/rarltrpo_hopper_rgauss/seed_0/r_r_hopper_eval.json
online,RARL-TRPO,RARL-TRPO,theta_r,m=gauss,l2_out,0,0,1331.6364,1248.0300614867026,20,41.5387,0,runs/spec_rnoise/rarltrpo_hopper_rgauss/seed_0/r_r_hopper_eval.json
online,RARL-TRPO,RARL-TRPO,theta_r,m=gauss,l3_in,0,0,1157.3921,947.1450132153824,20,36.1849,0,runs/spec_rnoise/rarltrpo_hopper_rgauss/seed_0/r_r_hopper_eval.json
online,RARL-TRPO,RARL-TRPO,theta_r,m=gauss,l3_out,0,0,1017.4715,862.8824624728092,20,31.8857,0,runs/spec_rnoise/rarltrpo_hopper_rgauss/seed_0/r_r_hopper_eval.json
online,RARL-TRPO,RARL-TRPO,theta_r,m=gauss,l1_anchor,0,0,339.1031,3.855403885333477,20,11.0421,0,runs/spec_rnoise/rarltrpo_hopper_rgauss/seed_0/r_r_hopper_eval.json
online,RARL-TRPO,RARL-TRPO,theta_r,m=gauss,l2_anchor,0,0,328.2990,1.898519361564386,20,10.7101,0,runs/spec_rnoise/rarltrpo_hopper_rgauss/seed_0/r_r_hopper_eval.json
online,RARL-TRPO,RARL-TRPO,theta_r,m=gauss,l3_anchor,0,0,321.5254,19.690531873424536,20,10.5020,0,runs/spec_rnoise/rarltrpo_hopper_rgauss/seed_0/r_r_hopper_eval.json
online,RARL-TRPO,RARL-TRPO,theta_r,m=gauss,nominal,1,1,3335.7815,4.927675386001894,20,103.1181,0,runs/spec_rnoise/rarltrpo_hopper_rgauss/seed_1/r_r_hopper_eval.json
online,RARL-TRPO,RARL-TRPO,theta_r,m=gauss,l1_in,1,0,2379.0731,1153.1717406329724,20,73.7223,0,runs/spec_rnoise/rarltrpo_hopper_rgauss/seed_1/r_r_hopper_eval.json
online,RARL-TRPO,RARL-TRPO,theta_r,m=gauss,l1_out,1,0,1426.7448,1261.0765549819635,20,44.4610,0,runs/spec_rnoise/rarltrpo_hopper_rgauss/seed_1/r_r_hopper_eval.json
online,RARL-TRPO,RARL-TRPO,theta_r,m=gauss,l2_in,1,0,1973.3224,1270.8639527220346,20,61.2552,0,runs/spec_rnoise/rarltrpo_hopper_rgauss/seed_1/r_r_hopper_eval.json
online,RARL-TRPO,RARL-TRPO,theta_r,m=gauss,l2_out,1,0,1614.7364,1241.2504005297678,20,50.2372,0,runs/spec_rnoise/rarltrpo_hopper_rgauss/seed_1/r_r_hopper_eval.json
online,RARL-TRPO,RARL-TRPO,theta_r,m=gauss,l3_in,1,0,1322.2103,671.9571785579922,20,41.2491,0,runs/spec_rnoise/rarltrpo_hopper_rgauss/seed_1/r_r_hopper_eval.json
online,RARL-TRPO,RARL-TRPO,theta_r,m=gauss,l3_out,1,0,1129.7899,582.3696233966737,20,35.3368,0,runs/spec_rnoise/rarltrpo_hopper_rgauss/seed_1/r_r_hopper_eval.json
online,RARL-TRPO,RARL-TRPO,theta_r,m=gauss,l1_anchor,1,0,507.6115,10.591714508223946,20,16.2197,0,runs/spec_rnoise/rarltrpo_hopper_rgauss/seed_1/r_r_hopper_eval.json
online,RARL-TRPO,RARL-TRPO,theta_r,m=gauss,l2_anchor,1,0,314.4276,2.0335283328115024,20,10.2839,0,runs/spec_rnoise/rarltrpo_hopper_rgauss/seed_1/r_r_hopper_eval.json
online,RARL-TRPO,RARL-TRPO,theta_r,m=gauss,l3_anchor,1,0,308.4668,19.61034156463615,20,10.1008,0,runs/spec_rnoise/rarltrpo_hopper_rgauss/seed_1/r_r_hopper_eval.json
online,RARL-TRPO,RARL-TRPO,theta_r,m=gauss,nominal,2,1,2958.6383,20.657497852361185,20,91.5300,0,runs/spec_rnoise/rarltrpo_hopper_rgauss/seed_2/r_r_hopper_eval.json
online,RARL-TRPO,RARL-TRPO,theta_r,m=gauss,l1_in,2,0,1875.4219,1195.9265762912903,20,58.2471,0,runs/spec_rnoise/rarltrpo_hopper_rgauss/seed_2/r_r_hopper_eval.json
online,RARL-TRPO,RARL-TRPO,theta_r,m=gauss,l1_out,2,0,744.2621,1024.7041170627313,20,23.4910,0,runs/spec_rnoise/rarltrpo_hopper_rgauss/seed_2/r_r_hopper_eval.json
online,RARL-TRPO,RARL-TRPO,theta_r,m=gauss,l2_in,2,0,1544.1860,1124.9370029290487,20,48.0695,0,runs/spec_rnoise/rarltrpo_hopper_rgauss/seed_2/r_r_hopper_eval.json
online,RARL-TRPO,RARL-TRPO,theta_r,m=gauss,l2_out,2,0,1592.0560,1195.5413816476687,20,49.5404,0,runs/spec_rnoise/rarltrpo_hopper_rgauss/seed_2/r_r_hopper_eval.json
online,RARL-TRPO,RARL-TRPO,theta_r,m=gauss,l3_in,2,0,1056.7063,625.0069624098735,20,33.0912,0,runs/spec_rnoise/rarltrpo_hopper_rgauss/seed_2/r_r_hopper_eval.json
online,RARL-TRPO,RARL-TRPO,theta_r,m=gauss,l3_out,2,0,709.1018,750.6641281408134,20,22.4107,0,runs/spec_rnoise/rarltrpo_hopper_rgauss/seed_2/r_r_hopper_eval.json
online,RARL-TRPO,RARL-TRPO,theta_r,m=gauss,l1_anchor,2,0,74.0601,113.23071925894938,20,2.8984,0,runs/spec_rnoise/rarltrpo_hopper_rgauss/seed_2/r_r_hopper_eval.json
online,RARL-TRPO,RARL-TRPO,theta_r,m=gauss,l2_anchor,2,0,276.7998,153.60144647331583,20,9.1278,0,runs/spec_rnoise/rarltrpo_hopper_rgauss/seed_2/r_r_hopper_eval.json
online,RARL-TRPO,RARL-TRPO,theta_r,m=gauss,l3_anchor,2,0,360.3667,26.01157867525382,20,11.6955,0,runs/spec_rnoise/rarltrpo_hopper_rgauss/seed_2/r_r_hopper_eval.json
online,RARL-TRPO,RARL-TRPO,theta_r,m=gauss,nominal,3407,1,2993.7054,1.8781341146298813,20,92.6075,0,runs/spec_rnoise/rarltrpo_hopper_rgauss/seed_3407/r_r_hopper_eval.json
online,RARL-TRPO,RARL-TRPO,theta_r,m=gauss,l1_in,3407,0,2674.4879,701.1663768587116,20,82.7992,0,runs/spec_rnoise/rarltrpo_hopper_rgauss/seed_3407/r_r_hopper_eval.json
online,RARL-TRPO,RARL-TRPO,theta_r,m=gauss,l1_out,3407,0,1179.6528,899.5616934970336,20,36.8689,0,runs/spec_rnoise/rarltrpo_hopper_rgauss/seed_3407/r_r_hopper_eval.json
online,RARL-TRPO,RARL-TRPO,theta_r,m=gauss,l2_in,3407,0,2154.1904,1126.3219489493758,20,66.8125,0,runs/spec_rnoise/rarltrpo_hopper_rgauss/seed_3407/r_r_hopper_eval.json
online,RARL-TRPO,RARL-TRPO,theta_r,m=gauss,l2_out,3407,0,1334.8410,1156.2139672359656,20,41.6372,0,runs/spec_rnoise/rarltrpo_hopper_rgauss/seed_3407/r_r_hopper_eval.json
online,RARL-TRPO,RARL-TRPO,theta_r,m=gauss,l3_in,3407,0,1268.8600,870.9679652254115,20,39.6098,0,runs/spec_rnoise/rarltrpo_hopper_rgauss/seed_3407/r_r_hopper_eval.json
online,RARL-TRPO,RARL-TRPO,theta_r,m=gauss,l3_out,3407,0,802.3366,647.8871233727076,20,25.2754,0,runs/spec_rnoise/rarltrpo_hopper_rgauss/seed_3407/r_r_hopper_eval.json
online,RARL-TRPO,RARL-TRPO,theta_r,m=gauss,l1_anchor,3407,0,694.7628,11.888489985371294,20,21.9701,0,runs/spec_rnoise/rarltrpo_hopper_rgauss/seed_3407/r_r_hopper_eval.json
online,RARL-TRPO,RARL-TRPO,theta_r,m=gauss,l2_anchor,3407,0,371.5953,1.8858750061210359,20,12.0405,0,runs/spec_rnoise/rarltrpo_hopper_rgauss/seed_3407/r_r_hopper_eval.json
online,RARL-TRPO,RARL-TRPO,theta_r,m=gauss,l3_anchor,3407,0,341.3621,16.43386096178797,20,11.1115,0,runs/spec_rnoise/rarltrpo_hopper_rgauss/seed_3407/r_r_hopper_eval.json
online,RARL-TRPO,RARL-TRPO,theta_r,m=gauss,nominal,42,1,368.7171,1.9194473029449735,20,11.9520,0,runs/spec_rnoise/rarltrpo_hopper_rgauss/seed_42/r_r_hopper_eval.json
online,RARL-TRPO,RARL-TRPO,theta_r,m=gauss,l1_in,42,0,1459.5584,1516.8679435330766,20,45.4692,0,runs/spec_rnoise/rarltrpo_hopper_rgauss/seed_42/r_r_hopper_eval.json
online,RARL-TRPO,RARL-TRPO,theta_r,m=gauss,l1_out,42,0,725.2506,1012.0939912836567,20,22.9069,0,runs/spec_rnoise/rarltrpo_hopper_rgauss/seed_42/r_r_hopper_eval.json
online,RARL-TRPO,RARL-TRPO,theta_r,m=gauss,l2_in,42,0,1182.5212,1308.3674878061638,20,36.9570,0,runs/spec_rnoise/rarltrpo_hopper_rgauss/seed_42/r_r_hopper_eval.json
online,RARL-TRPO,RARL-TRPO,theta_r,m=gauss,l2_out,42,0,976.0181,1164.4162586312586,20,30.6120,0,runs/spec_rnoise/rarltrpo_hopper_rgauss/seed_42/r_r_hopper_eval.json
online,RARL-TRPO,RARL-TRPO,theta_r,m=gauss,l3_in,42,0,689.9017,545.3633067449832,20,21.8208,0,runs/spec_rnoise/rarltrpo_hopper_rgauss/seed_42/r_r_hopper_eval.json
online,RARL-TRPO,RARL-TRPO,theta_r,m=gauss,l3_out,42,0,595.3554,520.2151090539254,20,18.9157,0,runs/spec_rnoise/rarltrpo_hopper_rgauss/seed_42/r_r_hopper_eval.json
online,RARL-TRPO,RARL-TRPO,theta_r,m=gauss,l1_anchor,42,0,134.1040,1.0077652448282577,20,4.7433,0,runs/spec_rnoise/rarltrpo_hopper_rgauss/seed_42/r_r_hopper_eval.json
online,RARL-TRPO,RARL-TRPO,theta_r,m=gauss,l2_anchor,42,0,202.9122,18.45495191831471,20,6.8575,0,runs/spec_rnoise/rarltrpo_hopper_rgauss/seed_42/r_r_hopper_eval.json
online,RARL-TRPO,RARL-TRPO,theta_r,m=gauss,l3_anchor,42,0,172.2944,32.27018773706571,20,5.9167,0,runs/spec_rnoise/rarltrpo_hopper_rgauss/seed_42/r_r_hopper_eval.json
online,RARL-TRPO,RARL-TRPO,theta_r,m=uniform,nominal,0,1,2268.9483,387.6658042378919,20,70.3386,0,runs/spec_rnoise/rarltrpo_hopper_runiform/seed_0/r_r_hopper_eval.json
online,RARL-TRPO,RARL-TRPO,theta_r,m=uniform,l1_in,0,0,1763.7514,829.8753500208921,20,54.8159,0,runs/spec_rnoise/rarltrpo_hopper_runiform/seed_0/r_r_hopper_eval.json
online,RARL-TRPO,RARL-TRPO,theta_r,m=uniform,l1_out,0,0,927.0526,832.9880392065188,20,29.1075,0,runs/spec_rnoise/rarltrpo_hopper_runiform/seed_0/r_r_hopper_eval.json
online,RARL-TRPO,RARL-TRPO,theta_r,m=uniform,l2_in,0,0,1425.0678,857.678817401693,20,44.4095,0,runs/spec_rnoise/rarltrpo_hopper_runiform/seed_0/r_r_hopper_eval.json
online,RARL-TRPO,RARL-TRPO,theta_r,m=uniform,l2_out,0,0,1384.7939,1255.7865173694756,20,43.1720,0,runs/spec_rnoise/rarltrpo_hopper_runiform/seed_0/r_r_hopper_eval.json
online,RARL-TRPO,RARL-TRPO,theta_r,m=uniform,l3_in,0,0,1251.4577,711.6955914819488,20,39.0751,0,runs/spec_rnoise/rarltrpo_hopper_runiform/seed_0/r_r_hopper_eval.json
online,RARL-TRPO,RARL-TRPO,theta_r,m=uniform,l3_out,0,0,698.4984,538.2541590628947,20,22.0849,0,runs/spec_rnoise/rarltrpo_hopper_runiform/seed_0/r_r_hopper_eval.json
online,RARL-TRPO,RARL-TRPO,theta_r,m=uniform,l1_anchor,0,0,325.1965,3.553455837725517,20,10.6148,0,runs/spec_rnoise/rarltrpo_hopper_runiform/seed_0/r_r_hopper_eval.json
online,RARL-TRPO,RARL-TRPO,theta_r,m=uniform,l2_anchor,0,0,318.0256,2.1206943299165006,20,10.3945,0,runs/spec_rnoise/rarltrpo_hopper_runiform/seed_0/r_r_hopper_eval.json
online,RARL-TRPO,RARL-TRPO,theta_r,m=uniform,l3_anchor,0,0,294.9073,40.81188688766526,20,9.6841,0,runs/spec_rnoise/rarltrpo_hopper_runiform/seed_0/r_r_hopper_eval.json
online,RARL-TRPO,RARL-TRPO,theta_r,m=uniform,nominal,1,1,2818.4159,636.3899069834199,20,87.2215,0,runs/spec_rnoise/rarltrpo_hopper_runiform/seed_1/r_r_hopper_eval.json
online,RARL-TRPO,RARL-TRPO,theta_r,m=uniform,l1_in,1,0,1597.0554,1210.9992640431083,20,49.6940,0,runs/spec_rnoise/rarltrpo_hopper_runiform/seed_1/r_r_hopper_eval.json
online,RARL-TRPO,RARL-TRPO,theta_r,m=uniform,l1_out,1,0,1004.6054,892.5953606029886,20,31.4903,0,runs/spec_rnoise/rarltrpo_hopper_runiform/seed_1/r_r_hopper_eval.json
online,RARL-TRPO,RARL-TRPO,theta_r,m=uniform,l2_in,1,0,1557.8344,1223.546723260779,20,48.4889,0,runs/spec_rnoise/rarltrpo_hopper_runiform/seed_1/r_r_hopper_eval.json
online,RARL-TRPO,RARL-TRPO,theta_r,m=uniform,l2_out,1,0,1480.4098,1231.4825118663925,20,46.1099,0,runs/spec_rnoise/rarltrpo_hopper_runiform/seed_1/r_r_hopper_eval.json
online,RARL-TRPO,RARL-TRPO,theta_r,m=uniform,l3_in,1,0,1094.2258,799.5607349638395,20,34.2440,0,runs/spec_rnoise/rarltrpo_hopper_runiform/seed_1/r_r_hopper_eval.json
online,RARL-TRPO,RARL-TRPO,theta_r,m=uniform,l3_out,1,0,623.0630,579.9333340516033,20,19.7671,0,runs/spec_rnoise/rarltrpo_hopper_runiform/seed_1/r_r_hopper_eval.json
online,RARL-TRPO,RARL-TRPO,theta_r,m=uniform,l1_anchor,1,0,564.2400,86.28194776415074,20,17.9597,0,runs/spec_rnoise/rarltrpo_hopper_runiform/seed_1/r_r_hopper_eval.json
online,RARL-TRPO,RARL-TRPO,theta_r,m=uniform,l2_anchor,1,0,355.6505,2.809850142454544,20,11.5505,0,runs/spec_rnoise/rarltrpo_hopper_runiform/seed_1/r_r_hopper_eval.json
online,RARL-TRPO,RARL-TRPO,theta_r,m=uniform,l3_anchor,1,0,376.6436,25.201886480938736,20,12.1956,0,runs/spec_rnoise/rarltrpo_hopper_runiform/seed_1/r_r_hopper_eval.json
online,RARL-TRPO,RARL-TRPO,theta_r,m=uniform,nominal,2,1,3075.0742,470.07519571104353,20,95.1076,0,runs/spec_rnoise/rarltrpo_hopper_runiform/seed_2/r_r_hopper_eval.json
online,RARL-TRPO,RARL-TRPO,theta_r,m=uniform,l1_in,2,0,1558.3720,1212.5530396371992,20,48.5054,0,runs/spec_rnoise/rarltrpo_hopper_runiform/seed_2/r_r_hopper_eval.json
online,RARL-TRPO,RARL-TRPO,theta_r,m=uniform,l1_out,2,0,600.7282,617.1220436181206,20,19.0808,0,runs/spec_rnoise/rarltrpo_hopper_runiform/seed_2/r_r_hopper_eval.json
online,RARL-TRPO,RARL-TRPO,theta_r,m=uniform,l2_in,2,0,1459.2517,1158.5192349237623,20,45.4598,0,runs/spec_rnoise/rarltrpo_hopper_runiform/seed_2/r_r_hopper_eval.json
online,RARL-TRPO,RARL-TRPO,theta_r,m=uniform,l2_out,2,0,1015.2360,957.2810026958255,20,31.8170,0,runs/spec_rnoise/rarltrpo_hopper_runiform/seed_2/r_r_hopper_eval.json
online,RARL-TRPO,RARL-TRPO,theta_r,m=uniform,l3_in,2,0,931.1785,846.1141046146067,20,29.2342,0,runs/spec_rnoise/rarltrpo_hopper_runiform/seed_2/r_r_hopper_eval.json
online,RARL-TRPO,RARL-TRPO,theta_r,m=uniform,l3_out,2,0,617.9747,601.3979928144252,20,19.6107,0,runs/spec_rnoise/rarltrpo_hopper_runiform/seed_2/r_r_hopper_eval.json
online,RARL-TRPO,RARL-TRPO,theta_r,m=uniform,l1_anchor,2,0,352.2775,62.5307018494489,20,11.4469,0,runs/spec_rnoise/rarltrpo_hopper_runiform/seed_2/r_r_hopper_eval.json
online,RARL-TRPO,RARL-TRPO,theta_r,m=uniform,l2_anchor,2,0,333.4173,3.801431418815864,20,10.8674,0,runs/spec_rnoise/rarltrpo_hopper_runiform/seed_2/r_r_hopper_eval.json
online,RARL-TRPO,RARL-TRPO,theta_r,m=uniform,l3_anchor,2,0,310.9979,64.56340553726072,20,10.1785,0,runs/spec_rnoise/rarltrpo_hopper_runiform/seed_2/r_r_hopper_eval.json
online,RARL-TRPO,RARL-TRPO,theta_r,m=uniform,nominal,3407,1,3283.6524,4.098084561508477,20,101.5164,0,runs/spec_rnoise/rarltrpo_hopper_runiform/seed_3407/r_r_hopper_eval.json
online,RARL-TRPO,RARL-TRPO,theta_r,m=uniform,l1_in,3407,0,2156.7319,1407.4644797421954,20,66.8906,0,runs/spec_rnoise/rarltrpo_hopper_runiform/seed_3407/r_r_hopper_eval.json
online,RARL-TRPO,RARL-TRPO,theta_r,m=uniform,l1_out,3407,0,986.8593,1087.0331075499,20,30.9451,0,runs/spec_rnoise/rarltrpo_hopper_runiform/seed_3407/r_r_hopper_eval.json
online,RARL-TRPO,RARL-TRPO,theta_r,m=uniform,l2_in,3407,0,1649.2595,1406.8938046177436,20,51.2980,0,runs/spec_rnoise/rarltrpo_hopper_runiform/seed_3407/r_r_hopper_eval.json
online,RARL-TRPO,RARL-TRPO,theta_r,m=uniform,l2_out,3407,0,1556.3566,1313.6585103314615,20,48.4435,0,runs/spec_rnoise/rarltrpo_hopper_runiform/seed_3407/r_r_hopper_eval.json
online,RARL-TRPO,RARL-TRPO,theta_r,m=uniform,l3_in,3407,0,914.2159,660.216160090253,20,28.7130,0,runs/spec_rnoise/rarltrpo_hopper_runiform/seed_3407/r_r_hopper_eval.json
online,RARL-TRPO,RARL-TRPO,theta_r,m=uniform,l3_out,3407,0,836.6374,700.0677799218009,20,26.3294,0,runs/spec_rnoise/rarltrpo_hopper_runiform/seed_3407/r_r_hopper_eval.json
online,RARL-TRPO,RARL-TRPO,theta_r,m=uniform,l1_anchor,3407,0,211.2740,1.2008155872629336,20,7.1144,0,runs/spec_rnoise/rarltrpo_hopper_runiform/seed_3407/r_r_hopper_eval.json
online,RARL-TRPO,RARL-TRPO,theta_r,m=uniform,l2_anchor,3407,0,225.2057,1.2075842977468798,20,7.5425,0,runs/spec_rnoise/rarltrpo_hopper_runiform/seed_3407/r_r_hopper_eval.json
online,RARL-TRPO,RARL-TRPO,theta_r,m=uniform,l3_anchor,3407,0,225.7856,2.4899851805969915,20,7.5603,0,runs/spec_rnoise/rarltrpo_hopper_runiform/seed_3407/r_r_hopper_eval.json
online,RARL-TRPO,RARL-TRPO,theta_r,m=uniform,nominal,42,1,797.5768,560.9369952737784,20,25.1292,0,runs/spec_rnoise/rarltrpo_hopper_runiform/seed_42/r_r_hopper_eval.json
online,RARL-TRPO,RARL-TRPO,theta_r,m=uniform,l1_in,42,0,1966.1918,1192.3499035078607,20,61.0361,0,runs/spec_rnoise/rarltrpo_hopper_runiform/seed_42/r_r_hopper_eval.json
online,RARL-TRPO,RARL-TRPO,theta_r,m=uniform,l1_out,42,0,1014.0028,976.8097200705961,20,31.7791,0,runs/spec_rnoise/rarltrpo_hopper_runiform/seed_42/r_r_hopper_eval.json
online,RARL-TRPO,RARL-TRPO,theta_r,m=uniform,l2_in,42,0,1426.0685,1129.404461006114,20,44.4402,0,runs/spec_rnoise/rarltrpo_hopper_runiform/seed_42/r_r_hopper_eval.json
online,RARL-TRPO,RARL-TRPO,theta_r,m=uniform,l2_out,42,0,1772.2407,1301.886170690186,20,55.0767,0,runs/spec_rnoise/rarltrpo_hopper_runiform/seed_42/r_r_hopper_eval.json
online,RARL-TRPO,RARL-TRPO,theta_r,m=uniform,l3_in,42,0,1010.2348,735.0353382320768,20,31.6633,0,runs/spec_rnoise/rarltrpo_hopper_runiform/seed_42/r_r_hopper_eval.json
online,RARL-TRPO,RARL-TRPO,theta_r,m=uniform,l3_out,42,0,772.0059,598.0912077973156,20,24.3435,0,runs/spec_rnoise/rarltrpo_hopper_runiform/seed_42/r_r_hopper_eval.json
online,RARL-TRPO,RARL-TRPO,theta_r,m=uniform,l1_anchor,42,0,561.3000,25.598025565876853,20,17.8693,0,runs/spec_rnoise/rarltrpo_hopper_runiform/seed_42/r_r_hopper_eval.json
online,RARL-TRPO,RARL-TRPO,theta_r,m=uniform,l2_anchor,42,0,460.1893,12.49224933529331,20,14.7626,0,runs/spec_rnoise/rarltrpo_hopper_runiform/seed_42/r_r_hopper_eval.json
online,RARL-TRPO,RARL-TRPO,theta_r,m=uniform,l3_anchor,42,0,397.6428,29.53138750292188,20,12.8408,0,runs/spec_rnoise/rarltrpo_hopper_runiform/seed_42/r_r_hopper_eval.json
online,RARL-TRPO,RARL-TRPO,theta_r,m=shift,nominal,0,1,1206.3629,362.4439737778269,20,37.6896,0,runs/spec_rnoise/rarltrpo_hopper_rshift/seed_0/r_r_hopper_eval.json
online,RARL-TRPO,RARL-TRPO,theta_r,m=shift,l1_in,0,0,2195.8046,871.3190961405161,20,68.0912,0,runs/spec_rnoise/rarltrpo_hopper_rshift/seed_0/r_r_hopper_eval.json
online,RARL-TRPO,RARL-TRPO,theta_r,m=shift,l1_out,0,0,1343.1082,1011.4753461779218,20,41.8912,0,runs/spec_rnoise/rarltrpo_hopper_rshift/seed_0/r_r_hopper_eval.json
online,RARL-TRPO,RARL-TRPO,theta_r,m=shift,l2_in,0,0,1936.1363,999.033662561753,20,60.1126,0,runs/spec_rnoise/rarltrpo_hopper_rshift/seed_0/r_r_hopper_eval.json
online,RARL-TRPO,RARL-TRPO,theta_r,m=shift,l2_out,0,0,1676.4097,1036.521402707703,20,52.1322,0,runs/spec_rnoise/rarltrpo_hopper_rshift/seed_0/r_r_hopper_eval.json
online,RARL-TRPO,RARL-TRPO,theta_r,m=shift,l3_in,0,0,1103.4702,839.2871428852905,20,34.5281,0,runs/spec_rnoise/rarltrpo_hopper_rshift/seed_0/r_r_hopper_eval.json
online,RARL-TRPO,RARL-TRPO,theta_r,m=shift,l3_out,0,0,1073.6314,898.9957909553287,20,33.6112,0,runs/spec_rnoise/rarltrpo_hopper_rshift/seed_0/r_r_hopper_eval.json
online,RARL-TRPO,RARL-TRPO,theta_r,m=shift,l1_anchor,0,0,2890.2408,5.250644984838378,20,89.4284,0,runs/spec_rnoise/rarltrpo_hopper_rshift/seed_0/r_r_hopper_eval.json
online,RARL-TRPO,RARL-TRPO,theta_r,m=shift,l2_anchor,0,0,690.3672,41.66406530118152,20,21.8351,0,runs/spec_rnoise/rarltrpo_hopper_rshift/seed_0/r_r_hopper_eval.json
online,RARL-TRPO,RARL-TRPO,theta_r,m=shift,l3_anchor,0,0,432.5073,56.57587417453626,20,13.9120,0,runs/spec_rnoise/rarltrpo_hopper_rshift/seed_0/r_r_hopper_eval.json
online,RARL-TRPO,RARL-TRPO,theta_r,m=shift,nominal,1,1,564.7621,11.92281663631609,20,17.9757,0,runs/spec_rnoise/rarltrpo_hopper_rshift/seed_1/r_r_hopper_eval.json
online,RARL-TRPO,RARL-TRPO,theta_r,m=shift,l1_in,1,0,540.1025,189.05154661762444,20,17.2180,0,runs/spec_rnoise/rarltrpo_hopper_rshift/seed_1/r_r_hopper_eval.json
online,RARL-TRPO,RARL-TRPO,theta_r,m=shift,l1_out,1,0,352.7473,217.24079304333492,20,11.4613,0,runs/spec_rnoise/rarltrpo_hopper_rshift/seed_1/r_r_hopper_eval.json
online,RARL-TRPO,RARL-TRPO,theta_r,m=shift,l2_in,1,0,529.7289,153.4309624811315,20,16.8993,0,runs/spec_rnoise/rarltrpo_hopper_rshift/seed_1/r_r_hopper_eval.json
online,RARL-TRPO,RARL-TRPO,theta_r,m=shift,l2_out,1,0,487.4866,210.60681838236118,20,15.6013,0,runs/spec_rnoise/rarltrpo_hopper_rshift/seed_1/r_r_hopper_eval.json
online,RARL-TRPO,RARL-TRPO,theta_r,m=shift,l3_in,1,0,634.1053,261.98061332536327,20,20.1064,0,runs/spec_rnoise/rarltrpo_hopper_rshift/seed_1/r_r_hopper_eval.json
online,RARL-TRPO,RARL-TRPO,theta_r,m=shift,l3_out,1,0,534.2980,344.2690408784961,20,17.0397,0,runs/spec_rnoise/rarltrpo_hopper_rshift/seed_1/r_r_hopper_eval.json
online,RARL-TRPO,RARL-TRPO,theta_r,m=shift,l1_anchor,1,0,125.3428,80.46159615564434,20,4.4741,0,runs/spec_rnoise/rarltrpo_hopper_rshift/seed_1/r_r_hopper_eval.json
online,RARL-TRPO,RARL-TRPO,theta_r,m=shift,l2_anchor,1,0,313.3702,1.5861462369706234,20,10.2514,0,runs/spec_rnoise/rarltrpo_hopper_rshift/seed_1/r_r_hopper_eval.json
online,RARL-TRPO,RARL-TRPO,theta_r,m=shift,l3_anchor,1,0,271.2404,77.77413442048537,20,8.9570,0,runs/spec_rnoise/rarltrpo_hopper_rshift/seed_1/r_r_hopper_eval.json
online,RARL-TRPO,RARL-TRPO,theta_r,m=shift,nominal,2,1,925.3221,33.220047623793896,20,29.0543,0,runs/spec_rnoise/rarltrpo_hopper_rshift/seed_2/r_r_hopper_eval.json
online,RARL-TRPO,RARL-TRPO,theta_r,m=shift,l1_in,2,0,1819.0105,1393.3273775025866,20,56.5138,0,runs/spec_rnoise/rarltrpo_hopper_rshift/seed_2/r_r_hopper_eval.json
online,RARL-TRPO,RARL-TRPO,theta_r,m=shift,l1_out,2,0,910.5994,1026.5568931569585,20,28.6019,0,runs/spec_rnoise/rarltrpo_hopper_rshift/seed_2/r_r_hopper_eval.json
online,RARL-TRPO,RARL-TRPO,theta_r,m=shift,l2_in,2,0,1522.9149,1331.0296443043396,20,47.4159,0,runs/spec_rnoise/rarltrpo_hopper_rshift/seed_2/r_r_hopper_eval.json
online,RARL-TRPO,RARL-TRPO,theta_r,m=shift,l2_out,2,0,1234.7634,1220.9032152956086,20,38.5622,0,runs/spec_rnoise/rarltrpo_hopper_rshift/seed_2/r_r_hopper_eval.json
online,RARL-TRPO,RARL-TRPO,theta_r,m=shift,l3_in,2,0,947.3938,864.5631764945615,20,29.7325,0,runs/spec_rnoise/rarltrpo_hopper_rshift/seed_2/r_r_hopper_eval.json
online,RARL-TRPO,RARL-TRPO,theta_r,m=shift,l3_out,2,0,803.7015,696.8482447701053,20,25.3174,0,runs/spec_rnoise/rarltrpo_hopper_rshift/seed_2/r_r_hopper_eval.json
online,RARL-TRPO,RARL-TRPO,theta_r,m=shift,l1_anchor,2,0,315.8564,5.045025679943081,20,10.3278,0,runs/spec_rnoise/rarltrpo_hopper_rshift/seed_2/r_r_hopper_eval.json
online,RARL-TRPO,RARL-TRPO,theta_r,m=shift,l2_anchor,2,0,325.5312,2.7583540855770337,20,10.6251,0,runs/spec_rnoise/rarltrpo_hopper_rshift/seed_2/r_r_hopper_eval.json
online,RARL-TRPO,RARL-TRPO,theta_r,m=shift,l3_anchor,2,0,297.2754,28.688342207393628,20,9.7569,0,runs/spec_rnoise/rarltrpo_hopper_rshift/seed_2/r_r_hopper_eval.json
online,RARL-TRPO,RARL-TRPO,theta_r,m=shift,nominal,3407,1,676.7855,7.348055645546242,20,21.4177,0,runs/spec_rnoise/rarltrpo_hopper_rshift/seed_3407/r_r_hopper_eval.json
online,RARL-TRPO,RARL-TRPO,theta_r,m=shift,l1_in,3407,0,625.5886,101.4050520746299,20,19.8447,0,runs/spec_rnoise/rarltrpo_hopper_rshift/seed_3407/r_r_hopper_eval.json
online,RARL-TRPO,RARL-TRPO,theta_r,m=shift,l1_out,3407,0,472.5304,229.4207673889298,20,15.1418,0,runs/spec_rnoise/rarltrpo_hopper_rshift/seed_3407/r_r_hopper_eval.json
online,RARL-TRPO,RARL-TRPO,theta_r,m=shift,l2_in,3407,0,732.9721,663.0494311113542,20,23.1441,0,runs/spec_rnoise/rarltrpo_hopper_rshift/seed_3407/r_r_hopper_eval.json
online,RARL-TRPO,RARL-TRPO,theta_r,m=shift,l2_out,3407,0,678.4330,722.5099010781186,20,21.4684,0,runs/spec_rnoise/rarltrpo_hopper_rshift/seed_3407/r_r_hopper_eval.json
online,RARL-TRPO,RARL-TRPO,theta_r,m=shift,l3_in,3407,0,666.2370,281.82586019045516,20,21.0936,0,runs/spec_rnoise/rarltrpo_hopper_rshift/seed_3407/r_r_hopper_eval.json
online,RARL-TRPO,RARL-TRPO,theta_r,m=shift,l3_out,3407,0,501.2102,375.4837997161786,20,16.0230,0,runs/spec_rnoise/rarltrpo_hopper_rshift/seed_3407/r_r_hopper_eval.json
online,RARL-TRPO,RARL-TRPO,theta_r,m=shift,l1_anchor,3407,0,408.0245,1.897721218427169,20,13.1598,0,runs/spec_rnoise/rarltrpo_hopper_rshift/seed_3407/r_r_hopper_eval.json
online,RARL-TRPO,RARL-TRPO,theta_r,m=shift,l2_anchor,3407,0,306.6889,60.91401422642361,20,10.0461,0,runs/spec_rnoise/rarltrpo_hopper_rshift/seed_3407/r_r_hopper_eval.json
online,RARL-TRPO,RARL-TRPO,theta_r,m=shift,l3_anchor,3407,0,46.5316,15.507244291779083,20,2.0525,0,runs/spec_rnoise/rarltrpo_hopper_rshift/seed_3407/r_r_hopper_eval.json
online,RARL-TRPO,RARL-TRPO,theta_r,m=shift,nominal,42,1,3002.1092,4.5769426073908,20,92.8657,0,runs/spec_rnoise/rarltrpo_hopper_rshift/seed_42/r_r_hopper_eval.json
online,RARL-TRPO,RARL-TRPO,theta_r,m=shift,l1_in,42,0,2765.2212,620.0188234376382,20,85.5871,0,runs/spec_rnoise/rarltrpo_hopper_rshift/seed_42/r_r_hopper_eval.json
online,RARL-TRPO,RARL-TRPO,theta_r,m=shift,l1_out,42,0,1492.5769,1190.4263691761782,20,46.4838,0,runs/spec_rnoise/rarltrpo_hopper_rshift/seed_42/r_r_hopper_eval.json
online,RARL-TRPO,RARL-TRPO,theta_r,m=shift,l2_in,42,0,2350.8967,938.7579326372775,20,72.8565,0,runs/spec_rnoise/rarltrpo_hopper_rshift/seed_42/r_r_hopper_eval.json
online,RARL-TRPO,RARL-TRPO,theta_r,m=shift,l2_out,42,0,1873.7746,1138.3902740680007,20,58.1965,0,runs/spec_rnoise/rarltrpo_hopper_rshift/seed_42/r_r_hopper_eval.json
online,RARL-TRPO,RARL-TRPO,theta_r,m=shift,l3_in,42,0,1622.3299,797.2066912491599,20,50.4706,0,runs/spec_rnoise/rarltrpo_hopper_rshift/seed_42/r_r_hopper_eval.json
online,RARL-TRPO,RARL-TRPO,theta_r,m=shift,l3_out,42,0,1055.0122,756.9910115016187,20,33.0391,0,runs/spec_rnoise/rarltrpo_hopper_rshift/seed_42/r_r_hopper_eval.json
online,RARL-TRPO,RARL-TRPO,theta_r,m=shift,l1_anchor,42,0,1035.6358,648.65405048408,20,32.4438,0,runs/spec_rnoise/rarltrpo_hopper_rshift/seed_42/r_r_hopper_eval.json
online,RARL-TRPO,RARL-TRPO,theta_r,m=shift,l2_anchor,42,0,490.7297,5.117776803923381,20,15.7010,0,runs/spec_rnoise/rarltrpo_hopper_rshift/seed_42/r_r_hopper_eval.json
online,RARL-TRPO,RARL-TRPO,theta_r,m=shift,l3_anchor,42,0,379.5506,27.016781351019162,20,12.2849,0,runs/spec_rnoise/rarltrpo_hopper_rshift/seed_42/r_r_hopper_eval.json
online,RARL-TRPO,RARL-TRPO,theta_tau_credit,k=4,nominal,0,1,633.9668,3.4823096063566954,20,20.1021,0,runs/spec_rdelay/rarltrpo_hopper_k4/seed_0/r_r_hopper_eval.json
online,RARL-TRPO,RARL-TRPO,theta_tau_credit,k=4,l1_in,0,0,620.8595,119.4773034676158,20,19.6994,0,runs/spec_rdelay/rarltrpo_hopper_k4/seed_0/r_r_hopper_eval.json
online,RARL-TRPO,RARL-TRPO,theta_tau_credit,k=4,l1_out,0,0,510.5059,152.36765054609603,20,16.3086,0,runs/spec_rdelay/rarltrpo_hopper_k4/seed_0/r_r_hopper_eval.json
online,RARL-TRPO,RARL-TRPO,theta_tau_credit,k=4,l2_in,0,0,639.5530,327.60060837207925,20,20.2737,0,runs/spec_rdelay/rarltrpo_hopper_k4/seed_0/r_r_hopper_eval.json
online,RARL-TRPO,RARL-TRPO,theta_tau_credit,k=4,l2_out,0,0,683.2781,675.1892367135622,20,21.6172,0,runs/spec_rdelay/rarltrpo_hopper_k4/seed_0/r_r_hopper_eval.json
online,RARL-TRPO,RARL-TRPO,theta_tau_credit,k=4,l3_in,0,0,662.9510,230.09274270677207,20,20.9927,0,runs/spec_rdelay/rarltrpo_hopper_k4/seed_0/r_r_hopper_eval.json
online,RARL-TRPO,RARL-TRPO,theta_tau_credit,k=4,l3_out,0,0,570.6850,379.35879771233715,20,18.1577,0,runs/spec_rdelay/rarltrpo_hopper_k4/seed_0/r_r_hopper_eval.json
online,RARL-TRPO,RARL-TRPO,theta_tau_credit,k=4,l1_anchor,0,0,380.5698,1.3789572550727038,20,12.3162,0,runs/spec_rdelay/rarltrpo_hopper_k4/seed_0/r_r_hopper_eval.json
online,RARL-TRPO,RARL-TRPO,theta_tau_credit,k=4,l2_anchor,0,0,342.7909,1.200041057959503,20,11.1554,0,runs/spec_rdelay/rarltrpo_hopper_k4/seed_0/r_r_hopper_eval.json
online,RARL-TRPO,RARL-TRPO,theta_tau_credit,k=4,l3_anchor,0,0,336.4230,7.325636762571717,20,10.9598,0,runs/spec_rdelay/rarltrpo_hopper_k4/seed_0/r_r_hopper_eval.json
online,RARL-TRPO,RARL-TRPO,theta_tau_credit,k=4,nominal,1,1,779.3725,663.5090804595012,20,24.5698,0,runs/spec_rdelay/rarltrpo_hopper_k4/seed_1/r_r_hopper_eval.json
online,RARL-TRPO,RARL-TRPO,theta_tau_credit,k=4,l1_in,1,0,1427.4612,901.8977100802169,20,44.4830,0,runs/spec_rdelay/rarltrpo_hopper_k4/seed_1/r_r_hopper_eval.json
online,RARL-TRPO,RARL-TRPO,theta_tau_credit,k=4,l1_out,1,0,996.1316,732.8927874966627,20,31.2300,0,runs/spec_rdelay/rarltrpo_hopper_k4/seed_1/r_r_hopper_eval.json
online,RARL-TRPO,RARL-TRPO,theta_tau_credit,k=4,l2_in,1,0,1640.7652,861.1568314105456,20,51.0370,0,runs/spec_rdelay/rarltrpo_hopper_k4/seed_1/r_r_hopper_eval.json
online,RARL-TRPO,RARL-TRPO,theta_tau_credit,k=4,l2_out,1,0,1340.8596,894.7398865764735,20,41.8221,0,runs/spec_rdelay/rarltrpo_hopper_k4/seed_1/r_r_hopper_eval.json
online,RARL-TRPO,RARL-TRPO,theta_tau_credit,k=4,l3_in,1,0,837.7855,277.6123170581414,20,26.3646,0,runs/spec_rdelay/rarltrpo_hopper_k4/seed_1/r_r_hopper_eval.json
online,RARL-TRPO,RARL-TRPO,theta_tau_credit,k=4,l3_out,1,0,636.4422,336.67109247572836,20,20.1782,0,runs/spec_rdelay/rarltrpo_hopper_k4/seed_1/r_r_hopper_eval.json
online,RARL-TRPO,RARL-TRPO,theta_tau_credit,k=4,l1_anchor,1,0,1186.1550,81.5747032144761,20,37.0686,0,runs/spec_rdelay/rarltrpo_hopper_k4/seed_1/r_r_hopper_eval.json
online,RARL-TRPO,RARL-TRPO,theta_tau_credit,k=4,l2_anchor,1,0,519.7147,2.8340880767136847,20,16.5916,0,runs/spec_rdelay/rarltrpo_hopper_k4/seed_1/r_r_hopper_eval.json
online,RARL-TRPO,RARL-TRPO,theta_tau_credit,k=4,l3_anchor,1,0,378.6421,52.48153617004613,20,12.2570,0,runs/spec_rdelay/rarltrpo_hopper_k4/seed_1/r_r_hopper_eval.json
online,RARL-TRPO,RARL-TRPO,theta_tau_credit,k=4,nominal,2,1,2900.0427,729.2455746477015,20,89.7296,0,runs/spec_rdelay/rarltrpo_hopper_k4/seed_2/r_r_hopper_eval.json
online,RARL-TRPO,RARL-TRPO,theta_tau_credit,k=4,l1_in,2,0,2294.3667,1139.247610825768,20,71.1196,0,runs/spec_rdelay/rarltrpo_hopper_k4/seed_2/r_r_hopper_eval.json
online,RARL-TRPO,RARL-TRPO,theta_tau_credit,k=4,l1_out,2,0,1411.1636,1216.3539427184194,20,43.9823,0,runs/spec_rdelay/rarltrpo_hopper_k4/seed_2/r_r_hopper_eval.json
online,RARL-TRPO,RARL-TRPO,theta_tau_credit,k=4,l2_in,2,0,1778.6630,1191.5709283846948,20,55.2741,0,runs/spec_rdelay/rarltrpo_hopper_k4/seed_2/r_r_hopper_eval.json
online,RARL-TRPO,RARL-TRPO,theta_tau_credit,k=4,l2_out,2,0,1262.2065,1140.011101548723,20,39.4054,0,runs/spec_rdelay/rarltrpo_hopper_k4/seed_2/r_r_hopper_eval.json
online,RARL-TRPO,RARL-TRPO,theta_tau_credit,k=4,l3_in,2,0,1240.9610,781.4584505042957,20,38.7526,0,runs/spec_rdelay/rarltrpo_hopper_k4/seed_2/r_r_hopper_eval.json
online,RARL-TRPO,RARL-TRPO,theta_tau_credit,k=4,l3_out,2,0,986.3337,907.1266265659538,20,30.9289,0,runs/spec_rdelay/rarltrpo_hopper_k4/seed_2/r_r_hopper_eval.json
online,RARL-TRPO,RARL-TRPO,theta_tau_credit,k=4,l1_anchor,2,0,463.1339,10.40270491186884,20,14.8531,0,runs/spec_rdelay/rarltrpo_hopper_k4/seed_2/r_r_hopper_eval.json
online,RARL-TRPO,RARL-TRPO,theta_tau_credit,k=4,l2_anchor,2,0,313.2819,1.3962443496008068,20,10.2487,0,runs/spec_rdelay/rarltrpo_hopper_k4/seed_2/r_r_hopper_eval.json
online,RARL-TRPO,RARL-TRPO,theta_tau_credit,k=4,l3_anchor,2,0,273.3025,66.41934382335516,20,9.0203,0,runs/spec_rdelay/rarltrpo_hopper_k4/seed_2/r_r_hopper_eval.json
online,RARL-TRPO,RARL-TRPO,theta_tau_credit,k=4,nominal,3407,1,438.8820,10.510837259527195,20,14.1079,0,runs/spec_rdelay/rarltrpo_hopper_k4/seed_3407/r_r_hopper_eval.json
online,RARL-TRPO,RARL-TRPO,theta_tau_credit,k=4,l1_in,3407,0,457.7391,130.92007544667882,20,14.6873,0,runs/spec_rdelay/rarltrpo_hopper_k4/seed_3407/r_r_hopper_eval.json
online,RARL-TRPO,RARL-TRPO,theta_tau_credit,k=4,l1_out,3407,0,320.2344,195.30220235477344,20,10.4623,0,runs/spec_rdelay/rarltrpo_hopper_k4/seed_3407/r_r_hopper_eval.json
online,RARL-TRPO,RARL-TRPO,theta_tau_credit,k=4,l2_in,3407,0,456.9674,161.96351894099377,20,14.6636,0,runs/spec_rdelay/rarltrpo_hopper_k4/seed_3407/r_r_hopper_eval.json
online,RARL-TRPO,RARL-TRPO,theta_tau_credit,k=4,l2_out,3407,0,424.1650,170.04168939483154,20,13.6557,0,runs/spec_rdelay/rarltrpo_hopper_k4/seed_3407/r_r_hopper_eval.json
online,RARL-TRPO,RARL-TRPO,theta_tau_credit,k=4,l3_in,3407,0,459.8418,227.1031918328188,20,14.7519,0,runs/spec_rdelay/rarltrpo_hopper_k4/seed_3407/r_r_hopper_eval.json
online,RARL-TRPO,RARL-TRPO,theta_tau_credit,k=4,l3_out,3407,0,376.6280,243.67898566537767,20,12.1951,0,runs/spec_rdelay/rarltrpo_hopper_k4/seed_3407/r_r_hopper_eval.json
online,RARL-TRPO,RARL-TRPO,theta_tau_credit,k=4,l1_anchor,3407,0,239.2043,82.80687865024417,20,7.9726,0,runs/spec_rdelay/rarltrpo_hopper_k4/seed_3407/r_r_hopper_eval.json
online,RARL-TRPO,RARL-TRPO,theta_tau_credit,k=4,l2_anchor,3407,0,286.5810,1.9644668822436737,20,9.4283,0,runs/spec_rdelay/rarltrpo_hopper_k4/seed_3407/r_r_hopper_eval.json
online,RARL-TRPO,RARL-TRPO,theta_tau_credit,k=4,l3_anchor,3407,0,214.9463,49.21275225623228,20,7.2273,0,runs/spec_rdelay/rarltrpo_hopper_k4/seed_3407/r_r_hopper_eval.json
online,RARL-TRPO,RARL-TRPO,theta_tau_credit,k=4,nominal,42,1,388.5612,31.031929006030293,20,12.5618,0,runs/spec_rdelay/rarltrpo_hopper_k4/seed_42/r_r_hopper_eval.json
online,RARL-TRPO,RARL-TRPO,theta_tau_credit,k=4,l1_in,42,0,958.1912,1001.7394298450004,20,30.0642,0,runs/spec_rdelay/rarltrpo_hopper_k4/seed_42/r_r_hopper_eval.json
online,RARL-TRPO,RARL-TRPO,theta_tau_credit,k=4,l1_out,42,0,556.1822,691.1241976988523,20,17.7121,0,runs/spec_rdelay/rarltrpo_hopper_k4/seed_42/r_r_hopper_eval.json
online,RARL-TRPO,RARL-TRPO,theta_tau_credit,k=4,l2_in,42,0,784.5041,759.2947824959956,20,24.7275,0,runs/spec_rdelay/rarltrpo_hopper_k4/seed_42/r_r_hopper_eval.json
online,RARL-TRPO,RARL-TRPO,theta_tau_credit,k=4,l2_out,42,0,653.5852,730.3062436660533,20,20.7049,0,runs/spec_rdelay/rarltrpo_hopper_k4/seed_42/r_r_hopper_eval.json
online,RARL-TRPO,RARL-TRPO,theta_tau_credit,k=4,l3_in,42,0,778.6775,451.1750732632642,20,24.5485,0,runs/spec_rdelay/rarltrpo_hopper_k4/seed_42/r_r_hopper_eval.json
online,RARL-TRPO,RARL-TRPO,theta_tau_credit,k=4,l3_out,42,0,664.8063,511.8436547312147,20,21.0497,0,runs/spec_rdelay/rarltrpo_hopper_k4/seed_42/r_r_hopper_eval.json
online,RARL-TRPO,RARL-TRPO,theta_tau_credit,k=4,l1_anchor,42,0,129.3491,41.44260102706488,20,4.5972,0,runs/spec_rdelay/rarltrpo_hopper_k4/seed_42/r_r_hopper_eval.json
online,RARL-TRPO,RARL-TRPO,theta_tau_credit,k=4,l2_anchor,42,0,286.9360,3.0439915123406025,20,9.4392,0,runs/spec_rdelay/rarltrpo_hopper_k4/seed_42/r_r_hopper_eval.json
online,RARL-TRPO,RARL-TRPO,theta_tau_credit,k=4,l3_anchor,42,0,262.4569,11.726975607133426,20,8.6871,0,runs/spec_rdelay/rarltrpo_hopper_k4/seed_42/r_r_hopper_eval.json
online,RARL-TRPO,RARL-TRPO,theta_tau_credit,k=16,nominal,0,1,305.6464,4.167133423080761,20,10.0141,0,runs/spec_rdelay/rarltrpo_hopper_k16/seed_0/r_r_hopper_eval.json
online,RARL-TRPO,RARL-TRPO,theta_tau_credit,k=16,l1_in,0,0,901.7305,987.9823556805065,20,28.3294,0,runs/spec_rdelay/rarltrpo_hopper_k16/seed_0/r_r_hopper_eval.json
online,RARL-TRPO,RARL-TRPO,theta_tau_credit,k=16,l1_out,0,0,650.3871,574.6506512055134,20,20.6066,0,runs/spec_rdelay/rarltrpo_hopper_k16/seed_0/r_r_hopper_eval.json
online,RARL-TRPO,RARL-TRPO,theta_tau_credit,k=16,l2_in,0,0,978.7415,948.5444207487338,20,30.6957,0,runs/spec_rdelay/rarltrpo_hopper_k16/seed_0/r_r_hopper_eval.json
online,RARL-TRPO,RARL-TRPO,theta_tau_credit,k=16,l2_out,0,0,1080.0766,1001.8944421803703,20,33.8093,0,runs/spec_rdelay/rarltrpo_hopper_k16/seed_0/r_r_hopper_eval.json
online,RARL-TRPO,RARL-TRPO,theta_tau_credit,k=16,l3_in,0,0,437.5644,183.2895592800674,20,14.0674,0,runs/spec_rdelay/rarltrpo_hopper_k16/seed_0/r_r_hopper_eval.json
online,RARL-TRPO,RARL-TRPO,theta_tau_credit,k=16,l3_out,0,0,321.6978,158.0419830031521,20,10.5073,0,runs/spec_rdelay/rarltrpo_hopper_k16/seed_0/r_r_hopper_eval.json
online,RARL-TRPO,RARL-TRPO,theta_tau_credit,k=16,l1_anchor,0,0,397.9761,81.74316437597278,20,12.8510,0,runs/spec_rdelay/rarltrpo_hopper_k16/seed_0/r_r_hopper_eval.json
online,RARL-TRPO,RARL-TRPO,theta_tau_credit,k=16,l2_anchor,0,0,752.5916,60.207844723182724,20,23.7470,0,runs/spec_rdelay/rarltrpo_hopper_k16/seed_0/r_r_hopper_eval.json
online,RARL-TRPO,RARL-TRPO,theta_tau_credit,k=16,l3_anchor,0,0,705.5421,180.6641499138528,20,22.3013,0,runs/spec_rdelay/rarltrpo_hopper_k16/seed_0/r_r_hopper_eval.json
online,RARL-TRPO,RARL-TRPO,theta_tau_credit,k=16,nominal,1,1,2526.7448,9.72652675131469,20,78.2596,0,runs/spec_rdelay/rarltrpo_hopper_k16/seed_1/r_r_hopper_eval.json
online,RARL-TRPO,RARL-TRPO,theta_tau_credit,k=16,l1_in,1,0,1790.9708,787.1409399363465,20,55.6522,0,runs/spec_rdelay/rarltrpo_hopper_k16/seed_1/r_r_hopper_eval.json
online,RARL-TRPO,RARL-TRPO,theta_tau_credit,k=16,l1_out,1,0,1028.4755,877.3766794911579,20,32.2238,0,runs/spec_rdelay/rarltrpo_hopper_k16/seed_1/r_r_hopper_eval.json
online,RARL-TRPO,RARL-TRPO,theta_tau_credit,k=16,l2_in,1,0,1395.9753,812.9752111541715,20,43.5156,0,runs/spec_rdelay/rarltrpo_hopper_k16/seed_1/r_r_hopper_eval.json
online,RARL-TRPO,RARL-TRPO,theta_tau_credit,k=16,l2_out,1,0,1084.0206,774.303321448622,20,33.9305,0,runs/spec_rdelay/rarltrpo_hopper_k16/seed_1/r_r_hopper_eval.json
online,RARL-TRPO,RARL-TRPO,theta_tau_credit,k=16,l3_in,1,0,987.9761,621.5380084697614,20,30.9794,0,runs/spec_rdelay/rarltrpo_hopper_k16/seed_1/r_r_hopper_eval.json
online,RARL-TRPO,RARL-TRPO,theta_tau_credit,k=16,l3_out,1,0,850.0085,577.9741406398116,20,26.7402,0,runs/spec_rdelay/rarltrpo_hopper_k16/seed_1/r_r_hopper_eval.json
online,RARL-TRPO,RARL-TRPO,theta_tau_credit,k=16,l1_anchor,1,0,590.7300,40.476290176362134,20,18.7736,0,runs/spec_rdelay/rarltrpo_hopper_k16/seed_1/r_r_hopper_eval.json
online,RARL-TRPO,RARL-TRPO,theta_tau_credit,k=16,l2_anchor,1,0,334.9850,37.487216013680694,20,10.9156,0,runs/spec_rdelay/rarltrpo_hopper_k16/seed_1/r_r_hopper_eval.json
online,RARL-TRPO,RARL-TRPO,theta_tau_credit,k=16,l3_anchor,1,0,325.7962,31.827964050502477,20,10.6332,0,runs/spec_rdelay/rarltrpo_hopper_k16/seed_1/r_r_hopper_eval.json
online,RARL-TRPO,RARL-TRPO,theta_tau_credit,k=16,nominal,2,1,791.3933,80.06426716243479,20,24.9392,0,runs/spec_rdelay/rarltrpo_hopper_k16/seed_2/r_r_hopper_eval.json
online,RARL-TRPO,RARL-TRPO,theta_tau_credit,k=16,l1_in,2,0,760.6125,102.235278492717,20,23.9934,0,runs/spec_rdelay/rarltrpo_hopper_k16/seed_2/r_r_hopper_eval.json
online,RARL-TRPO,RARL-TRPO,theta_tau_credit,k=16,l1_out,2,0,588.5056,200.2590648799251,20,18.7053,0,runs/spec_rdelay/rarltrpo_hopper_k16/seed_2/r_r_hopper_eval.json
online,RARL-TRPO,RARL-TRPO,theta_tau_credit,k=16,l2_in,2,0,668.0594,159.44246963615697,20,21.1496,0,runs/spec_rdelay/rarltrpo_hopper_k16/seed_2/r_r_hopper_eval.json
online,RARL-TRPO,RARL-TRPO,theta_tau_credit,k=16,l2_out,2,0,698.6201,418.54478728500675,20,22.0886,0,runs/spec_rdelay/rarltrpo_hopper_k16/seed_2/r_r_hopper_eval.json
online,RARL-TRPO,RARL-TRPO,theta_tau_credit,k=16,l3_in,2,0,699.4691,234.2813693515691,20,22.1147,0,runs/spec_rdelay/rarltrpo_hopper_k16/seed_2/r_r_hopper_eval.json
online,RARL-TRPO,RARL-TRPO,theta_tau_credit,k=16,l3_out,2,0,572.8716,342.0689967850179,20,18.2249,0,runs/spec_rdelay/rarltrpo_hopper_k16/seed_2/r_r_hopper_eval.json
online,RARL-TRPO,RARL-TRPO,theta_tau_credit,k=16,l1_anchor,2,0,522.0581,2.636021597612782,20,16.6636,0,runs/spec_rdelay/rarltrpo_hopper_k16/seed_2/r_r_hopper_eval.json
online,RARL-TRPO,RARL-TRPO,theta_tau_credit,k=16,l2_anchor,2,0,357.0892,1.8151096259050445,20,11.5947,0,runs/spec_rdelay/rarltrpo_hopper_k16/seed_2/r_r_hopper_eval.json
online,RARL-TRPO,RARL-TRPO,theta_tau_credit,k=16,l3_anchor,2,0,343.1041,6.825398255822576,20,11.1650,0,runs/spec_rdelay/rarltrpo_hopper_k16/seed_2/r_r_hopper_eval.json
online,RARL-TRPO,RARL-TRPO,theta_tau_credit,k=16,nominal,3407,1,659.5250,11.938314255882817,20,20.8874,0,runs/spec_rdelay/rarltrpo_hopper_k16/seed_3407/r_r_hopper_eval.json
online,RARL-TRPO,RARL-TRPO,theta_tau_credit,k=16,l1_in,3407,0,807.6408,573.6972546331052,20,25.4384,0,runs/spec_rdelay/rarltrpo_hopper_k16/seed_3407/r_r_hopper_eval.json
online,RARL-TRPO,RARL-TRPO,theta_tau_credit,k=16,l1_out,3407,0,509.8426,188.61016996720062,20,16.2883,0,runs/spec_rdelay/rarltrpo_hopper_k16/seed_3407/r_r_hopper_eval.json
online,RARL-TRPO,RARL-TRPO,theta_tau_credit,k=16,l2_in,3407,0,763.8251,577.7893487291659,20,24.0921,0,runs/spec_rdelay/rarltrpo_hopper_k16/seed_3407/r_r_hopper_eval.json
online,RARL-TRPO,RARL-TRPO,theta_tau_credit,k=16,l2_out,3407,0,714.0994,601.1988711239957,20,22.5643,0,runs/spec_rdelay/rarltrpo_hopper_k16/seed_3407/r_r_hopper_eval.json
online,RARL-TRPO,RARL-TRPO,theta_tau_credit,k=16,l3_in,3407,0,872.0359,649.3373708578403,20,27.4170,0,runs/spec_rdelay/rarltrpo_hopper_k16/seed_3407/r_r_hopper_eval.json
online,RARL-TRPO,RARL-TRPO,theta_tau_credit,k=16,l3_out,3407,0,893.5325,681.3525716165897,20,28.0775,0,runs/spec_rdelay/rarltrpo_hopper_k16/seed_3407/r_r_hopper_eval.json
online,RARL-TRPO,RARL-TRPO,theta_tau_credit,k=16,l1_anchor,3407,0,327.0629,5.405017040021106,20,10.6722,0,runs/spec_rdelay/rarltrpo_hopper_k16/seed_3407/r_r_hopper_eval.json
online,RARL-TRPO,RARL-TRPO,theta_tau_credit,k=16,l2_anchor,3407,0,305.6125,4.631510840069511,20,10.0131,0,runs/spec_rdelay/rarltrpo_hopper_k16/seed_3407/r_r_hopper_eval.json
online,RARL-TRPO,RARL-TRPO,theta_tau_credit,k=16,l3_anchor,3407,0,277.8337,43.15956230494827,20,9.1595,0,runs/spec_rdelay/rarltrpo_hopper_k16/seed_3407/r_r_hopper_eval.json
online,RARL-TRPO,RARL-TRPO,theta_tau_credit,k=16,nominal,42,1,3043.7571,7.474497007678581,20,94.1454,0,runs/spec_rdelay/rarltrpo_hopper_k16/seed_42/r_r_hopper_eval.json
online,RARL-TRPO,RARL-TRPO,theta_tau_credit,k=16,l1_in,42,0,1777.6386,1162.2849118770914,20,55.2426,0,runs/spec_rdelay/rarltrpo_hopper_k16/seed_42/r_r_hopper_eval.json
online,RARL-TRPO,RARL-TRPO,theta_tau_credit,k=16,l1_out,42,0,817.2874,829.4992323242533,20,25.7348,0,runs/spec_rdelay/rarltrpo_hopper_k16/seed_42/r_r_hopper_eval.json
online,RARL-TRPO,RARL-TRPO,theta_tau_credit,k=16,l2_in,42,0,1468.2342,1121.4018234713483,20,45.7358,0,runs/spec_rdelay/rarltrpo_hopper_k16/seed_42/r_r_hopper_eval.json
online,RARL-TRPO,RARL-TRPO,theta_tau_credit,k=16,l2_out,42,0,812.3789,780.6582056462881,20,25.5840,0,runs/spec_rdelay/rarltrpo_hopper_k16/seed_42/r_r_hopper_eval.json
online,RARL-TRPO,RARL-TRPO,theta_tau_credit,k=16,l3_in,42,0,880.1877,623.6579928694324,20,27.6675,0,runs/spec_rdelay/rarltrpo_hopper_k16/seed_42/r_r_hopper_eval.json
online,RARL-TRPO,RARL-TRPO,theta_tau_credit,k=16,l3_out,42,0,657.5257,484.1932800485425,20,20.8260,0,runs/spec_rdelay/rarltrpo_hopper_k16/seed_42/r_r_hopper_eval.json
online,RARL-TRPO,RARL-TRPO,theta_tau_credit,k=16,l1_anchor,42,0,206.4974,33.12969106448471,20,6.9677,0,runs/spec_rdelay/rarltrpo_hopper_k16/seed_42/r_r_hopper_eval.json
online,RARL-TRPO,RARL-TRPO,theta_tau_credit,k=16,l2_anchor,42,0,266.8138,7.584882071772674,20,8.8209,0,runs/spec_rdelay/rarltrpo_hopper_k16/seed_42/r_r_hopper_eval.json
online,RARL-TRPO,RARL-TRPO,theta_tau_credit,k=16,l3_anchor,42,0,259.2622,30.02277317660869,20,8.5889,0,runs/spec_rdelay/rarltrpo_hopper_k16/seed_42/r_r_hopper_eval.json
online,RARL-TRPO,RARL-TRPO,theta_tau_credit,k=32,nominal,0,1,2353.8127,691.0759400720858,20,72.9461,0,runs/spec_rdelay/rarltrpo_hopper_k32/seed_0/r_r_hopper_eval.json
online,RARL-TRPO,RARL-TRPO,theta_tau_credit,k=32,l1_in,0,0,1766.3331,795.8214562109341,20,54.8952,0,runs/spec_rdelay/rarltrpo_hopper_k32/seed_0/r_r_hopper_eval.json
online,RARL-TRPO,RARL-TRPO,theta_tau_credit,k=32,l1_out,0,0,1041.3588,718.3472261708961,20,32.6196,0,runs/spec_rdelay/rarltrpo_hopper_k32/seed_0/r_r_hopper_eval.json
online,RARL-TRPO,RARL-TRPO,theta_tau_credit,k=32,l2_in,0,0,1262.6739,787.4933607145385,20,39.4198,0,runs/spec_rdelay/rarltrpo_hopper_k32/seed_0/r_r_hopper_eval.json
online,RARL-TRPO,RARL-TRPO,theta_tau_credit,k=32,l2_out,0,0,932.2678,782.1794375796055,20,29.2677,0,runs/spec_rdelay/rarltrpo_hopper_k32/seed_0/r_r_hopper_eval.json
online,RARL-TRPO,RARL-TRPO,theta_tau_credit,k=32,l3_in,0,0,940.9098,318.41638181137057,20,29.5332,0,runs/spec_rdelay/rarltrpo_hopper_k32/seed_0/r_r_hopper_eval.json
online,RARL-TRPO,RARL-TRPO,theta_tau_credit,k=32,l3_out,0,0,601.8194,243.83749792949672,20,19.1143,0,runs/spec_rdelay/rarltrpo_hopper_k32/seed_0/r_r_hopper_eval.json
online,RARL-TRPO,RARL-TRPO,theta_tau_credit,k=32,l1_anchor,0,0,672.6085,5.22756739576277,20,21.2894,0,runs/spec_rdelay/rarltrpo_hopper_k32/seed_0/r_r_hopper_eval.json
online,RARL-TRPO,RARL-TRPO,theta_tau_credit,k=32,l2_anchor,0,0,450.6066,3.8649936109348784,20,14.4682,0,runs/spec_rdelay/rarltrpo_hopper_k32/seed_0/r_r_hopper_eval.json
online,RARL-TRPO,RARL-TRPO,theta_tau_credit,k=32,l3_anchor,0,0,408.4998,37.45116022642956,20,13.1744,0,runs/spec_rdelay/rarltrpo_hopper_k32/seed_0/r_r_hopper_eval.json
online,RARL-TRPO,RARL-TRPO,theta_tau_credit,k=32,nominal,1,1,951.9369,4.303811663112194,20,29.8721,0,runs/spec_rdelay/rarltrpo_hopper_k32/seed_1/r_r_hopper_eval.json
online,RARL-TRPO,RARL-TRPO,theta_tau_credit,k=32,l1_in,1,0,887.2668,82.20953773774892,20,27.8850,0,runs/spec_rdelay/rarltrpo_hopper_k32/seed_1/r_r_hopper_eval.json
online,RARL-TRPO,RARL-TRPO,theta_tau_credit,k=32,l1_out,1,0,716.1121,272.2357923276635,20,22.6261,0,runs/spec_rdelay/rarltrpo_hopper_k32/seed_1/r_r_hopper_eval.json
online,RARL-TRPO,RARL-TRPO,theta_tau_credit,k=32,l2_in,1,0,928.6765,499.75731826145886,20,29.1574,0,runs/spec_rdelay/rarltrpo_hopper_k32/seed_1/r_r_hopper_eval.json
online,RARL-TRPO,RARL-TRPO,theta_tau_credit,k=32,l2_out,1,0,908.5616,545.817467351563,20,28.5393,0,runs/spec_rdelay/rarltrpo_hopper_k32/seed_1/r_r_hopper_eval.json
online,RARL-TRPO,RARL-TRPO,theta_tau_credit,k=32,l3_in,1,0,885.3742,552.8459471631382,20,27.8268,0,runs/spec_rdelay/rarltrpo_hopper_k32/seed_1/r_r_hopper_eval.json
online,RARL-TRPO,RARL-TRPO,theta_tau_credit,k=32,l3_out,1,0,586.6464,425.53432687883617,20,18.6481,0,runs/spec_rdelay/rarltrpo_hopper_k32/seed_1/r_r_hopper_eval.json
online,RARL-TRPO,RARL-TRPO,theta_tau_credit,k=32,l1_anchor,1,0,627.8431,4.642513825315113,20,19.9139,0,runs/spec_rdelay/rarltrpo_hopper_k32/seed_1/r_r_hopper_eval.json
online,RARL-TRPO,RARL-TRPO,theta_tau_credit,k=32,l2_anchor,1,0,520.7696,3.1210695991592,20,16.6240,0,runs/spec_rdelay/rarltrpo_hopper_k32/seed_1/r_r_hopper_eval.json
online,RARL-TRPO,RARL-TRPO,theta_tau_credit,k=32,l3_anchor,1,0,500.7273,35.19034689856828,20,16.0082,0,runs/spec_rdelay/rarltrpo_hopper_k32/seed_1/r_r_hopper_eval.json
online,RARL-TRPO,RARL-TRPO,theta_tau_credit,k=32,nominal,2,1,1849.4165,130.55845210719824,20,57.4480,0,runs/spec_rdelay/rarltrpo_hopper_k32/seed_2/r_r_hopper_eval.json
online,RARL-TRPO,RARL-TRPO,theta_tau_credit,k=32,l1_in,2,0,1506.4113,658.122316697545,20,46.9088,0,runs/spec_rdelay/rarltrpo_hopper_k32/seed_2/r_r_hopper_eval.json
online,RARL-TRPO,RARL-TRPO,theta_tau_credit,k=32,l1_out,2,0,1154.5060,924.9804556415845,20,36.0962,0,runs/spec_rdelay/rarltrpo_hopper_k32/seed_2/r_r_hopper_eval.json
online,RARL-TRPO,RARL-TRPO,theta_tau_credit,k=32,l2_in,2,0,1259.8179,646.0225128790397,20,39.3320,0,runs/spec_rdelay/rarltrpo_hopper_k32/seed_2/r_r_hopper_eval.json
online,RARL-TRPO,RARL-TRPO,theta_tau_credit,k=32,l2_out,2,0,810.8343,392.85188032003214,20,25.5365,0,runs/spec_rdelay/rarltrpo_hopper_k32/seed_2/r_r_hopper_eval.json
online,RARL-TRPO,RARL-TRPO,theta_tau_credit,k=32,l3_in,2,0,828.8328,373.84208219928774,20,26.0896,0,runs/spec_rdelay/rarltrpo_hopper_k32/seed_2/r_r_hopper_eval.json
online,RARL-TRPO,RARL-TRPO,theta_tau_credit,k=32,l3_out,2,0,475.5116,378.90102406291,20,15.2334,0,runs/spec_rdelay/rarltrpo_hopper_k32/seed_2/r_r_hopper_eval.json
online,RARL-TRPO,RARL-TRPO,theta_tau_credit,k=32,l1_anchor,2,0,729.8465,3.271854169457819,20,23.0481,0,runs/spec_rdelay/rarltrpo_hopper_k32/seed_2/r_r_hopper_eval.json
online,RARL-TRPO,RARL-TRPO,theta_tau_credit,k=32,l2_anchor,2,0,485.5976,43.53686481633057,20,15.5433,0,runs/spec_rdelay/rarltrpo_hopper_k32/seed_2/r_r_hopper_eval.json
online,RARL-TRPO,RARL-TRPO,theta_tau_credit,k=32,l3_anchor,2,0,408.7562,117.17139936840023,20,13.1823,0,runs/spec_rdelay/rarltrpo_hopper_k32/seed_2/r_r_hopper_eval.json
online,RARL-TRPO,RARL-TRPO,theta_tau_credit,k=32,nominal,3407,1,2929.4904,322.4763153603152,20,90.6344,0,runs/spec_rdelay/rarltrpo_hopper_k32/seed_3407/r_r_hopper_eval.json
online,RARL-TRPO,RARL-TRPO,theta_tau_credit,k=32,l1_in,3407,0,1759.7578,1038.4098045694134,20,54.6932,0,runs/spec_rdelay/rarltrpo_hopper_k32/seed_3407/r_r_hopper_eval.json
online,RARL-TRPO,RARL-TRPO,theta_tau_credit,k=32,l1_out,3407,0,1238.0840,1082.0167425907925,20,38.6642,0,runs/spec_rdelay/rarltrpo_hopper_k32/seed_3407/r_r_hopper_eval.json
online,RARL-TRPO,RARL-TRPO,theta_tau_credit,k=32,l2_in,3407,0,1218.4571,805.656784455431,20,38.0612,0,runs/spec_rdelay/rarltrpo_hopper_k32/seed_3407/r_r_hopper_eval.json
online,RARL-TRPO,RARL-TRPO,theta_tau_credit,k=32,l2_out,3407,0,850.8083,596.8387250312356,20,26.7648,0,runs/spec_rdelay/rarltrpo_hopper_k32/seed_3407/r_r_hopper_eval.json
online,RARL-TRPO,RARL-TRPO,theta_tau_credit,k=32,l3_in,3407,0,1192.8290,690.1523079709203,20,37.2737,0,runs/spec_rdelay/rarltrpo_hopper_k32/seed_3407/r_r_hopper_eval.json
online,RARL-TRPO,RARL-TRPO,theta_tau_credit,k=32,l3_out,3407,0,864.3761,570.3075481256294,20,27.1817,0,runs/spec_rdelay/rarltrpo_hopper_k32/seed_3407/r_r_hopper_eval.json
online,RARL-TRPO,RARL-TRPO,theta_tau_credit,k=32,l1_anchor,3407,0,818.3412,18.448805663197877,20,25.7672,0,runs/spec_rdelay/rarltrpo_hopper_k32/seed_3407/r_r_hopper_eval.json
online,RARL-TRPO,RARL-TRPO,theta_tau_credit,k=32,l2_anchor,3407,0,502.7784,6.454336053677827,20,16.0712,0,runs/spec_rdelay/rarltrpo_hopper_k32/seed_3407/r_r_hopper_eval.json
online,RARL-TRPO,RARL-TRPO,theta_tau_credit,k=32,l3_anchor,3407,0,391.8903,35.31708891962984,20,12.6640,0,runs/spec_rdelay/rarltrpo_hopper_k32/seed_3407/r_r_hopper_eval.json
online,RARL-TRPO,RARL-TRPO,theta_tau_credit,k=32,nominal,42,1,2174.6400,356.5745028103737,20,67.4409,0,runs/spec_rdelay/rarltrpo_hopper_k32/seed_42/r_r_hopper_eval.json
online,RARL-TRPO,RARL-TRPO,theta_tau_credit,k=32,l1_in,42,0,1921.4146,959.3568174959216,20,59.6603,0,runs/spec_rdelay/rarltrpo_hopper_k32/seed_42/r_r_hopper_eval.json
online,RARL-TRPO,RARL-TRPO,theta_tau_credit,k=32,l1_out,42,0,1118.0234,823.2339882347961,20,34.9752,0,runs/spec_rdelay/rarltrpo_hopper_k32/seed_42/r_r_hopper_eval.json
online,RARL-TRPO,RARL-TRPO,theta_tau_credit,k=32,l2_in,42,0,1269.3597,852.5827219779266,20,39.6252,0,runs/spec_rdelay/rarltrpo_hopper_k32/seed_42/r_r_hopper_eval.json
online,RARL-TRPO,RARL-TRPO,theta_tau_credit,k=32,l2_out,42,0,655.2143,411.42919233636223,20,20.7549,0,runs/spec_rdelay/rarltrpo_hopper_k32/seed_42/r_r_hopper_eval.json
online,RARL-TRPO,RARL-TRPO,theta_tau_credit,k=32,l3_in,42,0,887.3718,522.385017518083,20,27.8882,0,runs/spec_rdelay/rarltrpo_hopper_k32/seed_42/r_r_hopper_eval.json
online,RARL-TRPO,RARL-TRPO,theta_tau_credit,k=32,l3_out,42,0,582.7267,398.71465593210655,20,18.5277,0,runs/spec_rdelay/rarltrpo_hopper_k32/seed_42/r_r_hopper_eval.json
online,RARL-TRPO,RARL-TRPO,theta_tau_credit,k=32,l1_anchor,42,0,755.3661,12.122010894160656,20,23.8322,0,runs/spec_rdelay/rarltrpo_hopper_k32/seed_42/r_r_hopper_eval.json
online,RARL-TRPO,RARL-TRPO,theta_tau_credit,k=32,l2_anchor,42,0,349.2550,1.236119142881116,20,11.3540,0,runs/spec_rdelay/rarltrpo_hopper_k32/seed_42/r_r_hopper_eval.json
online,RARL-TRPO,RARL-TRPO,theta_tau_credit,k=32,l3_anchor,42,0,344.9749,36.7690458555035,20,11.2225,0,runs/spec_rdelay/rarltrpo_hopper_k32/seed_42/r_r_hopper_eval.json
online,RARL-TRPO,RARL-TRPO,theta_tau_credit,k=64,nominal,0,1,608.7725,13.485683301686171,20,19.3280,0,runs/spec_rdelay/rarltrpo_hopper_k64/seed_0/r_r_hopper_eval.json
online,RARL-TRPO,RARL-TRPO,theta_tau_credit,k=64,l1_in,0,0,620.3400,45.14214253754103,20,19.6834,0,runs/spec_rdelay/rarltrpo_hopper_k64/seed_0/r_r_hopper_eval.json
online,RARL-TRPO,RARL-TRPO,theta_tau_credit,k=64,l1_out,0,0,524.0797,115.56239049449673,20,16.7257,0,runs/spec_rdelay/rarltrpo_hopper_k64/seed_0/r_r_hopper_eval.json
online,RARL-TRPO,RARL-TRPO,theta_tau_credit,k=64,l2_in,0,0,625.0006,182.7625943594137,20,19.8266,0,runs/spec_rdelay/rarltrpo_hopper_k64/seed_0/r_r_hopper_eval.json
online,RARL-TRPO,RARL-TRPO,theta_tau_credit,k=64,l2_out,0,0,538.1724,140.18669875104496,20,17.1587,0,runs/spec_rdelay/rarltrpo_hopper_k64/seed_0/r_r_hopper_eval.json
online,RARL-TRPO,RARL-TRPO,theta_tau_credit,k=64,l3_in,0,0,597.3642,109.92231521334189,20,18.9774,0,runs/spec_rdelay/rarltrpo_hopper_k64/seed_0/r_r_hopper_eval.json
online,RARL-TRPO,RARL-TRPO,theta_tau_credit,k=64,l3_out,0,0,620.2059,211.5141337720351,20,19.6793,0,runs/spec_rdelay/rarltrpo_hopper_k64/seed_0/r_r_hopper_eval.json
online,RARL-TRPO,RARL-TRPO,theta_tau_credit,k=64,l1_anchor,0,0,510.4752,21.210723619965197,20,16.3077,0,runs/spec_rdelay/rarltrpo_hopper_k64/seed_0/r_r_hopper_eval.json
online,RARL-TRPO,RARL-TRPO,theta_tau_credit,k=64,l2_anchor,0,0,356.3948,3.025009342514089,20,11.5734,0,runs/spec_rdelay/rarltrpo_hopper_k64/seed_0/r_r_hopper_eval.json
online,RARL-TRPO,RARL-TRPO,theta_tau_credit,k=64,l3_anchor,0,0,371.5614,25.715496118225705,20,12.0394,0,runs/spec_rdelay/rarltrpo_hopper_k64/seed_0/r_r_hopper_eval.json
online,RARL-TRPO,RARL-TRPO,theta_tau_credit,k=64,nominal,1,1,329.8156,2.7212527110991087,20,10.7567,0,runs/spec_rdelay/rarltrpo_hopper_k64/seed_1/r_r_hopper_eval.json
online,RARL-TRPO,RARL-TRPO,theta_tau_credit,k=64,l1_in,1,0,329.9784,9.003141914815714,20,10.7617,0,runs/spec_rdelay/rarltrpo_hopper_k64/seed_1/r_r_hopper_eval.json
online,RARL-TRPO,RARL-TRPO,theta_tau_credit,k=64,l1_out,1,0,323.7758,15.826207546386524,20,10.5712,0,runs/spec_rdelay/rarltrpo_hopper_k64/seed_1/r_r_hopper_eval.json
online,RARL-TRPO,RARL-TRPO,theta_tau_credit,k=64,l2_in,1,0,328.3379,11.918129764594774,20,10.7113,0,runs/spec_rdelay/rarltrpo_hopper_k64/seed_1/r_r_hopper_eval.json
online,RARL-TRPO,RARL-TRPO,theta_tau_credit,k=64,l2_out,1,0,319.7776,12.146468617589832,20,10.4483,0,runs/spec_rdelay/rarltrpo_hopper_k64/seed_1/r_r_hopper_eval.json
online,RARL-TRPO,RARL-TRPO,theta_tau_credit,k=64,l3_in,1,0,287.3673,84.24052380478985,20,9.4525,0,runs/spec_rdelay/rarltrpo_hopper_k64/seed_1/r_r_hopper_eval.json
online,RARL-TRPO,RARL-TRPO,theta_tau_credit,k=64,l3_out,1,0,237.4721,114.35468410513968,20,7.9194,0,runs/spec_rdelay/rarltrpo_hopper_k64/seed_1/r_r_hopper_eval.json
online,RARL-TRPO,RARL-TRPO,theta_tau_credit,k=64,l1_anchor,1,0,314.9192,2.9223117319797445,20,10.2990,0,runs/spec_rdelay/rarltrpo_hopper_k64/seed_1/r_r_hopper_eval.json
online,RARL-TRPO,RARL-TRPO,theta_tau_credit,k=64,l2_anchor,1,0,301.8191,2.3629026180494432,20,9.8965,0,runs/spec_rdelay/rarltrpo_hopper_k64/seed_1/r_r_hopper_eval.json
online,RARL-TRPO,RARL-TRPO,theta_tau_credit,k=64,l3_anchor,1,0,291.0642,63.065701199583366,20,9.5661,0,runs/spec_rdelay/rarltrpo_hopper_k64/seed_1/r_r_hopper_eval.json
online,RARL-TRPO,RARL-TRPO,theta_tau_credit,k=64,nominal,2,1,667.5130,15.016196531927022,20,21.1328,0,runs/spec_rdelay/rarltrpo_hopper_k64/seed_2/r_r_hopper_eval.json
online,RARL-TRPO,RARL-TRPO,theta_tau_credit,k=64,l1_in,2,0,637.2750,101.64953667285002,20,20.2037,0,runs/spec_rdelay/rarltrpo_hopper_k64/seed_2/r_r_hopper_eval.json
online,RARL-TRPO,RARL-TRPO,theta_tau_credit,k=64,l1_out,2,0,502.5411,157.22259353419997,20,16.0639,0,runs/spec_rdelay/rarltrpo_hopper_k64/seed_2/r_r_hopper_eval.json
online,RARL-TRPO,RARL-TRPO,theta_tau_credit,k=64,l2_in,2,0,603.6425,129.87320763319238,20,19.1704,0,runs/spec_rdelay/rarltrpo_hopper_k64/seed_2/r_r_hopper_eval.json
online,RARL-TRPO,RARL-TRPO,theta_tau_credit,k=64,l2_out,2,0,584.5967,178.92164501130318,20,18.5851,0,runs/spec_rdelay/rarltrpo_hopper_k64/seed_2/r_r_hopper_eval.json
online,RARL-TRPO,RARL-TRPO,theta_tau_credit,k=64,l3_in,2,0,621.3323,131.20477902824516,20,19.7139,0,runs/spec_rdelay/rarltrpo_hopper_k64/seed_2/r_r_hopper_eval.json
online,RARL-TRPO,RARL-TRPO,theta_tau_credit,k=64,l3_out,2,0,449.7774,252.42983190682557,20,14.4427,0,runs/spec_rdelay/rarltrpo_hopper_k64/seed_2/r_r_hopper_eval.json
online,RARL-TRPO,RARL-TRPO,theta_tau_credit,k=64,l1_anchor,2,0,400.4411,9.201489585200477,20,12.9268,0,runs/spec_rdelay/rarltrpo_hopper_k64/seed_2/r_r_hopper_eval.json
online,RARL-TRPO,RARL-TRPO,theta_tau_credit,k=64,l2_anchor,2,0,358.4826,3.4262745215938244,20,11.6376,0,runs/spec_rdelay/rarltrpo_hopper_k64/seed_2/r_r_hopper_eval.json
online,RARL-TRPO,RARL-TRPO,theta_tau_credit,k=64,l3_anchor,2,0,360.0085,82.40110689018975,20,11.6844,0,runs/spec_rdelay/rarltrpo_hopper_k64/seed_2/r_r_hopper_eval.json
online,RARL-TRPO,RARL-TRPO,theta_tau_credit,k=64,nominal,3407,1,724.7359,5.8308843593668245,20,22.8911,0,runs/spec_rdelay/rarltrpo_hopper_k64/seed_3407/r_r_hopper_eval.json
online,RARL-TRPO,RARL-TRPO,theta_tau_credit,k=64,l1_in,3407,0,678.2803,101.34498204266791,20,21.4637,0,runs/spec_rdelay/rarltrpo_hopper_k64/seed_3407/r_r_hopper_eval.json
online,RARL-TRPO,RARL-TRPO,theta_tau_credit,k=64,l1_out,3407,0,518.9623,167.80490888311195,20,16.5685,0,runs/spec_rdelay/rarltrpo_hopper_k64/seed_3407/r_r_hopper_eval.json
online,RARL-TRPO,RARL-TRPO,theta_tau_credit,k=64,l2_in,3407,0,688.3074,204.82970424521082,20,21.7718,0,runs/spec_rdelay/rarltrpo_hopper_k64/seed_3407/r_r_hopper_eval.json
online,RARL-TRPO,RARL-TRPO,theta_tau_credit,k=64,l2_out,3407,0,546.9122,176.05274800216927,20,17.4273,0,runs/spec_rdelay/rarltrpo_hopper_k64/seed_3407/r_r_hopper_eval.json
online,RARL-TRPO,RARL-TRPO,theta_tau_credit,k=64,l3_in,3407,0,674.9956,216.87341222386576,20,21.3627,0,runs/spec_rdelay/rarltrpo_hopper_k64/seed_3407/r_r_hopper_eval.json
online,RARL-TRPO,RARL-TRPO,theta_tau_credit,k=64,l3_out,3407,0,537.0614,255.62623764545165,20,17.1246,0,runs/spec_rdelay/rarltrpo_hopper_k64/seed_3407/r_r_hopper_eval.json
online,RARL-TRPO,RARL-TRPO,theta_tau_credit,k=64,l1_anchor,3407,0,463.0929,4.809787023699139,20,14.8518,0,runs/spec_rdelay/rarltrpo_hopper_k64/seed_3407/r_r_hopper_eval.json
online,RARL-TRPO,RARL-TRPO,theta_tau_credit,k=64,l2_anchor,3407,0,369.2783,17.23463848763194,20,11.9693,0,runs/spec_rdelay/rarltrpo_hopper_k64/seed_3407/r_r_hopper_eval.json
online,RARL-TRPO,RARL-TRPO,theta_tau_credit,k=64,l3_anchor,3407,0,354.8107,52.34341369583116,20,11.5247,0,runs/spec_rdelay/rarltrpo_hopper_k64/seed_3407/r_r_hopper_eval.json
online,RARL-TRPO,RARL-TRPO,theta_tau_credit,k=64,nominal,42,1,619.5100,3.0289915131066087,20,19.6579,0,runs/spec_rdelay/rarltrpo_hopper_k64/seed_42/r_r_hopper_eval.json
online,RARL-TRPO,RARL-TRPO,theta_tau_credit,k=64,l1_in,42,0,568.4195,46.637454645516286,20,18.0881,0,runs/spec_rdelay/rarltrpo_hopper_k64/seed_42/r_r_hopper_eval.json
online,RARL-TRPO,RARL-TRPO,theta_tau_credit,k=64,l1_out,42,0,507.3289,94.49610455658494,20,16.2110,0,runs/spec_rdelay/rarltrpo_hopper_k64/seed_42/r_r_hopper_eval.json
online,RARL-TRPO,RARL-TRPO,theta_tau_credit,k=64,l2_in,42,0,572.7909,92.37621042132331,20,18.2224,0,runs/spec_rdelay/rarltrpo_hopper_k64/seed_42/r_r_hopper_eval.json
online,RARL-TRPO,RARL-TRPO,theta_tau_credit,k=64,l2_out,42,0,466.8459,106.80497220403966,20,14.9671,0,runs/spec_rdelay/rarltrpo_hopper_k64/seed_42/r_r_hopper_eval.json
online,RARL-TRPO,RARL-TRPO,theta_tau_credit,k=64,l3_in,42,0,461.1435,138.69840096504223,20,14.7919,0,runs/spec_rdelay/rarltrpo_hopper_k64/seed_42/r_r_hopper_eval.json
online,RARL-TRPO,RARL-TRPO,theta_tau_credit,k=64,l3_out,42,0,350.2236,169.29957625534956,20,11.3838,0,runs/spec_rdelay/rarltrpo_hopper_k64/seed_42/r_r_hopper_eval.json
online,RARL-TRPO,RARL-TRPO,theta_tau_credit,k=64,l1_anchor,42,0,493.1433,4.372920513012729,20,15.7752,0,runs/spec_rdelay/rarltrpo_hopper_k64/seed_42/r_r_hopper_eval.json
online,RARL-TRPO,RARL-TRPO,theta_tau_credit,k=64,l2_anchor,42,0,359.4641,1.7815085331148899,20,11.6677,0,runs/spec_rdelay/rarltrpo_hopper_k64/seed_42/r_r_hopper_eval.json
online,RARL-TRPO,RARL-TRPO,theta_tau_credit,k=64,l3_anchor,42,0,450.2765,39.846184456026954,20,14.4580,0,runs/spec_rdelay/rarltrpo_hopper_k64/seed_42/r_r_hopper_eval.json
online,ATLA-PPO,ATLA-PPO,theta_r,m=gauss,l1_anchor,0,0,338.2504,34.78282645130758,20,11.0159,0,runs/spec_rnoise/atla_ppo_hopper_rgauss_seed0/r_r_hopper_eval.json
online,ATLA-PPO,ATLA-PPO,theta_r,m=gauss,l1_in,0,0,2662.8405,1340.229790550014,20,82.4413,0,runs/spec_rnoise/atla_ppo_hopper_rgauss_seed0/r_r_hopper_eval.json
online,ATLA-PPO,ATLA-PPO,theta_r,m=gauss,l1_out,0,0,1278.2786,1280.658509876364,20,39.8992,0,runs/spec_rnoise/atla_ppo_hopper_rgauss_seed0/r_r_hopper_eval.json
online,ATLA-PPO,ATLA-PPO,theta_r,m=gauss,l2_anchor,0,0,302.3140,8.20412291868981,20,9.9117,0,runs/spec_rnoise/atla_ppo_hopper_rgauss_seed0/r_r_hopper_eval.json
online,ATLA-PPO,ATLA-PPO,theta_r,m=gauss,l2_in,0,0,1990.7504,1496.552798727684,20,61.7907,0,runs/spec_rnoise/atla_ppo_hopper_rgauss_seed0/r_r_hopper_eval.json
online,ATLA-PPO,ATLA-PPO,theta_r,m=gauss,l2_out,0,0,1511.8810,1398.8416407018658,20,47.0769,0,runs/spec_rnoise/atla_ppo_hopper_rgauss_seed0/r_r_hopper_eval.json
online,ATLA-PPO,ATLA-PPO,theta_r,m=gauss,l3_anchor,0,0,267.6145,30.699818446960567,20,8.8455,0,runs/spec_rnoise/atla_ppo_hopper_rgauss_seed0/r_r_hopper_eval.json
online,ATLA-PPO,ATLA-PPO,theta_r,m=gauss,l3_in,0,0,1093.5560,840.7329899695226,20,34.2234,0,runs/spec_rnoise/atla_ppo_hopper_rgauss_seed0/r_r_hopper_eval.json
online,ATLA-PPO,ATLA-PPO,theta_r,m=gauss,l3_out,0,0,463.7001,430.1412761291466,20,14.8705,0,runs/spec_rnoise/atla_ppo_hopper_rgauss_seed0/r_r_hopper_eval.json
online,ATLA-PPO,ATLA-PPO,theta_r,m=gauss,nominal,0,1,3621.4198,15.15695033786439,20,111.8947,0,runs/spec_rnoise/atla_ppo_hopper_rgauss_seed0/r_r_hopper_eval.json
online,ATLA-PPO,ATLA-PPO,theta_r,m=gauss,l1_anchor,1,0,669.3852,37.08647397222402,20,21.1904,0,runs/spec_rnoise/atla_ppo_hopper_rgauss_seed1/r_r_hopper_eval.json
online,ATLA-PPO,ATLA-PPO,theta_r,m=gauss,l1_in,1,0,1495.0644,565.4208426168279,20,46.5602,0,runs/spec_rnoise/atla_ppo_hopper_rgauss_seed1/r_r_hopper_eval.json
online,ATLA-PPO,ATLA-PPO,theta_r,m=gauss,l1_out,1,0,1034.8822,604.6646962561603,20,32.4206,0,runs/spec_rnoise/atla_ppo_hopper_rgauss_seed1/r_r_hopper_eval.json
online,ATLA-PPO,ATLA-PPO,theta_r,m=gauss,l2_anchor,1,0,337.1286,5.745102623393991,20,10.9814,0,runs/spec_rnoise/atla_ppo_hopper_rgauss_seed1/r_r_hopper_eval.json
online,ATLA-PPO,ATLA-PPO,theta_r,m=gauss,l2_in,1,0,1285.6429,732.7960219369913,20,40.1255,0,runs/spec_rnoise/atla_ppo_hopper_rgauss_seed1/r_r_hopper_eval.json
online,ATLA-PPO,ATLA-PPO,theta_r,m=gauss,l2_out,1,0,823.8910,469.1850956306488,20,25.9377,0,runs/spec_rnoise/atla_ppo_hopper_rgauss_seed1/r_r_hopper_eval.json
online,ATLA-PPO,ATLA-PPO,theta_r,m=gauss,l3_anchor,1,0,342.6023,13.065478001494041,20,11.1496,0,runs/spec_rnoise/atla_ppo_hopper_rgauss_seed1/r_r_hopper_eval.json
online,ATLA-PPO,ATLA-PPO,theta_r,m=gauss,l3_in,1,0,1021.3281,514.9465762786521,20,32.0042,0,runs/spec_rnoise/atla_ppo_hopper_rgauss_seed1/r_r_hopper_eval.json
online,ATLA-PPO,ATLA-PPO,theta_r,m=gauss,l3_out,1,0,571.1956,502.07652208029737,20,18.1734,0,runs/spec_rnoise/atla_ppo_hopper_rgauss_seed1/r_r_hopper_eval.json
online,ATLA-PPO,ATLA-PPO,theta_r,m=gauss,nominal,1,1,1353.6723,164.75103655407133,20,42.2158,0,runs/spec_rnoise/atla_ppo_hopper_rgauss_seed1/r_r_hopper_eval.json
online,ATLA-PPO,ATLA-PPO,theta_r,m=gauss,l1_anchor,2,0,661.1218,50.67284716185182,20,20.9365,0,runs/spec_rnoise/atla_ppo_hopper_rgauss_seed2/r_r_hopper_eval.json
online,ATLA-PPO,ATLA-PPO,theta_r,m=gauss,l1_in,2,0,2078.3584,934.2992973156864,20,64.4825,0,runs/spec_rnoise/atla_ppo_hopper_rgauss_seed2/r_r_hopper_eval.json
online,ATLA-PPO,ATLA-PPO,theta_r,m=gauss,l1_out,2,0,1131.5137,887.1550290606017,20,35.3897,0,runs/spec_rnoise/atla_ppo_hopper_rgauss_seed2/r_r_hopper_eval.json
online,ATLA-PPO,ATLA-PPO,theta_r,m=gauss,l2_anchor,2,0,330.6812,6.957931895459984,20,10.7833,0,runs/spec_rnoise/atla_ppo_hopper_rgauss_seed2/r_r_hopper_eval.json
online,ATLA-PPO,ATLA-PPO,theta_r,m=gauss,l2_in,2,0,1644.3903,934.0350023543728,20,51.1484,0,runs/spec_rnoise/atla_ppo_hopper_rgauss_seed2/r_r_hopper_eval.json
online,ATLA-PPO,ATLA-PPO,theta_r,m=gauss,l2_out,2,0,812.3105,498.2248530838273,20,25.5819,0,runs/spec_rnoise/atla_ppo_hopper_rgauss_seed2/r_r_hopper_eval.json
online,ATLA-PPO,ATLA-PPO,theta_r,m=gauss,l3_anchor,2,0,308.7401,18.108817930148202,20,10.1092,0,runs/spec_rnoise/atla_ppo_hopper_rgauss_seed2/r_r_hopper_eval.json
online,ATLA-PPO,ATLA-PPO,theta_r,m=gauss,l3_in,2,0,1313.2663,603.3216923027815,20,40.9743,0,runs/spec_rnoise/atla_ppo_hopper_rgauss_seed2/r_r_hopper_eval.json
online,ATLA-PPO,ATLA-PPO,theta_r,m=gauss,l3_out,2,0,974.6992,807.3449856447756,20,30.5714,0,runs/spec_rnoise/atla_ppo_hopper_rgauss_seed2/r_r_hopper_eval.json
online,ATLA-PPO,ATLA-PPO,theta_r,m=gauss,nominal,2,1,1983.5881,450.9691242666091,20,61.5706,0,runs/spec_rnoise/atla_ppo_hopper_rgauss_seed2/r_r_hopper_eval.json
online,ATLA-PPO,ATLA-PPO,theta_r,m=gauss,l1_anchor,3407,0,611.6691,25.993325267727393,20,19.4170,0,runs/spec_rnoise/atla_ppo_hopper_rgauss_seed3407/r_r_hopper_eval.json
online,ATLA-PPO,ATLA-PPO,theta_r,m=gauss,l1_in,3407,0,2799.7521,1287.1668944584192,20,86.6481,0,runs/spec_rnoise/atla_ppo_hopper_rgauss_seed3407/r_r_hopper_eval.json
online,ATLA-PPO,ATLA-PPO,theta_r,m=gauss,l1_out,3407,0,1302.2137,1111.5794353861086,20,40.6347,0,runs/spec_rnoise/atla_ppo_hopper_rgauss_seed3407/r_r_hopper_eval.json
online,ATLA-PPO,ATLA-PPO,theta_r,m=gauss,l2_anchor,3407,0,339.7502,5.457685055049032,20,11.0620,0,runs/spec_rnoise/atla_ppo_hopper_rgauss_seed3407/r_r_hopper_eval.json
online,ATLA-PPO,ATLA-PPO,theta_r,m=gauss,l2_in,3407,0,1914.5566,1469.723145495044,20,59.4495,0,runs/spec_rnoise/atla_ppo_hopper_rgauss_seed3407/r_r_hopper_eval.json
online,ATLA-PPO,ATLA-PPO,theta_r,m=gauss,l2_out,3407,0,1296.9194,1125.8239595598902,20,40.4720,0,runs/spec_rnoise/atla_ppo_hopper_rgauss_seed3407/r_r_hopper_eval.json
online,ATLA-PPO,ATLA-PPO,theta_r,m=gauss,l3_anchor,3407,0,163.9472,102.5849866673511,20,5.6603,0,runs/spec_rnoise/atla_ppo_hopper_rgauss_seed3407/r_r_hopper_eval.json
online,ATLA-PPO,ATLA-PPO,theta_r,m=gauss,l3_in,3407,0,923.8927,663.075085474469,20,29.0104,0,runs/spec_rnoise/atla_ppo_hopper_rgauss_seed3407/r_r_hopper_eval.json
online,ATLA-PPO,ATLA-PPO,theta_r,m=gauss,l3_out,3407,0,436.4900,406.1385494640699,20,14.0344,0,runs/spec_rnoise/atla_ppo_hopper_rgauss_seed3407/r_r_hopper_eval.json
online,ATLA-PPO,ATLA-PPO,theta_r,m=gauss,nominal,3407,1,3820.6788,12.106941465380395,20,118.0171,0,runs/spec_rnoise/atla_ppo_hopper_rgauss_seed3407/r_r_hopper_eval.json
online,ATLA-PPO,ATLA-PPO,theta_r,m=gauss,l1_anchor,42,0,340.2703,30.557624364002994,20,11.0780,0,runs/spec_rnoise/atla_ppo_hopper_rgauss_seed42/r_r_hopper_eval.json
online,ATLA-PPO,ATLA-PPO,theta_r,m=gauss,l1_in,42,0,1234.1946,807.6742540047617,20,38.5447,0,runs/spec_rnoise/atla_ppo_hopper_rgauss_seed42/r_r_hopper_eval.json
online,ATLA-PPO,ATLA-PPO,theta_r,m=gauss,l1_out,42,0,865.2376,809.7846745129082,20,27.2081,0,runs/spec_rnoise/atla_ppo_hopper_rgauss_seed42/r_r_hopper_eval.json
online,ATLA-PPO,ATLA-PPO,theta_r,m=gauss,l2_anchor,42,0,278.1927,9.681891785480959,20,9.1706,0,runs/spec_rnoise/atla_ppo_hopper_rgauss_seed42/r_r_hopper_eval.json
online,ATLA-PPO,ATLA-PPO,theta_r,m=gauss,l2_in,42,0,1029.6466,548.6374728082856,20,32.2598,0,runs/spec_rnoise/atla_ppo_hopper_rgauss_seed42/r_r_hopper_eval.json
online,ATLA-PPO,ATLA-PPO,theta_r,m=gauss,l2_out,42,0,829.8950,842.2913697216477,20,26.1222,0,runs/spec_rnoise/atla_ppo_hopper_rgauss_seed42/r_r_hopper_eval.json
online,ATLA-PPO,ATLA-PPO,theta_r,m=gauss,l3_anchor,42,0,247.0659,36.17214861779661,20,8.2142,0,runs/spec_rnoise/atla_ppo_hopper_rgauss_seed42/r_r_hopper_eval.json
online,ATLA-PPO,ATLA-PPO,theta_r,m=gauss,l3_in,42,0,1056.4072,932.15756918123,20,33.0820,0,runs/spec_rnoise/atla_ppo_hopper_rgauss_seed42/r_r_hopper_eval.json
online,ATLA-PPO,ATLA-PPO,theta_r,m=gauss,l3_out,42,0,659.6423,529.512653922317,20,20.8910,0,runs/spec_rnoise/atla_ppo_hopper_rgauss_seed42/r_r_hopper_eval.json
online,ATLA-PPO,ATLA-PPO,theta_r,m=gauss,nominal,42,1,1220.9013,458.5403542088581,20,38.1363,0,runs/spec_rnoise/atla_ppo_hopper_rgauss_seed42/r_r_hopper_eval.json
online,ATLA-PPO,ATLA-PPO,theta_r,m=uniform,l1_anchor,0,0,301.2500,4.944286113428594,20,9.8790,0,runs/spec_rnoise/atla_ppo_hopper_runiform_seed0/r_r_hopper_eval.json
online,ATLA-PPO,ATLA-PPO,theta_r,m=uniform,l1_in,0,0,2343.1387,1423.8611291072482,20,72.6182,0,runs/spec_rnoise/atla_ppo_hopper_runiform_seed0/r_r_hopper_eval.json
online,ATLA-PPO,ATLA-PPO,theta_r,m=uniform,l1_out,0,0,1121.5429,1184.9906721555562,20,35.0834,0,runs/spec_rnoise/atla_ppo_hopper_runiform_seed0/r_r_hopper_eval.json
online,ATLA-PPO,ATLA-PPO,theta_r,m=uniform,l2_anchor,0,0,288.4614,5.13159657235377,20,9.4861,0,runs/spec_rnoise/atla_ppo_hopper_runiform_seed0/r_r_hopper_eval.json
online,ATLA-PPO,ATLA-PPO,theta_r,m=uniform,l2_in,0,0,1909.4176,1502.2332027052068,20,59.2916,0,runs/spec_rnoise/atla_ppo_hopper_runiform_seed0/r_r_hopper_eval.json
online,ATLA-PPO,ATLA-PPO,theta_r,m=uniform,l2_out,0,0,1395.2697,1261.9061345147659,20,43.4939,0,runs/spec_rnoise/atla_ppo_hopper_runiform_seed0/r_r_hopper_eval.json
online,ATLA-PPO,ATLA-PPO,theta_r,m=uniform,l3_anchor,0,0,280.8365,16.32220485959857,20,9.2518,0,runs/spec_rnoise/atla_ppo_hopper_runiform_seed0/r_r_hopper_eval.json
online,ATLA-PPO,ATLA-PPO,theta_r,m=uniform,l3_in,0,0,919.7218,814.1855311297263,20,28.8822,0,runs/spec_rnoise/atla_ppo_hopper_runiform_seed0/r_r_hopper_eval.json
online,ATLA-PPO,ATLA-PPO,theta_r,m=uniform,l3_out,0,0,456.3438,386.2447413506551,20,14.6444,0,runs/spec_rnoise/atla_ppo_hopper_runiform_seed0/r_r_hopper_eval.json
online,ATLA-PPO,ATLA-PPO,theta_r,m=uniform,nominal,0,1,3474.4570,432.7808171049959,20,107.3791,0,runs/spec_rnoise/atla_ppo_hopper_runiform_seed0/r_r_hopper_eval.json
online,ATLA-PPO,ATLA-PPO,theta_r,m=uniform,l1_anchor,1,0,581.9697,35.276613438980576,20,18.5044,0,runs/spec_rnoise/atla_ppo_hopper_runiform_seed1/r_r_hopper_eval.json
online,ATLA-PPO,ATLA-PPO,theta_r,m=uniform,l1_in,1,0,2838.5833,1093.8746355253113,20,87.8412,0,runs/spec_rnoise/atla_ppo_hopper_runiform_seed1/r_r_hopper_eval.json
online,ATLA-PPO,ATLA-PPO,theta_r,m=uniform,l1_out,1,0,1618.5667,1343.1309028600715,20,50.3549,0,runs/spec_rnoise/atla_ppo_hopper_runiform_seed1/r_r_hopper_eval.json
online,ATLA-PPO,ATLA-PPO,theta_r,m=uniform,l2_anchor,1,0,346.2542,4.207561982872862,20,11.2618,0,runs/spec_rnoise/atla_ppo_hopper_runiform_seed1/r_r_hopper_eval.json
online,ATLA-PPO,ATLA-PPO,theta_r,m=uniform,l2_in,1,0,1795.4590,1351.796529175917,20,55.7901,0,runs/spec_rnoise/atla_ppo_hopper_runiform_seed1/r_r_hopper_eval.json
online,ATLA-PPO,ATLA-PPO,theta_r,m=uniform,l2_out,1,0,1243.0679,1151.0388063929208,20,38.8174,0,runs/spec_rnoise/atla_ppo_hopper_runiform_seed1/r_r_hopper_eval.json
online,ATLA-PPO,ATLA-PPO,theta_r,m=uniform,l3_anchor,1,0,328.1624,10.243277423083972,20,10.7059,0,runs/spec_rnoise/atla_ppo_hopper_runiform_seed1/r_r_hopper_eval.json
online,ATLA-PPO,ATLA-PPO,theta_r,m=uniform,l3_in,1,0,1408.1649,1029.2214166677263,20,43.8901,0,runs/spec_rnoise/atla_ppo_hopper_runiform_seed1/r_r_hopper_eval.json
online,ATLA-PPO,ATLA-PPO,theta_r,m=uniform,l3_out,1,0,688.2227,766.722069060028,20,21.7692,0,runs/spec_rnoise/atla_ppo_hopper_runiform_seed1/r_r_hopper_eval.json
online,ATLA-PPO,ATLA-PPO,theta_r,m=uniform,nominal,1,1,3613.5571,116.49595753118992,20,111.6531,0,runs/spec_rnoise/atla_ppo_hopper_runiform_seed1/r_r_hopper_eval.json
online,ATLA-PPO,ATLA-PPO,theta_r,m=uniform,l1_anchor,2,0,1525.0867,183.70608750285825,20,47.4827,0,runs/spec_rnoise/atla_ppo_hopper_runiform_seed2/r_r_hopper_eval.json
online,ATLA-PPO,ATLA-PPO,theta_r,m=uniform,l1_in,2,0,1978.6081,958.3763772456583,20,61.4176,0,runs/spec_rnoise/atla_ppo_hopper_runiform_seed2/r_r_hopper_eval.json
online,ATLA-PPO,ATLA-PPO,theta_r,m=uniform,l1_out,2,0,1191.5195,826.2211228712331,20,37.2335,0,runs/spec_rnoise/atla_ppo_hopper_runiform_seed2/r_r_hopper_eval.json
online,ATLA-PPO,ATLA-PPO,theta_r,m=uniform,l2_anchor,2,0,331.7214,4.924510038106575,20,10.8153,0,runs/spec_rnoise/atla_ppo_hopper_runiform_seed2/r_r_hopper_eval.json
online,ATLA-PPO,ATLA-PPO,theta_r,m=uniform,l2_in,2,0,1541.2523,948.4473544272089,20,47.9794,0,runs/spec_rnoise/atla_ppo_hopper_runiform_seed2/r_r_hopper_eval.json
online,ATLA-PPO,ATLA-PPO,theta_r,m=uniform,l2_out,2,0,881.8146,615.8859883038599,20,27.7175,0,runs/spec_rnoise/atla_ppo_hopper_runiform_seed2/r_r_hopper_eval.json
online,ATLA-PPO,ATLA-PPO,theta_r,m=uniform,l3_anchor,2,0,330.9443,13.641301725029644,20,10.7914,0,runs/spec_rnoise/atla_ppo_hopper_runiform_seed2/r_r_hopper_eval.json
online,ATLA-PPO,ATLA-PPO,theta_r,m=uniform,l3_in,2,0,1399.3269,661.6795327718554,20,43.6186,0,runs/spec_rnoise/atla_ppo_hopper_runiform_seed2/r_r_hopper_eval.json
online,ATLA-PPO,ATLA-PPO,theta_r,m=uniform,l3_out,2,0,808.7576,561.8052603023597,20,25.4727,0,runs/spec_rnoise/atla_ppo_hopper_runiform_seed2/r_r_hopper_eval.json
online,ATLA-PPO,ATLA-PPO,theta_r,m=uniform,nominal,2,1,2177.2401,732.1303817055751,20,67.5208,0,runs/spec_rnoise/atla_ppo_hopper_runiform_seed2/r_r_hopper_eval.json
online,ATLA-PPO,ATLA-PPO,theta_r,m=uniform,l1_anchor,3407,0,1214.4251,202.83105226741324,20,37.9373,0,runs/spec_rnoise/atla_ppo_hopper_runiform_seed3407/r_r_hopper_eval.json
online,ATLA-PPO,ATLA-PPO,theta_r,m=uniform,l1_in,3407,0,1707.1820,659.545383211107,20,53.0777,0,runs/spec_rnoise/atla_ppo_hopper_runiform_seed3407/r_r_hopper_eval.json
online,ATLA-PPO,ATLA-PPO,theta_r,m=uniform,l1_out,3407,0,1341.9938,879.4221714313437,20,41.8570,0,runs/spec_rnoise/atla_ppo_hopper_runiform_seed3407/r_r_hopper_eval.json
online,ATLA-PPO,ATLA-PPO,theta_r,m=uniform,l2_anchor,3407,0,492.3856,25.00924472270478,20,15.7519,0,runs/spec_rnoise/atla_ppo_hopper_runiform_seed3407/r_r_hopper_eval.json
online,ATLA-PPO,ATLA-PPO,theta_r,m=uniform,l2_in,3407,0,1358.5672,811.2998451485016,20,42.3662,0,runs/spec_rnoise/atla_ppo_hopper_runiform_seed3407/r_r_hopper_eval.json
online,ATLA-PPO,ATLA-PPO,theta_r,m=uniform,l2_out,3407,0,921.8255,655.6319336560423,20,28.9469,0,runs/spec_rnoise/atla_ppo_hopper_runiform_seed3407/r_r_hopper_eval.json
online,ATLA-PPO,ATLA-PPO,theta_r,m=uniform,l3_anchor,3407,0,346.8119,54.432267533255015,20,11.2790,0,runs/spec_rnoise/atla_ppo_hopper_runiform_seed3407/r_r_hopper_eval.json
online,ATLA-PPO,ATLA-PPO,theta_r,m=uniform,l3_in,3407,0,1032.7067,481.11236835121076,20,32.3538,0,runs/spec_rnoise/atla_ppo_hopper_runiform_seed3407/r_r_hopper_eval.json
online,ATLA-PPO,ATLA-PPO,theta_r,m=uniform,l3_out,3407,0,673.1945,479.04185252646755,20,21.3074,0,runs/spec_rnoise/atla_ppo_hopper_runiform_seed3407/r_r_hopper_eval.json
online,ATLA-PPO,ATLA-PPO,theta_r,m=uniform,nominal,3407,1,1972.2358,412.94531456503483,20,61.2218,0,runs/spec_rnoise/atla_ppo_hopper_runiform_seed3407/r_r_hopper_eval.json
online,ATLA-PPO,ATLA-PPO,theta_r,m=uniform,l1_anchor,42,0,713.4174,23.570196525667317,20,22.5433,0,runs/spec_rnoise/atla_ppo_hopper_runiform_seed42/r_r_hopper_eval.json
online,ATLA-PPO,ATLA-PPO,theta_r,m=uniform,l1_in,42,0,1108.1999,411.0415730492103,20,34.6734,0,runs/spec_rnoise/atla_ppo_hopper_runiform_seed42/r_r_hopper_eval.json
online,ATLA-PPO,ATLA-PPO,theta_r,m=uniform,l1_out,42,0,676.3775,288.3647273726368,20,21.4052,0,runs/spec_rnoise/atla_ppo_hopper_runiform_seed42/r_r_hopper_eval.json
online,ATLA-PPO,ATLA-PPO,theta_r,m=uniform,l2_anchor,42,0,467.5873,7.666877212352532,20,14.9899,0,runs/spec_rnoise/atla_ppo_hopper_runiform_seed42/r_r_hopper_eval.json
online,ATLA-PPO,ATLA-PPO,theta_r,m=uniform,l2_in,42,0,953.0930,401.251901001102,20,29.9076,0,runs/spec_rnoise/atla_ppo_hopper_runiform_seed42/r_r_hopper_eval.json
online,ATLA-PPO,ATLA-PPO,theta_r,m=uniform,l2_out,42,0,678.0283,262.5196602143892,20,21.4559,0,runs/spec_rnoise/atla_ppo_hopper_runiform_seed42/r_r_hopper_eval.json
online,ATLA-PPO,ATLA-PPO,theta_r,m=uniform,l3_anchor,42,0,355.5155,31.72948692328377,20,11.5464,0,runs/spec_rnoise/atla_ppo_hopper_runiform_seed42/r_r_hopper_eval.json
online,ATLA-PPO,ATLA-PPO,theta_r,m=uniform,l3_in,42,0,684.2040,284.4155020535277,20,21.6457,0,runs/spec_rnoise/atla_ppo_hopper_runiform_seed42/r_r_hopper_eval.json
online,ATLA-PPO,ATLA-PPO,theta_r,m=uniform,l3_out,42,0,495.6571,172.83498236020066,20,15.8524,0,runs/spec_rnoise/atla_ppo_hopper_runiform_seed42/r_r_hopper_eval.json
online,ATLA-PPO,ATLA-PPO,theta_r,m=uniform,nominal,42,1,1517.0167,138.11897451221,20,47.2347,0,runs/spec_rnoise/atla_ppo_hopper_runiform_seed42/r_r_hopper_eval.json
online,ATLA-PPO,ATLA-PPO,theta_r,m=shift,l1_anchor,0,0,1297.8027,355.7949918178057,20,40.4991,0,runs/spec_rnoise/atla_ppo_hopper_rshift_seed0/r_r_hopper_eval.json
online,ATLA-PPO,ATLA-PPO,theta_r,m=shift,l1_in,0,0,3516.4193,990.9247895536162,20,108.6684,0,runs/spec_rnoise/atla_ppo_hopper_rshift_seed0/r_r_hopper_eval.json
online,ATLA-PPO,ATLA-PPO,theta_r,m=shift,l1_out,0,0,2003.2467,1384.443826895103,20,62.1746,0,runs/spec_rnoise/atla_ppo_hopper_rshift_seed0/r_r_hopper_eval.json
online,ATLA-PPO,ATLA-PPO,theta_r,m=shift,l2_anchor,0,0,417.9924,2.2715603196201037,20,13.4661,0,runs/spec_rnoise/atla_ppo_hopper_rshift_seed0/r_r_hopper_eval.json
online,ATLA-PPO,ATLA-PPO,theta_r,m=shift,l2_in,0,0,2302.3946,1579.3528896703097,20,71.3663,0,runs/spec_rnoise/atla_ppo_hopper_rshift_seed0/r_r_hopper_eval.json
online,ATLA-PPO,ATLA-PPO,theta_r,m=shift,l2_out,0,0,1364.9559,1251.9818840303956,20,42.5625,0,runs/spec_rnoise/atla_ppo_hopper_rshift_seed0/r_r_hopper_eval.json
online,ATLA-PPO,ATLA-PPO,theta_r,m=shift,l3_anchor,0,0,403.9502,17.751910303168717,20,13.0346,0,runs/spec_rnoise/atla_ppo_hopper_rshift_seed0/r_r_hopper_eval.json
online,ATLA-PPO,ATLA-PPO,theta_r,m=shift,l3_in,0,0,1739.7579,905.6193423469635,20,54.0787,0,runs/spec_rnoise/atla_ppo_hopper_rshift_seed0/r_r_hopper_eval.json
online,ATLA-PPO,ATLA-PPO,theta_r,m=shift,l3_out,0,0,957.6436,613.628461743705,20,30.0474,0,runs/spec_rnoise/atla_ppo_hopper_rshift_seed0/r_r_hopper_eval.json
online,ATLA-PPO,ATLA-PPO,theta_r,m=shift,nominal,0,1,4067.1424,20.064750366770884,20,125.5899,0,runs/spec_rnoise/atla_ppo_hopper_rshift_seed0/r_r_hopper_eval.json
online,ATLA-PPO,ATLA-PPO,theta_r,m=shift,l1_anchor,1,0,1052.0639,37.083508579514785,20,32.9486,0,runs/spec_rnoise/atla_ppo_hopper_rshift_seed1/r_r_hopper_eval.json
online,ATLA-PPO,ATLA-PPO,theta_r,m=shift,l1_in,1,0,2735.3319,1330.8085492494188,20,84.6687,0,runs/spec_rnoise/atla_ppo_hopper_rshift_seed1/r_r_hopper_eval.json
online,ATLA-PPO,ATLA-PPO,theta_r,m=shift,l1_out,1,0,1942.1572,1491.8136035636687,20,60.2976,0,runs/spec_rnoise/atla_ppo_hopper_rshift_seed1/r_r_hopper_eval.json
online,ATLA-PPO,ATLA-PPO,theta_r,m=shift,l2_anchor,1,0,548.6081,12.315475943007856,20,17.4794,0,runs/spec_rnoise/atla_ppo_hopper_rshift_seed1/r_r_hopper_eval.json
online,ATLA-PPO,ATLA-PPO,theta_r,m=shift,l2_in,1,0,2230.9314,1245.767708326794,20,69.1705,0,runs/spec_rnoise/atla_ppo_hopper_rshift_seed1/r_r_hopper_eval.json
online,ATLA-PPO,ATLA-PPO,theta_r,m=shift,l2_out,1,0,1306.7310,1017.0145218428094,20,40.7735,0,runs/spec_rnoise/atla_ppo_hopper_rshift_seed1/r_r_hopper_eval.json
online,ATLA-PPO,ATLA-PPO,theta_r,m=shift,l3_anchor,1,0,412.7823,45.806461215153945,20,13.3060,0,runs/spec_rnoise/atla_ppo_hopper_rshift_seed1/r_r_hopper_eval.json
online,ATLA-PPO,ATLA-PPO,theta_r,m=shift,l3_in,1,0,1513.6250,738.2992131975093,20,47.1305,0,runs/spec_rnoise/atla_ppo_hopper_rshift_seed1/r_r_hopper_eval.json
online,ATLA-PPO,ATLA-PPO,theta_r,m=shift,l3_out,1,0,1072.1120,693.5319052632043,20,33.5646,0,runs/spec_rnoise/atla_ppo_hopper_rshift_seed1/r_r_hopper_eval.json
online,ATLA-PPO,ATLA-PPO,theta_r,m=shift,nominal,1,1,3830.8379,439.6398600670015,20,118.3292,0,runs/spec_rnoise/atla_ppo_hopper_rshift_seed1/r_r_hopper_eval.json
online,ATLA-PPO,ATLA-PPO,theta_r,m=shift,l1_anchor,2,0,800.8067,125.34039320799432,20,25.2284,0,runs/spec_rnoise/atla_ppo_hopper_rshift_seed2/r_r_hopper_eval.json
online,ATLA-PPO,ATLA-PPO,theta_r,m=shift,l1_in,2,0,2380.0523,1171.1776233405908,20,73.7524,0,runs/spec_rnoise/atla_ppo_hopper_rshift_seed2/r_r_hopper_eval.json
online,ATLA-PPO,ATLA-PPO,theta_r,m=shift,l1_out,2,0,1284.6147,1002.9467066449199,20,40.0939,0,runs/spec_rnoise/atla_ppo_hopper_rshift_seed2/r_r_hopper_eval.json
online,ATLA-PPO,ATLA-PPO,theta_r,m=shift,l2_anchor,2,0,557.7654,37.26221116474443,20,17.7607,0,runs/spec_rnoise/atla_ppo_hopper_rshift_seed2/r_r_hopper_eval.json
online,ATLA-PPO,ATLA-PPO,theta_r,m=shift,l2_in,2,0,1848.8167,1281.873469900415,20,57.4296,0,runs/spec_rnoise/atla_ppo_hopper_rshift_seed2/r_r_hopper_eval.json
online,ATLA-PPO,ATLA-PPO,theta_r,m=shift,l2_out,2,0,1316.9148,1123.3353362517971,20,41.0864,0,runs/spec_rnoise/atla_ppo_hopper_rshift_seed2/r_r_hopper_eval.json
online,ATLA-PPO,ATLA-PPO,theta_r,m=shift,l3_anchor,2,0,309.1914,46.918383162724936,20,10.1230,0,runs/spec_rnoise/atla_ppo_hopper_rshift_seed2/r_r_hopper_eval.json
online,ATLA-PPO,ATLA-PPO,theta_r,m=shift,l3_in,2,0,1208.5139,602.3989074759345,20,37.7556,0,runs/spec_rnoise/atla_ppo_hopper_rshift_seed2/r_r_hopper_eval.json
online,ATLA-PPO,ATLA-PPO,theta_r,m=shift,l3_out,2,0,701.7153,497.21192596027055,20,22.1837,0,runs/spec_rnoise/atla_ppo_hopper_rshift_seed2/r_r_hopper_eval.json
online,ATLA-PPO,ATLA-PPO,theta_r,m=shift,nominal,2,1,2797.8840,803.3153052447688,20,86.5907,0,runs/spec_rnoise/atla_ppo_hopper_rshift_seed2/r_r_hopper_eval.json
online,ATLA-PPO,ATLA-PPO,theta_r,m=shift,l1_anchor,3407,0,887.0007,61.492291301401096,20,27.8768,0,runs/spec_rnoise/atla_ppo_hopper_rshift_seed3407/r_r_hopper_eval.json
online,ATLA-PPO,ATLA-PPO,theta_r,m=shift,l1_in,3407,0,3307.8055,1230.9716762360295,20,102.2585,0,runs/spec_rnoise/atla_ppo_hopper_rshift_seed3407/r_r_hopper_eval.json
online,ATLA-PPO,ATLA-PPO,theta_r,m=shift,l1_out,3407,0,1646.6357,1321.0839889168683,20,51.2174,0,runs/spec_rnoise/atla_ppo_hopper_rshift_seed3407/r_r_hopper_eval.json
online,ATLA-PPO,ATLA-PPO,theta_r,m=shift,l2_anchor,3407,0,469.9400,25.88348373996479,20,15.0622,0,runs/spec_rnoise/atla_ppo_hopper_rshift_seed3407/r_r_hopper_eval.json
online,ATLA-PPO,ATLA-PPO,theta_r,m=shift,l2_in,3407,0,2271.6528,1446.13123378353,20,70.4217,0,runs/spec_rnoise/atla_ppo_hopper_rshift_seed3407/r_r_hopper_eval.json
online,ATLA-PPO,ATLA-PPO,theta_r,m=shift,l2_out,3407,0,1496.9065,1232.1946743095023,20,46.6168,0,runs/spec_rnoise/atla_ppo_hopper_rshift_seed3407/r_r_hopper_eval.json
online,ATLA-PPO,ATLA-PPO,theta_r,m=shift,l3_anchor,3407,0,356.7001,28.630392580879487,20,11.5828,0,runs/spec_rnoise/atla_ppo_hopper_rshift_seed3407/r_r_hopper_eval.json
online,ATLA-PPO,ATLA-PPO,theta_r,m=shift,l3_in,3407,0,1560.0320,825.9693490517761,20,48.5564,0,runs/spec_rnoise/atla_ppo_hopper_rshift_seed3407/r_r_hopper_eval.json
online,ATLA-PPO,ATLA-PPO,theta_r,m=shift,l3_out,3407,0,1372.6388,812.3946604718607,20,42.7985,0,runs/spec_rnoise/atla_ppo_hopper_rshift_seed3407/r_r_hopper_eval.json
online,ATLA-PPO,ATLA-PPO,theta_r,m=shift,nominal,3407,1,4096.8507,16.824113492859354,20,126.5028,0,runs/spec_rnoise/atla_ppo_hopper_rshift_seed3407/r_r_hopper_eval.json
online,ATLA-PPO,ATLA-PPO,theta_r,m=shift,l1_anchor,42,0,775.3553,48.90159155977471,20,24.4464,0,runs/spec_rnoise/atla_ppo_hopper_rshift_seed42/r_r_hopper_eval.json
online,ATLA-PPO,ATLA-PPO,theta_r,m=shift,l1_in,42,0,3312.2167,1183.023383072404,20,102.3941,0,runs/spec_rnoise/atla_ppo_hopper_rshift_seed42/r_r_hopper_eval.json
online,ATLA-PPO,ATLA-PPO,theta_r,m=shift,l1_out,42,0,1964.9840,1520.5451663233957,20,60.9990,0,runs/spec_rnoise/atla_ppo_hopper_rshift_seed42/r_r_hopper_eval.json
online,ATLA-PPO,ATLA-PPO,theta_r,m=shift,l2_anchor,42,0,470.2725,12.65574010556067,20,15.0724,0,runs/spec_rnoise/atla_ppo_hopper_rshift_seed42/r_r_hopper_eval.json
online,ATLA-PPO,ATLA-PPO,theta_r,m=shift,l2_in,42,0,2278.0690,1424.8092073525356,20,70.6188,0,runs/spec_rnoise/atla_ppo_hopper_rshift_seed42/r_r_hopper_eval.json
online,ATLA-PPO,ATLA-PPO,theta_r,m=shift,l2_out,42,0,1887.5019,1644.9848347030131,20,58.6182,0,runs/spec_rnoise/atla_ppo_hopper_rshift_seed42/r_r_hopper_eval.json
online,ATLA-PPO,ATLA-PPO,theta_r,m=shift,l3_anchor,42,0,350.5111,22.607726307404526,20,11.3926,0,runs/spec_rnoise/atla_ppo_hopper_rshift_seed42/r_r_hopper_eval.json
online,ATLA-PPO,ATLA-PPO,theta_r,m=shift,l3_in,42,0,1396.2488,687.8758775494249,20,43.5240,0,runs/spec_rnoise/atla_ppo_hopper_rshift_seed42/r_r_hopper_eval.json
online,ATLA-PPO,ATLA-PPO,theta_r,m=shift,l3_out,42,0,884.1752,558.7475948013808,20,27.7900,0,runs/spec_rnoise/atla_ppo_hopper_rshift_seed42/r_r_hopper_eval.json
online,ATLA-PPO,ATLA-PPO,theta_r,m=shift,nominal,42,1,4139.7308,6.409382204306919,20,127.8203,0,runs/spec_rnoise/atla_ppo_hopper_rshift_seed42/r_r_hopper_eval.json
online,ATLA-PPO,ATLA-PPO,theta_tau_credit,k=4,l1_anchor,0,0,1872.3284,533.3021556495562,20,58.1520,0,runs/spec_rdelay/atla_ppo_hopper_k4_seed0/r_r_hopper_eval.json
online,ATLA-PPO,ATLA-PPO,theta_tau_credit,k=4,l1_in,0,0,2403.5831,1416.857238394616,20,74.4754,0,runs/spec_rdelay/atla_ppo_hopper_k4_seed0/r_r_hopper_eval.json
online,ATLA-PPO,ATLA-PPO,theta_tau_credit,k=4,l1_out,0,0,1460.5643,1240.6440085340037,20,45.5002,0,runs/spec_rdelay/atla_ppo_hopper_k4_seed0/r_r_hopper_eval.json
online,ATLA-PPO,ATLA-PPO,theta_tau_credit,k=4,l2_anchor,0,0,654.0925,56.07550337578159,20,20.7205,0,runs/spec_rdelay/atla_ppo_hopper_k4_seed0/r_r_hopper_eval.json
online,ATLA-PPO,ATLA-PPO,theta_tau_credit,k=4,l2_in,0,0,1898.6165,1322.2998668497078,20,58.9598,0,runs/spec_rdelay/atla_ppo_hopper_k4_seed0/r_r_hopper_eval.json
online,ATLA-PPO,ATLA-PPO,theta_tau_credit,k=4,l2_out,0,0,1206.9299,1096.1639309625732,20,37.7070,0,runs/spec_rdelay/atla_ppo_hopper_k4_seed0/r_r_hopper_eval.json
online,ATLA-PPO,ATLA-PPO,theta_tau_credit,k=4,l3_anchor,0,0,411.4509,43.54032492006028,20,13.2651,0,runs/spec_rdelay/atla_ppo_hopper_k4_seed0/r_r_hopper_eval.json
online,ATLA-PPO,ATLA-PPO,theta_tau_credit,k=4,l3_in,0,0,1163.2678,815.5520887039638,20,36.3654,0,runs/spec_rdelay/atla_ppo_hopper_k4_seed0/r_r_hopper_eval.json
online,ATLA-PPO,ATLA-PPO,theta_tau_credit,k=4,l3_out,0,0,570.9097,466.48497668374415,20,18.1646,0,runs/spec_rdelay/atla_ppo_hopper_k4_seed0/r_r_hopper_eval.json
online,ATLA-PPO,ATLA-PPO,theta_tau_credit,k=4,nominal,0,1,3592.1149,22.691125150979637,20,110.9942,0,runs/spec_rdelay/atla_ppo_hopper_k4_seed0/r_r_hopper_eval.json
online,ATLA-PPO,ATLA-PPO,theta_tau_credit,k=4,l1_anchor,1,0,574.8793,10.629009379990379,20,18.2866,0,runs/spec_rdelay/atla_ppo_hopper_k4_seed1/r_r_hopper_eval.json
online,ATLA-PPO,ATLA-PPO,theta_tau_credit,k=4,l1_in,1,0,1073.6001,492.20538393566954,20,33.6103,0,runs/spec_rdelay/atla_ppo_hopper_k4_seed1/r_r_hopper_eval.json
online,ATLA-PPO,ATLA-PPO,theta_tau_credit,k=4,l1_out,1,0,764.5643,620.3790615324112,20,24.1148,0,runs/spec_rdelay/atla_ppo_hopper_k4_seed1/r_r_hopper_eval.json
online,ATLA-PPO,ATLA-PPO,theta_tau_credit,k=4,l2_anchor,1,0,287.8237,4.420567493539671,20,9.4665,0,runs/spec_rdelay/atla_ppo_hopper_k4_seed1/r_r_hopper_eval.json
online,ATLA-PPO,ATLA-PPO,theta_tau_credit,k=4,l2_in,1,0,906.4654,443.9976669682216,20,28.4749,0,runs/spec_rdelay/atla_ppo_hopper_k4_seed1/r_r_hopper_eval.json
online,ATLA-PPO,ATLA-PPO,theta_tau_credit,k=4,l2_out,1,0,635.1102,340.2345883541003,20,20.1372,0,runs/spec_rdelay/atla_ppo_hopper_k4_seed1/r_r_hopper_eval.json
online,ATLA-PPO,ATLA-PPO,theta_tau_credit,k=4,l3_anchor,1,0,267.9439,44.37283549821753,20,8.8557,0,runs/spec_rdelay/atla_ppo_hopper_k4_seed1/r_r_hopper_eval.json
online,ATLA-PPO,ATLA-PPO,theta_tau_credit,k=4,l3_in,1,0,643.4063,487.3369278364086,20,20.3921,0,runs/spec_rdelay/atla_ppo_hopper_k4_seed1/r_r_hopper_eval.json
online,ATLA-PPO,ATLA-PPO,theta_tau_credit,k=4,l3_out,1,0,300.2863,313.29483928288766,20,9.8494,0,runs/spec_rdelay/atla_ppo_hopper_k4_seed1/r_r_hopper_eval.json
online,ATLA-PPO,ATLA-PPO,theta_tau_credit,k=4,nominal,1,1,1031.1304,40.55505573403491,20,32.3054,0,runs/spec_rdelay/atla_ppo_hopper_k4_seed1/r_r_hopper_eval.json
online,ATLA-PPO,ATLA-PPO,theta_tau_credit,k=4,l1_anchor,2,0,350.6327,2.599030691578004,20,11.3964,0,runs/spec_rdelay/atla_ppo_hopper_k4_seed2/r_r_hopper_eval.json
online,ATLA-PPO,ATLA-PPO,theta_tau_credit,k=4,l1_in,2,0,2440.6170,1308.4787223412861,20,75.6133,0,runs/spec_rdelay/atla_ppo_hopper_k4_seed2/r_r_hopper_eval.json
online,ATLA-PPO,ATLA-PPO,theta_tau_credit,k=4,l1_out,2,0,1186.1649,1273.5221616091233,20,37.0690,0,runs/spec_rdelay/atla_ppo_hopper_k4_seed2/r_r_hopper_eval.json
online,ATLA-PPO,ATLA-PPO,theta_tau_credit,k=4,l2_anchor,2,0,322.9211,2.2986775396259396,20,10.5449,0,runs/spec_rdelay/atla_ppo_hopper_k4_seed2/r_r_hopper_eval.json
online,ATLA-PPO,ATLA-PPO,theta_tau_credit,k=4,l2_in,2,0,1857.3325,1422.883257353965,20,57.6913,0,runs/spec_rdelay/atla_ppo_hopper_k4_seed2/r_r_hopper_eval.json
online,ATLA-PPO,ATLA-PPO,theta_tau_credit,k=4,l2_out,2,0,1026.6476,974.5818126209874,20,32.1676,0,runs/spec_rdelay/atla_ppo_hopper_k4_seed2/r_r_hopper_eval.json
online,ATLA-PPO,ATLA-PPO,theta_tau_credit,k=4,l3_anchor,2,0,228.1712,101.22749106637693,20,7.6336,0,runs/spec_rdelay/atla_ppo_hopper_k4_seed2/r_r_hopper_eval.json
online,ATLA-PPO,ATLA-PPO,theta_tau_credit,k=4,l3_in,2,0,812.1462,511.3349642508322,20,25.5768,0,runs/spec_rdelay/atla_ppo_hopper_k4_seed2/r_r_hopper_eval.json
online,ATLA-PPO,ATLA-PPO,theta_tau_credit,k=4,l3_out,2,0,554.4091,529.0279790282226,20,17.6576,0,runs/spec_rdelay/atla_ppo_hopper_k4_seed2/r_r_hopper_eval.json
online,ATLA-PPO,ATLA-PPO,theta_tau_credit,k=4,nominal,2,1,3535.7691,26.183560412480603,20,109.2629,0,runs/spec_rdelay/atla_ppo_hopper_k4_seed2/r_r_hopper_eval.json
online,ATLA-PPO,ATLA-PPO,theta_tau_credit,k=4,l1_anchor,3407,0,1141.1557,315.1571480048767,20,35.6860,0,runs/spec_rdelay/atla_ppo_hopper_k4_seed3407/r_r_hopper_eval.json
online,ATLA-PPO,ATLA-PPO,theta_tau_credit,k=4,l1_in,3407,0,2264.1264,869.1559432735339,20,70.1904,0,runs/spec_rdelay/atla_ppo_hopper_k4_seed3407/r_r_hopper_eval.json
online,ATLA-PPO,ATLA-PPO,theta_tau_credit,k=4,l1_out,3407,0,1434.3822,935.1342915450298,20,44.6957,0,runs/spec_rdelay/atla_ppo_hopper_k4_seed3407/r_r_hopper_eval.json
online,ATLA-PPO,ATLA-PPO,theta_tau_credit,k=4,l2_anchor,3407,0,381.7046,11.456138296417087,20,12.3511,0,runs/spec_rdelay/atla_ppo_hopper_k4_seed3407/r_r_hopper_eval.json
online,ATLA-PPO,ATLA-PPO,theta_tau_credit,k=4,l2_in,3407,0,1819.5971,1320.149727219699,20,56.5318,0,runs/spec_rdelay/atla_ppo_hopper_k4_seed3407/r_r_hopper_eval.json
online,ATLA-PPO,ATLA-PPO,theta_tau_credit,k=4,l2_out,3407,0,1108.7515,1002.4380588699972,20,34.6903,0,runs/spec_rdelay/atla_ppo_hopper_k4_seed3407/r_r_hopper_eval.json
online,ATLA-PPO,ATLA-PPO,theta_tau_credit,k=4,l3_anchor,3407,0,342.8185,12.74992868394805,20,11.1563,0,runs/spec_rdelay/atla_ppo_hopper_k4_seed3407/r_r_hopper_eval.json
online,ATLA-PPO,ATLA-PPO,theta_tau_credit,k=4,l3_in,3407,0,1244.2339,659.6641804643774,20,38.8532,0,runs/spec_rdelay/atla_ppo_hopper_k4_seed3407/r_r_hopper_eval.json
online,ATLA-PPO,ATLA-PPO,theta_tau_credit,k=4,l3_out,3407,0,517.4965,459.58384595111335,20,16.5234,0,runs/spec_rdelay/atla_ppo_hopper_k4_seed3407/r_r_hopper_eval.json
online,ATLA-PPO,ATLA-PPO,theta_tau_credit,k=4,nominal,3407,1,2954.1423,661.4361536001377,20,91.3919,0,runs/spec_rdelay/atla_ppo_hopper_k4_seed3407/r_r_hopper_eval.json
online,ATLA-PPO,ATLA-PPO,theta_tau_credit,k=4,l1_anchor,42,0,647.0351,116.61293598027615,20,20.5036,0,runs/spec_rdelay/atla_ppo_hopper_k4_seed42/r_r_hopper_eval.json
online,ATLA-PPO,ATLA-PPO,theta_tau_credit,k=4,l1_in,42,0,1067.7546,283.5488419463954,20,33.4307,0,runs/spec_rdelay/atla_ppo_hopper_k4_seed42/r_r_hopper_eval.json
online,ATLA-PPO,ATLA-PPO,theta_tau_credit,k=4,l1_out,42,0,744.1262,366.75126236444976,20,23.4869,0,runs/spec_rdelay/atla_ppo_hopper_k4_seed42/r_r_hopper_eval.json
online,ATLA-PPO,ATLA-PPO,theta_tau_credit,k=4,l2_anchor,42,0,394.5369,29.27378745697644,20,12.7454,0,runs/spec_rdelay/atla_ppo_hopper_k4_seed42/r_r_hopper_eval.json
online,ATLA-PPO,ATLA-PPO,theta_tau_credit,k=4,l2_in,42,0,969.8108,301.82446143668335,20,30.4212,0,runs/spec_rdelay/atla_ppo_hopper_k4_seed42/r_r_hopper_eval.json
online,ATLA-PPO,ATLA-PPO,theta_tau_credit,k=4,l2_out,42,0,871.8788,631.5819709759942,20,27.4122,0,runs/spec_rdelay/atla_ppo_hopper_k4_seed42/r_r_hopper_eval.json
online,ATLA-PPO,ATLA-PPO,theta_tau_credit,k=4,l3_anchor,42,0,329.7331,21.13228536552249,20,10.7542,0,runs/spec_rdelay/atla_ppo_hopper_k4_seed42/r_r_hopper_eval.json
online,ATLA-PPO,ATLA-PPO,theta_tau_credit,k=4,l3_in,42,0,815.0518,280.1298800672358,20,25.6661,0,runs/spec_rdelay/atla_ppo_hopper_k4_seed42/r_r_hopper_eval.json
online,ATLA-PPO,ATLA-PPO,theta_tau_credit,k=4,l3_out,42,0,596.7017,378.0557265231273,20,18.9571,0,runs/spec_rdelay/atla_ppo_hopper_k4_seed42/r_r_hopper_eval.json
online,ATLA-PPO,ATLA-PPO,theta_tau_credit,k=4,nominal,42,1,1284.2885,408.3389000739435,20,40.0839,0,runs/spec_rdelay/atla_ppo_hopper_k4_seed42/r_r_hopper_eval.json
online,ATLA-PPO,ATLA-PPO,theta_tau_credit,k=16,l1_anchor,0,0,664.2031,118.70293918576435,20,21.0311,0,runs/spec_rdelay/atla_ppo_hopper_k16_seed0/r_r_hopper_eval.json
online,ATLA-PPO,ATLA-PPO,theta_tau_credit,k=16,l1_in,0,0,1217.8254,537.9381991317846,20,38.0418,0,runs/spec_rdelay/atla_ppo_hopper_k16_seed0/r_r_hopper_eval.json
online,ATLA-PPO,ATLA-PPO,theta_tau_credit,k=16,l1_out,0,0,818.2019,515.6475355452325,20,25.7629,0,runs/spec_rdelay/atla_ppo_hopper_k16_seed0/r_r_hopper_eval.json
online,ATLA-PPO,ATLA-PPO,theta_tau_credit,k=16,l2_anchor,0,0,358.3320,56.84948797582525,20,11.6329,0,runs/spec_rdelay/atla_ppo_hopper_k16_seed0/r_r_hopper_eval.json
online,ATLA-PPO,ATLA-PPO,theta_tau_credit,k=16,l2_in,0,0,1083.9288,617.1486415383769,20,33.9276,0,runs/spec_rdelay/atla_ppo_hopper_k16_seed0/r_r_hopper_eval.json
online,ATLA-PPO,ATLA-PPO,theta_tau_credit,k=16,l2_out,0,0,780.2349,342.1857959978694,20,24.5963,0,runs/spec_rdelay/atla_ppo_hopper_k16_seed0/r_r_hopper_eval.json
online,ATLA-PPO,ATLA-PPO,theta_tau_credit,k=16,l3_anchor,0,0,330.5554,15.11818237395938,20,10.7795,0,runs/spec_rdelay/atla_ppo_hopper_k16_seed0/r_r_hopper_eval.json
online,ATLA-PPO,ATLA-PPO,theta_tau_credit,k=16,l3_in,0,0,836.7350,407.25084158772194,20,26.3324,0,runs/spec_rdelay/atla_ppo_hopper_k16_seed0/r_r_hopper_eval.json
online,ATLA-PPO,ATLA-PPO,theta_tau_credit,k=16,l3_out,0,0,421.0701,376.27781453586164,20,13.5606,0,runs/spec_rdelay/atla_ppo_hopper_k16_seed0/r_r_hopper_eval.json
online,ATLA-PPO,ATLA-PPO,theta_tau_credit,k=16,nominal,0,1,1349.4021,446.6904393620726,20,42.0846,0,runs/spec_rdelay/atla_ppo_hopper_k16_seed0/r_r_hopper_eval.json
online,ATLA-PPO,ATLA-PPO,theta_tau_credit,k=16,l1_anchor,1,0,602.4032,196.4153831399105,20,19.1323,0,runs/spec_rdelay/atla_ppo_hopper_k16_seed1/r_r_hopper_eval.json
online,ATLA-PPO,ATLA-PPO,theta_tau_credit,k=16,l1_in,1,0,1366.2886,850.2802027401193,20,42.6034,0,runs/spec_rdelay/atla_ppo_hopper_k16_seed1/r_r_hopper_eval.json
online,ATLA-PPO,ATLA-PPO,theta_tau_credit,k=16,l1_out,1,0,979.2537,975.4929066889937,20,30.7114,0,runs/spec_rdelay/atla_ppo_hopper_k16_seed1/r_r_hopper_eval.json
online,ATLA-PPO,ATLA-PPO,theta_tau_credit,k=16,l2_anchor,1,0,451.8968,36.27161112407146,20,14.5078,0,runs/spec_rdelay/atla_ppo_hopper_k16_seed1/r_r_hopper_eval.json
online,ATLA-PPO,ATLA-PPO,theta_tau_credit,k=16,l2_in,1,0,1153.3311,803.4036678006098,20,36.0601,0,runs/spec_rdelay/atla_ppo_hopper_k16_seed1/r_r_hopper_eval.json
online,ATLA-PPO,ATLA-PPO,theta_tau_credit,k=16,l2_out,1,0,884.2633,502.5964204153639,20,27.7927,0,runs/spec_rdelay/atla_ppo_hopper_k16_seed1/r_r_hopper_eval.json
online,ATLA-PPO,ATLA-PPO,theta_tau_credit,k=16,l3_anchor,1,0,334.8918,38.28756431905821,20,10.9127,0,runs/spec_rdelay/atla_ppo_hopper_k16_seed1/r_r_hopper_eval.json
online,ATLA-PPO,ATLA-PPO,theta_tau_credit,k=16,l3_in,1,0,718.5681,358.2572873729037,20,22.7016,0,runs/spec_rdelay/atla_ppo_hopper_k16_seed1/r_r_hopper_eval.json
online,ATLA-PPO,ATLA-PPO,theta_tau_credit,k=16,l3_out,1,0,459.4807,491.9569792453228,20,14.7408,0,runs/spec_rdelay/atla_ppo_hopper_k16_seed1/r_r_hopper_eval.json
online,ATLA-PPO,ATLA-PPO,theta_tau_credit,k=16,nominal,1,1,2318.8193,986.1822421137102,20,71.8709,0,runs/spec_rdelay/atla_ppo_hopper_k16_seed1/r_r_hopper_eval.json
online,ATLA-PPO,ATLA-PPO,theta_tau_credit,k=16,l1_anchor,2,0,715.4920,569.3259318786971,20,22.6070,0,runs/spec_rdelay/atla_ppo_hopper_k16_seed2/r_r_hopper_eval.json
online,ATLA-PPO,ATLA-PPO,theta_tau_credit,k=16,l1_in,2,0,2270.7924,1043.9619783773608,20,70.3952,0,runs/spec_rdelay/atla_ppo_hopper_k16_seed2/r_r_hopper_eval.json
online,ATLA-PPO,ATLA-PPO,theta_tau_credit,k=16,l1_out,2,0,1216.7256,1121.0927924437606,20,38.0080,0,runs/spec_rdelay/atla_ppo_hopper_k16_seed2/r_r_hopper_eval.json
online,ATLA-PPO,ATLA-PPO,theta_tau_credit,k=16,l2_anchor,2,0,363.1341,2.8738923771555553,20,11.7805,0,runs/spec_rdelay/atla_ppo_hopper_k16_seed2/r_r_hopper_eval.json
online,ATLA-PPO,ATLA-PPO,theta_tau_credit,k=16,l2_in,2,0,1513.9069,1058.4008855489633,20,47.1392,0,runs/spec_rdelay/atla_ppo_hopper_k16_seed2/r_r_hopper_eval.json
online,ATLA-PPO,ATLA-PPO,theta_tau_credit,k=16,l2_out,2,0,933.9868,833.5995264871182,20,29.3205,0,runs/spec_rdelay/atla_ppo_hopper_k16_seed2/r_r_hopper_eval.json
online,ATLA-PPO,ATLA-PPO,theta_tau_credit,k=16,l3_anchor,2,0,302.1684,114.71783420284444,20,9.9072,0,runs/spec_rdelay/atla_ppo_hopper_k16_seed2/r_r_hopper_eval.json
online,ATLA-PPO,ATLA-PPO,theta_tau_credit,k=16,l3_in,2,0,1167.7951,742.2612980129262,20,36.5045,0,runs/spec_rdelay/atla_ppo_hopper_k16_seed2/r_r_hopper_eval.json
online,ATLA-PPO,ATLA-PPO,theta_tau_credit,k=16,l3_out,2,0,567.8567,504.33581066833733,20,18.0708,0,runs/spec_rdelay/atla_ppo_hopper_k16_seed2/r_r_hopper_eval.json
online,ATLA-PPO,ATLA-PPO,theta_tau_credit,k=16,nominal,2,1,3195.5259,38.67479428151942,20,98.8086,0,runs/spec_rdelay/atla_ppo_hopper_k16_seed2/r_r_hopper_eval.json
online,ATLA-PPO,ATLA-PPO,theta_tau_credit,k=16,l1_anchor,3407,0,577.6452,51.33475913718884,20,18.3716,0,runs/spec_rdelay/atla_ppo_hopper_k16_seed3407/r_r_hopper_eval.json
online,ATLA-PPO,ATLA-PPO,theta_tau_credit,k=16,l1_in,3407,0,851.1585,195.086030057799,20,26.7755,0,runs/spec_rdelay/atla_ppo_hopper_k16_seed3407/r_r_hopper_eval.json
online,ATLA-PPO,ATLA-PPO,theta_tau_credit,k=16,l1_out,3407,0,695.3155,232.1942300378781,20,21.9871,0,runs/spec_rdelay/atla_ppo_hopper_k16_seed3407/r_r_hopper_eval.json
online,ATLA-PPO,ATLA-PPO,theta_tau_credit,k=16,l2_anchor,3407,0,347.7401,32.58499832483219,20,11.3075,0,runs/spec_rdelay/atla_ppo_hopper_k16_seed3407/r_r_hopper_eval.json
online,ATLA-PPO,ATLA-PPO,theta_tau_credit,k=16,l2_in,3407,0,912.0130,608.2530372635644,20,28.6454,0,runs/spec_rdelay/atla_ppo_hopper_k16_seed3407/r_r_hopper_eval.json
online,ATLA-PPO,ATLA-PPO,theta_tau_credit,k=16,l2_out,3407,0,776.0978,627.6164450516775,20,24.4692,0,runs/spec_rdelay/atla_ppo_hopper_k16_seed3407/r_r_hopper_eval.json
online,ATLA-PPO,ATLA-PPO,theta_tau_credit,k=16,l3_anchor,3407,0,383.6728,60.01220805660874,20,12.4116,0,runs/spec_rdelay/atla_ppo_hopper_k16_seed3407/r_r_hopper_eval.json
online,ATLA-PPO,ATLA-PPO,theta_tau_credit,k=16,l3_in,3407,0,844.8524,391.40631172473815,20,26.5818,0,runs/spec_rdelay/atla_ppo_hopper_k16_seed3407/r_r_hopper_eval.json
online,ATLA-PPO,ATLA-PPO,theta_tau_credit,k=16,l3_out,3407,0,842.1370,452.801360429468,20,26.4983,0,runs/spec_rdelay/atla_ppo_hopper_k16_seed3407/r_r_hopper_eval.json
online,ATLA-PPO,ATLA-PPO,theta_tau_credit,k=16,nominal,3407,1,772.2761,115.54901776643949,20,24.3518,0,runs/spec_rdelay/atla_ppo_hopper_k16_seed3407/r_r_hopper_eval.json
online,ATLA-PPO,ATLA-PPO,theta_tau_credit,k=16,l1_anchor,42,0,903.5340,250.99615837811373,20,28.3848,0,runs/spec_rdelay/atla_ppo_hopper_k16_seed42/r_r_hopper_eval.json
online,ATLA-PPO,ATLA-PPO,theta_tau_credit,k=16,l1_in,42,0,1330.5943,232.0593140655995,20,41.5067,0,runs/spec_rdelay/atla_ppo_hopper_k16_seed42/r_r_hopper_eval.json
online,ATLA-PPO,ATLA-PPO,theta_tau_credit,k=16,l1_out,42,0,1015.5180,662.0505594696086,20,31.8256,0,runs/spec_rdelay/atla_ppo_hopper_k16_seed42/r_r_hopper_eval.json
online,ATLA-PPO,ATLA-PPO,theta_tau_credit,k=16,l2_anchor,42,0,469.8226,29.05466037655414,20,15.0586,0,runs/spec_rdelay/atla_ppo_hopper_k16_seed42/r_r_hopper_eval.json
online,ATLA-PPO,ATLA-PPO,theta_tau_credit,k=16,l2_in,42,0,1527.3745,800.5935717370836,20,47.5530,0,runs/spec_rdelay/atla_ppo_hopper_k16_seed42/r_r_hopper_eval.json
online,ATLA-PPO,ATLA-PPO,theta_tau_credit,k=16,l2_out,42,0,1089.7471,724.6206935382821,20,34.1064,0,runs/spec_rdelay/atla_ppo_hopper_k16_seed42/r_r_hopper_eval.json
online,ATLA-PPO,ATLA-PPO,theta_tau_credit,k=16,l3_anchor,42,0,340.8798,43.24361340823231,20,11.0967,0,runs/spec_rdelay/atla_ppo_hopper_k16_seed42/r_r_hopper_eval.json
online,ATLA-PPO,ATLA-PPO,theta_tau_credit,k=16,l3_in,42,0,1200.5521,555.26319620002,20,37.5110,0,runs/spec_rdelay/atla_ppo_hopper_k16_seed42/r_r_hopper_eval.json
online,ATLA-PPO,ATLA-PPO,theta_tau_credit,k=16,l3_out,42,0,786.8317,417.6852004959447,20,24.7990,0,runs/spec_rdelay/atla_ppo_hopper_k16_seed42/r_r_hopper_eval.json
online,ATLA-PPO,ATLA-PPO,theta_tau_credit,k=16,nominal,42,1,1606.4262,569.976643672079,20,49.9819,0,runs/spec_rdelay/atla_ppo_hopper_k16_seed42/r_r_hopper_eval.json
online,ATLA-PPO,ATLA-PPO,theta_tau_credit,k=32,l1_anchor,0,0,520.9110,145.42362644831562,20,16.6283,0,runs/spec_rdelay/atla_ppo_hopper_k32_seed0/r_r_hopper_eval.json
online,ATLA-PPO,ATLA-PPO,theta_tau_credit,k=32,l1_in,0,0,1563.2150,1031.6405856417848,20,48.6542,0,runs/spec_rdelay/atla_ppo_hopper_k32_seed0/r_r_hopper_eval.json
online,ATLA-PPO,ATLA-PPO,theta_tau_credit,k=32,l1_out,0,0,941.3629,892.287839764479,20,29.5472,0,runs/spec_rdelay/atla_ppo_hopper_k32_seed0/r_r_hopper_eval.json
online,ATLA-PPO,ATLA-PPO,theta_tau_credit,k=32,l2_anchor,0,0,404.7490,10.186411392099945,20,13.0591,0,runs/spec_rdelay/atla_ppo_hopper_k32_seed0/r_r_hopper_eval.json
online,ATLA-PPO,ATLA-PPO,theta_tau_credit,k=32,l2_in,0,0,941.4514,542.5162225885989,20,29.5499,0,runs/spec_rdelay/atla_ppo_hopper_k32_seed0/r_r_hopper_eval.json
online,ATLA-PPO,ATLA-PPO,theta_tau_credit,k=32,l2_out,0,0,736.4607,585.2276935607471,20,23.2513,0,runs/spec_rdelay/atla_ppo_hopper_k32_seed0/r_r_hopper_eval.json
online,ATLA-PPO,ATLA-PPO,theta_tau_credit,k=32,l3_anchor,0,0,60.7132,10.513034082691126,20,2.4883,0,runs/spec_rdelay/atla_ppo_hopper_k32_seed0/r_r_hopper_eval.json
online,ATLA-PPO,ATLA-PPO,theta_tau_credit,k=32,l3_in,0,0,514.4247,610.3184329578651,20,16.4290,0,runs/spec_rdelay/atla_ppo_hopper_k32_seed0/r_r_hopper_eval.json
online,ATLA-PPO,ATLA-PPO,theta_tau_credit,k=32,l3_out,0,0,244.8750,345.9722575971546,20,8.1469,0,runs/spec_rdelay/atla_ppo_hopper_k32_seed0/r_r_hopper_eval.json
online,ATLA-PPO,ATLA-PPO,theta_tau_credit,k=32,nominal,0,1,2050.7736,889.2224315192403,20,63.6349,0,runs/spec_rdelay/atla_ppo_hopper_k32_seed0/r_r_hopper_eval.json
online,ATLA-PPO,ATLA-PPO,theta_tau_credit,k=32,l1_anchor,1,0,295.5256,3.4950615796755544,20,9.7031,0,runs/spec_rdelay/atla_ppo_hopper_k32_seed1/r_r_hopper_eval.json
online,ATLA-PPO,ATLA-PPO,theta_tau_credit,k=32,l1_in,1,0,2143.2079,967.8779753599252,20,66.4751,0,runs/spec_rdelay/atla_ppo_hopper_k32_seed1/r_r_hopper_eval.json
online,ATLA-PPO,ATLA-PPO,theta_tau_credit,k=32,l1_out,1,0,1015.2924,1016.0618391690499,20,31.8187,0,runs/spec_rdelay/atla_ppo_hopper_k32_seed1/r_r_hopper_eval.json
online,ATLA-PPO,ATLA-PPO,theta_tau_credit,k=32,l2_anchor,1,0,298.4926,2.723860901557034,20,9.7943,0,runs/spec_rdelay/atla_ppo_hopper_k32_seed1/r_r_hopper_eval.json
online,ATLA-PPO,ATLA-PPO,theta_tau_credit,k=32,l2_in,1,0,1662.1270,1114.7030010436056,20,51.6934,0,runs/spec_rdelay/atla_ppo_hopper_k32_seed1/r_r_hopper_eval.json
online,ATLA-PPO,ATLA-PPO,theta_tau_credit,k=32,l2_out,1,0,1377.8643,1130.9255854290245,20,42.9591,0,runs/spec_rdelay/atla_ppo_hopper_k32_seed1/r_r_hopper_eval.json
online,ATLA-PPO,ATLA-PPO,theta_tau_credit,k=32,l3_anchor,1,0,56.7716,13.491069749438916,20,2.3672,0,runs/spec_rdelay/atla_ppo_hopper_k32_seed1/r_r_hopper_eval.json
online,ATLA-PPO,ATLA-PPO,theta_tau_credit,k=32,l3_in,1,0,955.8700,981.8123067070117,20,29.9929,0,runs/spec_rdelay/atla_ppo_hopper_k32_seed1/r_r_hopper_eval.json
online,ATLA-PPO,ATLA-PPO,theta_tau_credit,k=32,l3_out,1,0,477.7061,750.349150557907,20,15.3008,0,runs/spec_rdelay/atla_ppo_hopper_k32_seed1/r_r_hopper_eval.json
online,ATLA-PPO,ATLA-PPO,theta_tau_credit,k=32,nominal,1,1,2901.1707,44.733881693951034,20,89.7643,0,runs/spec_rdelay/atla_ppo_hopper_k32_seed1/r_r_hopper_eval.json
online,ATLA-PPO,ATLA-PPO,theta_tau_credit,k=32,l1_anchor,2,0,1166.2502,660.2635906722874,20,36.4571,0,runs/spec_rdelay/atla_ppo_hopper_k32_seed2/r_r_hopper_eval.json
online,ATLA-PPO,ATLA-PPO,theta_tau_credit,k=32,l1_in,2,0,1118.6006,563.4317360395473,20,34.9930,0,runs/spec_rdelay/atla_ppo_hopper_k32_seed2/r_r_hopper_eval.json
online,ATLA-PPO,ATLA-PPO,theta_tau_credit,k=32,l1_out,2,0,847.6299,549.7452909640846,20,26.6671,0,runs/spec_rdelay/atla_ppo_hopper_k32_seed2/r_r_hopper_eval.json
online,ATLA-PPO,ATLA-PPO,theta_tau_credit,k=32,l2_anchor,2,0,398.0682,35.029431251469966,20,12.8539,0,runs/spec_rdelay/atla_ppo_hopper_k32_seed2/r_r_hopper_eval.json
online,ATLA-PPO,ATLA-PPO,theta_tau_credit,k=32,l2_in,2,0,1051.3999,451.22719343546515,20,32.9282,0,runs/spec_rdelay/atla_ppo_hopper_k32_seed2/r_r_hopper_eval.json
online,ATLA-PPO,ATLA-PPO,theta_tau_credit,k=32,l2_out,2,0,848.1473,496.0309415035195,20,26.6830,0,runs/spec_rdelay/atla_ppo_hopper_k32_seed2/r_r_hopper_eval.json
online,ATLA-PPO,ATLA-PPO,theta_tau_credit,k=32,l3_anchor,2,0,281.1912,73.52551686416365,20,9.2627,0,runs/spec_rdelay/atla_ppo_hopper_k32_seed2/r_r_hopper_eval.json
online,ATLA-PPO,ATLA-PPO,theta_tau_credit,k=32,l3_in,2,0,829.6844,767.1869288885198,20,26.1157,0,runs/spec_rdelay/atla_ppo_hopper_k32_seed2/r_r_hopper_eval.json
online,ATLA-PPO,ATLA-PPO,theta_tau_credit,k=32,l3_out,2,0,592.6099,653.8843378863635,20,18.8314,0,runs/spec_rdelay/atla_ppo_hopper_k32_seed2/r_r_hopper_eval.json
online,ATLA-PPO,ATLA-PPO,theta_tau_credit,k=32,nominal,2,1,1364.3336,670.4761573920241,20,42.5434,0,runs/spec_rdelay/atla_ppo_hopper_k32_seed2/r_r_hopper_eval.json
online,ATLA-PPO,ATLA-PPO,theta_tau_credit,k=32,l1_anchor,3407,0,325.0902,2.9551834188633372,20,10.6115,0,runs/spec_rdelay/atla_ppo_hopper_k32_seed3407/r_r_hopper_eval.json
online,ATLA-PPO,ATLA-PPO,theta_tau_credit,k=32,l1_in,3407,0,954.0248,655.1360287496407,20,29.9362,0,runs/spec_rdelay/atla_ppo_hopper_k32_seed3407/r_r_hopper_eval.json
online,ATLA-PPO,ATLA-PPO,theta_tau_credit,k=32,l1_out,3407,0,474.3666,275.2467504218828,20,15.1982,0,runs/spec_rdelay/atla_ppo_hopper_k32_seed3407/r_r_hopper_eval.json
online,ATLA-PPO,ATLA-PPO,theta_tau_credit,k=32,l2_anchor,3407,0,293.1883,8.032755636653704,20,9.6313,0,runs/spec_rdelay/atla_ppo_hopper_k32_seed3407/r_r_hopper_eval.json
online,ATLA-PPO,ATLA-PPO,theta_tau_credit,k=32,l2_in,3407,0,718.0802,359.9257219364011,20,22.6866,0,runs/spec_rdelay/atla_ppo_hopper_k32_seed3407/r_r_hopper_eval.json
online,ATLA-PPO,ATLA-PPO,theta_tau_credit,k=32,l2_out,3407,0,631.1027,305.70745721847805,20,20.0141,0,runs/spec_rdelay/atla_ppo_hopper_k32_seed3407/r_r_hopper_eval.json
online,ATLA-PPO,ATLA-PPO,theta_tau_credit,k=32,l3_anchor,3407,0,229.3737,73.583702816018,20,7.6706,0,runs/spec_rdelay/atla_ppo_hopper_k32_seed3407/r_r_hopper_eval.json
online,ATLA-PPO,ATLA-PPO,theta_tau_credit,k=32,l3_in,3407,0,518.2663,301.77471172098035,20,16.5471,0,runs/spec_rdelay/atla_ppo_hopper_k32_seed3407/r_r_hopper_eval.json
online,ATLA-PPO,ATLA-PPO,theta_tau_credit,k=32,l3_out,3407,0,415.1796,357.13505081081183,20,13.3796,0,runs/spec_rdelay/atla_ppo_hopper_k32_seed3407/r_r_hopper_eval.json
online,ATLA-PPO,ATLA-PPO,theta_tau_credit,k=32,nominal,3407,1,1210.1680,498.5900541153405,20,37.8065,0,runs/spec_rdelay/atla_ppo_hopper_k32_seed3407/r_r_hopper_eval.json
online,ATLA-PPO,ATLA-PPO,theta_tau_credit,k=32,l1_anchor,42,0,443.7856,130.73650665633096,20,14.2586,0,runs/spec_rdelay/atla_ppo_hopper_k32_seed42/r_r_hopper_eval.json
online,ATLA-PPO,ATLA-PPO,theta_tau_credit,k=32,l1_in,42,0,1068.2547,350.60732388736295,20,33.4460,0,runs/spec_rdelay/atla_ppo_hopper_k32_seed42/r_r_hopper_eval.json
online,ATLA-PPO,ATLA-PPO,theta_tau_credit,k=32,l1_out,42,0,784.8411,500.32163971263253,20,24.7379,0,runs/spec_rdelay/atla_ppo_hopper_k32_seed42/r_r_hopper_eval.json
online,ATLA-PPO,ATLA-PPO,theta_tau_credit,k=32,l2_anchor,42,0,344.8710,11.131213240216569,20,11.2193,0,runs/spec_rdelay/atla_ppo_hopper_k32_seed42/r_r_hopper_eval.json
online,ATLA-PPO,ATLA-PPO,theta_tau_credit,k=32,l2_in,42,0,979.8237,479.69456193614866,20,30.7289,0,runs/spec_rdelay/atla_ppo_hopper_k32_seed42/r_r_hopper_eval.json
online,ATLA-PPO,ATLA-PPO,theta_tau_credit,k=32,l2_out,42,0,810.4863,597.907490751591,20,25.5258,0,runs/spec_rdelay/atla_ppo_hopper_k32_seed42/r_r_hopper_eval.json
online,ATLA-PPO,ATLA-PPO,theta_tau_credit,k=32,l3_anchor,42,0,356.1594,33.12722906638202,20,11.5662,0,runs/spec_rdelay/atla_ppo_hopper_k32_seed42/r_r_hopper_eval.json
online,ATLA-PPO,ATLA-PPO,theta_tau_credit,k=32,l3_in,42,0,737.5932,401.6730723663687,20,23.2861,0,runs/spec_rdelay/atla_ppo_hopper_k32_seed42/r_r_hopper_eval.json
online,ATLA-PPO,ATLA-PPO,theta_tau_credit,k=32,l3_out,42,0,635.8253,317.478568344193,20,20.1592,0,runs/spec_rdelay/atla_ppo_hopper_k32_seed42/r_r_hopper_eval.json
online,ATLA-PPO,ATLA-PPO,theta_tau_credit,k=32,nominal,42,1,1593.9144,457.42996048263615,20,49.5975,0,runs/spec_rdelay/atla_ppo_hopper_k32_seed42/r_r_hopper_eval.json
online,ATLA-PPO,ATLA-PPO,theta_tau_credit,k=64,l1_anchor,0,0,462.3517,47.34876504098489,20,14.8290,0,runs/spec_rdelay/atla_ppo_hopper_k64_seed0/r_r_hopper_eval.json
online,ATLA-PPO,ATLA-PPO,theta_tau_credit,k=64,l1_in,0,0,678.7947,148.67812835230802,20,21.4795,0,runs/spec_rdelay/atla_ppo_hopper_k64_seed0/r_r_hopper_eval.json
online,ATLA-PPO,ATLA-PPO,theta_tau_credit,k=64,l1_out,0,0,576.6265,157.18291809230473,20,18.3403,0,runs/spec_rdelay/atla_ppo_hopper_k64_seed0/r_r_hopper_eval.json
online,ATLA-PPO,ATLA-PPO,theta_tau_credit,k=64,l2_anchor,0,0,339.9094,31.436003296240134,20,11.0669,0,runs/spec_rdelay/atla_ppo_hopper_k64_seed0/r_r_hopper_eval.json
online,ATLA-PPO,ATLA-PPO,theta_tau_credit,k=64,l2_in,0,0,658.4943,176.2773044715799,20,20.8557,0,runs/spec_rdelay/atla_ppo_hopper_k64_seed0/r_r_hopper_eval.json
online,ATLA-PPO,ATLA-PPO,theta_tau_credit,k=64,l2_out,0,0,614.7587,245.27745389556662,20,19.5119,0,runs/spec_rdelay/atla_ppo_hopper_k64_seed0/r_r_hopper_eval.json
online,ATLA-PPO,ATLA-PPO,theta_tau_credit,k=64,l3_anchor,0,0,321.4297,14.995780591824449,20,10.4991,0,runs/spec_rdelay/atla_ppo_hopper_k64_seed0/r_r_hopper_eval.json
online,ATLA-PPO,ATLA-PPO,theta_tau_credit,k=64,l3_in,0,0,537.8201,265.7815389922516,20,17.1479,0,runs/spec_rdelay/atla_ppo_hopper_k64_seed0/r_r_hopper_eval.json
online,ATLA-PPO,ATLA-PPO,theta_tau_credit,k=64,l3_out,0,0,410.8781,285.68366460675327,20,13.2475,0,runs/spec_rdelay/atla_ppo_hopper_k64_seed0/r_r_hopper_eval.json
online,ATLA-PPO,ATLA-PPO,theta_tau_credit,k=64,nominal,0,1,671.4468,90.28822897895384,20,21.2537,0,runs/spec_rdelay/atla_ppo_hopper_k64_seed0/r_r_hopper_eval.json
online,ATLA-PPO,ATLA-PPO,theta_tau_credit,k=64,l1_anchor,1,0,679.6449,66.42542917384179,20,21.5056,0,runs/spec_rdelay/atla_ppo_hopper_k64_seed1/r_r_hopper_eval.json
online,ATLA-PPO,ATLA-PPO,theta_tau_credit,k=64,l1_in,1,0,951.7505,155.0540680419434,20,29.8663,0,runs/spec_rdelay/atla_ppo_hopper_k64_seed1/r_r_hopper_eval.json
online,ATLA-PPO,ATLA-PPO,theta_tau_credit,k=64,l1_out,1,0,792.1841,539.234206600796,20,24.9635,0,runs/spec_rdelay/atla_ppo_hopper_k64_seed1/r_r_hopper_eval.json
online,ATLA-PPO,ATLA-PPO,theta_tau_credit,k=64,l2_anchor,1,0,399.5079,40.79632927123644,20,12.8981,0,runs/spec_rdelay/atla_ppo_hopper_k64_seed1/r_r_hopper_eval.json
online,ATLA-PPO,ATLA-PPO,theta_tau_credit,k=64,l2_in,1,0,794.1254,247.14608367363556,20,25.0231,0,runs/spec_rdelay/atla_ppo_hopper_k64_seed1/r_r_hopper_eval.json
online,ATLA-PPO,ATLA-PPO,theta_tau_credit,k=64,l2_out,1,0,682.4521,263.564578803706,20,21.5919,0,runs/spec_rdelay/atla_ppo_hopper_k64_seed1/r_r_hopper_eval.json
online,ATLA-PPO,ATLA-PPO,theta_tau_credit,k=64,l3_anchor,1,0,232.4373,90.46671469417849,20,7.7647,0,runs/spec_rdelay/atla_ppo_hopper_k64_seed1/r_r_hopper_eval.json
online,ATLA-PPO,ATLA-PPO,theta_tau_credit,k=64,l3_in,1,0,712.4570,468.7684834843024,20,22.5138,0,runs/spec_rdelay/atla_ppo_hopper_k64_seed1/r_r_hopper_eval.json
online,ATLA-PPO,ATLA-PPO,theta_tau_credit,k=64,l3_out,1,0,405.8385,392.5669767408284,20,13.0926,0,runs/spec_rdelay/atla_ppo_hopper_k64_seed1/r_r_hopper_eval.json
online,ATLA-PPO,ATLA-PPO,theta_tau_credit,k=64,nominal,1,1,1048.8592,150.5341901898905,20,32.8501,0,runs/spec_rdelay/atla_ppo_hopper_k64_seed1/r_r_hopper_eval.json
online,ATLA-PPO,ATLA-PPO,theta_tau_credit,k=64,l1_anchor,2,0,468.9011,62.38716982617375,20,15.0303,0,runs/spec_rdelay/atla_ppo_hopper_k64_seed2/r_r_hopper_eval.json
online,ATLA-PPO,ATLA-PPO,theta_tau_credit,k=64,l1_in,2,0,943.4608,512.6017353504053,20,29.6116,0,runs/spec_rdelay/atla_ppo_hopper_k64_seed2/r_r_hopper_eval.json
online,ATLA-PPO,ATLA-PPO,theta_tau_credit,k=64,l1_out,2,0,682.3003,565.7909075299393,20,21.5872,0,runs/spec_rdelay/atla_ppo_hopper_k64_seed2/r_r_hopper_eval.json
online,ATLA-PPO,ATLA-PPO,theta_tau_credit,k=64,l2_anchor,2,0,341.8771,4.101617673451244,20,11.1273,0,runs/spec_rdelay/atla_ppo_hopper_k64_seed2/r_r_hopper_eval.json
online,ATLA-PPO,ATLA-PPO,theta_tau_credit,k=64,l2_in,2,0,736.8718,378.302044588552,20,23.2640,0,runs/spec_rdelay/atla_ppo_hopper_k64_seed2/r_r_hopper_eval.json
online,ATLA-PPO,ATLA-PPO,theta_tau_credit,k=64,l2_out,2,0,481.6470,345.84943501124695,20,15.4219,0,runs/spec_rdelay/atla_ppo_hopper_k64_seed2/r_r_hopper_eval.json
online,ATLA-PPO,ATLA-PPO,theta_tau_credit,k=64,l3_anchor,2,0,275.5805,110.54465563742937,20,9.0903,0,runs/spec_rdelay/atla_ppo_hopper_k64_seed2/r_r_hopper_eval.json
online,ATLA-PPO,ATLA-PPO,theta_tau_credit,k=64,l3_in,2,0,617.7735,546.5978518114763,20,19.6045,0,runs/spec_rdelay/atla_ppo_hopper_k64_seed2/r_r_hopper_eval.json
online,ATLA-PPO,ATLA-PPO,theta_tau_credit,k=64,l3_out,2,0,366.7770,353.054157931858,20,11.8924,0,runs/spec_rdelay/atla_ppo_hopper_k64_seed2/r_r_hopper_eval.json
online,ATLA-PPO,ATLA-PPO,theta_tau_credit,k=64,nominal,2,1,1005.1696,428.62978852152406,20,31.5077,0,runs/spec_rdelay/atla_ppo_hopper_k64_seed2/r_r_hopper_eval.json
online,ATLA-PPO,ATLA-PPO,theta_tau_credit,k=64,l1_anchor,3407,0,974.9711,245.3486331631267,20,30.5798,0,runs/spec_rdelay/atla_ppo_hopper_k64_seed3407/r_r_hopper_eval.json
online,ATLA-PPO,ATLA-PPO,theta_tau_credit,k=64,l1_in,3407,0,1270.8258,397.45934477556403,20,39.6702,0,runs/spec_rdelay/atla_ppo_hopper_k64_seed3407/r_r_hopper_eval.json
online,ATLA-PPO,ATLA-PPO,theta_tau_credit,k=64,l1_out,3407,0,1018.4336,541.3311317234399,20,31.9152,0,runs/spec_rdelay/atla_ppo_hopper_k64_seed3407/r_r_hopper_eval.json
online,ATLA-PPO,ATLA-PPO,theta_tau_credit,k=64,l2_anchor,3407,0,606.1871,112.95212041106211,20,19.2485,0,runs/spec_rdelay/atla_ppo_hopper_k64_seed3407/r_r_hopper_eval.json
online,ATLA-PPO,ATLA-PPO,theta_tau_credit,k=64,l2_in,3407,0,1121.0108,616.04573237801,20,35.0670,0,runs/spec_rdelay/atla_ppo_hopper_k64_seed3407/r_r_hopper_eval.json
online,ATLA-PPO,ATLA-PPO,theta_tau_credit,k=64,l2_out,3407,0,844.4840,364.60352937979974,20,26.5705,0,runs/spec_rdelay/atla_ppo_hopper_k64_seed3407/r_r_hopper_eval.json
online,ATLA-PPO,ATLA-PPO,theta_tau_credit,k=64,l3_anchor,3407,0,366.2828,33.8797046257741,20,11.8772,0,runs/spec_rdelay/atla_ppo_hopper_k64_seed3407/r_r_hopper_eval.json
online,ATLA-PPO,ATLA-PPO,theta_tau_credit,k=64,l3_in,3407,0,1062.2988,463.6230744478192,20,33.2630,0,runs/spec_rdelay/atla_ppo_hopper_k64_seed3407/r_r_hopper_eval.json
online,ATLA-PPO,ATLA-PPO,theta_tau_credit,k=64,l3_out,3407,0,776.7786,513.2113655901921,20,24.4901,0,runs/spec_rdelay/atla_ppo_hopper_k64_seed3407/r_r_hopper_eval.json
online,ATLA-PPO,ATLA-PPO,theta_tau_credit,k=64,nominal,3407,1,1355.7843,346.3447598053639,20,42.2807,0,runs/spec_rdelay/atla_ppo_hopper_k64_seed3407/r_r_hopper_eval.json
online,ATLA-PPO,ATLA-PPO,theta_tau_credit,k=64,l1_anchor,42,0,753.7013,81.36073273210077,20,23.7811,0,runs/spec_rdelay/atla_ppo_hopper_k64_seed42/r_r_hopper_eval.json
online,ATLA-PPO,ATLA-PPO,theta_tau_credit,k=64,l1_in,42,0,898.5482,158.77569253529938,20,28.2316,0,runs/spec_rdelay/atla_ppo_hopper_k64_seed42/r_r_hopper_eval.json
online,ATLA-PPO,ATLA-PPO,theta_tau_credit,k=64,l1_out,42,0,719.6628,223.5017686847984,20,22.7352,0,runs/spec_rdelay/atla_ppo_hopper_k64_seed42/r_r_hopper_eval.json
online,ATLA-PPO,ATLA-PPO,theta_tau_credit,k=64,l2_anchor,42,0,476.6455,9.345845194802335,20,15.2682,0,runs/spec_rdelay/atla_ppo_hopper_k64_seed42/r_r_hopper_eval.json
online,ATLA-PPO,ATLA-PPO,theta_tau_credit,k=64,l2_in,42,0,897.3835,245.1882487713639,20,28.1958,0,runs/spec_rdelay/atla_ppo_hopper_k64_seed42/r_r_hopper_eval.json
online,ATLA-PPO,ATLA-PPO,theta_tau_credit,k=64,l2_out,42,0,688.8089,208.54482529801734,20,21.7872,0,runs/spec_rdelay/atla_ppo_hopper_k64_seed42/r_r_hopper_eval.json
online,ATLA-PPO,ATLA-PPO,theta_tau_credit,k=64,l3_anchor,42,0,365.2620,48.23759496887117,20,11.8459,0,runs/spec_rdelay/atla_ppo_hopper_k64_seed42/r_r_hopper_eval.json
online,ATLA-PPO,ATLA-PPO,theta_tau_credit,k=64,l3_in,42,0,745.4278,280.1422401269497,20,23.5268,0,runs/spec_rdelay/atla_ppo_hopper_k64_seed42/r_r_hopper_eval.json
online,ATLA-PPO,ATLA-PPO,theta_tau_credit,k=64,l3_out,42,0,496.2089,339.5278086452518,20,15.8693,0,runs/spec_rdelay/atla_ppo_hopper_k64_seed42/r_r_hopper_eval.json
online,ATLA-PPO,ATLA-PPO,theta_tau_credit,k=64,nominal,42,1,930.7173,85.78080686712354,20,29.2201,0,runs/spec_rdelay/atla_ppo_hopper_k64_seed42/r_r_hopper_eval.json
online,ATLA-SA-PPO,ATLA-SA-PPO,theta_r,m=gauss,l1_anchor,0,0,621.1064,34.02738961323522,20,19.7069,0,runs/spec_rnoise/atla_sa_hopper_rgauss_seed0/r_r_hopper_eval.json
online,ATLA-SA-PPO,ATLA-SA-PPO,theta_r,m=gauss,l1_in,0,0,2821.8023,1112.609290476279,20,87.3256,0,runs/spec_rnoise/atla_sa_hopper_rgauss_seed0/r_r_hopper_eval.json
online,ATLA-SA-PPO,ATLA-SA-PPO,theta_r,m=gauss,l1_out,0,0,1538.0305,1266.7195300374474,20,47.8804,0,runs/spec_rnoise/atla_sa_hopper_rgauss_seed0/r_r_hopper_eval.json
online,ATLA-SA-PPO,ATLA-SA-PPO,theta_r,m=gauss,l2_anchor,0,0,356.6438,15.879745511029926,20,11.5811,0,runs/spec_rnoise/atla_sa_hopper_rgauss_seed0/r_r_hopper_eval.json
online,ATLA-SA-PPO,ATLA-SA-PPO,theta_r,m=gauss,l2_in,0,0,2035.7591,1390.5458262796167,20,63.1736,0,runs/spec_rnoise/atla_sa_hopper_rgauss_seed0/r_r_hopper_eval.json
online,ATLA-SA-PPO,ATLA-SA-PPO,theta_r,m=gauss,l2_out,0,0,1221.8440,1080.1179163550216,20,38.1652,0,runs/spec_rnoise/atla_sa_hopper_rgauss_seed0/r_r_hopper_eval.json
online,ATLA-SA-PPO,ATLA-SA-PPO,theta_r,m=gauss,l3_anchor,0,0,313.4961,12.984396583368687,20,10.2553,0,runs/spec_rnoise/atla_sa_hopper_rgauss_seed0/r_r_hopper_eval.json
online,ATLA-SA-PPO,ATLA-SA-PPO,theta_r,m=gauss,l3_in,0,0,1289.3625,443.9779885481963,20,40.2398,0,runs/spec_rnoise/atla_sa_hopper_rgauss_seed0/r_r_hopper_eval.json
online,ATLA-SA-PPO,ATLA-SA-PPO,theta_r,m=gauss,l3_out,0,0,991.6786,637.9923085535985,20,31.0932,0,runs/spec_rnoise/atla_sa_hopper_rgauss_seed0/r_r_hopper_eval.json
online,ATLA-SA-PPO,ATLA-SA-PPO,theta_r,m=gauss,nominal,0,1,3507.5407,19.03442435709686,20,108.3956,0,runs/spec_rnoise/atla_sa_hopper_rgauss_seed0/r_r_hopper_eval.json
online,ATLA-SA-PPO,ATLA-SA-PPO,theta_r,m=gauss,l1_anchor,1,0,674.2712,37.4642561032689,20,21.3405,0,runs/spec_rnoise/atla_sa_hopper_rgauss_seed1/r_r_hopper_eval.json
online,ATLA-SA-PPO,ATLA-SA-PPO,theta_r,m=gauss,l1_in,1,0,2395.5765,1109.5827819998804,20,74.2294,0,runs/spec_rnoise/atla_sa_hopper_rgauss_seed1/r_r_hopper_eval.json
online,ATLA-SA-PPO,ATLA-SA-PPO,theta_r,m=gauss,l1_out,1,0,1637.9886,1318.3342352685022,20,50.9517,0,runs/spec_rnoise/atla_sa_hopper_rgauss_seed1/r_r_hopper_eval.json
online,ATLA-SA-PPO,ATLA-SA-PPO,theta_r,m=gauss,l2_anchor,1,0,433.6815,10.42780445367772,20,13.9481,0,runs/spec_rnoise/atla_sa_hopper_rgauss_seed1/r_r_hopper_eval.json
online,ATLA-SA-PPO,ATLA-SA-PPO,theta_r,m=gauss,l2_in,1,0,1773.1689,1241.161226805604,20,55.1052,0,runs/spec_rnoise/atla_sa_hopper_rgauss_seed1/r_r_hopper_eval.json
online,ATLA-SA-PPO,ATLA-SA-PPO,theta_r,m=gauss,l2_out,1,0,1245.8938,1092.8508264319205,20,38.9042,0,runs/spec_rnoise/atla_sa_hopper_rgauss_seed1/r_r_hopper_eval.json
online,ATLA-SA-PPO,ATLA-SA-PPO,theta_r,m=gauss,l3_anchor,1,0,316.8506,19.32201377130001,20,10.3584,0,runs/spec_rnoise/atla_sa_hopper_rgauss_seed1/r_r_hopper_eval.json
online,ATLA-SA-PPO,ATLA-SA-PPO,theta_r,m=gauss,l3_in,1,0,1320.5250,635.4334983210255,20,41.1973,0,runs/spec_rnoise/atla_sa_hopper_rgauss_seed1/r_r_hopper_eval.json
online,ATLA-SA-PPO,ATLA-SA-PPO,theta_r,m=gauss,l3_out,1,0,863.1189,541.4108223627043,20,27.1430,0,runs/spec_rnoise/atla_sa_hopper_rgauss_seed1/r_r_hopper_eval.json
online,ATLA-SA-PPO,ATLA-SA-PPO,theta_r,m=gauss,nominal,1,1,3463.9950,190.9647240530741,20,107.0576,0,runs/spec_rnoise/atla_sa_hopper_rgauss_seed1/r_r_hopper_eval.json
online,ATLA-SA-PPO,ATLA-SA-PPO,theta_r,m=gauss,l1_anchor,2,0,699.7506,63.93845767311445,20,22.1234,0,runs/spec_rnoise/atla_sa_hopper_rgauss_seed2/r_r_hopper_eval.json
online,ATLA-SA-PPO,ATLA-SA-PPO,theta_r,m=gauss,l1_in,2,0,2729.6577,1071.8588384600498,20,84.4943,0,runs/spec_rnoise/atla_sa_hopper_rgauss_seed2/r_r_hopper_eval.json
online,ATLA-SA-PPO,ATLA-SA-PPO,theta_r,m=gauss,l1_out,2,0,1340.3099,1051.596297028425,20,41.8052,0,runs/spec_rnoise/atla_sa_hopper_rgauss_seed2/r_r_hopper_eval.json
online,ATLA-SA-PPO,ATLA-SA-PPO,theta_r,m=gauss,l2_anchor,2,0,491.3438,9.286300613118748,20,15.7199,0,runs/spec_rnoise/atla_sa_hopper_rgauss_seed2/r_r_hopper_eval.json
online,ATLA-SA-PPO,ATLA-SA-PPO,theta_r,m=gauss,l2_in,2,0,1778.0404,1281.995983380669,20,55.2549,0,runs/spec_rnoise/atla_sa_hopper_rgauss_seed2/r_r_hopper_eval.json
online,ATLA-SA-PPO,ATLA-SA-PPO,theta_r,m=gauss,l2_out,2,0,1501.8926,1276.769814129512,20,46.7700,0,runs/spec_rnoise/atla_sa_hopper_rgauss_seed2/r_r_hopper_eval.json
online,ATLA-SA-PPO,ATLA-SA-PPO,theta_r,m=gauss,l3_anchor,2,0,315.4346,33.89521203685061,20,10.3149,0,runs/spec_rnoise/atla_sa_hopper_rgauss_seed2/r_r_hopper_eval.json
online,ATLA-SA-PPO,ATLA-SA-PPO,theta_r,m=gauss,l3_in,2,0,1371.8961,732.8595812120973,20,42.7757,0,runs/spec_rnoise/atla_sa_hopper_rgauss_seed2/r_r_hopper_eval.json
online,ATLA-SA-PPO,ATLA-SA-PPO,theta_r,m=gauss,l3_out,2,0,755.1864,569.9154248017338,20,23.8267,0,runs/spec_rnoise/atla_sa_hopper_rgauss_seed2/r_r_hopper_eval.json
online,ATLA-SA-PPO,ATLA-SA-PPO,theta_r,m=gauss,nominal,2,1,2774.0667,602.9761649174891,20,85.8589,0,runs/spec_rnoise/atla_sa_hopper_rgauss_seed2/r_r_hopper_eval.json
online,ATLA-SA-PPO,ATLA-SA-PPO,theta_r,m=gauss,l1_anchor,3407,0,268.5040,6.333938641103762,20,8.8729,0,runs/spec_rnoise/atla_sa_hopper_rgauss_seed3407/r_r_hopper_eval.json
online,ATLA-SA-PPO,ATLA-SA-PPO,theta_r,m=gauss,l1_in,3407,0,1887.4950,1326.8927984603931,20,58.6180,0,runs/spec_rnoise/atla_sa_hopper_rgauss_seed3407/r_r_hopper_eval.json
online,ATLA-SA-PPO,ATLA-SA-PPO,theta_r,m=gauss,l1_out,3407,0,1161.8001,1242.9058572805172,20,36.3203,0,runs/spec_rnoise/atla_sa_hopper_rgauss_seed3407/r_r_hopper_eval.json
online,ATLA-SA-PPO,ATLA-SA-PPO,theta_r,m=gauss,l2_anchor,3407,0,266.4293,6.002912252495836,20,8.8091,0,runs/spec_rnoise/atla_sa_hopper_rgauss_seed3407/r_r_hopper_eval.json
online,ATLA-SA-PPO,ATLA-SA-PPO,theta_r,m=gauss,l2_in,3407,0,1516.3665,1230.962548605777,20,47.2147,0,runs/spec_rnoise/atla_sa_hopper_rgauss_seed3407/r_r_hopper_eval.json
online,ATLA-SA-PPO,ATLA-SA-PPO,theta_r,m=gauss,l2_out,3407,0,896.2950,777.7431486752121,20,28.1624,0,runs/spec_rnoise/atla_sa_hopper_rgauss_seed3407/r_r_hopper_eval.json
online,ATLA-SA-PPO,ATLA-SA-PPO,theta_r,m=gauss,l3_anchor,3407,0,255.0028,17.675420656786184,20,8.4580,0,runs/spec_rnoise/atla_sa_hopper_rgauss_seed3407/r_r_hopper_eval.json
online,ATLA-SA-PPO,ATLA-SA-PPO,theta_r,m=gauss,l3_in,3407,0,864.0799,483.72949673707444,20,27.1726,0,runs/spec_rnoise/atla_sa_hopper_rgauss_seed3407/r_r_hopper_eval.json
online,ATLA-SA-PPO,ATLA-SA-PPO,theta_r,m=gauss,l3_out,3407,0,581.1493,466.7870414299174,20,18.4792,0,runs/spec_rnoise/atla_sa_hopper_rgauss_seed3407/r_r_hopper_eval.json
online,ATLA-SA-PPO,ATLA-SA-PPO,theta_r,m=gauss,nominal,3407,1,3491.2957,215.667939103416,20,107.8965,0,runs/spec_rnoise/atla_sa_hopper_rgauss_seed3407/r_r_hopper_eval.json
online,ATLA-SA-PPO,ATLA-SA-PPO,theta_r,m=gauss,l1_anchor,42,0,762.2865,69.8893963620345,20,24.0448,0,runs/spec_rnoise/atla_sa_hopper_rgauss_seed42/r_r_hopper_eval.json
online,ATLA-SA-PPO,ATLA-SA-PPO,theta_r,m=gauss,l1_in,42,0,2768.9577,1047.3450936012546,20,85.7019,0,runs/spec_rnoise/atla_sa_hopper_rgauss_seed42/r_r_hopper_eval.json
online,ATLA-SA-PPO,ATLA-SA-PPO,theta_r,m=gauss,l1_out,42,0,1646.4932,1361.314382965931,20,51.2130,0,runs/spec_rnoise/atla_sa_hopper_rgauss_seed42/r_r_hopper_eval.json
online,ATLA-SA-PPO,ATLA-SA-PPO,theta_r,m=gauss,l2_anchor,42,0,331.8553,15.658578770803116,20,10.8194,0,runs/spec_rnoise/atla_sa_hopper_rgauss_seed42/r_r_hopper_eval.json
online,ATLA-SA-PPO,ATLA-SA-PPO,theta_r,m=gauss,l2_in,42,0,1731.8522,1200.774540484806,20,53.8358,0,runs/spec_rnoise/atla_sa_hopper_rgauss_seed42/r_r_hopper_eval.json
online,ATLA-SA-PPO,ATLA-SA-PPO,theta_r,m=gauss,l2_out,42,0,1022.1437,993.8266823742725,20,32.0292,0,runs/spec_rnoise/atla_sa_hopper_rgauss_seed42/r_r_hopper_eval.json
online,ATLA-SA-PPO,ATLA-SA-PPO,theta_r,m=gauss,l3_anchor,42,0,291.8659,23.533519392621848,20,9.5907,0,runs/spec_rnoise/atla_sa_hopper_rgauss_seed42/r_r_hopper_eval.json
online,ATLA-SA-PPO,ATLA-SA-PPO,theta_r,m=gauss,l3_in,42,0,1340.6278,653.7816064365,20,41.8150,0,runs/spec_rnoise/atla_sa_hopper_rgauss_seed42/r_r_hopper_eval.json
online,ATLA-SA-PPO,ATLA-SA-PPO,theta_r,m=gauss,l3_out,42,0,784.0880,488.2846401129491,20,24.7147,0,runs/spec_rnoise/atla_sa_hopper_rgauss_seed42/r_r_hopper_eval.json
online,ATLA-SA-PPO,ATLA-SA-PPO,theta_r,m=gauss,nominal,42,1,3251.8265,703.1148360416619,20,100.5385,0,runs/spec_rnoise/atla_sa_hopper_rgauss_seed42/r_r_hopper_eval.json
online,ATLA-SA-PPO,ATLA-SA-PPO,theta_r,m=uniform,l1_anchor,0,0,249.0458,24.256276087137284,20,8.2750,0,runs/spec_rnoise/atla_sa_hopper_runiform_seed0/r_r_hopper_eval.json
online,ATLA-SA-PPO,ATLA-SA-PPO,theta_r,m=uniform,l1_in,0,0,1792.2829,1072.4049036335637,20,55.6925,0,runs/spec_rnoise/atla_sa_hopper_runiform_seed0/r_r_hopper_eval.json
online,ATLA-SA-PPO,ATLA-SA-PPO,theta_r,m=uniform,l1_out,0,0,948.5911,1058.7248907107603,20,29.7693,0,runs/spec_rnoise/atla_sa_hopper_runiform_seed0/r_r_hopper_eval.json
online,ATLA-SA-PPO,ATLA-SA-PPO,theta_r,m=uniform,l2_anchor,0,0,244.0614,3.9449212553043935,20,8.1219,0,runs/spec_rnoise/atla_sa_hopper_runiform_seed0/r_r_hopper_eval.json
online,ATLA-SA-PPO,ATLA-SA-PPO,theta_r,m=uniform,l2_in,0,0,1185.5081,630.1469845619393,20,37.0488,0,runs/spec_rnoise/atla_sa_hopper_runiform_seed0/r_r_hopper_eval.json
online,ATLA-SA-PPO,ATLA-SA-PPO,theta_r,m=uniform,l2_out,0,0,998.8536,785.6888519599125,20,31.3136,0,runs/spec_rnoise/atla_sa_hopper_runiform_seed0/r_r_hopper_eval.json
online,ATLA-SA-PPO,ATLA-SA-PPO,theta_r,m=uniform,l3_anchor,0,0,248.2692,9.635908409705237,20,8.2511,0,runs/spec_rnoise/atla_sa_hopper_runiform_seed0/r_r_hopper_eval.json
online,ATLA-SA-PPO,ATLA-SA-PPO,theta_r,m=uniform,l3_in,0,0,749.0561,500.5246734454916,20,23.6383,0,runs/spec_rnoise/atla_sa_hopper_runiform_seed0/r_r_hopper_eval.json
online,ATLA-SA-PPO,ATLA-SA-PPO,theta_r,m=uniform,l3_out,0,0,475.8010,423.74939891314943,20,15.2423,0,runs/spec_rnoise/atla_sa_hopper_runiform_seed0/r_r_hopper_eval.json
online,ATLA-SA-PPO,ATLA-SA-PPO,theta_r,m=uniform,nominal,0,1,2001.7675,536.5281711733313,20,62.1292,0,runs/spec_rnoise/atla_sa_hopper_runiform_seed0/r_r_hopper_eval.json
online,ATLA-SA-PPO,ATLA-SA-PPO,theta_r,m=uniform,l1_anchor,1,0,410.6558,65.86782493928871,20,13.2406,0,runs/spec_rnoise/atla_sa_hopper_runiform_seed1/r_r_hopper_eval.json
online,ATLA-SA-PPO,ATLA-SA-PPO,theta_r,m=uniform,l1_in,1,0,1501.7521,1108.467711960523,20,46.7657,0,runs/spec_rnoise/atla_sa_hopper_runiform_seed1/r_r_hopper_eval.json
online,ATLA-SA-PPO,ATLA-SA-PPO,theta_r,m=uniform,l1_out,1,0,832.9993,786.9704462100766,20,26.2176,0,runs/spec_rnoise/atla_sa_hopper_runiform_seed1/r_r_hopper_eval.json
online,ATLA-SA-PPO,ATLA-SA-PPO,theta_r,m=uniform,l2_anchor,1,0,285.4763,8.728419444350598,20,9.3944,0,runs/spec_rnoise/atla_sa_hopper_runiform_seed1/r_r_hopper_eval.json
online,ATLA-SA-PPO,ATLA-SA-PPO,theta_r,m=uniform,l2_in,1,0,1722.5212,1277.5112750335518,20,53.5490,0,runs/spec_rnoise/atla_sa_hopper_runiform_seed1/r_r_hopper_eval.json
online,ATLA-SA-PPO,ATLA-SA-PPO,theta_r,m=uniform,l2_out,1,0,1613.3861,1340.919879743706,20,50.1958,0,runs/spec_rnoise/atla_sa_hopper_runiform_seed1/r_r_hopper_eval.json
online,ATLA-SA-PPO,ATLA-SA-PPO,theta_r,m=uniform,l3_anchor,1,0,281.4002,19.059415069153417,20,9.2691,0,runs/spec_rnoise/atla_sa_hopper_runiform_seed1/r_r_hopper_eval.json
online,ATLA-SA-PPO,ATLA-SA-PPO,theta_r,m=uniform,l3_in,1,0,1160.8658,753.5108607199443,20,36.2916,0,runs/spec_rnoise/atla_sa_hopper_runiform_seed1/r_r_hopper_eval.json
online,ATLA-SA-PPO,ATLA-SA-PPO,theta_r,m=uniform,l3_out,1,0,833.2698,443.48575413352745,20,26.2259,0,runs/spec_rnoise/atla_sa_hopper_runiform_seed1/r_r_hopper_eval.json
online,ATLA-SA-PPO,ATLA-SA-PPO,theta_r,m=uniform,nominal,1,1,2894.8331,619.9895748639689,20,89.5695,0,runs/spec_rnoise/atla_sa_hopper_runiform_seed1/r_r_hopper_eval.json
online,ATLA-SA-PPO,ATLA-SA-PPO,theta_r,m=uniform,l1_anchor,2,0,804.2396,30.716744911884682,20,25.3339,0,runs/spec_rnoise/atla_sa_hopper_runiform_seed2/r_r_hopper_eval.json
online,ATLA-SA-PPO,ATLA-SA-PPO,theta_r,m=uniform,l1_in,2,0,2854.4173,1038.7918044106277,20,88.3277,0,runs/spec_rnoise/atla_sa_hopper_runiform_seed2/r_r_hopper_eval.json
online,ATLA-SA-PPO,ATLA-SA-PPO,theta_r,m=uniform,l1_out,2,0,1541.1607,1205.282752485409,20,47.9766,0,runs/spec_rnoise/atla_sa_hopper_runiform_seed2/r_r_hopper_eval.json
online,ATLA-SA-PPO,ATLA-SA-PPO,theta_r,m=uniform,l2_anchor,2,0,422.9119,16.640915071361334,20,13.6172,0,runs/spec_rnoise/atla_sa_hopper_runiform_seed2/r_r_hopper_eval.json
online,ATLA-SA-PPO,ATLA-SA-PPO,theta_r,m=uniform,l2_in,2,0,2021.7794,1280.2951584758805,20,62.7441,0,runs/spec_rnoise/atla_sa_hopper_runiform_seed2/r_r_hopper_eval.json
online,ATLA-SA-PPO,ATLA-SA-PPO,theta_r,m=uniform,l2_out,2,0,1145.4045,904.9607078778695,20,35.8165,0,runs/spec_rnoise/atla_sa_hopper_runiform_seed2/r_r_hopper_eval.json
online,ATLA-SA-PPO,ATLA-SA-PPO,theta_r,m=uniform,l3_anchor,2,0,312.7723,17.913560196474965,20,10.2331,0,runs/spec_rnoise/atla_sa_hopper_runiform_seed2/r_r_hopper_eval.json
online,ATLA-SA-PPO,ATLA-SA-PPO,theta_r,m=uniform,l3_in,2,0,1351.6175,520.6284130749817,20,42.1526,0,runs/spec_rnoise/atla_sa_hopper_runiform_seed2/r_r_hopper_eval.json
online,ATLA-SA-PPO,ATLA-SA-PPO,theta_r,m=uniform,l3_out,2,0,769.4658,521.4850089414624,20,24.2654,0,runs/spec_rnoise/atla_sa_hopper_runiform_seed2/r_r_hopper_eval.json
online,ATLA-SA-PPO,ATLA-SA-PPO,theta_r,m=uniform,nominal,2,1,3470.6522,271.16582806885503,20,107.2622,0,runs/spec_rnoise/atla_sa_hopper_runiform_seed2/r_r_hopper_eval.json
online,ATLA-SA-PPO,ATLA-SA-PPO,theta_r,m=uniform,l1_anchor,3407,0,287.8218,5.100907318333414,20,9.4664,0,runs/spec_rnoise/atla_sa_hopper_runiform_seed3407/r_r_hopper_eval.json
online,ATLA-SA-PPO,ATLA-SA-PPO,theta_r,m=uniform,l1_in,3407,0,2258.5904,1390.521553775304,20,70.0203,0,runs/spec_rnoise/atla_sa_hopper_runiform_seed3407/r_r_hopper_eval.json
online,ATLA-SA-PPO,ATLA-SA-PPO,theta_r,m=uniform,l1_out,3407,0,1016.3119,1163.8867082100805,20,31.8500,0,runs/spec_rnoise/atla_sa_hopper_runiform_seed3407/r_r_hopper_eval.json
online,ATLA-SA-PPO,ATLA-SA-PPO,theta_r,m=uniform,l2_anchor,3407,0,286.5840,5.55393060252882,20,9.4284,0,runs/spec_rnoise/atla_sa_hopper_runiform_seed3407/r_r_hopper_eval.json
online,ATLA-SA-PPO,ATLA-SA-PPO,theta_r,m=uniform,l2_in,3407,0,1601.1748,1225.3220558088515,20,49.8206,0,runs/spec_rnoise/atla_sa_hopper_runiform_seed3407/r_r_hopper_eval.json
online,ATLA-SA-PPO,ATLA-SA-PPO,theta_r,m=uniform,l2_out,3407,0,1400.9693,1193.7300824088804,20,43.6690,0,runs/spec_rnoise/atla_sa_hopper_runiform_seed3407/r_r_hopper_eval.json
online,ATLA-SA-PPO,ATLA-SA-PPO,theta_r,m=uniform,l3_anchor,3407,0,273.9843,16.530561481848437,20,9.0413,0,runs/spec_rnoise/atla_sa_hopper_runiform_seed3407/r_r_hopper_eval.json
online,ATLA-SA-PPO,ATLA-SA-PPO,theta_r,m=uniform,l3_in,3407,0,1054.6785,555.9687407519251,20,33.0289,0,runs/spec_rnoise/atla_sa_hopper_runiform_seed3407/r_r_hopper_eval.json
online,ATLA-SA-PPO,ATLA-SA-PPO,theta_r,m=uniform,l3_out,3407,0,680.0451,474.6365945488694,20,21.5179,0,runs/spec_rnoise/atla_sa_hopper_runiform_seed3407/r_r_hopper_eval.json
online,ATLA-SA-PPO,ATLA-SA-PPO,theta_r,m=uniform,nominal,3407,1,3169.7131,601.5255368125405,20,98.0155,0,runs/spec_rnoise/atla_sa_hopper_runiform_seed3407/r_r_hopper_eval.json
online,ATLA-SA-PPO,ATLA-SA-PPO,theta_r,m=uniform,l1_anchor,42,0,337.4175,47.60871742516643,20,10.9903,0,runs/spec_rnoise/atla_sa_hopper_runiform_seed42/r_r_hopper_eval.json
online,ATLA-SA-PPO,ATLA-SA-PPO,theta_r,m=uniform,l1_in,42,0,1631.5532,966.6995947165503,20,50.7540,0,runs/spec_rnoise/atla_sa_hopper_runiform_seed42/r_r_hopper_eval.json
online,ATLA-SA-PPO,ATLA-SA-PPO,theta_r,m=uniform,l1_out,42,0,1036.7289,1007.3175443834099,20,32.4774,0,runs/spec_rnoise/atla_sa_hopper_runiform_seed42/r_r_hopper_eval.json
online,ATLA-SA-PPO,ATLA-SA-PPO,theta_r,m=uniform,l2_anchor,42,0,292.0960,4.894653044794594,20,9.5978,0,runs/spec_rnoise/atla_sa_hopper_runiform_seed42/r_r_hopper_eval.json
online,ATLA-SA-PPO,ATLA-SA-PPO,theta_r,m=uniform,l2_in,42,0,1470.2939,1015.0104271376935,20,45.7991,0,runs/spec_rnoise/atla_sa_hopper_runiform_seed42/r_r_hopper_eval.json
online,ATLA-SA-PPO,ATLA-SA-PPO,theta_r,m=uniform,l2_out,42,0,1024.2431,801.8552545471275,20,32.0937,0,runs/spec_rnoise/atla_sa_hopper_runiform_seed42/r_r_hopper_eval.json
online,ATLA-SA-PPO,ATLA-SA-PPO,theta_r,m=uniform,l3_anchor,42,0,271.9756,27.838934272720184,20,8.9795,0,runs/spec_rnoise/atla_sa_hopper_runiform_seed42/r_r_hopper_eval.json
online,ATLA-SA-PPO,ATLA-SA-PPO,theta_r,m=uniform,l3_in,42,0,1040.4945,484.6177003880157,20,32.5931,0,runs/spec_rnoise/atla_sa_hopper_runiform_seed42/r_r_hopper_eval.json
online,ATLA-SA-PPO,ATLA-SA-PPO,theta_r,m=uniform,l3_out,42,0,780.8164,526.6643202362752,20,24.6142,0,runs/spec_rnoise/atla_sa_hopper_runiform_seed42/r_r_hopper_eval.json
online,ATLA-SA-PPO,ATLA-SA-PPO,theta_r,m=uniform,nominal,42,1,1659.5179,695.5721490548937,20,51.6132,0,runs/spec_rnoise/atla_sa_hopper_runiform_seed42/r_r_hopper_eval.json
online,ATLA-SA-PPO,ATLA-SA-PPO,theta_r,m=shift,l1_anchor,0,0,330.5238,2.9517162036412694,20,10.7785,0,runs/spec_rnoise/atla_sa_hopper_rshift_seed0/r_r_hopper_eval.json
online,ATLA-SA-PPO,ATLA-SA-PPO,theta_r,m=shift,l1_in,0,0,2921.8952,1646.045454825198,20,90.4010,0,runs/spec_rnoise/atla_sa_hopper_rshift_seed0/r_r_hopper_eval.json
online,ATLA-SA-PPO,ATLA-SA-PPO,theta_r,m=shift,l1_out,0,0,1333.8995,1465.4930255257302,20,41.6082,0,runs/spec_rnoise/atla_sa_hopper_rshift_seed0/r_r_hopper_eval.json
online,ATLA-SA-PPO,ATLA-SA-PPO,theta_r,m=shift,l2_anchor,0,0,339.0461,3.6785643903418808,20,11.0404,0,runs/spec_rnoise/atla_sa_hopper_rshift_seed0/r_r_hopper_eval.json
online,ATLA-SA-PPO,ATLA-SA-PPO,theta_r,m=shift,l2_in,0,0,2078.7305,1699.3761797808177,20,64.4939,0,runs/spec_rnoise/atla_sa_hopper_rshift_seed0/r_r_hopper_eval.json
online,ATLA-SA-PPO,ATLA-SA-PPO,theta_r,m=shift,l2_out,0,0,1763.1446,1581.3370136152319,20,54.7972,0,runs/spec_rnoise/atla_sa_hopper_rshift_seed0/r_r_hopper_eval.json
online,ATLA-SA-PPO,ATLA-SA-PPO,theta_r,m=shift,l3_anchor,0,0,299.0782,21.355845162562318,20,9.8123,0,runs/spec_rnoise/atla_sa_hopper_rshift_seed0/r_r_hopper_eval.json
online,ATLA-SA-PPO,ATLA-SA-PPO,theta_r,m=shift,l3_in,0,0,1344.1315,1018.633222600122,20,41.9226,0,runs/spec_rnoise/atla_sa_hopper_rshift_seed0/r_r_hopper_eval.json
online,ATLA-SA-PPO,ATLA-SA-PPO,theta_r,m=shift,l3_out,0,0,822.1497,662.4431137950147,20,25.8842,0,runs/spec_rnoise/atla_sa_hopper_rshift_seed0/r_r_hopper_eval.json
online,ATLA-SA-PPO,ATLA-SA-PPO,theta_r,m=shift,nominal,0,1,4059.7078,14.685791584039812,20,125.3615,0,runs/spec_rnoise/atla_sa_hopper_rshift_seed0/r_r_hopper_eval.json
online,ATLA-SA-PPO,ATLA-SA-PPO,theta_r,m=shift,l1_anchor,1,0,345.8444,33.664192839008614,20,11.2492,0,runs/spec_rnoise/atla_sa_hopper_rshift_seed1/r_r_hopper_eval.json
online,ATLA-SA-PPO,ATLA-SA-PPO,theta_r,m=shift,l1_in,1,0,2665.8799,1581.5959135912333,20,82.5347,0,runs/spec_rnoise/atla_sa_hopper_rshift_seed1/r_r_hopper_eval.json
online,ATLA-SA-PPO,ATLA-SA-PPO,theta_r,m=shift,l1_out,1,0,1366.3855,1429.621633006367,20,42.6064,0,runs/spec_rnoise/atla_sa_hopper_rshift_seed1/r_r_hopper_eval.json
online,ATLA-SA-PPO,ATLA-SA-PPO,theta_r,m=shift,l2_anchor,1,0,309.1600,3.323758634811349,20,10.1221,0,runs/spec_rnoise/atla_sa_hopper_rshift_seed1/r_r_hopper_eval.json
online,ATLA-SA-PPO,ATLA-SA-PPO,theta_r,m=shift,l2_in,1,0,2211.9220,1585.6513222164463,20,68.5864,0,runs/spec_rnoise/atla_sa_hopper_rshift_seed1/r_r_hopper_eval.json
online,ATLA-SA-PPO,ATLA-SA-PPO,theta_r,m=shift,l2_out,1,0,1381.7431,1277.981449820834,20,43.0783,0,runs/spec_rnoise/atla_sa_hopper_rshift_seed1/r_r_hopper_eval.json
online,ATLA-SA-PPO,ATLA-SA-PPO,theta_r,m=shift,l3_anchor,1,0,329.8113,18.549870493416776,20,10.7566,0,runs/spec_rnoise/atla_sa_hopper_rshift_seed1/r_r_hopper_eval.json
online,ATLA-SA-PPO,ATLA-SA-PPO,theta_r,m=shift,l3_in,1,0,1135.7042,600.6282761217631,20,35.5185,0,runs/spec_rnoise/atla_sa_hopper_rshift_seed1/r_r_hopper_eval.json
online,ATLA-SA-PPO,ATLA-SA-PPO,theta_r,m=shift,l3_out,1,0,813.7585,497.9670111897531,20,25.6264,0,runs/spec_rnoise/atla_sa_hopper_rshift_seed1/r_r_hopper_eval.json
online,ATLA-SA-PPO,ATLA-SA-PPO,theta_r,m=shift,nominal,1,1,3532.8178,776.1541162616942,20,109.1723,0,runs/spec_rnoise/atla_sa_hopper_rshift_seed1/r_r_hopper_eval.json
online,ATLA-SA-PPO,ATLA-SA-PPO,theta_r,m=shift,l1_anchor,2,0,377.2635,35.597896478077644,20,12.2146,0,runs/spec_rnoise/atla_sa_hopper_rshift_seed2/r_r_hopper_eval.json
online,ATLA-SA-PPO,ATLA-SA-PPO,theta_r,m=shift,l1_in,2,0,2431.7186,1565.149584383576,20,75.3399,0,runs/spec_rnoise/atla_sa_hopper_rshift_seed2/r_r_hopper_eval.json
online,ATLA-SA-PPO,ATLA-SA-PPO,theta_r,m=shift,l1_out,2,0,1151.1399,1188.9181800001968,20,35.9928,0,runs/spec_rnoise/atla_sa_hopper_rshift_seed2/r_r_hopper_eval.json
online,ATLA-SA-PPO,ATLA-SA-PPO,theta_r,m=shift,l2_anchor,2,0,324.3232,3.645364465577642,20,10.5880,0,runs/spec_rnoise/atla_sa_hopper_rshift_seed2/r_r_hopper_eval.json
online,ATLA-SA-PPO,ATLA-SA-PPO,theta_r,m=shift,l2_in,2,0,1657.2221,1378.69625167049,20,51.5427,0,runs/spec_rnoise/atla_sa_hopper_rshift_seed2/r_r_hopper_eval.json
online,ATLA-SA-PPO,ATLA-SA-PPO,theta_r,m=shift,l2_out,2,0,1447.4045,1335.2791945058532,20,45.0958,0,runs/spec_rnoise/atla_sa_hopper_rshift_seed2/r_r_hopper_eval.json
online,ATLA-SA-PPO,ATLA-SA-PPO,theta_r,m=shift,l3_anchor,2,0,304.3878,18.90535184607714,20,9.9754,0,runs/spec_rnoise/atla_sa_hopper_rshift_seed2/r_r_hopper_eval.json
online,ATLA-SA-PPO,ATLA-SA-PPO,theta_r,m=shift,l3_in,2,0,1094.0031,741.5893698083157,20,34.2372,0,runs/spec_rnoise/atla_sa_hopper_rshift_seed2/r_r_hopper_eval.json
online,ATLA-SA-PPO,ATLA-SA-PPO,theta_r,m=shift,l3_out,2,0,905.6201,667.2538306358548,20,28.4489,0,runs/spec_rnoise/atla_sa_hopper_rshift_seed2/r_r_hopper_eval.json
online,ATLA-SA-PPO,ATLA-SA-PPO,theta_r,m=shift,nominal,2,1,3990.2698,29.928657162254176,20,123.2279,0,runs/spec_rnoise/atla_sa_hopper_rshift_seed2/r_r_hopper_eval.json
online,ATLA-SA-PPO,ATLA-SA-PPO,theta_r,m=shift,l1_anchor,3407,0,623.1259,24.992312229365474,20,19.7690,0,runs/spec_rnoise/atla_sa_hopper_rshift_seed3407/r_r_hopper_eval.json
online,ATLA-SA-PPO,ATLA-SA-PPO,theta_r,m=shift,l1_in,3407,0,2831.3998,1262.0977116514684,20,87.6205,0,runs/spec_rnoise/atla_sa_hopper_rshift_seed3407/r_r_hopper_eval.json
online,ATLA-SA-PPO,ATLA-SA-PPO,theta_r,m=shift,l1_out,3407,0,1479.8951,1381.1446317296316,20,46.0941,0,runs/spec_rnoise/atla_sa_hopper_rshift_seed3407/r_r_hopper_eval.json
online,ATLA-SA-PPO,ATLA-SA-PPO,theta_r,m=shift,l2_anchor,3407,0,329.9129,9.728798869045495,20,10.7597,0,runs/spec_rnoise/atla_sa_hopper_rshift_seed3407/r_r_hopper_eval.json
online,ATLA-SA-PPO,ATLA-SA-PPO,theta_r,m=shift,l2_in,3407,0,2305.9933,1343.662234925238,20,71.4768,0,runs/spec_rnoise/atla_sa_hopper_rshift_seed3407/r_r_hopper_eval.json
online,ATLA-SA-PPO,ATLA-SA-PPO,theta_r,m=shift,l2_out,3407,0,1607.5937,1185.5509589303347,20,50.0178,0,runs/spec_rnoise/atla_sa_hopper_rshift_seed3407/r_r_hopper_eval.json
online,ATLA-SA-PPO,ATLA-SA-PPO,theta_r,m=shift,l3_anchor,3407,0,394.5254,62.26710781225681,20,12.7450,0,runs/spec_rnoise/atla_sa_hopper_rshift_seed3407/r_r_hopper_eval.json
online,ATLA-SA-PPO,ATLA-SA-PPO,theta_r,m=shift,l3_in,3407,0,1298.4304,815.4472403880197,20,40.5184,0,runs/spec_rnoise/atla_sa_hopper_rshift_seed3407/r_r_hopper_eval.json
online,ATLA-SA-PPO,ATLA-SA-PPO,theta_r,m=shift,l3_out,3407,0,935.7593,692.2978348676809,20,29.3750,0,runs/spec_rnoise/atla_sa_hopper_rshift_seed3407/r_r_hopper_eval.json
online,ATLA-SA-PPO,ATLA-SA-PPO,theta_r,m=shift,nominal,3407,1,3973.0110,25.780828204809705,20,122.6977,0,runs/spec_rnoise/atla_sa_hopper_rshift_seed3407/r_r_hopper_eval.json
online,ATLA-SA-PPO,ATLA-SA-PPO,theta_r,m=shift,l1_anchor,42,0,807.4425,45.544274698157366,20,25.4323,0,runs/spec_rnoise/atla_sa_hopper_rshift_seed42/r_r_hopper_eval.json
online,ATLA-SA-PPO,ATLA-SA-PPO,theta_r,m=shift,l1_in,42,0,3247.0818,1333.4800300324976,20,100.3927,0,runs/spec_rnoise/atla_sa_hopper_rshift_seed42/r_r_hopper_eval.json
online,ATLA-SA-PPO,ATLA-SA-PPO,theta_r,m=shift,l1_out,42,0,1457.8256,1288.534230819136,20,45.4160,0,runs/spec_rnoise/atla_sa_hopper_rshift_seed42/r_r_hopper_eval.json
online,ATLA-SA-PPO,ATLA-SA-PPO,theta_r,m=shift,l2_anchor,42,0,531.9317,22.609951740773997,20,16.9670,0,runs/spec_rnoise/atla_sa_hopper_rshift_seed42/r_r_hopper_eval.json
online,ATLA-SA-PPO,ATLA-SA-PPO,theta_r,m=shift,l2_in,42,0,2198.8947,1534.3444997418655,20,68.1861,0,runs/spec_rnoise/atla_sa_hopper_rshift_seed42/r_r_hopper_eval.json
online,ATLA-SA-PPO,ATLA-SA-PPO,theta_r,m=shift,l2_out,42,0,1314.5599,1016.4177164213113,20,41.0140,0,runs/spec_rnoise/atla_sa_hopper_rshift_seed42/r_r_hopper_eval.json
online,ATLA-SA-PPO,ATLA-SA-PPO,theta_r,m=shift,l3_anchor,42,0,368.8222,42.34033024558608,20,11.9553,0,runs/spec_rnoise/atla_sa_hopper_rshift_seed42/r_r_hopper_eval.json
online,ATLA-SA-PPO,ATLA-SA-PPO,theta_r,m=shift,l3_in,42,0,1264.6325,653.5579732894765,20,39.4799,0,runs/spec_rnoise/atla_sa_hopper_rshift_seed42/r_r_hopper_eval.json
online,ATLA-SA-PPO,ATLA-SA-PPO,theta_r,m=shift,l3_out,42,0,933.3921,896.3994237973254,20,29.3022,0,runs/spec_rnoise/atla_sa_hopper_rshift_seed42/r_r_hopper_eval.json
online,ATLA-SA-PPO,ATLA-SA-PPO,theta_r,m=shift,nominal,42,1,4014.8281,250.7604582133599,20,123.9825,0,runs/spec_rnoise/atla_sa_hopper_rshift_seed42/r_r_hopper_eval.json
online,ATLA-SA-PPO,ATLA-SA-PPO,theta_tau_credit,k=4,l1_anchor,0,0,3052.7387,21.80520169017069,20,94.4213,0,runs/spec_rdelay/atla_sa_hopper_k4_seed0/final_eval.json
online,ATLA-SA-PPO,ATLA-SA-PPO,theta_tau_credit,k=4,l1_in,0,0,2731.1507,1057.2334110449074,20,84.5402,0,runs/spec_rdelay/atla_sa_hopper_k4_seed0/final_eval.json
online,ATLA-SA-PPO,ATLA-SA-PPO,theta_tau_credit,k=4,l1_out,0,0,1589.6024,1184.7032410094578,20,49.4650,0,runs/spec_rdelay/atla_sa_hopper_k4_seed0/final_eval.json
online,ATLA-SA-PPO,ATLA-SA-PPO,theta_tau_credit,k=4,l2_anchor,0,0,518.5111,5.728136675150822,20,16.5546,0,runs/spec_rdelay/atla_sa_hopper_k4_seed0/final_eval.json
online,ATLA-SA-PPO,ATLA-SA-PPO,theta_tau_credit,k=4,l2_in,0,0,2008.8658,1311.675188789114,20,62.3473,0,runs/spec_rdelay/atla_sa_hopper_k4_seed0/final_eval.json
online,ATLA-SA-PPO,ATLA-SA-PPO,theta_tau_credit,k=4,l2_out,0,0,1393.5794,1178.9319596211856,20,43.4420,0,runs/spec_rdelay/atla_sa_hopper_k4_seed0/final_eval.json
online,ATLA-SA-PPO,ATLA-SA-PPO,theta_tau_credit,k=4,l3_anchor,0,0,388.8446,48.76173916599415,20,12.5705,0,runs/spec_rdelay/atla_sa_hopper_k4_seed0/final_eval.json
online,ATLA-SA-PPO,ATLA-SA-PPO,theta_tau_credit,k=4,l3_in,0,0,1171.4532,662.8625870553367,20,36.6169,0,runs/spec_rdelay/atla_sa_hopper_k4_seed0/final_eval.json
online,ATLA-SA-PPO,ATLA-SA-PPO,theta_tau_credit,k=4,l3_out,0,0,592.0516,625.0844750486075,20,18.8142,0,runs/spec_rdelay/atla_sa_hopper_k4_seed0/final_eval.json
online,ATLA-SA-PPO,ATLA-SA-PPO,theta_tau_credit,k=4,nominal,0,1,3552.7223,37.2950376418341,20,109.7839,0,runs/spec_rdelay/atla_sa_hopper_k4_seed0/final_eval.json
online,ATLA-SA-PPO,ATLA-SA-PPO,theta_tau_credit,k=4,l1_anchor,1,0,280.2387,2.3508596136610396,20,9.2334,0,runs/spec_rdelay/atla_sa_hopper_k4_seed1/final_eval.json
online,ATLA-SA-PPO,ATLA-SA-PPO,theta_tau_credit,k=4,l1_in,1,0,2304.9932,1374.7576817949232,20,71.4461,0,runs/spec_rdelay/atla_sa_hopper_k4_seed1/final_eval.json
online,ATLA-SA-PPO,ATLA-SA-PPO,theta_tau_credit,k=4,l1_out,1,0,1149.0351,1228.069712364949,20,35.9281,0,runs/spec_rdelay/atla_sa_hopper_k4_seed1/final_eval.json
online,ATLA-SA-PPO,ATLA-SA-PPO,theta_tau_credit,k=4,l2_anchor,1,0,278.4790,2.872053449797455,20,9.1794,0,runs/spec_rdelay/atla_sa_hopper_k4_seed1/final_eval.json
online,ATLA-SA-PPO,ATLA-SA-PPO,theta_tau_credit,k=4,l2_in,1,0,1759.0601,1362.2919651903171,20,54.6717,0,runs/spec_rdelay/atla_sa_hopper_k4_seed1/final_eval.json
online,ATLA-SA-PPO,ATLA-SA-PPO,theta_tau_credit,k=4,l2_out,1,0,1427.7086,1238.3360598447643,20,44.4906,0,runs/spec_rdelay/atla_sa_hopper_k4_seed1/final_eval.json
online,ATLA-SA-PPO,ATLA-SA-PPO,theta_tau_credit,k=4,l3_anchor,1,0,257.9045,18.184565293186573,20,8.5472,0,runs/spec_rdelay/atla_sa_hopper_k4_seed1/final_eval.json
online,ATLA-SA-PPO,ATLA-SA-PPO,theta_tau_credit,k=4,l3_in,1,0,1015.0358,709.984797894457,20,31.8108,0,runs/spec_rdelay/atla_sa_hopper_k4_seed1/final_eval.json
online,ATLA-SA-PPO,ATLA-SA-PPO,theta_tau_credit,k=4,l3_out,1,0,735.6219,568.7151063007259,20,23.2256,0,runs/spec_rdelay/atla_sa_hopper_k4_seed1/final_eval.json
online,ATLA-SA-PPO,ATLA-SA-PPO,theta_tau_credit,k=4,nominal,1,1,3523.7001,23.68898914729139,20,108.8921,0,runs/spec_rdelay/atla_sa_hopper_k4_seed1/final_eval.json
online,ATLA-SA-PPO,ATLA-SA-PPO,theta_tau_credit,k=4,l1_anchor,2,0,1069.6301,268.512950226755,20,33.4883,0,runs/spec_rdelay/atla_sa_hopper_k4_seed2/final_eval.json
online,ATLA-SA-PPO,ATLA-SA-PPO,theta_tau_credit,k=4,l1_in,2,0,2676.4558,1104.1265566748873,20,82.8597,0,runs/spec_rdelay/atla_sa_hopper_k4_seed2/final_eval.json
online,ATLA-SA-PPO,ATLA-SA-PPO,theta_tau_credit,k=4,l1_out,2,0,1508.1784,1159.3191037901447,20,46.9631,0,runs/spec_rdelay/atla_sa_hopper_k4_seed2/final_eval.json
online,ATLA-SA-PPO,ATLA-SA-PPO,theta_tau_credit,k=4,l2_anchor,2,0,411.0155,12.113079590236545,20,13.2517,0,runs/spec_rdelay/atla_sa_hopper_k4_seed2/final_eval.json
online,ATLA-SA-PPO,ATLA-SA-PPO,theta_tau_credit,k=4,l2_in,2,0,1837.0787,1314.4821359673147,20,57.0689,0,runs/spec_rdelay/atla_sa_hopper_k4_seed2/final_eval.json
online,ATLA-SA-PPO,ATLA-SA-PPO,theta_tau_credit,k=4,l2_out,2,0,1422.4927,1229.9269096603111,20,44.3304,0,runs/spec_rdelay/atla_sa_hopper_k4_seed2/final_eval.json
online,ATLA-SA-PPO,ATLA-SA-PPO,theta_tau_credit,k=4,l3_anchor,2,0,304.0942,18.056255933312677,20,9.9664,0,runs/spec_rdelay/atla_sa_hopper_k4_seed2/final_eval.json
online,ATLA-SA-PPO,ATLA-SA-PPO,theta_tau_credit,k=4,l3_in,2,0,1122.9714,572.7437146814856,20,35.1273,0,runs/spec_rdelay/atla_sa_hopper_k4_seed2/final_eval.json
online,ATLA-SA-PPO,ATLA-SA-PPO,theta_tau_credit,k=4,l3_out,2,0,726.6922,514.2941407713438,20,22.9512,0,runs/spec_rdelay/atla_sa_hopper_k4_seed2/final_eval.json
online,ATLA-SA-PPO,ATLA-SA-PPO,theta_tau_credit,k=4,nominal,2,1,3285.5334,499.99555520845433,20,101.5742,0,runs/spec_rdelay/atla_sa_hopper_k4_seed2/final_eval.json
online,ATLA-SA-PPO,ATLA-SA-PPO,theta_tau_credit,k=4,l1_anchor,3407,0,282.1426,4.406173189520762,20,9.2919,0,runs/spec_rdelay/atla_sa_hopper_k4_seed3407/final_eval.json
online,ATLA-SA-PPO,ATLA-SA-PPO,theta_tau_credit,k=4,l1_in,3407,0,2040.9601,1330.6808718821164,20,63.3334,0,runs/spec_rdelay/atla_sa_hopper_k4_seed3407/final_eval.json
online,ATLA-SA-PPO,ATLA-SA-PPO,theta_tau_credit,k=4,l1_out,3407,0,866.8825,784.7828049782843,20,27.2587,0,runs/spec_rdelay/atla_sa_hopper_k4_seed3407/final_eval.json
online,ATLA-SA-PPO,ATLA-SA-PPO,theta_tau_credit,k=4,l2_anchor,3407,0,269.0099,2.6796102352636666,20,8.8884,0,runs/spec_rdelay/atla_sa_hopper_k4_seed3407/final_eval.json
online,ATLA-SA-PPO,ATLA-SA-PPO,theta_tau_credit,k=4,l2_in,3407,0,1419.3796,1098.069154992615,20,44.2347,0,runs/spec_rdelay/atla_sa_hopper_k4_seed3407/final_eval.json
online,ATLA-SA-PPO,ATLA-SA-PPO,theta_tau_credit,k=4,l2_out,3407,0,1064.6894,948.2319294424857,20,33.3365,0,runs/spec_rdelay/atla_sa_hopper_k4_seed3407/final_eval.json
online,ATLA-SA-PPO,ATLA-SA-PPO,theta_tau_credit,k=4,l3_anchor,3407,0,253.0507,19.138847359158998,20,8.3981,0,runs/spec_rdelay/atla_sa_hopper_k4_seed3407/final_eval.json
online,ATLA-SA-PPO,ATLA-SA-PPO,theta_tau_credit,k=4,l3_in,3407,0,1156.4209,744.3277628960032,20,36.1550,0,runs/spec_rdelay/atla_sa_hopper_k4_seed3407/final_eval.json
online,ATLA-SA-PPO,ATLA-SA-PPO,theta_tau_credit,k=4,l3_out,3407,0,713.4703,489.2027076615202,20,22.5449,0,runs/spec_rdelay/atla_sa_hopper_k4_seed3407/final_eval.json
online,ATLA-SA-PPO,ATLA-SA-PPO,theta_tau_credit,k=4,nominal,3407,1,2560.6266,843.1408524657792,20,79.3007,0,runs/spec_rdelay/atla_sa_hopper_k4_seed3407/final_eval.json
online,ATLA-SA-PPO,ATLA-SA-PPO,theta_tau_credit,k=4,l1_anchor,42,0,777.9187,61.27303079330451,20,24.5252,0,runs/spec_rdelay/atla_sa_hopper_k4_seed42/final_eval.json
online,ATLA-SA-PPO,ATLA-SA-PPO,theta_tau_credit,k=4,l1_in,42,0,2283.9656,1032.084941623864,20,70.8000,0,runs/spec_rdelay/atla_sa_hopper_k4_seed42/final_eval.json
online,ATLA-SA-PPO,ATLA-SA-PPO,theta_tau_credit,k=4,l1_out,42,0,1443.8313,1138.9118616265168,20,44.9860,0,runs/spec_rdelay/atla_sa_hopper_k4_seed42/final_eval.json
online,ATLA-SA-PPO,ATLA-SA-PPO,theta_tau_credit,k=4,l2_anchor,42,0,435.2786,11.281325916554332,20,13.9972,0,runs/spec_rdelay/atla_sa_hopper_k4_seed42/final_eval.json
online,ATLA-SA-PPO,ATLA-SA-PPO,theta_tau_credit,k=4,l2_in,42,0,1388.8411,938.4709352251682,20,43.2964,0,runs/spec_rdelay/atla_sa_hopper_k4_seed42/final_eval.json
online,ATLA-SA-PPO,ATLA-SA-PPO,theta_tau_credit,k=4,l2_out,42,0,918.3773,621.1154815209184,20,28.8409,0,runs/spec_rdelay/atla_sa_hopper_k4_seed42/final_eval.json
online,ATLA-SA-PPO,ATLA-SA-PPO,theta_tau_credit,k=4,l3_anchor,42,0,327.4819,22.749959601376055,20,10.6850,0,runs/spec_rdelay/atla_sa_hopper_k4_seed42/final_eval.json
online,ATLA-SA-PPO,ATLA-SA-PPO,theta_tau_credit,k=4,l3_in,42,0,1226.0854,671.2174706654126,20,38.2955,0,runs/spec_rdelay/atla_sa_hopper_k4_seed42/final_eval.json
online,ATLA-SA-PPO,ATLA-SA-PPO,theta_tau_credit,k=4,l3_out,42,0,760.7724,534.1189016108359,20,23.9983,0,runs/spec_rdelay/atla_sa_hopper_k4_seed42/final_eval.json
online,ATLA-SA-PPO,ATLA-SA-PPO,theta_tau_credit,k=4,nominal,42,1,1518.6776,533.4170635808969,20,47.2857,0,runs/spec_rdelay/atla_sa_hopper_k4_seed42/final_eval.json
online,ATLA-SA-PPO,ATLA-SA-PPO,theta_tau_credit,k=16,l1_anchor,0,0,419.9851,20.78283717465327,20,13.5273,0,runs/spec_rdelay/atla_sa_hopper_k16_seed0/final_eval.json
online,ATLA-SA-PPO,ATLA-SA-PPO,theta_tau_credit,k=16,l1_in,0,0,2238.4400,1231.639245014704,20,69.4012,0,runs/spec_rdelay/atla_sa_hopper_k16_seed0/final_eval.json
online,ATLA-SA-PPO,ATLA-SA-PPO,theta_tau_credit,k=16,l1_out,0,0,1090.7940,1057.0847811895387,20,34.1386,0,runs/spec_rdelay/atla_sa_hopper_k16_seed0/final_eval.json
online,ATLA-SA-PPO,ATLA-SA-PPO,theta_tau_credit,k=16,l2_anchor,0,0,307.5953,14.075124130672242,20,10.0740,0,runs/spec_rdelay/atla_sa_hopper_k16_seed0/final_eval.json
online,ATLA-SA-PPO,ATLA-SA-PPO,theta_tau_credit,k=16,l2_in,0,0,1677.8339,1183.0573080251725,20,52.1760,0,runs/spec_rdelay/atla_sa_hopper_k16_seed0/final_eval.json
online,ATLA-SA-PPO,ATLA-SA-PPO,theta_tau_credit,k=16,l2_out,0,0,1325.2894,1079.1989072994631,20,41.3437,0,runs/spec_rdelay/atla_sa_hopper_k16_seed0/final_eval.json
online,ATLA-SA-PPO,ATLA-SA-PPO,theta_tau_credit,k=16,l3_anchor,0,0,259.1631,16.550113508021717,20,8.5859,0,runs/spec_rdelay/atla_sa_hopper_k16_seed0/final_eval.json
online,ATLA-SA-PPO,ATLA-SA-PPO,theta_tau_credit,k=16,l3_in,0,0,950.8718,463.6046447714705,20,29.8393,0,runs/spec_rdelay/atla_sa_hopper_k16_seed0/final_eval.json
online,ATLA-SA-PPO,ATLA-SA-PPO,theta_tau_credit,k=16,l3_out,0,0,627.7407,483.5933066443563,20,19.9108,0,runs/spec_rdelay/atla_sa_hopper_k16_seed0/final_eval.json
online,ATLA-SA-PPO,ATLA-SA-PPO,theta_tau_credit,k=16,nominal,0,1,3272.7398,492.7123947856075,20,101.1811,0,runs/spec_rdelay/atla_sa_hopper_k16_seed0/final_eval.json
online,ATLA-SA-PPO,ATLA-SA-PPO,theta_tau_credit,k=16,l1_anchor,1,0,337.4742,33.836901353493,20,10.9921,0,runs/spec_rdelay/atla_sa_hopper_k16_seed1/final_eval.json
online,ATLA-SA-PPO,ATLA-SA-PPO,theta_tau_credit,k=16,l1_in,1,0,2001.5459,1101.8847714109015,20,62.1224,0,runs/spec_rdelay/atla_sa_hopper_k16_seed1/final_eval.json
online,ATLA-SA-PPO,ATLA-SA-PPO,theta_tau_credit,k=16,l1_out,1,0,935.3127,798.9154618557411,20,29.3613,0,runs/spec_rdelay/atla_sa_hopper_k16_seed1/final_eval.json
online,ATLA-SA-PPO,ATLA-SA-PPO,theta_tau_credit,k=16,l2_anchor,1,0,262.2163,3.209700959413407,20,8.6797,0,runs/spec_rdelay/atla_sa_hopper_k16_seed1/final_eval.json
online,ATLA-SA-PPO,ATLA-SA-PPO,theta_tau_credit,k=16,l2_in,1,0,1669.8207,1159.519117141422,20,51.9298,0,runs/spec_rdelay/atla_sa_hopper_k16_seed1/final_eval.json
online,ATLA-SA-PPO,ATLA-SA-PPO,theta_tau_credit,k=16,l2_out,1,0,1106.5015,969.8562656712038,20,34.6212,0,runs/spec_rdelay/atla_sa_hopper_k16_seed1/final_eval.json
online,ATLA-SA-PPO,ATLA-SA-PPO,theta_tau_credit,k=16,l3_anchor,1,0,241.8310,17.2321482215609,20,8.0533,0,runs/spec_rdelay/atla_sa_hopper_k16_seed1/final_eval.json
online,ATLA-SA-PPO,ATLA-SA-PPO,theta_tau_credit,k=16,l3_in,1,0,1133.5763,690.7223741892599,20,35.4531,0,runs/spec_rdelay/atla_sa_hopper_k16_seed1/final_eval.json
online,ATLA-SA-PPO,ATLA-SA-PPO,theta_tau_credit,k=16,l3_out,1,0,681.8182,619.6742408390481,20,21.5724,0,runs/spec_rdelay/atla_sa_hopper_k16_seed1/final_eval.json
online,ATLA-SA-PPO,ATLA-SA-PPO,theta_tau_credit,k=16,nominal,1,1,2956.0034,670.1599020940325,20,91.4491,0,runs/spec_rdelay/atla_sa_hopper_k16_seed1/final_eval.json
online,ATLA-SA-PPO,ATLA-SA-PPO,theta_tau_credit,k=16,l1_anchor,2,0,681.1749,67.76091677769016,20,21.5526,0,runs/spec_rdelay/atla_sa_hopper_k16_seed2/final_eval.json
online,ATLA-SA-PPO,ATLA-SA-PPO,theta_tau_credit,k=16,l1_in,2,0,2376.8594,1037.2640406909793,20,73.6543,0,runs/spec_rdelay/atla_sa_hopper_k16_seed2/final_eval.json
online,ATLA-SA-PPO,ATLA-SA-PPO,theta_tau_credit,k=16,l1_out,2,0,1445.6779,1168.2002411764454,20,45.0428,0,runs/spec_rdelay/atla_sa_hopper_k16_seed2/final_eval.json
online,ATLA-SA-PPO,ATLA-SA-PPO,theta_tau_credit,k=16,l2_anchor,2,0,389.9108,13.924340973148473,20,12.6032,0,runs/spec_rdelay/atla_sa_hopper_k16_seed2/final_eval.json
online,ATLA-SA-PPO,ATLA-SA-PPO,theta_tau_credit,k=16,l2_in,2,0,1627.1324,1082.3056780980696,20,50.6181,0,runs/spec_rdelay/atla_sa_hopper_k16_seed2/final_eval.json
online,ATLA-SA-PPO,ATLA-SA-PPO,theta_tau_credit,k=16,l2_out,2,0,1103.2952,859.8604076915434,20,34.5227,0,runs/spec_rdelay/atla_sa_hopper_k16_seed2/final_eval.json
online,ATLA-SA-PPO,ATLA-SA-PPO,theta_tau_credit,k=16,l3_anchor,2,0,307.7425,20.079606825324625,20,10.0785,0,runs/spec_rdelay/atla_sa_hopper_k16_seed2/final_eval.json
online,ATLA-SA-PPO,ATLA-SA-PPO,theta_tau_credit,k=16,l3_in,2,0,1081.1494,523.8405186110524,20,33.8422,0,runs/spec_rdelay/atla_sa_hopper_k16_seed2/final_eval.json
online,ATLA-SA-PPO,ATLA-SA-PPO,theta_tau_credit,k=16,l3_out,2,0,480.6424,388.5581713789434,20,15.3910,0,runs/spec_rdelay/atla_sa_hopper_k16_seed2/final_eval.json
online,ATLA-SA-PPO,ATLA-SA-PPO,theta_tau_credit,k=16,nominal,2,1,3531.0708,184.46543420780986,20,109.1186,0,runs/spec_rdelay/atla_sa_hopper_k16_seed2/final_eval.json
online,ATLA-SA-PPO,ATLA-SA-PPO,theta_tau_credit,k=16,l1_anchor,3407,0,282.9058,2.0377930978368797,20,9.3154,0,runs/spec_rdelay/atla_sa_hopper_k16_seed3407/final_eval.json
online,ATLA-SA-PPO,ATLA-SA-PPO,theta_tau_credit,k=16,l1_in,3407,0,1153.1723,511.62492970547873,20,36.0552,0,runs/spec_rdelay/atla_sa_hopper_k16_seed3407/final_eval.json
online,ATLA-SA-PPO,ATLA-SA-PPO,theta_tau_credit,k=16,l1_out,3407,0,672.4788,495.84843322737447,20,21.2854,0,runs/spec_rdelay/atla_sa_hopper_k16_seed3407/final_eval.json
online,ATLA-SA-PPO,ATLA-SA-PPO,theta_tau_credit,k=16,l2_anchor,3407,0,265.5388,2.8028488989839446,20,8.7818,0,runs/spec_rdelay/atla_sa_hopper_k16_seed3407/final_eval.json
online,ATLA-SA-PPO,ATLA-SA-PPO,theta_tau_credit,k=16,l2_in,3407,0,1014.5100,515.0788087956505,20,31.7947,0,runs/spec_rdelay/atla_sa_hopper_k16_seed3407/final_eval.json
online,ATLA-SA-PPO,ATLA-SA-PPO,theta_tau_credit,k=16,l2_out,3407,0,893.0616,644.2843993390569,20,28.0630,0,runs/spec_rdelay/atla_sa_hopper_k16_seed3407/final_eval.json
online,ATLA-SA-PPO,ATLA-SA-PPO,theta_tau_credit,k=16,l3_anchor,3407,0,266.6508,18.496817056915027,20,8.8159,0,runs/spec_rdelay/atla_sa_hopper_k16_seed3407/final_eval.json
online,ATLA-SA-PPO,ATLA-SA-PPO,theta_tau_credit,k=16,l3_in,3407,0,901.0338,520.3926938763314,20,28.3080,0,runs/spec_rdelay/atla_sa_hopper_k16_seed3407/final_eval.json
online,ATLA-SA-PPO,ATLA-SA-PPO,theta_tau_credit,k=16,l3_out,3407,0,733.5995,537.2577365098647,20,23.1634,0,runs/spec_rdelay/atla_sa_hopper_k16_seed3407/final_eval.json
online,ATLA-SA-PPO,ATLA-SA-PPO,theta_tau_credit,k=16,nominal,3407,1,1789.1532,300.2097213653895,20,55.5964,0,runs/spec_rdelay/atla_sa_hopper_k16_seed3407/final_eval.json
online,ATLA-SA-PPO,ATLA-SA-PPO,theta_tau_credit,k=16,l1_anchor,42,0,367.1186,26.079812480557965,20,11.9029,0,runs/spec_rdelay/atla_sa_hopper_k16_seed42/final_eval.json
online,ATLA-SA-PPO,ATLA-SA-PPO,theta_tau_credit,k=16,l1_in,42,0,2007.7550,1314.426683178584,20,62.3131,0,runs/spec_rdelay/atla_sa_hopper_k16_seed42/final_eval.json
online,ATLA-SA-PPO,ATLA-SA-PPO,theta_tau_credit,k=16,l1_out,42,0,1083.3165,1130.4804235138074,20,33.9088,0,runs/spec_rdelay/atla_sa_hopper_k16_seed42/final_eval.json
online,ATLA-SA-PPO,ATLA-SA-PPO,theta_tau_credit,k=16,l2_anchor,42,0,287.2928,14.585680943892122,20,9.4502,0,runs/spec_rdelay/atla_sa_hopper_k16_seed42/final_eval.json
online,ATLA-SA-PPO,ATLA-SA-PPO,theta_tau_credit,k=16,l2_in,42,0,1845.8725,1381.5370206510265,20,57.3391,0,runs/spec_rdelay/atla_sa_hopper_k16_seed42/final_eval.json
online,ATLA-SA-PPO,ATLA-SA-PPO,theta_tau_credit,k=16,l2_out,42,0,1223.5211,1033.6984454439835,20,38.2168,0,runs/spec_rdelay/atla_sa_hopper_k16_seed42/final_eval.json
online,ATLA-SA-PPO,ATLA-SA-PPO,theta_tau_credit,k=16,l3_anchor,42,0,262.7277,17.31899022139542,20,8.6954,0,runs/spec_rdelay/atla_sa_hopper_k16_seed42/final_eval.json
online,ATLA-SA-PPO,ATLA-SA-PPO,theta_tau_credit,k=16,l3_in,42,0,997.2727,562.4738503620647,20,31.2650,0,runs/spec_rdelay/atla_sa_hopper_k16_seed42/final_eval.json
online,ATLA-SA-PPO,ATLA-SA-PPO,theta_tau_credit,k=16,l3_out,42,0,704.3576,366.1479083376243,20,22.2649,0,runs/spec_rdelay/atla_sa_hopper_k16_seed42/final_eval.json
online,ATLA-SA-PPO,ATLA-SA-PPO,theta_tau_credit,k=16,nominal,42,1,3515.6996,15.863398670252305,20,108.6463,0,runs/spec_rdelay/atla_sa_hopper_k16_seed42/final_eval.json
online,ATLA-SA-PPO,ATLA-SA-PPO,theta_tau_credit,k=32,l1_anchor,0,0,258.0131,4.081493001725543,20,8.5505,0,runs/spec_rdelay/atla_sa_hopper_k32_seed0/final_eval.json
online,ATLA-SA-PPO,ATLA-SA-PPO,theta_tau_credit,k=32,l1_in,0,0,1099.3432,583.9583209515716,20,34.4013,0,runs/spec_rdelay/atla_sa_hopper_k32_seed0/final_eval.json
online,ATLA-SA-PPO,ATLA-SA-PPO,theta_tau_credit,k=32,l1_out,0,0,584.5861,418.8223127449178,20,18.5848,0,runs/spec_rdelay/atla_sa_hopper_k32_seed0/final_eval.json
online,ATLA-SA-PPO,ATLA-SA-PPO,theta_tau_credit,k=32,l2_anchor,0,0,268.7269,3.53808278428052,20,8.8797,0,runs/spec_rdelay/atla_sa_hopper_k32_seed0/final_eval.json
online,ATLA-SA-PPO,ATLA-SA-PPO,theta_tau_credit,k=32,l2_in,0,0,926.3631,444.0930739468604,20,29.0863,0,runs/spec_rdelay/atla_sa_hopper_k32_seed0/final_eval.json
online,ATLA-SA-PPO,ATLA-SA-PPO,theta_tau_credit,k=32,l2_out,0,0,699.3617,360.8348324916259,20,22.1114,0,runs/spec_rdelay/atla_sa_hopper_k32_seed0/final_eval.json
online,ATLA-SA-PPO,ATLA-SA-PPO,theta_tau_credit,k=32,l3_anchor,0,0,238.2905,20.53957372039275,20,7.9445,0,runs/spec_rdelay/atla_sa_hopper_k32_seed0/final_eval.json
online,ATLA-SA-PPO,ATLA-SA-PPO,theta_tau_credit,k=32,l3_in,0,0,779.9716,445.0198358906532,20,24.5882,0,runs/spec_rdelay/atla_sa_hopper_k32_seed0/final_eval.json
online,ATLA-SA-PPO,ATLA-SA-PPO,theta_tau_credit,k=32,l3_out,0,0,684.4506,505.0704619613163,20,21.6533,0,runs/spec_rdelay/atla_sa_hopper_k32_seed0/final_eval.json
online,ATLA-SA-PPO,ATLA-SA-PPO,theta_tau_credit,k=32,nominal,0,1,1630.7219,244.74635533181063,20,50.7284,0,runs/spec_rdelay/atla_sa_hopper_k32_seed0/final_eval.json
online,ATLA-SA-PPO,ATLA-SA-PPO,theta_tau_credit,k=32,l1_anchor,1,0,269.4726,2.9519823243316634,20,8.9026,0,runs/spec_rdelay/atla_sa_hopper_k32_seed1/final_eval.json
online,ATLA-SA-PPO,ATLA-SA-PPO,theta_tau_credit,k=32,l1_in,1,0,743.4665,257.96173149228906,20,23.4666,0,runs/spec_rdelay/atla_sa_hopper_k32_seed1/final_eval.json
online,ATLA-SA-PPO,ATLA-SA-PPO,theta_tau_credit,k=32,l1_out,1,0,476.3005,259.70399408102134,20,15.2576,0,runs/spec_rdelay/atla_sa_hopper_k32_seed1/final_eval.json
online,ATLA-SA-PPO,ATLA-SA-PPO,theta_tau_credit,k=32,l2_anchor,1,0,265.5204,4.260680877981175,20,8.7812,0,runs/spec_rdelay/atla_sa_hopper_k32_seed1/final_eval.json
online,ATLA-SA-PPO,ATLA-SA-PPO,theta_tau_credit,k=32,l2_in,1,0,727.8796,261.5847390393941,20,22.9877,0,runs/spec_rdelay/atla_sa_hopper_k32_seed1/final_eval.json
online,ATLA-SA-PPO,ATLA-SA-PPO,theta_tau_credit,k=32,l2_out,1,0,608.8561,276.83784821598823,20,19.3305,0,runs/spec_rdelay/atla_sa_hopper_k32_seed1/final_eval.json
online,ATLA-SA-PPO,ATLA-SA-PPO,theta_tau_credit,k=32,l3_anchor,1,0,236.6441,15.096546490246663,20,7.8939,0,runs/spec_rdelay/atla_sa_hopper_k32_seed1/final_eval.json
online,ATLA-SA-PPO,ATLA-SA-PPO,theta_tau_credit,k=32,l3_in,1,0,653.8020,286.3856458901984,20,20.7116,0,runs/spec_rdelay/atla_sa_hopper_k32_seed1/final_eval.json
online,ATLA-SA-PPO,ATLA-SA-PPO,theta_tau_credit,k=32,l3_out,1,0,662.7962,289.8346885222096,20,20.9879,0,runs/spec_rdelay/atla_sa_hopper_k32_seed1/final_eval.json
online,ATLA-SA-PPO,ATLA-SA-PPO,theta_tau_credit,k=32,nominal,1,1,947.5925,74.55324005245025,20,29.7386,0,runs/spec_rdelay/atla_sa_hopper_k32_seed1/final_eval.json
online,ATLA-SA-PPO,ATLA-SA-PPO,theta_tau_credit,k=32,l1_anchor,2,0,301.3976,32.88019503503124,20,9.8836,0,runs/spec_rdelay/atla_sa_hopper_k32_seed2/final_eval.json
online,ATLA-SA-PPO,ATLA-SA-PPO,theta_tau_credit,k=32,l1_in,2,0,1173.4754,531.2425474363248,20,36.6791,0,runs/spec_rdelay/atla_sa_hopper_k32_seed2/final_eval.json
online,ATLA-SA-PPO,ATLA-SA-PPO,theta_tau_credit,k=32,l1_out,2,0,877.9503,967.5437204852929,20,27.5987,0,runs/spec_rdelay/atla_sa_hopper_k32_seed2/final_eval.json
online,ATLA-SA-PPO,ATLA-SA-PPO,theta_tau_credit,k=32,l2_anchor,2,0,267.7599,2.519876743105525,20,8.8500,0,runs/spec_rdelay/atla_sa_hopper_k32_seed2/final_eval.json
online,ATLA-SA-PPO,ATLA-SA-PPO,theta_tau_credit,k=32,l2_in,2,0,1007.2073,729.0589142854145,20,31.5703,0,runs/spec_rdelay/atla_sa_hopper_k32_seed2/final_eval.json
online,ATLA-SA-PPO,ATLA-SA-PPO,theta_tau_credit,k=32,l2_out,2,0,789.7999,564.0202126566187,20,24.8902,0,runs/spec_rdelay/atla_sa_hopper_k32_seed2/final_eval.json
online,ATLA-SA-PPO,ATLA-SA-PPO,theta_tau_credit,k=32,l3_anchor,2,0,259.1410,12.497221371439293,20,8.5852,0,runs/spec_rdelay/atla_sa_hopper_k32_seed2/final_eval.json
online,ATLA-SA-PPO,ATLA-SA-PPO,theta_tau_credit,k=32,l3_in,2,0,984.5920,528.2448780859277,20,30.8754,0,runs/spec_rdelay/atla_sa_hopper_k32_seed2/final_eval.json
online,ATLA-SA-PPO,ATLA-SA-PPO,theta_tau_credit,k=32,l3_out,2,0,668.2705,607.4851278219104,20,21.1561,0,runs/spec_rdelay/atla_sa_hopper_k32_seed2/final_eval.json
online,ATLA-SA-PPO,ATLA-SA-PPO,theta_tau_credit,k=32,nominal,2,1,1729.7696,589.4257860614732,20,53.7718,0,runs/spec_rdelay/atla_sa_hopper_k32_seed2/final_eval.json
online,ATLA-SA-PPO,ATLA-SA-PPO,theta_tau_credit,k=32,l1_anchor,3407,0,277.9107,1.7012803930548044,20,9.1619,0,runs/spec_rdelay/atla_sa_hopper_k32_seed3407/final_eval.json
online,ATLA-SA-PPO,ATLA-SA-PPO,theta_tau_credit,k=32,l1_in,3407,0,1016.6524,430.4847518464495,20,31.8605,0,runs/spec_rdelay/atla_sa_hopper_k32_seed3407/final_eval.json
online,ATLA-SA-PPO,ATLA-SA-PPO,theta_tau_credit,k=32,l1_out,3407,0,621.1643,394.33507405667973,20,19.7087,0,runs/spec_rdelay/atla_sa_hopper_k32_seed3407/final_eval.json
online,ATLA-SA-PPO,ATLA-SA-PPO,theta_tau_credit,k=32,l2_anchor,3407,0,270.7243,3.6909534502709134,20,8.9411,0,runs/spec_rdelay/atla_sa_hopper_k32_seed3407/final_eval.json
online,ATLA-SA-PPO,ATLA-SA-PPO,theta_tau_credit,k=32,l2_in,3407,0,842.8999,412.33091615761623,20,26.5218,0,runs/spec_rdelay/atla_sa_hopper_k32_seed3407/final_eval.json
online,ATLA-SA-PPO,ATLA-SA-PPO,theta_tau_credit,k=32,l2_out,3407,0,709.3460,387.398369086157,20,22.4182,0,runs/spec_rdelay/atla_sa_hopper_k32_seed3407/final_eval.json
online,ATLA-SA-PPO,ATLA-SA-PPO,theta_tau_credit,k=32,l3_anchor,3407,0,270.4912,20.90909054480621,20,8.9339,0,runs/spec_rdelay/atla_sa_hopper_k32_seed3407/final_eval.json
online,ATLA-SA-PPO,ATLA-SA-PPO,theta_tau_credit,k=32,l3_in,3407,0,753.7998,341.6465988442235,20,23.7841,0,runs/spec_rdelay/atla_sa_hopper_k32_seed3407/final_eval.json
online,ATLA-SA-PPO,ATLA-SA-PPO,theta_tau_credit,k=32,l3_out,3407,0,522.2689,360.60060097900697,20,16.6701,0,runs/spec_rdelay/atla_sa_hopper_k32_seed3407/final_eval.json
online,ATLA-SA-PPO,ATLA-SA-PPO,theta_tau_credit,k=32,nominal,3407,1,1224.8330,65.71100287634195,20,38.2571,0,runs/spec_rdelay/atla_sa_hopper_k32_seed3407/final_eval.json
online,ATLA-SA-PPO,ATLA-SA-PPO,theta_tau_credit,k=32,l1_anchor,42,0,300.3805,2.270315223114173,20,9.8523,0,runs/spec_rdelay/atla_sa_hopper_k32_seed42/final_eval.json
online,ATLA-SA-PPO,ATLA-SA-PPO,theta_tau_credit,k=32,l1_in,42,0,1017.0555,333.51724860327425,20,31.8729,0,runs/spec_rdelay/atla_sa_hopper_k32_seed42/final_eval.json
online,ATLA-SA-PPO,ATLA-SA-PPO,theta_tau_credit,k=32,l1_out,42,0,610.2723,441.9980824418653,20,19.3741,0,runs/spec_rdelay/atla_sa_hopper_k32_seed42/final_eval.json
online,ATLA-SA-PPO,ATLA-SA-PPO,theta_tau_credit,k=32,l2_anchor,42,0,276.4245,2.110557320899048,20,9.1162,0,runs/spec_rdelay/atla_sa_hopper_k32_seed42/final_eval.json
online,ATLA-SA-PPO,ATLA-SA-PPO,theta_tau_credit,k=32,l2_in,42,0,864.7515,348.45443714820203,20,27.1932,0,runs/spec_rdelay/atla_sa_hopper_k32_seed42/final_eval.json
online,ATLA-SA-PPO,ATLA-SA-PPO,theta_tau_credit,k=32,l2_out,42,0,759.2833,357.7414564760374,20,23.9526,0,runs/spec_rdelay/atla_sa_hopper_k32_seed42/final_eval.json
online,ATLA-SA-PPO,ATLA-SA-PPO,theta_tau_credit,k=32,l3_anchor,42,0,284.9126,9.08135496692917,20,9.3770,0,runs/spec_rdelay/atla_sa_hopper_k32_seed42/final_eval.json
online,ATLA-SA-PPO,ATLA-SA-PPO,theta_tau_credit,k=32,l3_in,42,0,1001.0856,502.58919297972557,20,31.3822,0,runs/spec_rdelay/atla_sa_hopper_k32_seed42/final_eval.json
online,ATLA-SA-PPO,ATLA-SA-PPO,theta_tau_credit,k=32,l3_out,42,0,721.5126,519.3715490516553,20,22.7920,0,runs/spec_rdelay/atla_sa_hopper_k32_seed42/final_eval.json
online,ATLA-SA-PPO,ATLA-SA-PPO,theta_tau_credit,k=32,nominal,42,1,1495.6631,340.1526435193762,20,46.5786,0,runs/spec_rdelay/atla_sa_hopper_k32_seed42/final_eval.json
online,ATLA-SA-PPO,ATLA-SA-PPO,theta_tau_credit,k=64,l1_anchor,0,0,573.1836,7.44354108863112,20,18.2345,0,runs/spec_rdelay/atla_sa_hopper_k64_seed0/final_eval.json
online,ATLA-SA-PPO,ATLA-SA-PPO,theta_tau_credit,k=64,l1_in,0,0,1167.1545,312.52362851021553,20,36.4848,0,runs/spec_rdelay/atla_sa_hopper_k64_seed0/final_eval.json
online,ATLA-SA-PPO,ATLA-SA-PPO,theta_tau_credit,k=64,l1_out,0,0,888.5827,372.41124806271074,20,27.9254,0,runs/spec_rdelay/atla_sa_hopper_k64_seed0/final_eval.json
online,ATLA-SA-PPO,ATLA-SA-PPO,theta_tau_credit,k=64,l2_anchor,0,0,330.3195,9.871543155945163,20,10.7722,0,runs/spec_rdelay/atla_sa_hopper_k64_seed0/final_eval.json
online,ATLA-SA-PPO,ATLA-SA-PPO,theta_tau_credit,k=64,l2_in,0,0,1194.5162,711.2745369663886,20,37.3256,0,runs/spec_rdelay/atla_sa_hopper_k64_seed0/final_eval.json
online,ATLA-SA-PPO,ATLA-SA-PPO,theta_tau_credit,k=64,l2_out,0,0,767.1618,447.3254953636031,20,24.1947,0,runs/spec_rdelay/atla_sa_hopper_k64_seed0/final_eval.json
online,ATLA-SA-PPO,ATLA-SA-PPO,theta_tau_credit,k=64,l3_anchor,0,0,297.7791,12.437290203602407,20,9.7724,0,runs/spec_rdelay/atla_sa_hopper_k64_seed0/final_eval.json
online,ATLA-SA-PPO,ATLA-SA-PPO,theta_tau_credit,k=64,l3_in,0,0,1049.7759,364.9532640674135,20,32.8783,0,runs/spec_rdelay/atla_sa_hopper_k64_seed0/final_eval.json
online,ATLA-SA-PPO,ATLA-SA-PPO,theta_tau_credit,k=64,l3_out,0,0,734.5406,461.2116771475393,20,23.1923,0,runs/spec_rdelay/atla_sa_hopper_k64_seed0/final_eval.json
online,ATLA-SA-PPO,ATLA-SA-PPO,theta_tau_credit,k=64,nominal,0,1,1240.9146,92.67878885875788,20,38.7512,0,runs/spec_rdelay/atla_sa_hopper_k64_seed0/final_eval.json
online,ATLA-SA-PPO,ATLA-SA-PPO,theta_tau_credit,k=64,l1_anchor,1,0,287.8959,36.212253802369055,20,9.4687,0,runs/spec_rdelay/atla_sa_hopper_k64_seed1/final_eval.json
online,ATLA-SA-PPO,ATLA-SA-PPO,theta_tau_credit,k=64,l1_in,1,0,1404.8324,905.3118182533522,20,43.7877,0,runs/spec_rdelay/atla_sa_hopper_k64_seed1/final_eval.json
online,ATLA-SA-PPO,ATLA-SA-PPO,theta_tau_credit,k=64,l1_out,1,0,778.1355,555.7320754512928,20,24.5318,0,runs/spec_rdelay/atla_sa_hopper_k64_seed1/final_eval.json
online,ATLA-SA-PPO,ATLA-SA-PPO,theta_tau_credit,k=64,l2_anchor,1,0,283.9922,4.666523228953478,20,9.3488,0,runs/spec_rdelay/atla_sa_hopper_k64_seed1/final_eval.json
online,ATLA-SA-PPO,ATLA-SA-PPO,theta_tau_credit,k=64,l2_in,1,0,1194.4719,815.4677862455977,20,37.3242,0,runs/spec_rdelay/atla_sa_hopper_k64_seed1/final_eval.json
online,ATLA-SA-PPO,ATLA-SA-PPO,theta_tau_credit,k=64,l2_out,1,0,924.4782,700.6292862603073,20,29.0284,0,runs/spec_rdelay/atla_sa_hopper_k64_seed1/final_eval.json
online,ATLA-SA-PPO,ATLA-SA-PPO,theta_tau_credit,k=64,l3_anchor,1,0,283.3701,17.274852839255246,20,9.3297,0,runs/spec_rdelay/atla_sa_hopper_k64_seed1/final_eval.json
online,ATLA-SA-PPO,ATLA-SA-PPO,theta_tau_credit,k=64,l3_in,1,0,823.7332,380.0047284271894,20,25.9329,0,runs/spec_rdelay/atla_sa_hopper_k64_seed1/final_eval.json
online,ATLA-SA-PPO,ATLA-SA-PPO,theta_tau_credit,k=64,l3_out,1,0,749.6742,523.3304892802945,20,23.6573,0,runs/spec_rdelay/atla_sa_hopper_k64_seed1/final_eval.json
online,ATLA-SA-PPO,ATLA-SA-PPO,theta_tau_credit,k=64,nominal,1,1,1362.9664,593.9032853661334,20,42.5014,0,runs/spec_rdelay/atla_sa_hopper_k64_seed1/final_eval.json
online,ATLA-SA-PPO,ATLA-SA-PPO,theta_tau_credit,k=64,l1_anchor,2,0,1185.1452,222.05658708568012,20,37.0376,0,runs/spec_rdelay/atla_sa_hopper_k64_seed2/final_eval.json
online,ATLA-SA-PPO,ATLA-SA-PPO,theta_tau_credit,k=64,l1_in,2,0,971.9777,471.24890183256224,20,30.4878,0,runs/spec_rdelay/atla_sa_hopper_k64_seed2/final_eval.json
online,ATLA-SA-PPO,ATLA-SA-PPO,theta_tau_credit,k=64,l1_out,2,0,711.5062,382.8780352060497,20,22.4846,0,runs/spec_rdelay/atla_sa_hopper_k64_seed2/final_eval.json
online,ATLA-SA-PPO,ATLA-SA-PPO,theta_tau_credit,k=64,l2_anchor,2,0,551.3500,45.73412539233835,20,17.5636,0,runs/spec_rdelay/atla_sa_hopper_k64_seed2/final_eval.json
online,ATLA-SA-PPO,ATLA-SA-PPO,theta_tau_credit,k=64,l2_in,2,0,890.1531,564.092995859555,20,27.9737,0,runs/spec_rdelay/atla_sa_hopper_k64_seed2/final_eval.json
online,ATLA-SA-PPO,ATLA-SA-PPO,theta_tau_credit,k=64,l2_out,2,0,711.3223,390.37913454208376,20,22.4789,0,runs/spec_rdelay/atla_sa_hopper_k64_seed2/final_eval.json
online,ATLA-SA-PPO,ATLA-SA-PPO,theta_tau_credit,k=64,l3_anchor,2,0,412.4638,61.904813046166346,20,13.2962,0,runs/spec_rdelay/atla_sa_hopper_k64_seed2/final_eval.json
online,ATLA-SA-PPO,ATLA-SA-PPO,theta_tau_credit,k=64,l3_in,2,0,733.8015,427.2208808576956,20,23.1696,0,runs/spec_rdelay/atla_sa_hopper_k64_seed2/final_eval.json
online,ATLA-SA-PPO,ATLA-SA-PPO,theta_tau_credit,k=64,l3_out,2,0,472.1085,339.43117649367383,20,15.1288,0,runs/spec_rdelay/atla_sa_hopper_k64_seed2/final_eval.json
online,ATLA-SA-PPO,ATLA-SA-PPO,theta_tau_credit,k=64,nominal,2,1,1152.9831,112.17087256857818,20,36.0494,0,runs/spec_rdelay/atla_sa_hopper_k64_seed2/final_eval.json
online,ATLA-SA-PPO,ATLA-SA-PPO,theta_tau_credit,k=64,l1_anchor,3407,0,275.5627,58.688309654044595,20,9.0898,0,runs/spec_rdelay/atla_sa_hopper_k64_seed3407/final_eval.json
online,ATLA-SA-PPO,ATLA-SA-PPO,theta_tau_credit,k=64,l1_in,3407,0,985.9449,157.4501609757881,20,30.9170,0,runs/spec_rdelay/atla_sa_hopper_k64_seed3407/final_eval.json
online,ATLA-SA-PPO,ATLA-SA-PPO,theta_tau_credit,k=64,l1_out,3407,0,647.1123,309.1239575942755,20,20.5060,0,runs/spec_rdelay/atla_sa_hopper_k64_seed3407/final_eval.json
online,ATLA-SA-PPO,ATLA-SA-PPO,theta_tau_credit,k=64,l2_anchor,3407,0,303.0703,32.41096413067704,20,9.9350,0,runs/spec_rdelay/atla_sa_hopper_k64_seed3407/final_eval.json
online,ATLA-SA-PPO,ATLA-SA-PPO,theta_tau_credit,k=64,l2_in,3407,0,955.0023,231.50444124915197,20,29.9662,0,runs/spec_rdelay/atla_sa_hopper_k64_seed3407/final_eval.json
online,ATLA-SA-PPO,ATLA-SA-PPO,theta_tau_credit,k=64,l2_out,3407,0,844.4714,275.99152233135345,20,26.5701,0,runs/spec_rdelay/atla_sa_hopper_k64_seed3407/final_eval.json
online,ATLA-SA-PPO,ATLA-SA-PPO,theta_tau_credit,k=64,l3_anchor,3407,0,314.2479,56.96599501274021,20,10.2784,0,runs/spec_rdelay/atla_sa_hopper_k64_seed3407/final_eval.json
online,ATLA-SA-PPO,ATLA-SA-PPO,theta_tau_credit,k=64,l3_in,3407,0,687.1042,297.814989768478,20,21.7348,0,runs/spec_rdelay/atla_sa_hopper_k64_seed3407/final_eval.json
online,ATLA-SA-PPO,ATLA-SA-PPO,theta_tau_credit,k=64,l3_out,3407,0,440.1103,316.13119495065587,20,14.1457,0,runs/spec_rdelay/atla_sa_hopper_k64_seed3407/final_eval.json
online,ATLA-SA-PPO,ATLA-SA-PPO,theta_tau_credit,k=64,nominal,3407,1,895.3564,325.44564565379585,20,28.1336,0,runs/spec_rdelay/atla_sa_hopper_k64_seed3407/final_eval.json
online,ATLA-SA-PPO,ATLA-SA-PPO,theta_tau_credit,k=64,l1_anchor,42,0,510.6920,25.99310470517075,20,16.3144,0,runs/spec_rdelay/atla_sa_hopper_k64_seed42/final_eval.json
online,ATLA-SA-PPO,ATLA-SA-PPO,theta_tau_credit,k=64,l1_in,42,0,2195.3598,1156.4812618438427,20,68.0775,0,runs/spec_rdelay/atla_sa_hopper_k64_seed42/final_eval.json
online,ATLA-SA-PPO,ATLA-SA-PPO,theta_tau_credit,k=64,l1_out,42,0,1280.1014,1284.9123304919578,20,39.9552,0,runs/spec_rdelay/atla_sa_hopper_k64_seed42/final_eval.json
online,ATLA-SA-PPO,ATLA-SA-PPO,theta_tau_credit,k=64,l2_anchor,42,0,258.7533,1.3589849904078668,20,8.5733,0,runs/spec_rdelay/atla_sa_hopper_k64_seed42/final_eval.json
online,ATLA-SA-PPO,ATLA-SA-PPO,theta_tau_credit,k=64,l2_in,42,0,1763.6614,1186.354814256737,20,54.8131,0,runs/spec_rdelay/atla_sa_hopper_k64_seed42/final_eval.json
online,ATLA-SA-PPO,ATLA-SA-PPO,theta_tau_credit,k=64,l2_out,42,0,1175.7428,978.6049041751836,20,36.7487,0,runs/spec_rdelay/atla_sa_hopper_k64_seed42/final_eval.json
online,ATLA-SA-PPO,ATLA-SA-PPO,theta_tau_credit,k=64,l3_anchor,42,0,261.8180,5.918789029506788,20,8.6674,0,runs/spec_rdelay/atla_sa_hopper_k64_seed42/final_eval.json
online,ATLA-SA-PPO,ATLA-SA-PPO,theta_tau_credit,k=64,l3_in,42,0,1122.5260,631.1547998943421,20,35.1136,0,runs/spec_rdelay/atla_sa_hopper_k64_seed42/final_eval.json
online,ATLA-SA-PPO,ATLA-SA-PPO,theta_tau_credit,k=64,l3_out,42,0,657.0062,494.4562740917214,20,20.8100,0,runs/spec_rdelay/atla_sa_hopper_k64_seed42/final_eval.json
online,ATLA-SA-PPO,ATLA-SA-PPO,theta_tau_credit,k=64,nominal,42,1,3091.4118,469.9850235619595,20,95.6096,0,runs/spec_rdelay/atla_sa_hopper_k64_seed42/final_eval.json
online,DR-SAC,DR-SAC,theta_r,m=gauss,nominal,0,1,3421.6155,4.178916722694853,20,105.7555,0,runs/spec_rnoise/drsac_hopper_rgauss_seed0/r_r_hopper_eval.json
online,DR-SAC,DR-SAC,theta_r,m=gauss,l1_in,0,0,3166.3331,635.6445424383666,20,97.9116,0,runs/spec_rnoise/drsac_hopper_rgauss_seed0/r_r_hopper_eval.json
online,DR-SAC,DR-SAC,theta_r,m=gauss,l1_out,0,0,2029.0240,1346.9223456371017,20,62.9667,0,runs/spec_rnoise/drsac_hopper_rgauss_seed0/r_r_hopper_eval.json
online,DR-SAC,DR-SAC,theta_r,m=gauss,l2_in,0,0,2541.3586,1143.7882637209632,20,78.7087,0,runs/spec_rnoise/drsac_hopper_rgauss_seed0/r_r_hopper_eval.json
online,DR-SAC,DR-SAC,theta_r,m=gauss,l2_out,0,0,1850.7927,1217.4935360685934,20,57.4903,0,runs/spec_rnoise/drsac_hopper_rgauss_seed0/r_r_hopper_eval.json
online,DR-SAC,DR-SAC,theta_r,m=gauss,l3_in,0,0,1770.4958,892.0731188706924,20,55.0231,0,runs/spec_rnoise/drsac_hopper_rgauss_seed0/r_r_hopper_eval.json
online,DR-SAC,DR-SAC,theta_r,m=gauss,l3_out,0,0,1004.7944,849.828564796534,20,31.4962,0,runs/spec_rnoise/drsac_hopper_rgauss_seed0/r_r_hopper_eval.json
online,DR-SAC,DR-SAC,theta_r,m=gauss,l1_anchor,0,0,2790.9761,764.2976900539961,20,86.3784,0,runs/spec_rnoise/drsac_hopper_rgauss_seed0/r_r_hopper_eval.json
online,DR-SAC,DR-SAC,theta_r,m=gauss,l2_anchor,0,0,501.1802,24.39367949335791,20,16.0221,0,runs/spec_rnoise/drsac_hopper_rgauss_seed0/r_r_hopper_eval.json
online,DR-SAC,DR-SAC,theta_r,m=gauss,l3_anchor,0,0,466.7633,26.53778927107775,20,14.9646,0,runs/spec_rnoise/drsac_hopper_rgauss_seed0/r_r_hopper_eval.json
online,DR-SAC,DR-SAC,theta_r,m=gauss,nominal,1,1,3445.9841,12.921763047839313,20,106.5042,0,runs/spec_rnoise/drsac_hopper_rgauss_seed1/r_r_hopper_eval.json
online,DR-SAC,DR-SAC,theta_r,m=gauss,l1_in,1,0,3163.2015,583.6508908182547,20,97.8154,0,runs/spec_rnoise/drsac_hopper_rgauss_seed1/r_r_hopper_eval.json
online,DR-SAC,DR-SAC,theta_r,m=gauss,l1_out,1,0,2013.4305,1369.0672729110256,20,62.4875,0,runs/spec_rnoise/drsac_hopper_rgauss_seed1/r_r_hopper_eval.json
online,DR-SAC,DR-SAC,theta_r,m=gauss,l2_in,1,0,2680.2954,1129.3161872170936,20,82.9776,0,runs/spec_rnoise/drsac_hopper_rgauss_seed1/r_r_hopper_eval.json
online,DR-SAC,DR-SAC,theta_r,m=gauss,l2_out,1,0,1364.3301,1035.4373527249697,20,42.5433,0,runs/spec_rnoise/drsac_hopper_rgauss_seed1/r_r_hopper_eval.json
online,DR-SAC,DR-SAC,theta_r,m=gauss,l3_in,1,0,1757.4508,919.1558343854332,20,54.6223,0,runs/spec_rnoise/drsac_hopper_rgauss_seed1/r_r_hopper_eval.json
online,DR-SAC,DR-SAC,theta_r,m=gauss,l3_out,1,0,1121.7761,686.2190245682407,20,35.0905,0,runs/spec_rnoise/drsac_hopper_rgauss_seed1/r_r_hopper_eval.json
online,DR-SAC,DR-SAC,theta_r,m=gauss,l1_anchor,1,0,3138.4933,26.181816204424564,20,97.0562,0,runs/spec_rnoise/drsac_hopper_rgauss_seed1/r_r_hopper_eval.json
online,DR-SAC,DR-SAC,theta_r,m=gauss,l2_anchor,1,0,515.5163,3.192431634207174,20,16.4626,0,runs/spec_rnoise/drsac_hopper_rgauss_seed1/r_r_hopper_eval.json
online,DR-SAC,DR-SAC,theta_r,m=gauss,l3_anchor,1,0,332.1586,86.65602458833618,20,10.8287,0,runs/spec_rnoise/drsac_hopper_rgauss_seed1/r_r_hopper_eval.json
online,DR-SAC,DR-SAC,theta_r,m=gauss,nominal,2,1,3238.9805,7.871308814535554,20,100.1438,0,runs/spec_rnoise/drsac_hopper_rgauss_seed2/r_r_hopper_eval.json
online,DR-SAC,DR-SAC,theta_r,m=gauss,l1_in,2,0,2664.9359,818.3766445459975,20,82.5057,0,runs/spec_rnoise/drsac_hopper_rgauss_seed2/r_r_hopper_eval.json
online,DR-SAC,DR-SAC,theta_r,m=gauss,l1_out,2,0,1587.3067,1153.1714433354402,20,49.3944,0,runs/spec_rnoise/drsac_hopper_rgauss_seed2/r_r_hopper_eval.json
online,DR-SAC,DR-SAC,theta_r,m=gauss,l2_in,2,0,2096.5656,901.6069717555424,20,65.0419,0,runs/spec_rnoise/drsac_hopper_rgauss_seed2/r_r_hopper_eval.json
online,DR-SAC,DR-SAC,theta_r,m=gauss,l2_out,2,0,1562.4664,977.8716293626017,20,48.6312,0,runs/spec_rnoise/drsac_hopper_rgauss_seed2/r_r_hopper_eval.json
online,DR-SAC,DR-SAC,theta_r,m=gauss,l3_in,2,0,1591.4420,798.5936955048317,20,49.5215,0,runs/spec_rnoise/drsac_hopper_rgauss_seed2/r_r_hopper_eval.json
online,DR-SAC,DR-SAC,theta_r,m=gauss,l3_out,2,0,1084.9954,682.7127510234794,20,33.9604,0,runs/spec_rnoise/drsac_hopper_rgauss_seed2/r_r_hopper_eval.json
online,DR-SAC,DR-SAC,theta_r,m=gauss,l1_anchor,2,0,2458.5395,580.4686544896667,20,76.1640,0,runs/spec_rnoise/drsac_hopper_rgauss_seed2/r_r_hopper_eval.json
online,DR-SAC,DR-SAC,theta_r,m=gauss,l2_anchor,2,0,588.4775,15.243670918082266,20,18.7044,0,runs/spec_rnoise/drsac_hopper_rgauss_seed2/r_r_hopper_eval.json
online,DR-SAC,DR-SAC,theta_r,m=gauss,l3_anchor,2,0,520.3357,25.84886720304598,20,16.6107,0,runs/spec_rnoise/drsac_hopper_rgauss_seed2/r_r_hopper_eval.json
online,DR-SAC,DR-SAC,theta_r,m=gauss,nominal,3407,1,3187.9377,1.8649486221401592,20,98.5755,0,runs/spec_rnoise/drsac_hopper_rgauss_seed3407/r_r_hopper_eval.json
online,DR-SAC,DR-SAC,theta_r,m=gauss,l1_in,3407,0,2791.8027,655.0574948449063,20,86.4038,0,runs/spec_rnoise/drsac_hopper_rgauss_seed3407/r_r_hopper_eval.json
online,DR-SAC,DR-SAC,theta_r,m=gauss,l1_out,3407,0,1958.2587,1193.3192410887464,20,60.7923,0,runs/spec_rnoise/drsac_hopper_rgauss_seed3407/r_r_hopper_eval.json
online,DR-SAC,DR-SAC,theta_r,m=gauss,l2_in,3407,0,2229.2815,978.0922310965261,20,69.1198,0,runs/spec_rnoise/drsac_hopper_rgauss_seed3407/r_r_hopper_eval.json
online,DR-SAC,DR-SAC,theta_r,m=gauss,l2_out,3407,0,1483.6538,1028.8776972361143,20,46.2096,0,runs/spec_rnoise/drsac_hopper_rgauss_seed3407/r_r_hopper_eval.json
online,DR-SAC,DR-SAC,theta_r,m=gauss,l3_in,3407,0,1365.6574,612.4671515457977,20,42.5840,0,runs/spec_rnoise/drsac_hopper_rgauss_seed3407/r_r_hopper_eval.json
online,DR-SAC,DR-SAC,theta_r,m=gauss,l3_out,3407,0,972.8129,711.9203265658546,20,30.5135,0,runs/spec_rnoise/drsac_hopper_rgauss_seed3407/r_r_hopper_eval.json
online,DR-SAC,DR-SAC,theta_r,m=gauss,l1_anchor,3407,0,2989.4749,8.714547240745672,20,92.4775,0,runs/spec_rnoise/drsac_hopper_rgauss_seed3407/r_r_hopper_eval.json
online,DR-SAC,DR-SAC,theta_r,m=gauss,l2_anchor,3407,0,852.9417,27.743864365331692,20,26.8303,0,runs/spec_rnoise/drsac_hopper_rgauss_seed3407/r_r_hopper_eval.json
online,DR-SAC,DR-SAC,theta_r,m=gauss,l3_anchor,3407,0,471.4203,37.06244287651664,20,15.1077,0,runs/spec_rnoise/drsac_hopper_rgauss_seed3407/r_r_hopper_eval.json
online,DR-SAC,DR-SAC,theta_r,m=gauss,nominal,42,1,3197.9688,2.98733878294314,20,98.8837,0,runs/spec_rnoise/drsac_hopper_rgauss_seed42/r_r_hopper_eval.json
online,DR-SAC,DR-SAC,theta_r,m=gauss,l1_in,42,0,2981.9843,643.1005430832041,20,92.2473,0,runs/spec_rnoise/drsac_hopper_rgauss_seed42/r_r_hopper_eval.json
online,DR-SAC,DR-SAC,theta_r,m=gauss,l1_out,42,0,1855.7283,1185.0841925035443,20,57.6420,0,runs/spec_rnoise/drsac_hopper_rgauss_seed42/r_r_hopper_eval.json
online,DR-SAC,DR-SAC,theta_r,m=gauss,l2_in,42,0,2466.2084,1045.0740281039646,20,76.3996,0,runs/spec_rnoise/drsac_hopper_rgauss_seed42/r_r_hopper_eval.json
online,DR-SAC,DR-SAC,theta_r,m=gauss,l2_out,42,0,1605.9079,1092.3279095727269,20,49.9660,0,runs/spec_rnoise/drsac_hopper_rgauss_seed42/r_r_hopper_eval.json
online,DR-SAC,DR-SAC,theta_r,m=gauss,l3_in,42,0,1452.7385,772.8365952526929,20,45.2597,0,runs/spec_rnoise/drsac_hopper_rgauss_seed42/r_r_hopper_eval.json
online,DR-SAC,DR-SAC,theta_r,m=gauss,l3_out,42,0,1356.2194,832.7993561565731,20,42.2940,0,runs/spec_rnoise/drsac_hopper_rgauss_seed42/r_r_hopper_eval.json
online,DR-SAC,DR-SAC,theta_r,m=gauss,l1_anchor,42,0,2996.3165,4.350718063848951,20,92.6877,0,runs/spec_rnoise/drsac_hopper_rgauss_seed42/r_r_hopper_eval.json
online,DR-SAC,DR-SAC,theta_r,m=gauss,l2_anchor,42,0,538.4572,4.5448987975442,20,17.1675,0,runs/spec_rnoise/drsac_hopper_rgauss_seed42/r_r_hopper_eval.json
online,DR-SAC,DR-SAC,theta_r,m=gauss,l3_anchor,42,0,487.5878,32.94210682414755,20,15.6045,0,runs/spec_rnoise/drsac_hopper_rgauss_seed42/r_r_hopper_eval.json
online,DR-SAC,DR-SAC,theta_r,m=uniform,nominal,0,1,2936.4452,422.48972542144924,20,90.8481,0,runs/spec_rnoise/drsac_hopper_runiform_seed0/r_r_hopper_eval.json
online,DR-SAC,DR-SAC,theta_r,m=uniform,l1_in,0,0,2120.5862,1038.5440813739422,20,65.7800,0,runs/spec_rnoise/drsac_hopper_runiform_seed0/r_r_hopper_eval.json
online,DR-SAC,DR-SAC,theta_r,m=uniform,l1_out,0,0,1784.4753,1212.6313484852583,20,55.4526,0,runs/spec_rnoise/drsac_hopper_runiform_seed0/r_r_hopper_eval.json
online,DR-SAC,DR-SAC,theta_r,m=uniform,l2_in,0,0,1747.1039,963.8865504634422,20,54.3044,0,runs/spec_rnoise/drsac_hopper_runiform_seed0/r_r_hopper_eval.json
online,DR-SAC,DR-SAC,theta_r,m=uniform,l2_out,0,0,1307.5838,897.51069679607,20,40.7997,0,runs/spec_rnoise/drsac_hopper_runiform_seed0/r_r_hopper_eval.json
online,DR-SAC,DR-SAC,theta_r,m=uniform,l3_in,0,0,1572.2250,739.9577785697918,20,48.9310,0,runs/spec_rnoise/drsac_hopper_runiform_seed0/r_r_hopper_eval.json
online,DR-SAC,DR-SAC,theta_r,m=uniform,l3_out,0,0,1154.5488,896.8933482334523,20,36.0975,0,runs/spec_rnoise/drsac_hopper_runiform_seed0/r_r_hopper_eval.json
online,DR-SAC,DR-SAC,theta_r,m=uniform,l1_anchor,0,0,2900.8866,213.30195646395453,20,89.7555,0,runs/spec_rnoise/drsac_hopper_runiform_seed0/r_r_hopper_eval.json
online,DR-SAC,DR-SAC,theta_r,m=uniform,l2_anchor,0,0,627.1120,4.447094286458339,20,19.8915,0,runs/spec_rnoise/drsac_hopper_runiform_seed0/r_r_hopper_eval.json
online,DR-SAC,DR-SAC,theta_r,m=uniform,l3_anchor,0,0,470.3621,46.7551878442203,20,15.0752,0,runs/spec_rnoise/drsac_hopper_runiform_seed0/r_r_hopper_eval.json
online,DR-SAC,DR-SAC,theta_r,m=uniform,nominal,1,1,3243.5400,8.494231731270522,20,100.2839,0,runs/spec_rnoise/drsac_hopper_runiform_seed1/r_r_hopper_eval.json
online,DR-SAC,DR-SAC,theta_r,m=uniform,l1_in,1,0,2266.0985,1011.841582639241,20,70.2510,0,runs/spec_rnoise/drsac_hopper_runiform_seed1/r_r_hopper_eval.json
online,DR-SAC,DR-SAC,theta_r,m=uniform,l1_out,1,0,1751.0956,1258.868271898343,20,54.4270,0,runs/spec_rnoise/drsac_hopper_runiform_seed1/r_r_hopper_eval.json
online,DR-SAC,DR-SAC,theta_r,m=uniform,l2_in,1,0,2147.8657,1080.8648306953808,20,66.6182,0,runs/spec_rnoise/drsac_hopper_runiform_seed1/r_r_hopper_eval.json
online,DR-SAC,DR-SAC,theta_r,m=uniform,l2_out,1,0,1525.6256,1058.5344739098416,20,47.4992,0,runs/spec_rnoise/drsac_hopper_runiform_seed1/r_r_hopper_eval.json
online,DR-SAC,DR-SAC,theta_r,m=uniform,l3_in,1,0,1201.2946,604.0133646108634,20,37.5338,0,runs/spec_rnoise/drsac_hopper_runiform_seed1/r_r_hopper_eval.json
online,DR-SAC,DR-SAC,theta_r,m=uniform,l3_out,1,0,920.0460,447.45030843431323,20,28.8922,0,runs/spec_rnoise/drsac_hopper_runiform_seed1/r_r_hopper_eval.json
online,DR-SAC,DR-SAC,theta_r,m=uniform,l1_anchor,1,0,2666.9847,544.6033534001749,20,82.5687,0,runs/spec_rnoise/drsac_hopper_runiform_seed1/r_r_hopper_eval.json
online,DR-SAC,DR-SAC,theta_r,m=uniform,l2_anchor,1,0,574.3199,5.484841146466342,20,18.2694,0,runs/spec_rnoise/drsac_hopper_runiform_seed1/r_r_hopper_eval.json
online,DR-SAC,DR-SAC,theta_r,m=uniform,l3_anchor,1,0,485.0728,37.05012833611586,20,15.5272,0,runs/spec_rnoise/drsac_hopper_runiform_seed1/r_r_hopper_eval.json
online,DR-SAC,DR-SAC,theta_r,m=uniform,nominal,2,1,3367.7481,5.413647920342893,20,104.1003,0,runs/spec_rnoise/drsac_hopper_runiform_seed2/r_r_hopper_eval.json
online,DR-SAC,DR-SAC,theta_r,m=uniform,l1_in,2,0,3159.8775,454.8121034945614,20,97.7133,0,runs/spec_rnoise/drsac_hopper_runiform_seed2/r_r_hopper_eval.json
online,DR-SAC,DR-SAC,theta_r,m=uniform,l1_out,2,0,1978.5400,1174.1839141042994,20,61.4155,0,runs/spec_rnoise/drsac_hopper_runiform_seed2/r_r_hopper_eval.json
online,DR-SAC,DR-SAC,theta_r,m=uniform,l2_in,2,0,3054.8177,618.5331338690268,20,94.4852,0,runs/spec_rnoise/drsac_hopper_runiform_seed2/r_r_hopper_eval.json
online,DR-SAC,DR-SAC,theta_r,m=uniform,l2_out,2,0,2416.1868,1116.041398483,20,74.8626,0,runs/spec_rnoise/drsac_hopper_runiform_seed2/r_r_hopper_eval.json
online,DR-SAC,DR-SAC,theta_r,m=uniform,l3_in,2,0,1687.6606,978.7101138118745,20,52.4779,0,runs/spec_rnoise/drsac_hopper_runiform_seed2/r_r_hopper_eval.json
online,DR-SAC,DR-SAC,theta_r,m=uniform,l3_out,2,0,998.7873,862.3503243921654,20,31.3116,0,runs/spec_rnoise/drsac_hopper_runiform_seed2/r_r_hopper_eval.json
online,DR-SAC,DR-SAC,theta_r,m=uniform,l1_anchor,2,0,3028.2385,6.279601537405624,20,93.6685,0,runs/spec_rnoise/drsac_hopper_runiform_seed2/r_r_hopper_eval.json
online,DR-SAC,DR-SAC,theta_r,m=uniform,l2_anchor,2,0,708.0789,8.636958600462377,20,22.3793,0,runs/spec_rnoise/drsac_hopper_runiform_seed2/r_r_hopper_eval.json
online,DR-SAC,DR-SAC,theta_r,m=uniform,l3_anchor,2,0,555.2019,73.63544361710932,20,17.6820,0,runs/spec_rnoise/drsac_hopper_runiform_seed2/r_r_hopper_eval.json
online,DR-SAC,DR-SAC,theta_r,m=uniform,nominal,3407,1,3316.7354,2.7505845998652667,20,102.5329,0,runs/spec_rnoise/drsac_hopper_runiform_seed3407/r_r_hopper_eval.json
online,DR-SAC,DR-SAC,theta_r,m=uniform,l1_in,3407,0,3309.0579,89.56507185222227,20,102.2970,0,runs/spec_rnoise/drsac_hopper_runiform_seed3407/r_r_hopper_eval.json
online,DR-SAC,DR-SAC,theta_r,m=uniform,l1_out,3407,0,2044.2393,1340.7268438051594,20,63.4342,0,runs/spec_rnoise/drsac_hopper_runiform_seed3407/r_r_hopper_eval.json
online,DR-SAC,DR-SAC,theta_r,m=uniform,l2_in,3407,0,2794.2472,922.7414680973848,20,86.4789,0,runs/spec_rnoise/drsac_hopper_runiform_seed3407/r_r_hopper_eval.json
online,DR-SAC,DR-SAC,theta_r,m=uniform,l2_out,3407,0,1971.8430,1357.2026219880454,20,61.2097,0,runs/spec_rnoise/drsac_hopper_runiform_seed3407/r_r_hopper_eval.json
online,DR-SAC,DR-SAC,theta_r,m=uniform,l3_in,3407,0,1641.7506,1075.9719622891826,20,51.0673,0,runs/spec_rnoise/drsac_hopper_runiform_seed3407/r_r_hopper_eval.json
online,DR-SAC,DR-SAC,theta_r,m=uniform,l3_out,3407,0,866.8104,982.4978136499419,20,27.2565,0,runs/spec_rnoise/drsac_hopper_runiform_seed3407/r_r_hopper_eval.json
online,DR-SAC,DR-SAC,theta_r,m=uniform,l1_anchor,3407,0,2772.3958,648.182859942948,20,85.8075,0,runs/spec_rnoise/drsac_hopper_runiform_seed3407/r_r_hopper_eval.json
online,DR-SAC,DR-SAC,theta_r,m=uniform,l2_anchor,3407,0,486.1310,8.127554080215873,20,15.5597,0,runs/spec_rnoise/drsac_hopper_runiform_seed3407/r_r_hopper_eval.json
online,DR-SAC,DR-SAC,theta_r,m=uniform,l3_anchor,3407,0,98.8821,177.6261554894106,20,3.6611,0,runs/spec_rnoise/drsac_hopper_runiform_seed3407/r_r_hopper_eval.json
online,DR-SAC,DR-SAC,theta_r,m=uniform,nominal,42,1,3087.8188,11.244542405380786,20,95.4992,0,runs/spec_rnoise/drsac_hopper_runiform_seed42/r_r_hopper_eval.json
online,DR-SAC,DR-SAC,theta_r,m=uniform,l1_in,42,0,2141.7401,979.59767500627,20,66.4300,0,runs/spec_rnoise/drsac_hopper_runiform_seed42/r_r_hopper_eval.json
online,DR-SAC,DR-SAC,theta_r,m=uniform,l1_out,42,0,1633.3879,1170.2993033528435,20,50.8103,0,runs/spec_rnoise/drsac_hopper_runiform_seed42/r_r_hopper_eval.json
online,DR-SAC,DR-SAC,theta_r,m=uniform,l2_in,42,0,2054.9365,990.1680819138143,20,63.7628,0,runs/spec_rnoise/drsac_hopper_runiform_seed42/r_r_hopper_eval.json
online,DR-SAC,DR-SAC,theta_r,m=uniform,l2_out,42,0,1683.0112,1061.517132388999,20,52.3351,0,runs/spec_rnoise/drsac_hopper_runiform_seed42/r_r_hopper_eval.json
online,DR-SAC,DR-SAC,theta_r,m=uniform,l3_in,42,0,1150.9618,672.432192912624,20,35.9873,0,runs/spec_rnoise/drsac_hopper_runiform_seed42/r_r_hopper_eval.json
online,DR-SAC,DR-SAC,theta_r,m=uniform,l3_out,42,0,832.4772,543.8757327137962,20,26.2015,0,runs/spec_rnoise/drsac_hopper_runiform_seed42/r_r_hopper_eval.json
online,DR-SAC,DR-SAC,theta_r,m=uniform,l1_anchor,42,0,3022.0635,4.016948386144139,20,93.4788,0,runs/spec_rnoise/drsac_hopper_runiform_seed42/r_r_hopper_eval.json
online,DR-SAC,DR-SAC,theta_r,m=uniform,l2_anchor,42,0,658.7769,23.863302985990526,20,20.8644,0,runs/spec_rnoise/drsac_hopper_runiform_seed42/r_r_hopper_eval.json
online,DR-SAC,DR-SAC,theta_r,m=uniform,l3_anchor,42,0,426.3762,182.43142891277313,20,13.7237,0,runs/spec_rnoise/drsac_hopper_runiform_seed42/r_r_hopper_eval.json
online,DR-SAC,DR-SAC,theta_r,m=shift,nominal,0,1,3036.8422,11.546879676849507,20,93.9329,0,runs/spec_rnoise/drsac_hopper_rshift_seed0/r_r_hopper_eval.json
online,DR-SAC,DR-SAC,theta_r,m=shift,l1_in,0,0,2224.9913,1003.089800535724,20,68.9880,0,runs/spec_rnoise/drsac_hopper_rshift_seed0/r_r_hopper_eval.json
online,DR-SAC,DR-SAC,theta_r,m=shift,l1_out,0,0,1676.2354,1192.6203310667313,20,52.1269,0,runs/spec_rnoise/drsac_hopper_rshift_seed0/r_r_hopper_eval.json
online,DR-SAC,DR-SAC,theta_r,m=shift,l2_in,0,0,2141.1957,991.6061177838711,20,66.4133,0,runs/spec_rnoise/drsac_hopper_rshift_seed0/r_r_hopper_eval.json
online,DR-SAC,DR-SAC,theta_r,m=shift,l2_out,0,0,1618.1553,1053.9562683803292,20,50.3423,0,runs/spec_rnoise/drsac_hopper_rshift_seed0/r_r_hopper_eval.json
online,DR-SAC,DR-SAC,theta_r,m=shift,l3_in,0,0,1403.9742,851.5842104637758,20,43.7614,0,runs/spec_rnoise/drsac_hopper_rshift_seed0/r_r_hopper_eval.json
online,DR-SAC,DR-SAC,theta_r,m=shift,l3_out,0,0,1060.1757,822.9890072536207,20,33.1978,0,runs/spec_rnoise/drsac_hopper_rshift_seed0/r_r_hopper_eval.json
online,DR-SAC,DR-SAC,theta_r,m=shift,l1_anchor,0,0,3005.3299,8.675065213973644,20,92.9647,0,runs/spec_rnoise/drsac_hopper_rshift_seed0/r_r_hopper_eval.json
online,DR-SAC,DR-SAC,theta_r,m=shift,l2_anchor,0,0,530.7271,4.54738466187017,20,16.9299,0,runs/spec_rnoise/drsac_hopper_rshift_seed0/r_r_hopper_eval.json
online,DR-SAC,DR-SAC,theta_r,m=shift,l3_anchor,0,0,430.7457,37.23326888041439,20,13.8579,0,runs/spec_rnoise/drsac_hopper_rshift_seed0/r_r_hopper_eval.json
online,DR-SAC,DR-SAC,theta_r,m=shift,nominal,1,1,3128.8991,3.3949566771131865,20,96.7615,0,runs/spec_rnoise/drsac_hopper_rshift_seed1/r_r_hopper_eval.json
online,DR-SAC,DR-SAC,theta_r,m=shift,l1_in,1,0,2458.4751,995.2646072825529,20,76.1620,0,runs/spec_rnoise/drsac_hopper_rshift_seed1/r_r_hopper_eval.json
online,DR-SAC,DR-SAC,theta_r,m=shift,l1_out,1,0,1829.9798,1118.8944946570193,20,56.8508,0,runs/spec_rnoise/drsac_hopper_rshift_seed1/r_r_hopper_eval.json
online,DR-SAC,DR-SAC,theta_r,m=shift,l2_in,1,0,2182.1664,1030.1068704193365,20,67.6721,0,runs/spec_rnoise/drsac_hopper_rshift_seed1/r_r_hopper_eval.json
online,DR-SAC,DR-SAC,theta_r,m=shift,l2_out,1,0,1860.3953,1057.283988618713,20,57.7854,0,runs/spec_rnoise/drsac_hopper_rshift_seed1/r_r_hopper_eval.json
online,DR-SAC,DR-SAC,theta_r,m=shift,l3_in,1,0,1541.0487,975.1003797789688,20,47.9731,0,runs/spec_rnoise/drsac_hopper_rshift_seed1/r_r_hopper_eval.json
online,DR-SAC,DR-SAC,theta_r,m=shift,l3_out,1,0,890.7245,747.5737112094865,20,27.9912,0,runs/spec_rnoise/drsac_hopper_rshift_seed1/r_r_hopper_eval.json
online,DR-SAC,DR-SAC,theta_r,m=shift,l1_anchor,1,0,2801.9782,343.57766663116433,20,86.7165,0,runs/spec_rnoise/drsac_hopper_rshift_seed1/r_r_hopper_eval.json
online,DR-SAC,DR-SAC,theta_r,m=shift,l2_anchor,1,0,703.1287,17.68889843072721,20,22.2272,0,runs/spec_rnoise/drsac_hopper_rshift_seed1/r_r_hopper_eval.json
online,DR-SAC,DR-SAC,theta_r,m=shift,l3_anchor,1,0,547.8683,132.603842413546,20,17.4566,0,runs/spec_rnoise/drsac_hopper_rshift_seed1/r_r_hopper_eval.json
online,DR-SAC,DR-SAC,theta_r,m=shift,nominal,2,1,3469.5867,4.2499655918022174,20,107.2294,0,runs/spec_rnoise/drsac_hopper_rshift_seed2/r_r_hopper_eval.json
online,DR-SAC,DR-SAC,theta_r,m=shift,l1_in,2,0,3097.1259,743.8711903883649,20,95.7852,0,runs/spec_rnoise/drsac_hopper_rshift_seed2/r_r_hopper_eval.json
online,DR-SAC,DR-SAC,theta_r,m=shift,l1_out,2,0,1813.1167,1259.3053252759385,20,56.3327,0,runs/spec_rnoise/drsac_hopper_rshift_seed2/r_r_hopper_eval.json
online,DR-SAC,DR-SAC,theta_r,m=shift,l2_in,2,0,2603.8345,1093.9568329500914,20,80.6283,0,runs/spec_rnoise/drsac_hopper_rshift_seed2/r_r_hopper_eval.json
online,DR-SAC,DR-SAC,theta_r,m=shift,l2_out,2,0,2170.8886,1348.3754707162484,20,67.3256,0,runs/spec_rnoise/drsac_hopper_rshift_seed2/r_r_hopper_eval.json
online,DR-SAC,DR-SAC,theta_r,m=shift,l3_in,2,0,1385.6868,781.5058046068157,20,43.1995,0,runs/spec_rnoise/drsac_hopper_rshift_seed2/r_r_hopper_eval.json
online,DR-SAC,DR-SAC,theta_r,m=shift,l3_out,2,0,1339.4792,955.5804591670503,20,41.7797,0,runs/spec_rnoise/drsac_hopper_rshift_seed2/r_r_hopper_eval.json
online,DR-SAC,DR-SAC,theta_r,m=shift,l1_anchor,2,0,3164.3997,11.25012862564852,20,97.8522,0,runs/spec_rnoise/drsac_hopper_rshift_seed2/r_r_hopper_eval.json
online,DR-SAC,DR-SAC,theta_r,m=shift,l2_anchor,2,0,547.4173,2.1819992545105293,20,17.4428,0,runs/spec_rnoise/drsac_hopper_rshift_seed2/r_r_hopper_eval.json
online,DR-SAC,DR-SAC,theta_r,m=shift,l3_anchor,2,0,457.9028,67.75505491059306,20,14.6924,0,runs/spec_rnoise/drsac_hopper_rshift_seed2/r_r_hopper_eval.json
online,DR-SAC,DR-SAC,theta_r,m=shift,nominal,3407,1,3418.9654,5.6485369644447445,20,105.6740,0,runs/spec_rnoise/drsac_hopper_rshift_seed3407/r_r_hopper_eval.json
online,DR-SAC,DR-SAC,theta_r,m=shift,l1_in,3407,0,3363.0744,281.79236194061076,20,103.9567,0,runs/spec_rnoise/drsac_hopper_rshift_seed3407/r_r_hopper_eval.json
online,DR-SAC,DR-SAC,theta_r,m=shift,l1_out,3407,0,2207.7894,1285.2655134748445,20,68.4594,0,runs/spec_rnoise/drsac_hopper_rshift_seed3407/r_r_hopper_eval.json
online,DR-SAC,DR-SAC,theta_r,m=shift,l2_in,3407,0,2913.8807,865.1086490877237,20,90.1548,0,runs/spec_rnoise/drsac_hopper_rshift_seed3407/r_r_hopper_eval.json
online,DR-SAC,DR-SAC,theta_r,m=shift,l2_out,3407,0,2252.3255,1299.1546991829075,20,69.8278,0,runs/spec_rnoise/drsac_hopper_rshift_seed3407/r_r_hopper_eval.json
online,DR-SAC,DR-SAC,theta_r,m=shift,l3_in,3407,0,1572.1036,867.4721800283523,20,48.9273,0,runs/spec_rnoise/drsac_hopper_rshift_seed3407/r_r_hopper_eval.json
online,DR-SAC,DR-SAC,theta_r,m=shift,l3_out,3407,0,1205.9127,964.2716984783149,20,37.6757,0,runs/spec_rnoise/drsac_hopper_rshift_seed3407/r_r_hopper_eval.json
online,DR-SAC,DR-SAC,theta_r,m=shift,l1_anchor,3407,0,3096.3942,16.43377639800536,20,95.7627,0,runs/spec_rnoise/drsac_hopper_rshift_seed3407/r_r_hopper_eval.json
online,DR-SAC,DR-SAC,theta_r,m=shift,l2_anchor,3407,0,590.6819,17.225333174472212,20,18.7721,0,runs/spec_rnoise/drsac_hopper_rshift_seed3407/r_r_hopper_eval.json
online,DR-SAC,DR-SAC,theta_r,m=shift,l3_anchor,3407,0,472.7420,49.326382324377796,20,15.1483,0,runs/spec_rnoise/drsac_hopper_rshift_seed3407/r_r_hopper_eval.json
online,DR-SAC,DR-SAC,theta_r,m=shift,nominal,42,1,3241.5379,1.9898981142979295,20,100.2224,0,runs/spec_rnoise/drsac_hopper_rshift_seed42/r_r_hopper_eval.json
online,DR-SAC,DR-SAC,theta_r,m=shift,l1_in,42,0,2837.0355,722.7177464702839,20,87.7936,0,runs/spec_rnoise/drsac_hopper_rshift_seed42/r_r_hopper_eval.json
online,DR-SAC,DR-SAC,theta_r,m=shift,l1_out,42,0,1894.2634,1174.8003060094475,20,58.8260,0,runs/spec_rnoise/drsac_hopper_rshift_seed42/r_r_hopper_eval.json
online,DR-SAC,DR-SAC,theta_r,m=shift,l2_in,42,0,2579.5746,926.7297605760581,20,79.8829,0,runs/spec_rnoise/drsac_hopper_rshift_seed42/r_r_hopper_eval.json
online,DR-SAC,DR-SAC,theta_r,m=shift,l2_out,42,0,1864.0762,1109.8167026258152,20,57.8985,0,runs/spec_rnoise/drsac_hopper_rshift_seed42/r_r_hopper_eval.json
online,DR-SAC,DR-SAC,theta_r,m=shift,l3_in,42,0,1813.8366,887.0421824038245,20,56.3548,0,runs/spec_rnoise/drsac_hopper_rshift_seed42/r_r_hopper_eval.json
online,DR-SAC,DR-SAC,theta_r,m=shift,l3_out,42,0,1217.1064,897.0656843626818,20,38.0197,0,runs/spec_rnoise/drsac_hopper_rshift_seed42/r_r_hopper_eval.json
online,DR-SAC,DR-SAC,theta_r,m=shift,l1_anchor,42,0,2429.9181,471.2864652048483,20,75.2845,0,runs/spec_rnoise/drsac_hopper_rshift_seed42/r_r_hopper_eval.json
online,DR-SAC,DR-SAC,theta_r,m=shift,l2_anchor,42,0,493.2470,1.6677219827517438,20,15.7783,0,runs/spec_rnoise/drsac_hopper_rshift_seed42/r_r_hopper_eval.json
online,DR-SAC,DR-SAC,theta_r,m=shift,l3_anchor,42,0,454.2336,23.419150471859695,20,14.5796,0,runs/spec_rnoise/drsac_hopper_rshift_seed42/r_r_hopper_eval.json
online,DR-SAC,DR-SAC,theta_tau_credit,k=4,nominal,0,1,3392.5589,18.047428029030346,20,104.8627,0,runs/spec_rdelay/drsac_hopper_k4_seed0/r_r_hopper_eval.json
online,DR-SAC,DR-SAC,theta_tau_credit,k=4,l1_in,0,0,3087.1058,731.9410343954547,20,95.4773,0,runs/spec_rdelay/drsac_hopper_k4_seed0/r_r_hopper_eval.json
online,DR-SAC,DR-SAC,theta_tau_credit,k=4,l1_out,0,0,2085.9335,1293.9799420985369,20,64.7153,0,runs/spec_rdelay/drsac_hopper_k4_seed0/r_r_hopper_eval.json
online,DR-SAC,DR-SAC,theta_tau_credit,k=4,l2_in,0,0,2687.4636,1031.5935609557648,20,83.1979,0,runs/spec_rdelay/drsac_hopper_k4_seed0/r_r_hopper_eval.json
online,DR-SAC,DR-SAC,theta_tau_credit,k=4,l2_out,0,0,2119.9589,1217.3499398856582,20,65.7607,0,runs/spec_rdelay/drsac_hopper_k4_seed0/r_r_hopper_eval.json
online,DR-SAC,DR-SAC,theta_tau_credit,k=4,l3_in,0,0,1210.2738,825.5590845704846,20,37.8097,0,runs/spec_rdelay/drsac_hopper_k4_seed0/r_r_hopper_eval.json
online,DR-SAC,DR-SAC,theta_tau_credit,k=4,l3_out,0,0,1052.9684,784.0481343374829,20,32.9764,0,runs/spec_rdelay/drsac_hopper_k4_seed0/r_r_hopper_eval.json
online,DR-SAC,DR-SAC,theta_tau_credit,k=4,l1_anchor,0,0,3139.9219,22.70929082117712,20,97.1001,0,runs/spec_rdelay/drsac_hopper_k4_seed0/r_r_hopper_eval.json
online,DR-SAC,DR-SAC,theta_tau_credit,k=4,l2_anchor,0,0,594.0403,7.983217801175395,20,18.8753,0,runs/spec_rdelay/drsac_hopper_k4_seed0/r_r_hopper_eval.json
online,DR-SAC,DR-SAC,theta_tau_credit,k=4,l3_anchor,0,0,501.7875,37.22629378551961,20,16.0408,0,runs/spec_rdelay/drsac_hopper_k4_seed0/r_r_hopper_eval.json
online,DR-SAC,DR-SAC,theta_tau_credit,k=4,nominal,1,1,3346.9114,5.6561811064835394,20,103.4601,0,runs/spec_rdelay/drsac_hopper_k4_seed1/r_r_hopper_eval.json
online,DR-SAC,DR-SAC,theta_tau_credit,k=4,l1_in,1,0,2688.2654,960.9885012368084,20,83.2225,0,runs/spec_rdelay/drsac_hopper_k4_seed1/r_r_hopper_eval.json
online,DR-SAC,DR-SAC,theta_tau_credit,k=4,l1_out,1,0,1750.4440,1290.3078278596229,20,54.4070,0,runs/spec_rdelay/drsac_hopper_k4_seed1/r_r_hopper_eval.json
online,DR-SAC,DR-SAC,theta_tau_credit,k=4,l2_in,1,0,2374.2061,1064.8860206121558,20,73.5727,0,runs/spec_rdelay/drsac_hopper_k4_seed1/r_r_hopper_eval.json
online,DR-SAC,DR-SAC,theta_tau_credit,k=4,l2_out,1,0,1612.4786,1170.7873925362594,20,50.1679,0,runs/spec_rdelay/drsac_hopper_k4_seed1/r_r_hopper_eval.json
online,DR-SAC,DR-SAC,theta_tau_credit,k=4,l3_in,1,0,1339.0071,679.7822257118628,20,41.7652,0,runs/spec_rdelay/drsac_hopper_k4_seed1/r_r_hopper_eval.json
online,DR-SAC,DR-SAC,theta_tau_credit,k=4,l3_out,1,0,1113.4829,757.7225329582061,20,34.8357,0,runs/spec_rdelay/drsac_hopper_k4_seed1/r_r_hopper_eval.json
online,DR-SAC,DR-SAC,theta_tau_credit,k=4,l1_anchor,1,0,3034.3459,4.844009249295123,20,93.8562,0,runs/spec_rdelay/drsac_hopper_k4_seed1/r_r_hopper_eval.json
online,DR-SAC,DR-SAC,theta_tau_credit,k=4,l2_anchor,1,0,523.6050,6.790109674516247,20,16.7111,0,runs/spec_rdelay/drsac_hopper_k4_seed1/r_r_hopper_eval.json
online,DR-SAC,DR-SAC,theta_tau_credit,k=4,l3_anchor,1,0,457.4314,74.45958741983725,20,14.6779,0,runs/spec_rdelay/drsac_hopper_k4_seed1/r_r_hopper_eval.json
online,DR-SAC,DR-SAC,theta_tau_credit,k=4,nominal,2,1,3082.6861,3.6087777564458,20,95.3415,0,runs/spec_rdelay/drsac_hopper_k4_seed2/r_r_hopper_eval.json
online,DR-SAC,DR-SAC,theta_tau_credit,k=4,l1_in,2,0,3058.1467,153.71203924545063,20,94.5875,0,runs/spec_rdelay/drsac_hopper_k4_seed2/r_r_hopper_eval.json
online,DR-SAC,DR-SAC,theta_tau_credit,k=4,l1_out,2,0,1953.5531,1203.4025255690844,20,60.6477,0,runs/spec_rdelay/drsac_hopper_k4_seed2/r_r_hopper_eval.json
online,DR-SAC,DR-SAC,theta_tau_credit,k=4,l2_in,2,0,2124.3131,1060.2745914028571,20,65.8945,0,runs/spec_rdelay/drsac_hopper_k4_seed2/r_r_hopper_eval.json
online,DR-SAC,DR-SAC,theta_tau_credit,k=4,l2_out,2,0,1833.6587,1206.8731718091724,20,56.9639,0,runs/spec_rdelay/drsac_hopper_k4_seed2/r_r_hopper_eval.json
online,DR-SAC,DR-SAC,theta_tau_credit,k=4,l3_in,2,0,1448.9535,796.7763279035595,20,45.1434,0,runs/spec_rdelay/drsac_hopper_k4_seed2/r_r_hopper_eval.json
online,DR-SAC,DR-SAC,theta_tau_credit,k=4,l3_out,2,0,974.6566,695.8699947873097,20,30.5701,0,runs/spec_rdelay/drsac_hopper_k4_seed2/r_r_hopper_eval.json
online,DR-SAC,DR-SAC,theta_tau_credit,k=4,l1_anchor,2,0,1293.8558,136.78776095511813,20,40.3779,0,runs/spec_rdelay/drsac_hopper_k4_seed2/r_r_hopper_eval.json
online,DR-SAC,DR-SAC,theta_tau_credit,k=4,l2_anchor,2,0,533.1144,9.952952439224854,20,17.0033,0,runs/spec_rdelay/drsac_hopper_k4_seed2/r_r_hopper_eval.json
online,DR-SAC,DR-SAC,theta_tau_credit,k=4,l3_anchor,2,0,438.9007,61.522373520881985,20,14.1085,0,runs/spec_rdelay/drsac_hopper_k4_seed2/r_r_hopper_eval.json
online,DR-SAC,DR-SAC,theta_tau_credit,k=4,nominal,3407,1,2857.1145,550.3211033735588,20,88.4106,0,runs/spec_rdelay/drsac_hopper_k4_seed3407/r_r_hopper_eval.json
online,DR-SAC,DR-SAC,theta_tau_credit,k=4,l1_in,3407,0,2498.4777,974.3138583422885,20,77.3911,0,runs/spec_rdelay/drsac_hopper_k4_seed3407/r_r_hopper_eval.json
online,DR-SAC,DR-SAC,theta_tau_credit,k=4,l1_out,3407,0,1428.3844,1084.5750422114727,20,44.5114,0,runs/spec_rdelay/drsac_hopper_k4_seed3407/r_r_hopper_eval.json
online,DR-SAC,DR-SAC,theta_tau_credit,k=4,l2_in,3407,0,1831.1853,1035.163914680324,20,56.8879,0,runs/spec_rdelay/drsac_hopper_k4_seed3407/r_r_hopper_eval.json
online,DR-SAC,DR-SAC,theta_tau_credit,k=4,l2_out,3407,0,1175.3628,800.6328430828448,20,36.7370,0,runs/spec_rdelay/drsac_hopper_k4_seed3407/r_r_hopper_eval.json
online,DR-SAC,DR-SAC,theta_tau_credit,k=4,l3_in,3407,0,1295.3451,534.5243973110082,20,40.4236,0,runs/spec_rdelay/drsac_hopper_k4_seed3407/r_r_hopper_eval.json
online,DR-SAC,DR-SAC,theta_tau_credit,k=4,l3_out,3407,0,1381.4722,858.9626604865371,20,43.0700,0,runs/spec_rdelay/drsac_hopper_k4_seed3407/r_r_hopper_eval.json
online,DR-SAC,DR-SAC,theta_tau_credit,k=4,l1_anchor,3407,0,1702.7662,312.53542079336853,20,52.9421,0,runs/spec_rdelay/drsac_hopper_k4_seed3407/r_r_hopper_eval.json
online,DR-SAC,DR-SAC,theta_tau_credit,k=4,l2_anchor,3407,0,531.5712,4.400994787852303,20,16.9559,0,runs/spec_rdelay/drsac_hopper_k4_seed3407/r_r_hopper_eval.json
online,DR-SAC,DR-SAC,theta_tau_credit,k=4,l3_anchor,3407,0,437.4676,39.95316547633751,20,14.0645,0,runs/spec_rdelay/drsac_hopper_k4_seed3407/r_r_hopper_eval.json
online,DR-SAC,DR-SAC,theta_tau_credit,k=4,nominal,42,1,1961.6980,469.84646822108203,20,60.8980,0,runs/spec_rdelay/drsac_hopper_k4_seed42/r_r_hopper_eval.json
online,DR-SAC,DR-SAC,theta_tau_credit,k=4,l1_in,42,0,2546.5089,951.2119594841511,20,78.8669,0,runs/spec_rdelay/drsac_hopper_k4_seed42/r_r_hopper_eval.json
online,DR-SAC,DR-SAC,theta_tau_credit,k=4,l1_out,42,0,1764.5067,1099.3924838887772,20,54.8391,0,runs/spec_rdelay/drsac_hopper_k4_seed42/r_r_hopper_eval.json
online,DR-SAC,DR-SAC,theta_tau_credit,k=4,l2_in,42,0,2308.3568,900.0750714649414,20,71.5494,0,runs/spec_rdelay/drsac_hopper_k4_seed42/r_r_hopper_eval.json
online,DR-SAC,DR-SAC,theta_tau_credit,k=4,l2_out,42,0,1494.2885,864.8672760013919,20,46.5364,0,runs/spec_rdelay/drsac_hopper_k4_seed42/r_r_hopper_eval.json
online,DR-SAC,DR-SAC,theta_tau_credit,k=4,l3_in,42,0,1580.5301,893.8076874536115,20,49.1862,0,runs/spec_rdelay/drsac_hopper_k4_seed42/r_r_hopper_eval.json
online,DR-SAC,DR-SAC,theta_tau_credit,k=4,l3_out,42,0,1459.9505,839.3792405560012,20,45.4813,0,runs/spec_rdelay/drsac_hopper_k4_seed42/r_r_hopper_eval.json
online,DR-SAC,DR-SAC,theta_tau_credit,k=4,l1_anchor,42,0,2181.8850,455.28920125879654,20,67.6635,0,runs/spec_rdelay/drsac_hopper_k4_seed42/r_r_hopper_eval.json
online,DR-SAC,DR-SAC,theta_tau_credit,k=4,l2_anchor,42,0,687.7173,3.6568810273762424,20,21.7536,0,runs/spec_rdelay/drsac_hopper_k4_seed42/r_r_hopper_eval.json
online,DR-SAC,DR-SAC,theta_tau_credit,k=4,l3_anchor,42,0,554.0889,73.28273684597046,20,17.6478,0,runs/spec_rdelay/drsac_hopper_k4_seed42/r_r_hopper_eval.json
online,DR-SAC,DR-SAC,theta_tau_credit,k=16,nominal,0,1,2817.1442,82.05482128854979,20,87.1825,0,runs/spec_rdelay/drsac_hopper_k16_seed0/r_r_hopper_eval.json
online,DR-SAC,DR-SAC,theta_tau_credit,k=16,l1_in,0,0,2380.9159,691.6722270895284,20,73.7789,0,runs/spec_rdelay/drsac_hopper_k16_seed0/r_r_hopper_eval.json
online,DR-SAC,DR-SAC,theta_tau_credit,k=16,l1_out,0,0,1350.6909,937.3012531174234,20,42.1242,0,runs/spec_rdelay/drsac_hopper_k16_seed0/r_r_hopper_eval.json
online,DR-SAC,DR-SAC,theta_tau_credit,k=16,l2_in,0,0,1799.8351,832.6843848061845,20,55.9246,0,runs/spec_rdelay/drsac_hopper_k16_seed0/r_r_hopper_eval.json
online,DR-SAC,DR-SAC,theta_tau_credit,k=16,l2_out,0,0,1375.5667,846.3095302132152,20,42.8885,0,runs/spec_rdelay/drsac_hopper_k16_seed0/r_r_hopper_eval.json
online,DR-SAC,DR-SAC,theta_tau_credit,k=16,l3_in,0,0,1630.3001,821.1270599228201,20,50.7155,0,runs/spec_rdelay/drsac_hopper_k16_seed0/r_r_hopper_eval.json
online,DR-SAC,DR-SAC,theta_tau_credit,k=16,l3_out,0,0,1130.1879,835.0958026693694,20,35.3490,0,runs/spec_rdelay/drsac_hopper_k16_seed0/r_r_hopper_eval.json
online,DR-SAC,DR-SAC,theta_tau_credit,k=16,l1_anchor,0,0,983.6754,68.33804525460799,20,30.8473,0,runs/spec_rdelay/drsac_hopper_k16_seed0/r_r_hopper_eval.json
online,DR-SAC,DR-SAC,theta_tau_credit,k=16,l2_anchor,0,0,671.4337,8.226251021442614,20,21.2533,0,runs/spec_rdelay/drsac_hopper_k16_seed0/r_r_hopper_eval.json
online,DR-SAC,DR-SAC,theta_tau_credit,k=16,l3_anchor,0,0,530.4650,34.15057454936329,20,16.9219,0,runs/spec_rdelay/drsac_hopper_k16_seed0/r_r_hopper_eval.json
online,DR-SAC,DR-SAC,theta_tau_credit,k=16,nominal,1,1,1900.7454,676.8284340875399,20,59.0252,0,runs/spec_rdelay/drsac_hopper_k16_seed1/r_r_hopper_eval.json
online,DR-SAC,DR-SAC,theta_tau_credit,k=16,l1_in,1,0,1457.8873,464.231723161677,20,45.4179,0,runs/spec_rdelay/drsac_hopper_k16_seed1/r_r_hopper_eval.json
online,DR-SAC,DR-SAC,theta_tau_credit,k=16,l1_out,1,0,1118.5606,897.5429719877795,20,34.9917,0,runs/spec_rdelay/drsac_hopper_k16_seed1/r_r_hopper_eval.json
online,DR-SAC,DR-SAC,theta_tau_credit,k=16,l2_in,1,0,1567.8420,767.4588370850432,20,48.7964,0,runs/spec_rdelay/drsac_hopper_k16_seed1/r_r_hopper_eval.json
online,DR-SAC,DR-SAC,theta_tau_credit,k=16,l2_out,1,0,902.1509,506.645924994282,20,28.3423,0,runs/spec_rdelay/drsac_hopper_k16_seed1/r_r_hopper_eval.json
online,DR-SAC,DR-SAC,theta_tau_credit,k=16,l3_in,1,0,599.7312,453.8485976497795,20,19.0502,0,runs/spec_rdelay/drsac_hopper_k16_seed1/r_r_hopper_eval.json
online,DR-SAC,DR-SAC,theta_tau_credit,k=16,l3_out,1,0,357.8030,417.63925578006825,20,11.6167,0,runs/spec_rdelay/drsac_hopper_k16_seed1/r_r_hopper_eval.json
online,DR-SAC,DR-SAC,theta_tau_credit,k=16,l1_anchor,1,0,1021.5227,15.825492196956327,20,32.0101,0,runs/spec_rdelay/drsac_hopper_k16_seed1/r_r_hopper_eval.json
online,DR-SAC,DR-SAC,theta_tau_credit,k=16,l2_anchor,1,0,690.5054,11.130019241582316,20,21.8393,0,runs/spec_rdelay/drsac_hopper_k16_seed1/r_r_hopper_eval.json
online,DR-SAC,DR-SAC,theta_tau_credit,k=16,l3_anchor,1,0,522.8138,56.39975118403593,20,16.6868,0,runs/spec_rdelay/drsac_hopper_k16_seed1/r_r_hopper_eval.json
online,DR-SAC,DR-SAC,theta_tau_credit,k=16,nominal,2,1,1976.9794,386.8820504336079,20,61.3675,0,runs/spec_rdelay/drsac_hopper_k16_seed2/r_r_hopper_eval.json
online,DR-SAC,DR-SAC,theta_tau_credit,k=16,l1_in,2,0,1880.2233,931.8075948950107,20,58.3946,0,runs/spec_rdelay/drsac_hopper_k16_seed2/r_r_hopper_eval.json
online,DR-SAC,DR-SAC,theta_tau_credit,k=16,l1_out,2,0,1111.7637,887.5419841587025,20,34.7829,0,runs/spec_rdelay/drsac_hopper_k16_seed2/r_r_hopper_eval.json
online,DR-SAC,DR-SAC,theta_tau_credit,k=16,l2_in,2,0,1545.1748,810.1535603076123,20,48.0999,0,runs/spec_rdelay/drsac_hopper_k16_seed2/r_r_hopper_eval.json
online,DR-SAC,DR-SAC,theta_tau_credit,k=16,l2_out,2,0,1325.1110,885.2150546355097,20,41.3382,0,runs/spec_rdelay/drsac_hopper_k16_seed2/r_r_hopper_eval.json
online,DR-SAC,DR-SAC,theta_tau_credit,k=16,l3_in,2,0,1117.1017,696.9818077201536,20,34.9469,0,runs/spec_rdelay/drsac_hopper_k16_seed2/r_r_hopper_eval.json
online,DR-SAC,DR-SAC,theta_tau_credit,k=16,l3_out,2,0,597.6642,513.7920407182642,20,18.9867,0,runs/spec_rdelay/drsac_hopper_k16_seed2/r_r_hopper_eval.json
online,DR-SAC,DR-SAC,theta_tau_credit,k=16,l1_anchor,2,0,572.1514,67.78976550878706,20,18.2028,0,runs/spec_rdelay/drsac_hopper_k16_seed2/r_r_hopper_eval.json
online,DR-SAC,DR-SAC,theta_tau_credit,k=16,l2_anchor,2,0,389.6717,26.803970122458473,20,12.5959,0,runs/spec_rdelay/drsac_hopper_k16_seed2/r_r_hopper_eval.json
online,DR-SAC,DR-SAC,theta_tau_credit,k=16,l3_anchor,2,0,29.7523,102.12363845016567,20,1.5370,0,runs/spec_rdelay/drsac_hopper_k16_seed2/r_r_hopper_eval.json
online,DR-SAC,DR-SAC,theta_tau_credit,k=16,nominal,3407,1,2945.5138,455.067940388479,20,91.1267,0,runs/spec_rdelay/drsac_hopper_k16_seed3407/r_r_hopper_eval.json
online,DR-SAC,DR-SAC,theta_tau_credit,k=16,l1_in,3407,0,1967.2583,1007.8272114884368,20,61.0688,0,runs/spec_rdelay/drsac_hopper_k16_seed3407/r_r_hopper_eval.json
online,DR-SAC,DR-SAC,theta_tau_credit,k=16,l1_out,3407,0,1186.9401,968.4958982082063,20,37.0928,0,runs/spec_rdelay/drsac_hopper_k16_seed3407/r_r_hopper_eval.json
online,DR-SAC,DR-SAC,theta_tau_credit,k=16,l2_in,3407,0,1527.0312,879.8576734577292,20,47.5424,0,runs/spec_rdelay/drsac_hopper_k16_seed3407/r_r_hopper_eval.json
online,DR-SAC,DR-SAC,theta_tau_credit,k=16,l2_out,3407,0,1083.1160,798.2752891445679,20,33.9027,0,runs/spec_rdelay/drsac_hopper_k16_seed3407/r_r_hopper_eval.json
online,DR-SAC,DR-SAC,theta_tau_credit,k=16,l3_in,3407,0,1211.8364,739.3929507952657,20,37.8577,0,runs/spec_rdelay/drsac_hopper_k16_seed3407/r_r_hopper_eval.json
online,DR-SAC,DR-SAC,theta_tau_credit,k=16,l3_out,3407,0,1037.1752,704.0005348171471,20,32.4911,0,runs/spec_rdelay/drsac_hopper_k16_seed3407/r_r_hopper_eval.json
online,DR-SAC,DR-SAC,theta_tau_credit,k=16,l1_anchor,3407,0,988.2087,212.95182407825283,20,30.9865,0,runs/spec_rdelay/drsac_hopper_k16_seed3407/r_r_hopper_eval.json
online,DR-SAC,DR-SAC,theta_tau_credit,k=16,l2_anchor,3407,0,416.3860,15.349883107073305,20,13.4167,0,runs/spec_rdelay/drsac_hopper_k16_seed3407/r_r_hopper_eval.json
online,DR-SAC,DR-SAC,theta_tau_credit,k=16,l3_anchor,3407,0,409.9114,44.84854385199938,20,13.2178,0,runs/spec_rdelay/drsac_hopper_k16_seed3407/r_r_hopper_eval.json
online,DR-SAC,DR-SAC,theta_tau_credit,k=16,nominal,42,1,2218.2416,813.1770442103541,20,68.7806,0,runs/spec_rdelay/drsac_hopper_k16_seed42/r_r_hopper_eval.json
online,DR-SAC,DR-SAC,theta_tau_credit,k=16,l1_in,42,0,1351.3024,841.7470007539164,20,42.1430,0,runs/spec_rdelay/drsac_hopper_k16_seed42/r_r_hopper_eval.json
online,DR-SAC,DR-SAC,theta_tau_credit,k=16,l1_out,42,0,1034.0058,857.6567554655908,20,32.3937,0,runs/spec_rdelay/drsac_hopper_k16_seed42/r_r_hopper_eval.json
online,DR-SAC,DR-SAC,theta_tau_credit,k=16,l2_in,42,0,1261.4693,760.558393415404,20,39.3828,0,runs/spec_rdelay/drsac_hopper_k16_seed42/r_r_hopper_eval.json
online,DR-SAC,DR-SAC,theta_tau_credit,k=16,l2_out,42,0,1009.3391,707.4811186551311,20,31.6358,0,runs/spec_rdelay/drsac_hopper_k16_seed42/r_r_hopper_eval.json
online,DR-SAC,DR-SAC,theta_tau_credit,k=16,l3_in,42,0,1198.2761,619.6848723630293,20,37.4411,0,runs/spec_rdelay/drsac_hopper_k16_seed42/r_r_hopper_eval.json
online,DR-SAC,DR-SAC,theta_tau_credit,k=16,l3_out,42,0,906.2518,638.5120774071843,20,28.4683,0,runs/spec_rdelay/drsac_hopper_k16_seed42/r_r_hopper_eval.json
online,DR-SAC,DR-SAC,theta_tau_credit,k=16,l1_anchor,42,0,792.9975,13.857033984609917,20,24.9885,0,runs/spec_rdelay/drsac_hopper_k16_seed42/r_r_hopper_eval.json
online,DR-SAC,DR-SAC,theta_tau_credit,k=16,l2_anchor,42,0,513.2725,3.266132935011419,20,16.3936,0,runs/spec_rdelay/drsac_hopper_k16_seed42/r_r_hopper_eval.json
online,DR-SAC,DR-SAC,theta_tau_credit,k=16,l3_anchor,42,0,455.7940,36.06462208016879,20,14.6276,0,runs/spec_rdelay/drsac_hopper_k16_seed42/r_r_hopper_eval.json
online,DR-SAC,DR-SAC,theta_tau_credit,k=32,nominal,0,1,3192.0278,11.49971506948781,20,98.7011,0,runs/spec_rdelay/drsac_hopper_k32_seed0/r_r_hopper_eval.json
online,DR-SAC,DR-SAC,theta_tau_credit,k=32,l1_in,0,0,2202.7942,1084.9029845897928,20,68.3059,0,runs/spec_rdelay/drsac_hopper_k32_seed0/r_r_hopper_eval.json
online,DR-SAC,DR-SAC,theta_tau_credit,k=32,l1_out,0,0,1385.4464,1131.9251863072438,20,43.1921,0,runs/spec_rdelay/drsac_hopper_k32_seed0/r_r_hopper_eval.json
online,DR-SAC,DR-SAC,theta_tau_credit,k=32,l2_in,0,0,1752.9703,1098.2453662270175,20,54.4846,0,runs/spec_rdelay/drsac_hopper_k32_seed0/r_r_hopper_eval.json
online,DR-SAC,DR-SAC,theta_tau_credit,k=32,l2_out,0,0,1771.7694,1140.8782871989365,20,55.0622,0,runs/spec_rdelay/drsac_hopper_k32_seed0/r_r_hopper_eval.json
online,DR-SAC,DR-SAC,theta_tau_credit,k=32,l3_in,0,0,1578.9941,928.0537504507572,20,49.1390,0,runs/spec_rdelay/drsac_hopper_k32_seed0/r_r_hopper_eval.json
online,DR-SAC,DR-SAC,theta_tau_credit,k=32,l3_out,0,0,1073.0220,874.018162760118,20,33.5925,0,runs/spec_rdelay/drsac_hopper_k32_seed0/r_r_hopper_eval.json
online,DR-SAC,DR-SAC,theta_tau_credit,k=32,l1_anchor,0,0,571.8324,26.174171918760923,20,18.1930,0,runs/spec_rdelay/drsac_hopper_k32_seed0/r_r_hopper_eval.json
online,DR-SAC,DR-SAC,theta_tau_credit,k=32,l2_anchor,0,0,522.6021,4.46943150960286,20,16.6803,0,runs/spec_rdelay/drsac_hopper_k32_seed0/r_r_hopper_eval.json
online,DR-SAC,DR-SAC,theta_tau_credit,k=32,l3_anchor,0,0,445.9191,67.80497486411987,20,14.3241,0,runs/spec_rdelay/drsac_hopper_k32_seed0/r_r_hopper_eval.json
online,DR-SAC,DR-SAC,theta_tau_credit,k=32,nominal,1,1,363.5197,49.350009237794865,20,11.7923,0,runs/spec_rdelay/drsac_hopper_k32_seed1/r_r_hopper_eval.json
online,DR-SAC,DR-SAC,theta_tau_credit,k=32,l1_in,1,0,378.0081,41.7451175335034,20,12.2375,0,runs/spec_rdelay/drsac_hopper_k32_seed1/r_r_hopper_eval.json
online,DR-SAC,DR-SAC,theta_tau_credit,k=32,l1_out,1,0,374.0028,50.25885263940388,20,12.1144,0,runs/spec_rdelay/drsac_hopper_k32_seed1/r_r_hopper_eval.json
online,DR-SAC,DR-SAC,theta_tau_credit,k=32,l2_in,1,0,361.3594,52.0077158998749,20,11.7260,0,runs/spec_rdelay/drsac_hopper_k32_seed1/r_r_hopper_eval.json
online,DR-SAC,DR-SAC,theta_tau_credit,k=32,l2_out,1,0,365.4307,43.085103216346035,20,11.8511,0,runs/spec_rdelay/drsac_hopper_k32_seed1/r_r_hopper_eval.json
online,DR-SAC,DR-SAC,theta_tau_credit,k=32,l3_in,1,0,337.4800,62.124930304282884,20,10.9922,0,runs/spec_rdelay/drsac_hopper_k32_seed1/r_r_hopper_eval.json
online,DR-SAC,DR-SAC,theta_tau_credit,k=32,l3_out,1,0,242.6530,112.77375449253776,20,8.0786,0,runs/spec_rdelay/drsac_hopper_k32_seed1/r_r_hopper_eval.json
online,DR-SAC,DR-SAC,theta_tau_credit,k=32,l1_anchor,1,0,382.2529,2.407540077555051,20,12.3679,0,runs/spec_rdelay/drsac_hopper_k32_seed1/r_r_hopper_eval.json
online,DR-SAC,DR-SAC,theta_tau_credit,k=32,l2_anchor,1,0,370.6557,1.2842116961777326,20,12.0116,0,runs/spec_rdelay/drsac_hopper_k32_seed1/r_r_hopper_eval.json
online,DR-SAC,DR-SAC,theta_tau_credit,k=32,l3_anchor,1,0,254.1182,93.80649143423751,20,8.4309,0,runs/spec_rdelay/drsac_hopper_k32_seed1/r_r_hopper_eval.json
online,DR-SAC,DR-SAC,theta_tau_credit,k=32,nominal,2,1,322.7921,1.8434024349848912,20,10.5409,0,runs/spec_rdelay/drsac_hopper_k32_seed2/r_r_hopper_eval.json
online,DR-SAC,DR-SAC,theta_tau_credit,k=32,l1_in,2,0,320.3426,3.857991542652039,20,10.4657,0,runs/spec_rdelay/drsac_hopper_k32_seed2/r_r_hopper_eval.json
online,DR-SAC,DR-SAC,theta_tau_credit,k=32,l1_out,2,0,331.9078,30.8440660590062,20,10.8210,0,runs/spec_rdelay/drsac_hopper_k32_seed2/r_r_hopper_eval.json
online,DR-SAC,DR-SAC,theta_tau_credit,k=32,l2_in,2,0,322.3104,4.473617893969367,20,10.5261,0,runs/spec_rdelay/drsac_hopper_k32_seed2/r_r_hopper_eval.json
online,DR-SAC,DR-SAC,theta_tau_credit,k=32,l2_out,2,0,343.9572,38.42531574545593,20,11.1913,0,runs/spec_rdelay/drsac_hopper_k32_seed2/r_r_hopper_eval.json
online,DR-SAC,DR-SAC,theta_tau_credit,k=32,l3_in,2,0,352.5050,37.21970748779903,20,11.4539,0,runs/spec_rdelay/drsac_hopper_k32_seed2/r_r_hopper_eval.json
online,DR-SAC,DR-SAC,theta_tau_credit,k=32,l3_out,2,0,341.8858,107.4479273229597,20,11.1276,0,runs/spec_rdelay/drsac_hopper_k32_seed2/r_r_hopper_eval.json
online,DR-SAC,DR-SAC,theta_tau_credit,k=32,l1_anchor,2,0,319.6881,1.4243270810196151,20,10.4456,0,runs/spec_rdelay/drsac_hopper_k32_seed2/r_r_hopper_eval.json
online,DR-SAC,DR-SAC,theta_tau_credit,k=32,l2_anchor,2,0,317.7289,1.9390502604725803,20,10.3854,0,runs/spec_rdelay/drsac_hopper_k32_seed2/r_r_hopper_eval.json
online,DR-SAC,DR-SAC,theta_tau_credit,k=32,l3_anchor,2,0,325.7912,8.310325058755122,20,10.6331,0,runs/spec_rdelay/drsac_hopper_k32_seed2/r_r_hopper_eval.json
online,DR-SAC,DR-SAC,theta_tau_credit,k=32,nominal,3407,1,2890.7772,156.04875633253184,20,89.4449,0,runs/spec_rdelay/drsac_hopper_k32_seed3407/r_r_hopper_eval.json
online,DR-SAC,DR-SAC,theta_tau_credit,k=32,l1_in,3407,0,2416.2458,561.1929045583249,20,74.8644,0,runs/spec_rdelay/drsac_hopper_k32_seed3407/r_r_hopper_eval.json
online,DR-SAC,DR-SAC,theta_tau_credit,k=32,l1_out,3407,0,1344.3213,883.2683568245743,20,41.9285,0,runs/spec_rdelay/drsac_hopper_k32_seed3407/r_r_hopper_eval.json
online,DR-SAC,DR-SAC,theta_tau_credit,k=32,l2_in,3407,0,2211.7329,767.247742608875,20,68.5806,0,runs/spec_rdelay/drsac_hopper_k32_seed3407/r_r_hopper_eval.json
online,DR-SAC,DR-SAC,theta_tau_credit,k=32,l2_out,3407,0,1873.7867,989.6573096946529,20,58.1968,0,runs/spec_rdelay/drsac_hopper_k32_seed3407/r_r_hopper_eval.json
online,DR-SAC,DR-SAC,theta_tau_credit,k=32,l3_in,3407,0,1221.5165,635.3244751239278,20,38.1552,0,runs/spec_rdelay/drsac_hopper_k32_seed3407/r_r_hopper_eval.json
online,DR-SAC,DR-SAC,theta_tau_credit,k=32,l3_out,3407,0,1020.8563,554.962481136469,20,31.9897,0,runs/spec_rdelay/drsac_hopper_k32_seed3407/r_r_hopper_eval.json
online,DR-SAC,DR-SAC,theta_tau_credit,k=32,l1_anchor,3407,0,2288.2784,741.258030435462,20,70.9325,0,runs/spec_rdelay/drsac_hopper_k32_seed3407/r_r_hopper_eval.json
online,DR-SAC,DR-SAC,theta_tau_credit,k=32,l2_anchor,3407,0,609.6241,2.6427416148506166,20,19.3541,0,runs/spec_rdelay/drsac_hopper_k32_seed3407/r_r_hopper_eval.json
online,DR-SAC,DR-SAC,theta_tau_credit,k=32,l3_anchor,3407,0,503.6774,44.803562281152466,20,16.0988,0,runs/spec_rdelay/drsac_hopper_k32_seed3407/r_r_hopper_eval.json
online,DR-SAC,DR-SAC,theta_tau_credit,k=32,nominal,42,1,3068.5834,53.98168555821862,20,94.9082,0,runs/spec_rdelay/drsac_hopper_k32_seed42/r_r_hopper_eval.json
online,DR-SAC,DR-SAC,theta_tau_credit,k=32,l1_in,42,0,2510.0608,863.4122253568996,20,77.7470,0,runs/spec_rdelay/drsac_hopper_k32_seed42/r_r_hopper_eval.json
online,DR-SAC,DR-SAC,theta_tau_credit,k=32,l1_out,42,0,1295.6634,987.026629042363,20,40.4334,0,runs/spec_rdelay/drsac_hopper_k32_seed42/r_r_hopper_eval.json
online,DR-SAC,DR-SAC,theta_tau_credit,k=32,l2_in,42,0,1963.4655,922.049274577775,20,60.9523,0,runs/spec_rdelay/drsac_hopper_k32_seed42/r_r_hopper_eval.json
online,DR-SAC,DR-SAC,theta_tau_credit,k=32,l2_out,42,0,1502.1135,933.9778144603908,20,46.7768,0,runs/spec_rdelay/drsac_hopper_k32_seed42/r_r_hopper_eval.json
online,DR-SAC,DR-SAC,theta_tau_credit,k=32,l3_in,42,0,1244.2659,622.2064469898622,20,38.8542,0,runs/spec_rdelay/drsac_hopper_k32_seed42/r_r_hopper_eval.json
online,DR-SAC,DR-SAC,theta_tau_credit,k=32,l3_out,42,0,1138.8230,707.7901444568134,20,35.6143,0,runs/spec_rdelay/drsac_hopper_k32_seed42/r_r_hopper_eval.json
online,DR-SAC,DR-SAC,theta_tau_credit,k=32,l1_anchor,42,0,1009.5209,27.831450456402905,20,31.6414,0,runs/spec_rdelay/drsac_hopper_k32_seed42/r_r_hopper_eval.json
online,DR-SAC,DR-SAC,theta_tau_credit,k=32,l2_anchor,42,0,626.2611,21.60853904601459,20,19.8653,0,runs/spec_rdelay/drsac_hopper_k32_seed42/r_r_hopper_eval.json
online,DR-SAC,DR-SAC,theta_tau_credit,k=32,l3_anchor,42,0,508.5686,22.961623240789933,20,16.2491,0,runs/spec_rdelay/drsac_hopper_k32_seed42/r_r_hopper_eval.json
online,DR-SAC,DR-SAC,theta_tau_credit,k=64,nominal,0,1,783.7004,64.19911031575732,20,24.7028,0,runs/spec_rdelay/drsac_hopper_k64_seed0/r_r_hopper_eval.json
online,DR-SAC,DR-SAC,theta_tau_credit,k=64,l1_in,0,0,722.6642,87.2691662657376,20,22.8274,0,runs/spec_rdelay/drsac_hopper_k64_seed0/r_r_hopper_eval.json
online,DR-SAC,DR-SAC,theta_tau_credit,k=64,l1_out,0,0,543.5722,121.93762060132708,20,17.3246,0,runs/spec_rdelay/drsac_hopper_k64_seed0/r_r_hopper_eval.json
online,DR-SAC,DR-SAC,theta_tau_credit,k=64,l2_in,0,0,666.5898,124.46306175096007,20,21.1045,0,runs/spec_rdelay/drsac_hopper_k64_seed0/r_r_hopper_eval.json
online,DR-SAC,DR-SAC,theta_tau_credit,k=64,l2_out,0,0,624.7426,177.92056023714326,20,19.8187,0,runs/spec_rdelay/drsac_hopper_k64_seed0/r_r_hopper_eval.json
online,DR-SAC,DR-SAC,theta_tau_credit,k=64,l3_in,0,0,694.2117,194.56202406467642,20,21.9532,0,runs/spec_rdelay/drsac_hopper_k64_seed0/r_r_hopper_eval.json
online,DR-SAC,DR-SAC,theta_tau_credit,k=64,l3_out,0,0,673.8849,296.95995410338577,20,21.3286,0,runs/spec_rdelay/drsac_hopper_k64_seed0/r_r_hopper_eval.json
online,DR-SAC,DR-SAC,theta_tau_credit,k=64,l1_anchor,0,0,488.0601,32.73619361341558,20,15.6190,0,runs/spec_rdelay/drsac_hopper_k64_seed0/r_r_hopper_eval.json
online,DR-SAC,DR-SAC,theta_tau_credit,k=64,l2_anchor,0,0,398.5936,3.8985195392501377,20,12.8700,0,runs/spec_rdelay/drsac_hopper_k64_seed0/r_r_hopper_eval.json
online,DR-SAC,DR-SAC,theta_tau_credit,k=64,l3_anchor,0,0,380.9546,28.316143423834685,20,12.3280,0,runs/spec_rdelay/drsac_hopper_k64_seed0/r_r_hopper_eval.json
online,DR-SAC,DR-SAC,theta_tau_credit,k=64,nominal,1,1,567.6439,5.053256643423956,20,18.0643,0,runs/spec_rdelay/drsac_hopper_k64_seed1/r_r_hopper_eval.json
online,DR-SAC,DR-SAC,theta_tau_credit,k=64,l1_in,1,0,544.0563,72.30038633694558,20,17.3395,0,runs/spec_rdelay/drsac_hopper_k64_seed1/r_r_hopper_eval.json
online,DR-SAC,DR-SAC,theta_tau_credit,k=64,l1_out,1,0,502.0418,164.30269243821542,20,16.0486,0,runs/spec_rdelay/drsac_hopper_k64_seed1/r_r_hopper_eval.json
online,DR-SAC,DR-SAC,theta_tau_credit,k=64,l2_in,1,0,546.1582,178.05871120284968,20,17.4041,0,runs/spec_rdelay/drsac_hopper_k64_seed1/r_r_hopper_eval.json
online,DR-SAC,DR-SAC,theta_tau_credit,k=64,l2_out,1,0,613.4489,526.2970328223234,20,19.4717,0,runs/spec_rdelay/drsac_hopper_k64_seed1/r_r_hopper_eval.json
online,DR-SAC,DR-SAC,theta_tau_credit,k=64,l3_in,1,0,545.3200,127.75469109689827,20,17.3783,0,runs/spec_rdelay/drsac_hopper_k64_seed1/r_r_hopper_eval.json
online,DR-SAC,DR-SAC,theta_tau_credit,k=64,l3_out,1,0,648.1342,203.21675837631878,20,20.5374,0,runs/spec_rdelay/drsac_hopper_k64_seed1/r_r_hopper_eval.json
online,DR-SAC,DR-SAC,theta_tau_credit,k=64,l1_anchor,1,0,421.1240,18.815234531840144,20,13.5623,0,runs/spec_rdelay/drsac_hopper_k64_seed1/r_r_hopper_eval.json
online,DR-SAC,DR-SAC,theta_tau_credit,k=64,l2_anchor,1,0,379.0401,9.641264111750823,20,12.2692,0,runs/spec_rdelay/drsac_hopper_k64_seed1/r_r_hopper_eval.json
online,DR-SAC,DR-SAC,theta_tau_credit,k=64,l3_anchor,1,0,376.2486,8.556031504055866,20,12.1834,0,runs/spec_rdelay/drsac_hopper_k64_seed1/r_r_hopper_eval.json
online,DR-SAC,DR-SAC,theta_tau_credit,k=64,nominal,2,1,292.4359,56.175873340080386,20,9.6082,0,runs/spec_rdelay/drsac_hopper_k64_seed2/r_r_hopper_eval.json
online,DR-SAC,DR-SAC,theta_tau_credit,k=64,l1_in,2,0,279.2893,77.45261867851775,20,9.2043,0,runs/spec_rdelay/drsac_hopper_k64_seed2/r_r_hopper_eval.json
online,DR-SAC,DR-SAC,theta_tau_credit,k=64,l1_out,2,0,288.2413,57.97944624218302,20,9.4793,0,runs/spec_rdelay/drsac_hopper_k64_seed2/r_r_hopper_eval.json
online,DR-SAC,DR-SAC,theta_tau_credit,k=64,l2_in,2,0,278.7833,79.24620802352548,20,9.1887,0,runs/spec_rdelay/drsac_hopper_k64_seed2/r_r_hopper_eval.json
online,DR-SAC,DR-SAC,theta_tau_credit,k=64,l2_out,2,0,278.5433,56.477276192457516,20,9.1813,0,runs/spec_rdelay/drsac_hopper_k64_seed2/r_r_hopper_eval.json
online,DR-SAC,DR-SAC,theta_tau_credit,k=64,l3_in,2,0,238.0050,100.46541761903667,20,7.9358,0,runs/spec_rdelay/drsac_hopper_k64_seed2/r_r_hopper_eval.json
online,DR-SAC,DR-SAC,theta_tau_credit,k=64,l3_out,2,0,172.6084,116.62558053924198,20,5.9264,0,runs/spec_rdelay/drsac_hopper_k64_seed2/r_r_hopper_eval.json
online,DR-SAC,DR-SAC,theta_tau_credit,k=64,l1_anchor,2,0,299.7575,58.64185172719176,20,9.8332,0,runs/spec_rdelay/drsac_hopper_k64_seed2/r_r_hopper_eval.json
online,DR-SAC,DR-SAC,theta_tau_credit,k=64,l2_anchor,2,0,314.7414,4.543321943267845,20,10.2936,0,runs/spec_rdelay/drsac_hopper_k64_seed2/r_r_hopper_eval.json
online,DR-SAC,DR-SAC,theta_tau_credit,k=64,l3_anchor,2,0,274.1539,16.38074612298651,20,9.0465,0,runs/spec_rdelay/drsac_hopper_k64_seed2/r_r_hopper_eval.json
online,DR-SAC,DR-SAC,theta_tau_credit,k=64,nominal,3407,1,835.1021,7.32657009378806,20,26.2822,0,runs/spec_rdelay/drsac_hopper_k64_seed3407/r_r_hopper_eval.json
online,DR-SAC,DR-SAC,theta_tau_credit,k=64,l1_in,3407,0,871.6858,141.24833947283892,20,27.4063,0,runs/spec_rdelay/drsac_hopper_k64_seed3407/r_r_hopper_eval.json
online,DR-SAC,DR-SAC,theta_tau_credit,k=64,l1_out,3407,0,747.1153,311.0868303704508,20,23.5787,0,runs/spec_rdelay/drsac_hopper_k64_seed3407/r_r_hopper_eval.json
online,DR-SAC,DR-SAC,theta_tau_credit,k=64,l2_in,3407,0,1085.8860,626.9929991721027,20,33.9878,0,runs/spec_rdelay/drsac_hopper_k64_seed3407/r_r_hopper_eval.json
online,DR-SAC,DR-SAC,theta_tau_credit,k=64,l2_out,3407,0,1049.7642,774.7855230331345,20,32.8779,0,runs/spec_rdelay/drsac_hopper_k64_seed3407/r_r_hopper_eval.json
online,DR-SAC,DR-SAC,theta_tau_credit,k=64,l3_in,3407,0,966.4376,399.2337082379255,20,30.3176,0,runs/spec_rdelay/drsac_hopper_k64_seed3407/r_r_hopper_eval.json
online,DR-SAC,DR-SAC,theta_tau_credit,k=64,l3_out,3407,0,892.0872,475.394630457406,20,28.0331,0,runs/spec_rdelay/drsac_hopper_k64_seed3407/r_r_hopper_eval.json
online,DR-SAC,DR-SAC,theta_tau_credit,k=64,l1_anchor,3407,0,715.5813,12.110950954300872,20,22.6098,0,runs/spec_rdelay/drsac_hopper_k64_seed3407/r_r_hopper_eval.json
online,DR-SAC,DR-SAC,theta_tau_credit,k=64,l2_anchor,3407,0,566.5942,3.854842154418671,20,18.0320,0,runs/spec_rdelay/drsac_hopper_k64_seed3407/r_r_hopper_eval.json
online,DR-SAC,DR-SAC,theta_tau_credit,k=64,l3_anchor,3407,0,520.4947,23.99689557560544,20,16.6156,0,runs/spec_rdelay/drsac_hopper_k64_seed3407/r_r_hopper_eval.json
online,DR-SAC,DR-SAC,theta_tau_credit,k=64,nominal,42,1,625.3139,140.64882928810917,20,19.8362,0,runs/spec_rdelay/drsac_hopper_k64_seed42/r_r_hopper_eval.json
online,DR-SAC,DR-SAC,theta_tau_credit,k=64,l1_in,42,0,649.1235,133.86531090133835,20,20.5678,0,runs/spec_rdelay/drsac_hopper_k64_seed42/r_r_hopper_eval.json
online,DR-SAC,DR-SAC,theta_tau_credit,k=64,l1_out,42,0,517.6312,147.4214128140686,20,16.5276,0,runs/spec_rdelay/drsac_hopper_k64_seed42/r_r_hopper_eval.json
online,DR-SAC,DR-SAC,theta_tau_credit,k=64,l2_in,42,0,591.2704,161.9643463850352,20,18.7902,0,runs/spec_rdelay/drsac_hopper_k64_seed42/r_r_hopper_eval.json
online,DR-SAC,DR-SAC,theta_tau_credit,k=64,l2_out,42,0,545.0361,172.08243359867924,20,17.3696,0,runs/spec_rdelay/drsac_hopper_k64_seed42/r_r_hopper_eval.json
online,DR-SAC,DR-SAC,theta_tau_credit,k=64,l3_in,42,0,638.1034,170.56757972824929,20,20.2292,0,runs/spec_rdelay/drsac_hopper_k64_seed42/r_r_hopper_eval.json
online,DR-SAC,DR-SAC,theta_tau_credit,k=64,l3_out,42,0,507.8298,245.22040380652186,20,16.2264,0,runs/spec_rdelay/drsac_hopper_k64_seed42/r_r_hopper_eval.json
online,DR-SAC,DR-SAC,theta_tau_credit,k=64,l1_anchor,42,0,417.5181,14.17158135856686,20,13.4515,0,runs/spec_rdelay/drsac_hopper_k64_seed42/r_r_hopper_eval.json
online,DR-SAC,DR-SAC,theta_tau_credit,k=64,l2_anchor,42,0,366.4811,5.745672633034116,20,11.8833,0,runs/spec_rdelay/drsac_hopper_k64_seed42/r_r_hopper_eval.json
online,DR-SAC,DR-SAC,theta_tau_credit,k=64,l3_anchor,42,0,353.3309,30.14591985719189,20,11.4793,0,runs/spec_rdelay/drsac_hopper_k64_seed42/r_r_hopper_eval.json
online,RSC-SAC,RSC-SAC,theta_r,m=gauss,nominal,0,1,3047.0784,8.466749024880283,20,94.2474,0,runs/spec_rnoise/cdro_hopper_rgauss_seed0/r_r_hopper_eval.json
online,RSC-SAC,RSC-SAC,theta_r,m=gauss,l1_in,0,0,2390.1841,937.6279635150175,20,74.0637,0,runs/spec_rnoise/cdro_hopper_rgauss_seed0/r_r_hopper_eval.json
online,RSC-SAC,RSC-SAC,theta_r,m=gauss,l1_out,0,0,1297.1805,1057.8065470963695,20,40.4800,0,runs/spec_rnoise/cdro_hopper_rgauss_seed0/r_r_hopper_eval.json
online,RSC-SAC,RSC-SAC,theta_r,m=gauss,l2_in,0,0,1536.4040,872.8976909479194,20,47.8304,0,runs/spec_rnoise/cdro_hopper_rgauss_seed0/r_r_hopper_eval.json
online,RSC-SAC,RSC-SAC,theta_r,m=gauss,l2_out,0,0,1002.6567,837.8649346345519,20,31.4305,0,runs/spec_rnoise/cdro_hopper_rgauss_seed0/r_r_hopper_eval.json
online,RSC-SAC,RSC-SAC,theta_r,m=gauss,l3_in,0,0,890.3657,874.6318189744105,20,27.9802,0,runs/spec_rnoise/cdro_hopper_rgauss_seed0/r_r_hopper_eval.json
online,RSC-SAC,RSC-SAC,theta_r,m=gauss,l3_out,0,0,309.2004,433.55873931559205,20,10.1233,0,runs/spec_rnoise/cdro_hopper_rgauss_seed0/r_r_hopper_eval.json
online,RSC-SAC,RSC-SAC,theta_r,m=gauss,l1_anchor,0,0,2490.5903,312.10708658348653,20,77.1488,0,runs/spec_rnoise/cdro_hopper_rgauss_seed0/r_r_hopper_eval.json
online,RSC-SAC,RSC-SAC,theta_r,m=gauss,l2_anchor,0,0,724.4183,10.740852883331108,20,22.8813,0,runs/spec_rnoise/cdro_hopper_rgauss_seed0/r_r_hopper_eval.json
online,RSC-SAC,RSC-SAC,theta_r,m=gauss,l3_anchor,0,0,249.1803,171.57080640029776,20,8.2791,0,runs/spec_rnoise/cdro_hopper_rgauss_seed0/r_r_hopper_eval.json
online,RSC-SAC,RSC-SAC,theta_r,m=gauss,nominal,1,1,2586.6334,595.1355625222917,20,80.0998,0,runs/spec_rnoise/cdro_hopper_rgauss_seed1/r_r_hopper_eval.json
online,RSC-SAC,RSC-SAC,theta_r,m=gauss,l1_in,1,0,1473.2444,827.9267021805731,20,45.8898,0,runs/spec_rnoise/cdro_hopper_rgauss_seed1/r_r_hopper_eval.json
online,RSC-SAC,RSC-SAC,theta_r,m=gauss,l1_out,1,0,745.8173,595.4357197188214,20,23.5388,0,runs/spec_rnoise/cdro_hopper_rgauss_seed1/r_r_hopper_eval.json
online,RSC-SAC,RSC-SAC,theta_r,m=gauss,l2_in,1,0,1165.2521,727.4338774090795,20,36.4264,0,runs/spec_rnoise/cdro_hopper_rgauss_seed1/r_r_hopper_eval.json
online,RSC-SAC,RSC-SAC,theta_r,m=gauss,l2_out,1,0,832.9256,581.5155732465564,20,26.2153,0,runs/spec_rnoise/cdro_hopper_rgauss_seed1/r_r_hopper_eval.json
online,RSC-SAC,RSC-SAC,theta_r,m=gauss,l3_in,1,0,840.8091,604.8971028415589,20,26.4575,0,runs/spec_rnoise/cdro_hopper_rgauss_seed1/r_r_hopper_eval.json
online,RSC-SAC,RSC-SAC,theta_r,m=gauss,l3_out,1,0,177.3397,286.3889597774994,20,6.0718,0,runs/spec_rnoise/cdro_hopper_rgauss_seed1/r_r_hopper_eval.json
online,RSC-SAC,RSC-SAC,theta_r,m=gauss,l1_anchor,1,0,763.1147,25.381663841491328,20,24.0703,0,runs/spec_rnoise/cdro_hopper_rgauss_seed1/r_r_hopper_eval.json
online,RSC-SAC,RSC-SAC,theta_r,m=gauss,l2_anchor,1,0,527.1826,135.6750293240841,20,16.8210,0,runs/spec_rnoise/cdro_hopper_rgauss_seed1/r_r_hopper_eval.json
online,RSC-SAC,RSC-SAC,theta_r,m=gauss,l3_anchor,1,0,302.2104,76.79786186602033,20,9.9085,0,runs/spec_rnoise/cdro_hopper_rgauss_seed1/r_r_hopper_eval.json
online,RSC-SAC,RSC-SAC,theta_r,m=gauss,nominal,2,1,52.3390,46.2108164553149,20,2.2310,0,runs/spec_rnoise/cdro_hopper_rgauss_seed2/r_r_hopper_eval.json
online,RSC-SAC,RSC-SAC,theta_r,m=gauss,l1_in,2,0,78.2492,66.61418537870189,20,3.0271,0,runs/spec_rnoise/cdro_hopper_rgauss_seed2/r_r_hopper_eval.json
online,RSC-SAC,RSC-SAC,theta_r,m=gauss,l1_out,2,0,73.4623,54.96639115020609,20,2.8800,0,runs/spec_rnoise/cdro_hopper_rgauss_seed2/r_r_hopper_eval.json
online,RSC-SAC,RSC-SAC,theta_r,m=gauss,l2_in,2,0,80.1135,72.49460490211742,20,3.0844,0,runs/spec_rnoise/cdro_hopper_rgauss_seed2/r_r_hopper_eval.json
online,RSC-SAC,RSC-SAC,theta_r,m=gauss,l2_out,2,0,85.3572,67.71716844369747,20,3.2455,0,runs/spec_rnoise/cdro_hopper_rgauss_seed2/r_r_hopper_eval.json
online,RSC-SAC,RSC-SAC,theta_r,m=gauss,l3_in,2,0,100.4342,85.85292721589545,20,3.7088,0,runs/spec_rnoise/cdro_hopper_rgauss_seed2/r_r_hopper_eval.json
online,RSC-SAC,RSC-SAC,theta_r,m=gauss,l3_out,2,0,77.9319,74.53218963323627,20,3.0174,0,runs/spec_rnoise/cdro_hopper_rgauss_seed2/r_r_hopper_eval.json
online,RSC-SAC,RSC-SAC,theta_r,m=gauss,l1_anchor,2,0,199.8659,1.900093841665675,20,6.7639,0,runs/spec_rnoise/cdro_hopper_rgauss_seed2/r_r_hopper_eval.json
online,RSC-SAC,RSC-SAC,theta_r,m=gauss,l2_anchor,2,0,195.0301,10.075676518810155,20,6.6153,0,runs/spec_rnoise/cdro_hopper_rgauss_seed2/r_r_hopper_eval.json
online,RSC-SAC,RSC-SAC,theta_r,m=gauss,l3_anchor,2,0,139.0761,24.812741646810707,20,4.8961,0,runs/spec_rnoise/cdro_hopper_rgauss_seed2/r_r_hopper_eval.json
online,RSC-SAC,RSC-SAC,theta_r,m=gauss,nominal,3407,1,987.6293,0.5035988782835328,20,30.9687,0,runs/spec_rnoise/cdro_hopper_rgauss_seed3407/r_r_hopper_eval.json
online,RSC-SAC,RSC-SAC,theta_r,m=gauss,l1_in,3407,0,987.7732,0.5212919944495272,20,30.9732,0,runs/spec_rnoise/cdro_hopper_rgauss_seed3407/r_r_hopper_eval.json
online,RSC-SAC,RSC-SAC,theta_r,m=gauss,l1_out,3407,0,988.2735,0.8009444396579646,20,30.9885,0,runs/spec_rnoise/cdro_hopper_rgauss_seed3407/r_r_hopper_eval.json
online,RSC-SAC,RSC-SAC,theta_r,m=gauss,l2_in,3407,0,987.7796,0.6479479485740524,20,30.9734,0,runs/spec_rnoise/cdro_hopper_rgauss_seed3407/r_r_hopper_eval.json
online,RSC-SAC,RSC-SAC,theta_r,m=gauss,l2_out,3407,0,986.7508,1.8120286637969076,20,30.9417,0,runs/spec_rnoise/cdro_hopper_rgauss_seed3407/r_r_hopper_eval.json
online,RSC-SAC,RSC-SAC,theta_r,m=gauss,l3_in,3407,0,639.3814,369.0611824304797,20,20.2685,0,runs/spec_rnoise/cdro_hopper_rgauss_seed3407/r_r_hopper_eval.json
online,RSC-SAC,RSC-SAC,theta_r,m=gauss,l3_out,3407,0,488.2210,445.85960129522226,20,15.6239,0,runs/spec_rnoise/cdro_hopper_rgauss_seed3407/r_r_hopper_eval.json
online,RSC-SAC,RSC-SAC,theta_r,m=gauss,l1_anchor,3407,0,987.5414,0.5114734440235853,20,30.9660,0,runs/spec_rnoise/cdro_hopper_rgauss_seed3407/r_r_hopper_eval.json
online,RSC-SAC,RSC-SAC,theta_r,m=gauss,l2_anchor,3407,0,987.7877,0.550906752981668,20,30.9736,0,runs/spec_rnoise/cdro_hopper_rgauss_seed3407/r_r_hopper_eval.json
online,RSC-SAC,RSC-SAC,theta_r,m=gauss,l3_anchor,3407,0,949.7580,169.65468422543708,20,29.8051,0,runs/spec_rnoise/cdro_hopper_rgauss_seed3407/r_r_hopper_eval.json
online,RSC-SAC,RSC-SAC,theta_r,m=gauss,nominal,42,1,187.7279,2.259319638353227,20,6.3909,0,runs/spec_rnoise/cdro_hopper_rgauss_seed42/r_r_hopper_eval.json
online,RSC-SAC,RSC-SAC,theta_r,m=gauss,l1_in,42,0,200.1332,11.973306602107847,20,6.7721,0,runs/spec_rnoise/cdro_hopper_rgauss_seed42/r_r_hopper_eval.json
online,RSC-SAC,RSC-SAC,theta_r,m=gauss,l1_out,42,0,230.2746,35.24975459914916,20,7.6982,0,runs/spec_rnoise/cdro_hopper_rgauss_seed42/r_r_hopper_eval.json
online,RSC-SAC,RSC-SAC,theta_r,m=gauss,l2_in,42,0,205.4611,18.715672324472006,20,6.9358,0,runs/spec_rnoise/cdro_hopper_rgauss_seed42/r_r_hopper_eval.json
online,RSC-SAC,RSC-SAC,theta_r,m=gauss,l2_out,42,0,239.8745,65.41855422396627,20,7.9932,0,runs/spec_rnoise/cdro_hopper_rgauss_seed42/r_r_hopper_eval.json
online,RSC-SAC,RSC-SAC,theta_r,m=gauss,l3_in,42,0,238.3959,65.99286776916871,20,7.9478,0,runs/spec_rnoise/cdro_hopper_rgauss_seed42/r_r_hopper_eval.json
online,RSC-SAC,RSC-SAC,theta_r,m=gauss,l3_out,42,0,238.4931,209.2582122465895,20,7.9508,0,runs/spec_rnoise/cdro_hopper_rgauss_seed42/r_r_hopper_eval.json
online,RSC-SAC,RSC-SAC,theta_r,m=gauss,l1_anchor,42,0,222.7523,15.334799467293701,20,7.4671,0,runs/spec_rnoise/cdro_hopper_rgauss_seed42/r_r_hopper_eval.json
online,RSC-SAC,RSC-SAC,theta_r,m=gauss,l2_anchor,42,0,261.8274,6.972717158629846,20,8.6677,0,runs/spec_rnoise/cdro_hopper_rgauss_seed42/r_r_hopper_eval.json
online,RSC-SAC,RSC-SAC,theta_r,m=gauss,l3_anchor,42,0,236.9141,39.24702809678481,20,7.9022,0,runs/spec_rnoise/cdro_hopper_rgauss_seed42/r_r_hopper_eval.json
online,RSC-SAC,RSC-SAC,theta_r,m=uniform,nominal,0,1,297.1920,26.273042448435085,20,9.7543,0,runs/spec_rnoise/cdro_hopper_runiform_seed0/r_r_hopper_eval.json
online,RSC-SAC,RSC-SAC,theta_r,m=uniform,l1_in,0,0,343.8148,86.0479226136854,20,11.1869,0,runs/spec_rnoise/cdro_hopper_runiform_seed0/r_r_hopper_eval.json
online,RSC-SAC,RSC-SAC,theta_r,m=uniform,l1_out,0,0,363.3556,79.4342017407058,20,11.7873,0,runs/spec_rnoise/cdro_hopper_runiform_seed0/r_r_hopper_eval.json
online,RSC-SAC,RSC-SAC,theta_r,m=uniform,l2_in,0,0,316.2007,69.22534351564683,20,10.3384,0,runs/spec_rnoise/cdro_hopper_runiform_seed0/r_r_hopper_eval.json
online,RSC-SAC,RSC-SAC,theta_r,m=uniform,l2_out,0,0,339.8439,62.451030014501406,20,11.0649,0,runs/spec_rnoise/cdro_hopper_runiform_seed0/r_r_hopper_eval.json
online,RSC-SAC,RSC-SAC,theta_r,m=uniform,l3_in,0,0,277.8713,100.95474577516062,20,9.1607,0,runs/spec_rnoise/cdro_hopper_runiform_seed0/r_r_hopper_eval.json
online,RSC-SAC,RSC-SAC,theta_r,m=uniform,l3_out,0,0,218.1113,84.07926243928833,20,7.3245,0,runs/spec_rnoise/cdro_hopper_runiform_seed0/r_r_hopper_eval.json
online,RSC-SAC,RSC-SAC,theta_r,m=uniform,l1_anchor,0,0,348.1781,53.27640841338862,20,11.3209,0,runs/spec_rnoise/cdro_hopper_runiform_seed0/r_r_hopper_eval.json
online,RSC-SAC,RSC-SAC,theta_r,m=uniform,l2_anchor,0,0,388.2653,91.17998696913756,20,12.5527,0,runs/spec_rnoise/cdro_hopper_runiform_seed0/r_r_hopper_eval.json
online,RSC-SAC,RSC-SAC,theta_r,m=uniform,l3_anchor,0,0,391.1010,93.14099266972543,20,12.6398,0,runs/spec_rnoise/cdro_hopper_runiform_seed0/r_r_hopper_eval.json
online,RSC-SAC,RSC-SAC,theta_r,m=uniform,nominal,1,1,255.8682,26.317840906097082,20,8.4846,0,runs/spec_rnoise/cdro_hopper_runiform_seed1/r_r_hopper_eval.json
online,RSC-SAC,RSC-SAC,theta_r,m=uniform,l1_in,1,0,259.8184,37.45091112293036,20,8.6060,0,runs/spec_rnoise/cdro_hopper_runiform_seed1/r_r_hopper_eval.json
online,RSC-SAC,RSC-SAC,theta_r,m=uniform,l1_out,1,0,273.4719,28.481163856999242,20,9.0255,0,runs/spec_rnoise/cdro_hopper_runiform_seed1/r_r_hopper_eval.json
online,RSC-SAC,RSC-SAC,theta_r,m=uniform,l2_in,1,0,346.3981,184.75552268855603,20,11.2663,0,runs/spec_rnoise/cdro_hopper_runiform_seed1/r_r_hopper_eval.json
online,RSC-SAC,RSC-SAC,theta_r,m=uniform,l2_out,1,0,314.7871,90.28463218860104,20,10.2950,0,runs/spec_rnoise/cdro_hopper_runiform_seed1/r_r_hopper_eval.json
online,RSC-SAC,RSC-SAC,theta_r,m=uniform,l3_in,1,0,285.7667,89.41224005381818,20,9.4033,0,runs/spec_rnoise/cdro_hopper_runiform_seed1/r_r_hopper_eval.json
online,RSC-SAC,RSC-SAC,theta_r,m=uniform,l3_out,1,0,266.5904,127.19741499917521,20,8.8141,0,runs/spec_rnoise/cdro_hopper_runiform_seed1/r_r_hopper_eval.json
online,RSC-SAC,RSC-SAC,theta_r,m=uniform,l1_anchor,1,0,290.4261,47.03934639305647,20,9.5465,0,runs/spec_rnoise/cdro_hopper_runiform_seed1/r_r_hopper_eval.json
online,RSC-SAC,RSC-SAC,theta_r,m=uniform,l2_anchor,1,0,270.4309,20.95982988693785,20,8.9321,0,runs/spec_rnoise/cdro_hopper_runiform_seed1/r_r_hopper_eval.json
online,RSC-SAC,RSC-SAC,theta_r,m=uniform,l3_anchor,1,0,312.5603,40.11101284753234,20,10.2266,0,runs/spec_rnoise/cdro_hopper_runiform_seed1/r_r_hopper_eval.json
online,RSC-SAC,RSC-SAC,theta_r,m=uniform,nominal,2,1,74.6062,65.3390720854628,20,2.9152,0,runs/spec_rnoise/cdro_hopper_runiform_seed2/r_r_hopper_eval.json
online,RSC-SAC,RSC-SAC,theta_r,m=uniform,l1_in,2,0,69.3019,62.507646432886446,20,2.7522,0,runs/spec_rnoise/cdro_hopper_runiform_seed2/r_r_hopper_eval.json
online,RSC-SAC,RSC-SAC,theta_r,m=uniform,l1_out,2,0,76.1049,77.12111319084211,20,2.9612,0,runs/spec_rnoise/cdro_hopper_runiform_seed2/r_r_hopper_eval.json
online,RSC-SAC,RSC-SAC,theta_r,m=uniform,l2_in,2,0,68.4848,61.589079692417066,20,2.7271,0,runs/spec_rnoise/cdro_hopper_runiform_seed2/r_r_hopper_eval.json
online,RSC-SAC,RSC-SAC,theta_r,m=uniform,l2_out,2,0,98.6511,100.22232485305601,20,3.6540,0,runs/spec_rnoise/cdro_hopper_runiform_seed2/r_r_hopper_eval.json
online,RSC-SAC,RSC-SAC,theta_r,m=uniform,l3_in,2,0,91.4237,100.79330167250208,20,3.4319,0,runs/spec_rnoise/cdro_hopper_runiform_seed2/r_r_hopper_eval.json
online,RSC-SAC,RSC-SAC,theta_r,m=uniform,l3_out,2,0,143.5897,108.41776904218834,20,5.0348,0,runs/spec_rnoise/cdro_hopper_runiform_seed2/r_r_hopper_eval.json
online,RSC-SAC,RSC-SAC,theta_r,m=uniform,l1_anchor,2,0,60.3283,55.45579364461181,20,2.4765,0,runs/spec_rnoise/cdro_hopper_runiform_seed2/r_r_hopper_eval.json
online,RSC-SAC,RSC-SAC,theta_r,m=uniform,l2_anchor,2,0,38.9013,29.869389150003304,20,1.8181,0,runs/spec_rnoise/cdro_hopper_runiform_seed2/r_r_hopper_eval.json
online,RSC-SAC,RSC-SAC,theta_r,m=uniform,l3_anchor,2,0,38.2000,28.728952483090108,20,1.7966,0,runs/spec_rnoise/cdro_hopper_runiform_seed2/r_r_hopper_eval.json
online,RSC-SAC,RSC-SAC,theta_r,m=uniform,nominal,3407,1,252.2278,27.42299178661326,20,8.3728,0,runs/spec_rnoise/cdro_hopper_runiform_seed3407/r_r_hopper_eval.json
online,RSC-SAC,RSC-SAC,theta_r,m=uniform,l1_in,3407,0,266.0339,57.744246619522094,20,8.7970,0,runs/spec_rnoise/cdro_hopper_runiform_seed3407/r_r_hopper_eval.json
online,RSC-SAC,RSC-SAC,theta_r,m=uniform,l1_out,3407,0,259.8633,81.26504177356665,20,8.6074,0,runs/spec_rnoise/cdro_hopper_runiform_seed3407/r_r_hopper_eval.json
online,RSC-SAC,RSC-SAC,theta_r,m=uniform,l2_in,3407,0,254.4549,58.634397123488405,20,8.4412,0,runs/spec_rnoise/cdro_hopper_runiform_seed3407/r_r_hopper_eval.json
online,RSC-SAC,RSC-SAC,theta_r,m=uniform,l2_out,3407,0,273.5853,74.85641532594468,20,9.0290,0,runs/spec_rnoise/cdro_hopper_runiform_seed3407/r_r_hopper_eval.json
online,RSC-SAC,RSC-SAC,theta_r,m=uniform,l3_in,3407,0,219.0117,101.17695235285187,20,7.3522,0,runs/spec_rnoise/cdro_hopper_runiform_seed3407/r_r_hopper_eval.json
online,RSC-SAC,RSC-SAC,theta_r,m=uniform,l3_out,3407,0,181.0511,91.00525299758425,20,6.1858,0,runs/spec_rnoise/cdro_hopper_runiform_seed3407/r_r_hopper_eval.json
online,RSC-SAC,RSC-SAC,theta_r,m=uniform,l1_anchor,3407,0,282.1833,55.369546255831686,20,9.2932,0,runs/spec_rnoise/cdro_hopper_runiform_seed3407/r_r_hopper_eval.json
online,RSC-SAC,RSC-SAC,theta_r,m=uniform,l2_anchor,3407,0,268.5112,11.84456774724906,20,8.8731,0,runs/spec_rnoise/cdro_hopper_runiform_seed3407/r_r_hopper_eval.json
online,RSC-SAC,RSC-SAC,theta_r,m=uniform,l3_anchor,3407,0,220.1958,40.80116182513875,20,7.3886,0,runs/spec_rnoise/cdro_hopper_runiform_seed3407/r_r_hopper_eval.json
online,RSC-SAC,RSC-SAC,theta_r,m=uniform,nominal,42,1,19.6950,0.7811434394729159,20,1.2280,0,runs/spec_rnoise/cdro_hopper_runiform_seed42/r_r_hopper_eval.json
online,RSC-SAC,RSC-SAC,theta_r,m=uniform,l1_in,42,0,19.8976,0.8180175626722722,20,1.2342,0,runs/spec_rnoise/cdro_hopper_runiform_seed42/r_r_hopper_eval.json
online,RSC-SAC,RSC-SAC,theta_r,m=uniform,l1_out,42,0,20.1443,0.9979660402711473,20,1.2418,0,runs/spec_rnoise/cdro_hopper_runiform_seed42/r_r_hopper_eval.json
online,RSC-SAC,RSC-SAC,theta_r,m=uniform,l2_in,42,0,19.8603,0.8091940288825306,20,1.2330,0,runs/spec_rnoise/cdro_hopper_runiform_seed42/r_r_hopper_eval.json
online,RSC-SAC,RSC-SAC,theta_r,m=uniform,l2_out,42,0,20.0308,0.6673570310325754,20,1.2383,0,runs/spec_rnoise/cdro_hopper_runiform_seed42/r_r_hopper_eval.json
online,RSC-SAC,RSC-SAC,theta_r,m=uniform,l3_in,42,0,19.9733,1.7832486048453948,20,1.2365,0,runs/spec_rnoise/cdro_hopper_runiform_seed42/r_r_hopper_eval.json
online,RSC-SAC,RSC-SAC,theta_r,m=uniform,l3_out,42,0,20.3157,2.8386069466980546,20,1.2470,0,runs/spec_rnoise/cdro_hopper_runiform_seed42/r_r_hopper_eval.json
online,RSC-SAC,RSC-SAC,theta_r,m=uniform,l1_anchor,42,0,19.1735,0.6398892127207888,20,1.2119,0,runs/spec_rnoise/cdro_hopper_runiform_seed42/r_r_hopper_eval.json
online,RSC-SAC,RSC-SAC,theta_r,m=uniform,l2_anchor,42,0,18.7141,0.7232580282360369,20,1.1978,0,runs/spec_rnoise/cdro_hopper_runiform_seed42/r_r_hopper_eval.json
online,RSC-SAC,RSC-SAC,theta_r,m=uniform,l3_anchor,42,0,18.4758,0.6338239577494847,20,1.1905,0,runs/spec_rnoise/cdro_hopper_runiform_seed42/r_r_hopper_eval.json
online,RSC-SAC,RSC-SAC,theta_r,m=shift,nominal,0,1,16.0060,2.710301375182338,20,1.1146,0,runs/spec_rnoise/cdro_hopper_rshift_seed0/r_r_hopper_eval.json
online,RSC-SAC,RSC-SAC,theta_r,m=shift,l1_in,0,0,16.1186,2.5822329554577665,20,1.1181,0,runs/spec_rnoise/cdro_hopper_rshift_seed0/r_r_hopper_eval.json
online,RSC-SAC,RSC-SAC,theta_r,m=shift,l1_out,0,0,16.0181,2.7035363703077446,20,1.1150,0,runs/spec_rnoise/cdro_hopper_rshift_seed0/r_r_hopper_eval.json
online,RSC-SAC,RSC-SAC,theta_r,m=shift,l2_in,0,0,16.4064,3.5330348588348026,20,1.1269,0,runs/spec_rnoise/cdro_hopper_rshift_seed0/r_r_hopper_eval.json
online,RSC-SAC,RSC-SAC,theta_r,m=shift,l2_out,0,0,18.2309,4.763732641186715,20,1.1830,0,runs/spec_rnoise/cdro_hopper_rshift_seed0/r_r_hopper_eval.json
online,RSC-SAC,RSC-SAC,theta_r,m=shift,l3_in,0,0,13.5913,4.165813912804015,20,1.0404,0,runs/spec_rnoise/cdro_hopper_rshift_seed0/r_r_hopper_eval.json
online,RSC-SAC,RSC-SAC,theta_r,m=shift,l3_out,0,0,12.8785,5.170560445045164,20,1.0185,0,runs/spec_rnoise/cdro_hopper_rshift_seed0/r_r_hopper_eval.json
online,RSC-SAC,RSC-SAC,theta_r,m=shift,l1_anchor,0,0,16.5077,2.6404275293022264,20,1.1300,0,runs/spec_rnoise/cdro_hopper_rshift_seed0/r_r_hopper_eval.json
online,RSC-SAC,RSC-SAC,theta_r,m=shift,l2_anchor,0,0,20.0742,2.0751303970049686,20,1.2396,0,runs/spec_rnoise/cdro_hopper_rshift_seed0/r_r_hopper_eval.json
online,RSC-SAC,RSC-SAC,theta_r,m=shift,l3_anchor,0,0,22.0544,2.4856011871493555,20,1.3005,0,runs/spec_rnoise/cdro_hopper_rshift_seed0/r_r_hopper_eval.json
online,RSC-SAC,RSC-SAC,theta_r,m=shift,nominal,1,1,3438.8378,5.123191475307531,20,106.2846,0,runs/spec_rnoise/cdro_hopper_rshift_seed1/r_r_hopper_eval.json
online,RSC-SAC,RSC-SAC,theta_r,m=shift,l1_in,1,0,2886.5418,976.5273970638289,20,89.3148,0,runs/spec_rnoise/cdro_hopper_rshift_seed1/r_r_hopper_eval.json
online,RSC-SAC,RSC-SAC,theta_r,m=shift,l1_out,1,0,1508.4186,1083.4685916454025,20,46.9705,0,runs/spec_rnoise/cdro_hopper_rshift_seed1/r_r_hopper_eval.json
online,RSC-SAC,RSC-SAC,theta_r,m=shift,l2_in,1,0,2076.6490,1161.9316680997085,20,64.4300,0,runs/spec_rnoise/cdro_hopper_rshift_seed1/r_r_hopper_eval.json
online,RSC-SAC,RSC-SAC,theta_r,m=shift,l2_out,1,0,1553.4508,1171.463225425055,20,48.3542,0,runs/spec_rnoise/cdro_hopper_rshift_seed1/r_r_hopper_eval.json
online,RSC-SAC,RSC-SAC,theta_r,m=shift,l3_in,1,0,886.0739,737.1241978539448,20,27.8483,0,runs/spec_rnoise/cdro_hopper_rshift_seed1/r_r_hopper_eval.json
online,RSC-SAC,RSC-SAC,theta_r,m=shift,l3_out,1,0,340.0567,457.35201952227993,20,11.0714,0,runs/spec_rnoise/cdro_hopper_rshift_seed1/r_r_hopper_eval.json
online,RSC-SAC,RSC-SAC,theta_r,m=shift,l1_anchor,1,0,1293.7845,358.52035822860375,20,40.3757,0,runs/spec_rnoise/cdro_hopper_rshift_seed1/r_r_hopper_eval.json
online,RSC-SAC,RSC-SAC,theta_r,m=shift,l2_anchor,1,0,694.6696,17.957407489283902,20,21.9673,0,runs/spec_rnoise/cdro_hopper_rshift_seed1/r_r_hopper_eval.json
online,RSC-SAC,RSC-SAC,theta_r,m=shift,l3_anchor,1,0,556.3412,103.9598476752022,20,17.7170,0,runs/spec_rnoise/cdro_hopper_rshift_seed1/r_r_hopper_eval.json
online,RSC-SAC,RSC-SAC,theta_r,m=shift,nominal,2,1,3295.3053,12.647687046020401,20,101.8745,0,runs/spec_rnoise/cdro_hopper_rshift_seed2/r_r_hopper_eval.json
online,RSC-SAC,RSC-SAC,theta_r,m=shift,l1_in,2,0,2653.6479,998.910668884093,20,82.1589,0,runs/spec_rnoise/cdro_hopper_rshift_seed2/r_r_hopper_eval.json
online,RSC-SAC,RSC-SAC,theta_r,m=shift,l1_out,2,0,1295.2400,1172.0440903189183,20,40.4204,0,runs/spec_rnoise/cdro_hopper_rshift_seed2/r_r_hopper_eval.json
online,RSC-SAC,RSC-SAC,theta_r,m=shift,l2_in,2,0,1499.6738,1132.0351755753725,20,46.7018,0,runs/spec_rnoise/cdro_hopper_rshift_seed2/r_r_hopper_eval.json
online,RSC-SAC,RSC-SAC,theta_r,m=shift,l2_out,2,0,1237.8714,1103.1274080109677,20,38.6577,0,runs/spec_rnoise/cdro_hopper_rshift_seed2/r_r_hopper_eval.json
online,RSC-SAC,RSC-SAC,theta_r,m=shift,l3_in,2,0,1001.6828,740.105085256882,20,31.4005,0,runs/spec_rnoise/cdro_hopper_rshift_seed2/r_r_hopper_eval.json
online,RSC-SAC,RSC-SAC,theta_r,m=shift,l3_out,2,0,539.2186,502.5411141648747,20,17.1909,0,runs/spec_rnoise/cdro_hopper_rshift_seed2/r_r_hopper_eval.json
online,RSC-SAC,RSC-SAC,theta_r,m=shift,l1_anchor,2,0,1466.9929,33.65590935508319,20,45.6977,0,runs/spec_rnoise/cdro_hopper_rshift_seed2/r_r_hopper_eval.json
online,RSC-SAC,RSC-SAC,theta_r,m=shift,l2_anchor,2,0,591.9502,2.8571118801775173,20,18.8111,0,runs/spec_rnoise/cdro_hopper_rshift_seed2/r_r_hopper_eval.json
online,RSC-SAC,RSC-SAC,theta_r,m=shift,l3_anchor,2,0,547.8535,92.48463992818051,20,17.4562,0,runs/spec_rnoise/cdro_hopper_rshift_seed2/r_r_hopper_eval.json
online,RSC-SAC,RSC-SAC,theta_r,m=shift,nominal,3407,1,1052.7626,0.5638003410944953,20,32.9700,0,runs/spec_rnoise/cdro_hopper_rshift_seed3407/r_r_hopper_eval.json
online,RSC-SAC,RSC-SAC,theta_r,m=shift,l1_in,3407,0,1052.7494,0.5443513720275941,20,32.9696,0,runs/spec_rnoise/cdro_hopper_rshift_seed3407/r_r_hopper_eval.json
online,RSC-SAC,RSC-SAC,theta_r,m=shift,l1_out,3407,0,1052.9093,0.5639672286069431,20,32.9745,0,runs/spec_rnoise/cdro_hopper_rshift_seed3407/r_r_hopper_eval.json
online,RSC-SAC,RSC-SAC,theta_r,m=shift,l2_in,3407,0,1053.2744,0.8905046803360797,20,32.9858,0,runs/spec_rnoise/cdro_hopper_rshift_seed3407/r_r_hopper_eval.json
online,RSC-SAC,RSC-SAC,theta_r,m=shift,l2_out,3407,0,1056.5583,3.7091873459428393,20,33.0867,0,runs/spec_rnoise/cdro_hopper_rshift_seed3407/r_r_hopper_eval.json
online,RSC-SAC,RSC-SAC,theta_r,m=shift,l3_in,3407,0,387.0420,297.2087410938785,20,12.5151,0,runs/spec_rnoise/cdro_hopper_rshift_seed3407/r_r_hopper_eval.json
online,RSC-SAC,RSC-SAC,theta_r,m=shift,l3_out,3407,0,245.7628,235.3656154867115,20,8.1741,0,runs/spec_rnoise/cdro_hopper_rshift_seed3407/r_r_hopper_eval.json
online,RSC-SAC,RSC-SAC,theta_r,m=shift,l1_anchor,3407,0,1052.8504,0.5636178778537396,20,32.9727,0,runs/spec_rnoise/cdro_hopper_rshift_seed3407/r_r_hopper_eval.json
online,RSC-SAC,RSC-SAC,theta_r,m=shift,l2_anchor,3407,0,1052.9470,0.5631055358100046,20,32.9757,0,runs/spec_rnoise/cdro_hopper_rshift_seed3407/r_r_hopper_eval.json
online,RSC-SAC,RSC-SAC,theta_r,m=shift,l3_anchor,3407,0,442.4134,179.85894861204042,20,14.2164,0,runs/spec_rnoise/cdro_hopper_rshift_seed3407/r_r_hopper_eval.json
online,RSC-SAC,RSC-SAC,theta_r,m=shift,nominal,42,1,1027.1898,0.5239884160056455,20,32.1843,0,runs/spec_rnoise/cdro_hopper_rshift_seed42/r_r_hopper_eval.json
online,RSC-SAC,RSC-SAC,theta_r,m=shift,l1_in,42,0,1027.0958,0.5083008232025513,20,32.1814,0,runs/spec_rnoise/cdro_hopper_rshift_seed42/r_r_hopper_eval.json
online,RSC-SAC,RSC-SAC,theta_r,m=shift,l1_out,42,0,1025.7250,2.556198641228204,20,32.1393,0,runs/spec_rnoise/cdro_hopper_rshift_seed42/r_r_hopper_eval.json
online,RSC-SAC,RSC-SAC,theta_r,m=shift,l2_in,42,0,1026.9088,0.49389648971129746,20,32.1756,0,runs/spec_rnoise/cdro_hopper_rshift_seed42/r_r_hopper_eval.json
online,RSC-SAC,RSC-SAC,theta_r,m=shift,l2_out,42,0,1026.3671,0.7731923327242362,20,32.1590,0,runs/spec_rnoise/cdro_hopper_rshift_seed42/r_r_hopper_eval.json
online,RSC-SAC,RSC-SAC,theta_r,m=shift,l3_in,42,0,785.6813,268.34335772480574,20,24.7637,0,runs/spec_rnoise/cdro_hopper_rshift_seed42/r_r_hopper_eval.json
online,RSC-SAC,RSC-SAC,theta_r,m=shift,l3_out,42,0,652.1251,314.78052920428416,20,20.6600,0,runs/spec_rnoise/cdro_hopper_rshift_seed42/r_r_hopper_eval.json
online,RSC-SAC,RSC-SAC,theta_r,m=shift,l1_anchor,42,0,1026.4475,1.3601063837332636,20,32.1615,0,runs/spec_rnoise/cdro_hopper_rshift_seed42/r_r_hopper_eval.json
online,RSC-SAC,RSC-SAC,theta_r,m=shift,l2_anchor,42,0,1027.2425,0.5234071605861895,20,32.1859,0,runs/spec_rnoise/cdro_hopper_rshift_seed42/r_r_hopper_eval.json
online,RSC-SAC,RSC-SAC,theta_r,m=shift,l3_anchor,42,0,967.6373,180.51832307500388,20,30.3545,0,runs/spec_rnoise/cdro_hopper_rshift_seed42/r_r_hopper_eval.json
online,RSC-SAC,RSC-SAC,theta_tau_credit,k=4,nominal,0,1,3295.7454,200.58100940876923,20,101.8880,0,runs/spec_rdelay/cdro_hopper_k4_seed0/r_r_hopper_eval.json
online,RSC-SAC,RSC-SAC,theta_tau_credit,k=4,l1_in,0,0,2631.3225,837.1190876232495,20,81.4729,0,runs/spec_rdelay/cdro_hopper_k4_seed0/r_r_hopper_eval.json
online,RSC-SAC,RSC-SAC,theta_tau_credit,k=4,l1_out,0,0,1555.3245,1232.1180586140151,20,48.4118,0,runs/spec_rdelay/cdro_hopper_k4_seed0/r_r_hopper_eval.json
online,RSC-SAC,RSC-SAC,theta_tau_credit,k=4,l2_in,0,0,1958.6136,1077.8305968448403,20,60.8032,0,runs/spec_rdelay/cdro_hopper_k4_seed0/r_r_hopper_eval.json
online,RSC-SAC,RSC-SAC,theta_tau_credit,k=4,l2_out,0,0,1408.0750,1265.553197085818,20,43.8874,0,runs/spec_rdelay/cdro_hopper_k4_seed0/r_r_hopper_eval.json
online,RSC-SAC,RSC-SAC,theta_tau_credit,k=4,l3_in,0,0,1291.8917,747.4262841019213,20,40.3175,0,runs/spec_rdelay/cdro_hopper_k4_seed0/r_r_hopper_eval.json
online,RSC-SAC,RSC-SAC,theta_tau_credit,k=4,l3_out,0,0,779.8203,677.7474368653246,20,24.5836,0,runs/spec_rdelay/cdro_hopper_k4_seed0/r_r_hopper_eval.json
online,RSC-SAC,RSC-SAC,theta_tau_credit,k=4,l1_anchor,0,0,1064.8604,79.09428418894606,20,33.3417,0,runs/spec_rdelay/cdro_hopper_k4_seed0/r_r_hopper_eval.json
online,RSC-SAC,RSC-SAC,theta_tau_credit,k=4,l2_anchor,0,0,264.6334,1.2581323489358984,20,8.7540,0,runs/spec_rdelay/cdro_hopper_k4_seed0/r_r_hopper_eval.json
online,RSC-SAC,RSC-SAC,theta_tau_credit,k=4,l3_anchor,0,0,255.6922,9.05349423926978,20,8.4792,0,runs/spec_rdelay/cdro_hopper_k4_seed0/r_r_hopper_eval.json
online,RSC-SAC,RSC-SAC,theta_tau_credit,k=4,nominal,1,1,3499.5144,1.9650001787863036,20,108.1490,0,runs/spec_rdelay/cdro_hopper_k4_seed1/r_r_hopper_eval.json
online,RSC-SAC,RSC-SAC,theta_tau_credit,k=4,l1_in,1,0,2580.6040,1198.855800637259,20,79.9145,0,runs/spec_rdelay/cdro_hopper_k4_seed1/r_r_hopper_eval.json
online,RSC-SAC,RSC-SAC,theta_tau_credit,k=4,l1_out,1,0,1318.2459,1143.7578593789838,20,41.1273,0,runs/spec_rdelay/cdro_hopper_k4_seed1/r_r_hopper_eval.json
online,RSC-SAC,RSC-SAC,theta_tau_credit,k=4,l2_in,1,0,1998.7499,1394.7940219114166,20,62.0365,0,runs/spec_rdelay/cdro_hopper_k4_seed1/r_r_hopper_eval.json
online,RSC-SAC,RSC-SAC,theta_tau_credit,k=4,l2_out,1,0,1367.1759,1267.551903074043,20,42.6307,0,runs/spec_rdelay/cdro_hopper_k4_seed1/r_r_hopper_eval.json
online,RSC-SAC,RSC-SAC,theta_tau_credit,k=4,l3_in,1,0,1300.6316,907.3101718854858,20,40.5861,0,runs/spec_rdelay/cdro_hopper_k4_seed1/r_r_hopper_eval.json
online,RSC-SAC,RSC-SAC,theta_tau_credit,k=4,l3_out,1,0,618.4501,826.5442046636118,20,19.6253,0,runs/spec_rdelay/cdro_hopper_k4_seed1/r_r_hopper_eval.json
online,RSC-SAC,RSC-SAC,theta_tau_credit,k=4,l1_anchor,1,0,2310.8997,501.82067445997006,20,71.6276,0,runs/spec_rdelay/cdro_hopper_k4_seed1/r_r_hopper_eval.json
online,RSC-SAC,RSC-SAC,theta_tau_credit,k=4,l2_anchor,1,0,857.3573,25.257513987938058,20,26.9660,0,runs/spec_rdelay/cdro_hopper_k4_seed1/r_r_hopper_eval.json
online,RSC-SAC,RSC-SAC,theta_tau_credit,k=4,l3_anchor,1,0,652.6691,104.09513211506302,20,20.6767,0,runs/spec_rdelay/cdro_hopper_k4_seed1/r_r_hopper_eval.json
online,RSC-SAC,RSC-SAC,theta_tau_credit,k=4,nominal,2,1,3385.0259,8.266638973292117,20,104.6312,0,runs/spec_rdelay/cdro_hopper_k4_seed2/r_r_hopper_eval.json
online,RSC-SAC,RSC-SAC,theta_tau_credit,k=4,l1_in,2,0,2387.1227,1125.1802271607505,20,73.9696,0,runs/spec_rdelay/cdro_hopper_k4_seed2/r_r_hopper_eval.json
online,RSC-SAC,RSC-SAC,theta_tau_credit,k=4,l1_out,2,0,1166.5678,1126.0474869133207,20,36.4668,0,runs/spec_rdelay/cdro_hopper_k4_seed2/r_r_hopper_eval.json
online,RSC-SAC,RSC-SAC,theta_tau_credit,k=4,l2_in,2,0,1679.9100,1123.9542207482264,20,52.2398,0,runs/spec_rdelay/cdro_hopper_k4_seed2/r_r_hopper_eval.json
online,RSC-SAC,RSC-SAC,theta_tau_credit,k=4,l2_out,2,0,1191.4203,1032.2304827205992,20,37.2304,0,runs/spec_rdelay/cdro_hopper_k4_seed2/r_r_hopper_eval.json
online,RSC-SAC,RSC-SAC,theta_tau_credit,k=4,l3_in,2,0,894.3893,749.9265492308184,20,28.1038,0,runs/spec_rdelay/cdro_hopper_k4_seed2/r_r_hopper_eval.json
online,RSC-SAC,RSC-SAC,theta_tau_credit,k=4,l3_out,2,0,518.7281,539.5143577942868,20,16.5613,0,runs/spec_rdelay/cdro_hopper_k4_seed2/r_r_hopper_eval.json
online,RSC-SAC,RSC-SAC,theta_tau_credit,k=4,l1_anchor,2,0,1291.0093,431.5454047374097,20,40.2904,0,runs/spec_rdelay/cdro_hopper_k4_seed2/r_r_hopper_eval.json
online,RSC-SAC,RSC-SAC,theta_tau_credit,k=4,l2_anchor,2,0,541.4774,2.0246445289933015,20,17.2603,0,runs/spec_rdelay/cdro_hopper_k4_seed2/r_r_hopper_eval.json
online,RSC-SAC,RSC-SAC,theta_tau_credit,k=4,l3_anchor,2,0,57.5023,6.3331758674028125,20,2.3896,0,runs/spec_rdelay/cdro_hopper_k4_seed2/r_r_hopper_eval.json
online,RSC-SAC,RSC-SAC,theta_tau_credit,k=4,nominal,3407,1,293.5034,1.697257592731533,20,9.6410,0,runs/spec_rdelay/cdro_hopper_k4_seed3407/r_r_hopper_eval.json
online,RSC-SAC,RSC-SAC,theta_tau_credit,k=4,l1_in,3407,0,295.0095,5.040595977072229,20,9.6873,0,runs/spec_rdelay/cdro_hopper_k4_seed3407/r_r_hopper_eval.json
online,RSC-SAC,RSC-SAC,theta_tau_credit,k=4,l1_out,3407,0,298.6046,34.098759081847845,20,9.7977,0,runs/spec_rdelay/cdro_hopper_k4_seed3407/r_r_hopper_eval.json
online,RSC-SAC,RSC-SAC,theta_tau_credit,k=4,l2_in,3407,0,299.2032,23.445147924016677,20,9.8161,0,runs/spec_rdelay/cdro_hopper_k4_seed3407/r_r_hopper_eval.json
online,RSC-SAC,RSC-SAC,theta_tau_credit,k=4,l2_out,3407,0,297.8065,24.080470643061773,20,9.7732,0,runs/spec_rdelay/cdro_hopper_k4_seed3407/r_r_hopper_eval.json
online,RSC-SAC,RSC-SAC,theta_tau_credit,k=4,l3_in,3407,0,327.8599,93.30298470142607,20,10.6966,0,runs/spec_rdelay/cdro_hopper_k4_seed3407/r_r_hopper_eval.json
online,RSC-SAC,RSC-SAC,theta_tau_credit,k=4,l3_out,3407,0,233.1791,127.45677389263923,20,7.7875,0,runs/spec_rdelay/cdro_hopper_k4_seed3407/r_r_hopper_eval.json
online,RSC-SAC,RSC-SAC,theta_tau_credit,k=4,l1_anchor,3407,0,286.0924,2.573241963212809,20,9.4133,0,runs/spec_rdelay/cdro_hopper_k4_seed3407/r_r_hopper_eval.json
online,RSC-SAC,RSC-SAC,theta_tau_credit,k=4,l2_anchor,3407,0,286.7943,2.692384562371542,20,9.4349,0,runs/spec_rdelay/cdro_hopper_k4_seed3407/r_r_hopper_eval.json
online,RSC-SAC,RSC-SAC,theta_tau_credit,k=4,l3_anchor,3407,0,251.4065,21.282261345809253,20,8.3475,0,runs/spec_rdelay/cdro_hopper_k4_seed3407/r_r_hopper_eval.json
online,RSC-SAC,RSC-SAC,theta_tau_credit,k=4,nominal,42,1,2203.7803,401.16911533312697,20,68.3362,0,runs/spec_rdelay/cdro_hopper_k4_seed42/r_r_hopper_eval.json
online,RSC-SAC,RSC-SAC,theta_tau_credit,k=4,l1_in,42,0,1527.3541,521.4884364150037,20,47.5523,0,runs/spec_rdelay/cdro_hopper_k4_seed42/r_r_hopper_eval.json
online,RSC-SAC,RSC-SAC,theta_tau_credit,k=4,l1_out,42,0,1027.4378,769.9815090643644,20,32.1919,0,runs/spec_rdelay/cdro_hopper_k4_seed42/r_r_hopper_eval.json
online,RSC-SAC,RSC-SAC,theta_tau_credit,k=4,l2_in,42,0,1399.0978,911.1518390088263,20,43.6115,0,runs/spec_rdelay/cdro_hopper_k4_seed42/r_r_hopper_eval.json
online,RSC-SAC,RSC-SAC,theta_tau_credit,k=4,l2_out,42,0,1057.3770,895.7355865466044,20,33.1118,0,runs/spec_rdelay/cdro_hopper_k4_seed42/r_r_hopper_eval.json
online,RSC-SAC,RSC-SAC,theta_tau_credit,k=4,l3_in,42,0,1291.2746,472.71744495899424,20,40.2986,0,runs/spec_rdelay/cdro_hopper_k4_seed42/r_r_hopper_eval.json
online,RSC-SAC,RSC-SAC,theta_tau_credit,k=4,l3_out,42,0,804.4637,530.1814086075425,20,25.3408,0,runs/spec_rdelay/cdro_hopper_k4_seed42/r_r_hopper_eval.json
online,RSC-SAC,RSC-SAC,theta_tau_credit,k=4,l1_anchor,42,0,888.6069,56.376724221887656,20,27.9262,0,runs/spec_rdelay/cdro_hopper_k4_seed42/r_r_hopper_eval.json
online,RSC-SAC,RSC-SAC,theta_tau_credit,k=4,l2_anchor,42,0,474.3800,2.2861252803058973,20,15.1986,0,runs/spec_rdelay/cdro_hopper_k4_seed42/r_r_hopper_eval.json
online,RSC-SAC,RSC-SAC,theta_tau_credit,k=4,l3_anchor,42,0,451.6378,25.374361240820104,20,14.4999,0,runs/spec_rdelay/cdro_hopper_k4_seed42/r_r_hopper_eval.json
online,RSC-SAC,RSC-SAC,theta_tau_credit,k=16,nominal,0,1,1436.6109,323.6686618458561,20,44.7642,0,runs/spec_rdelay/cdro_hopper_k16_seed0/r_r_hopper_eval.json
online,RSC-SAC,RSC-SAC,theta_tau_credit,k=16,l1_in,0,0,1201.1921,304.14430791542327,20,37.5307,0,runs/spec_rdelay/cdro_hopper_k16_seed0/r_r_hopper_eval.json
online,RSC-SAC,RSC-SAC,theta_tau_credit,k=16,l1_out,0,0,884.2836,447.9725115356453,20,27.7933,0,runs/spec_rdelay/cdro_hopper_k16_seed0/r_r_hopper_eval.json
online,RSC-SAC,RSC-SAC,theta_tau_credit,k=16,l2_in,0,0,933.0537,300.29603373601384,20,29.2918,0,runs/spec_rdelay/cdro_hopper_k16_seed0/r_r_hopper_eval.json
online,RSC-SAC,RSC-SAC,theta_tau_credit,k=16,l2_out,0,0,900.3696,448.1533996629739,20,28.2876,0,runs/spec_rdelay/cdro_hopper_k16_seed0/r_r_hopper_eval.json
online,RSC-SAC,RSC-SAC,theta_tau_credit,k=16,l3_in,0,0,780.4294,450.2974386819395,20,24.6023,0,runs/spec_rdelay/cdro_hopper_k16_seed0/r_r_hopper_eval.json
online,RSC-SAC,RSC-SAC,theta_tau_credit,k=16,l3_out,0,0,641.1904,555.19522228358,20,20.3240,0,runs/spec_rdelay/cdro_hopper_k16_seed0/r_r_hopper_eval.json
online,RSC-SAC,RSC-SAC,theta_tau_credit,k=16,l1_anchor,0,0,971.1919,8.468411153192761,20,30.4637,0,runs/spec_rdelay/cdro_hopper_k16_seed0/r_r_hopper_eval.json
online,RSC-SAC,RSC-SAC,theta_tau_credit,k=16,l2_anchor,0,0,787.5765,7.231782601788284,20,24.8219,0,runs/spec_rdelay/cdro_hopper_k16_seed0/r_r_hopper_eval.json
online,RSC-SAC,RSC-SAC,theta_tau_credit,k=16,l3_anchor,0,0,527.6570,98.13122734097415,20,16.8356,0,runs/spec_rdelay/cdro_hopper_k16_seed0/r_r_hopper_eval.json
online,RSC-SAC,RSC-SAC,theta_tau_credit,k=16,nominal,1,1,3343.3550,267.35077355605875,20,103.3508,0,runs/spec_rdelay/cdro_hopper_k16_seed1/r_r_hopper_eval.json
online,RSC-SAC,RSC-SAC,theta_tau_credit,k=16,l1_in,1,0,2389.5988,1047.8799185763883,20,74.0457,0,runs/spec_rdelay/cdro_hopper_k16_seed1/r_r_hopper_eval.json
online,RSC-SAC,RSC-SAC,theta_tau_credit,k=16,l1_out,1,0,1205.6247,1011.4764387027969,20,37.6669,0,runs/spec_rdelay/cdro_hopper_k16_seed1/r_r_hopper_eval.json
online,RSC-SAC,RSC-SAC,theta_tau_credit,k=16,l2_in,1,0,1706.2075,922.718323424938,20,53.0478,0,runs/spec_rdelay/cdro_hopper_k16_seed1/r_r_hopper_eval.json
online,RSC-SAC,RSC-SAC,theta_tau_credit,k=16,l2_out,1,0,1334.1898,871.9903274639233,20,41.6172,0,runs/spec_rdelay/cdro_hopper_k16_seed1/r_r_hopper_eval.json
online,RSC-SAC,RSC-SAC,theta_tau_credit,k=16,l3_in,1,0,1186.1952,679.185641722259,20,37.0699,0,runs/spec_rdelay/cdro_hopper_k16_seed1/r_r_hopper_eval.json
online,RSC-SAC,RSC-SAC,theta_tau_credit,k=16,l3_out,1,0,481.0688,491.048015087791,20,15.4041,0,runs/spec_rdelay/cdro_hopper_k16_seed1/r_r_hopper_eval.json
online,RSC-SAC,RSC-SAC,theta_tau_credit,k=16,l1_anchor,1,0,803.2757,12.81831873110345,20,25.3043,0,runs/spec_rdelay/cdro_hopper_k16_seed1/r_r_hopper_eval.json
online,RSC-SAC,RSC-SAC,theta_tau_credit,k=16,l2_anchor,1,0,602.9593,27.127144691358602,20,19.1494,0,runs/spec_rdelay/cdro_hopper_k16_seed1/r_r_hopper_eval.json
online,RSC-SAC,RSC-SAC,theta_tau_credit,k=16,l3_anchor,1,0,460.2892,67.09768297378373,20,14.7657,0,runs/spec_rdelay/cdro_hopper_k16_seed1/r_r_hopper_eval.json
online,RSC-SAC,RSC-SAC,theta_tau_credit,k=16,nominal,2,1,1566.9650,572.0250974816428,20,48.7694,0,runs/spec_rdelay/cdro_hopper_k16_seed2/r_r_hopper_eval.json
online,RSC-SAC,RSC-SAC,theta_tau_credit,k=16,l1_in,2,0,914.2534,811.3665484392991,20,28.7142,0,runs/spec_rdelay/cdro_hopper_k16_seed2/r_r_hopper_eval.json
online,RSC-SAC,RSC-SAC,theta_tau_credit,k=16,l1_out,2,0,464.4612,353.19117568539883,20,14.8939,0,runs/spec_rdelay/cdro_hopper_k16_seed2/r_r_hopper_eval.json
online,RSC-SAC,RSC-SAC,theta_tau_credit,k=16,l2_in,2,0,650.1661,244.03282871386565,20,20.5998,0,runs/spec_rdelay/cdro_hopper_k16_seed2/r_r_hopper_eval.json
online,RSC-SAC,RSC-SAC,theta_tau_credit,k=16,l2_out,2,0,644.1987,246.8761810241738,20,20.4165,0,runs/spec_rdelay/cdro_hopper_k16_seed2/r_r_hopper_eval.json
online,RSC-SAC,RSC-SAC,theta_tau_credit,k=16,l3_in,2,0,365.3793,448.84792915945957,20,11.8495,0,runs/spec_rdelay/cdro_hopper_k16_seed2/r_r_hopper_eval.json
online,RSC-SAC,RSC-SAC,theta_tau_credit,k=16,l3_out,2,0,268.0797,356.45942463565893,20,8.8598,0,runs/spec_rdelay/cdro_hopper_k16_seed2/r_r_hopper_eval.json
online,RSC-SAC,RSC-SAC,theta_tau_credit,k=16,l1_anchor,2,0,281.0797,5.411290391915292,20,9.2593,0,runs/spec_rdelay/cdro_hopper_k16_seed2/r_r_hopper_eval.json
online,RSC-SAC,RSC-SAC,theta_tau_credit,k=16,l2_anchor,2,0,283.5559,2.4213983005708526,20,9.3354,0,runs/spec_rdelay/cdro_hopper_k16_seed2/r_r_hopper_eval.json
online,RSC-SAC,RSC-SAC,theta_tau_credit,k=16,l3_anchor,2,0,6.7691,0.0973511683743046,20,0.8308,0,runs/spec_rdelay/cdro_hopper_k16_seed2/r_r_hopper_eval.json
online,RSC-SAC,RSC-SAC,theta_tau_credit,k=16,nominal,3407,1,400.8328,30.08946366252857,20,12.9388,0,runs/spec_rdelay/cdro_hopper_k16_seed3407/r_r_hopper_eval.json
online,RSC-SAC,RSC-SAC,theta_tau_credit,k=16,l1_in,3407,0,244.2208,77.31846933214219,20,8.1267,0,runs/spec_rdelay/cdro_hopper_k16_seed3407/r_r_hopper_eval.json
online,RSC-SAC,RSC-SAC,theta_tau_credit,k=16,l1_out,3407,0,227.3138,83.61219008274102,20,7.6073,0,runs/spec_rdelay/cdro_hopper_k16_seed3407/r_r_hopper_eval.json
online,RSC-SAC,RSC-SAC,theta_tau_credit,k=16,l2_in,3407,0,254.5288,93.34548184623415,20,8.4435,0,runs/spec_rdelay/cdro_hopper_k16_seed3407/r_r_hopper_eval.json
online,RSC-SAC,RSC-SAC,theta_tau_credit,k=16,l2_out,3407,0,286.0414,99.38931167168474,20,9.4117,0,runs/spec_rdelay/cdro_hopper_k16_seed3407/r_r_hopper_eval.json
online,RSC-SAC,RSC-SAC,theta_tau_credit,k=16,l3_in,3407,0,211.0670,115.93088483752769,20,7.1081,0,runs/spec_rdelay/cdro_hopper_k16_seed3407/r_r_hopper_eval.json
online,RSC-SAC,RSC-SAC,theta_tau_credit,k=16,l3_out,3407,0,150.6564,73.08600585725556,20,5.2519,0,runs/spec_rdelay/cdro_hopper_k16_seed3407/r_r_hopper_eval.json
online,RSC-SAC,RSC-SAC,theta_tau_credit,k=16,l1_anchor,3407,0,274.1228,7.779715775510144,20,9.0455,0,runs/spec_rdelay/cdro_hopper_k16_seed3407/r_r_hopper_eval.json
online,RSC-SAC,RSC-SAC,theta_tau_credit,k=16,l2_anchor,3407,0,275.3488,2.696512629008446,20,9.0832,0,runs/spec_rdelay/cdro_hopper_k16_seed3407/r_r_hopper_eval.json
online,RSC-SAC,RSC-SAC,theta_tau_credit,k=16,l3_anchor,3407,0,242.6213,78.74293945301534,20,8.0776,0,runs/spec_rdelay/cdro_hopper_k16_seed3407/r_r_hopper_eval.json
online,RSC-SAC,RSC-SAC,theta_tau_credit,k=16,nominal,42,1,3079.3705,27.148880173045317,20,95.2396,0,runs/spec_rdelay/cdro_hopper_k16_seed42/r_r_hopper_eval.json
online,RSC-SAC,RSC-SAC,theta_tau_credit,k=16,l1_in,42,0,1903.6322,1197.7242836435728,20,59.1139,0,runs/spec_rdelay/cdro_hopper_k16_seed42/r_r_hopper_eval.json
online,RSC-SAC,RSC-SAC,theta_tau_credit,k=16,l1_out,42,0,872.3901,782.8775192838845,20,27.4279,0,runs/spec_rdelay/cdro_hopper_k16_seed42/r_r_hopper_eval.json
online,RSC-SAC,RSC-SAC,theta_tau_credit,k=16,l2_in,42,0,1505.3314,1137.0190570454781,20,46.8757,0,runs/spec_rdelay/cdro_hopper_k16_seed42/r_r_hopper_eval.json
online,RSC-SAC,RSC-SAC,theta_tau_credit,k=16,l2_out,42,0,1044.5926,964.9512356389722,20,32.7190,0,runs/spec_rdelay/cdro_hopper_k16_seed42/r_r_hopper_eval.json
online,RSC-SAC,RSC-SAC,theta_tau_credit,k=16,l3_in,42,0,948.8541,578.6855141172144,20,29.7773,0,runs/spec_rdelay/cdro_hopper_k16_seed42/r_r_hopper_eval.json
online,RSC-SAC,RSC-SAC,theta_tau_credit,k=16,l3_out,42,0,872.1052,740.3756915461308,20,27.4191,0,runs/spec_rdelay/cdro_hopper_k16_seed42/r_r_hopper_eval.json
online,RSC-SAC,RSC-SAC,theta_tau_credit,k=16,l1_anchor,42,0,2970.7637,2.9909279778625177,20,91.9026,0,runs/spec_rdelay/cdro_hopper_k16_seed42/r_r_hopper_eval.json
online,RSC-SAC,RSC-SAC,theta_tau_credit,k=16,l2_anchor,42,0,513.0951,2.570993696625812,20,16.3882,0,runs/spec_rdelay/cdro_hopper_k16_seed42/r_r_hopper_eval.json
online,RSC-SAC,RSC-SAC,theta_tau_credit,k=16,l3_anchor,42,0,495.8026,24.392311931533868,20,15.8569,0,runs/spec_rdelay/cdro_hopper_k16_seed42/r_r_hopper_eval.json
online,RSC-SAC,RSC-SAC,theta_tau_credit,k=32,nominal,0,1,277.6976,13.030531147203385,20,9.1554,0,runs/spec_rdelay/cdro_hopper_k32_seed0/r_r_hopper_eval.json
online,RSC-SAC,RSC-SAC,theta_tau_credit,k=32,l1_in,0,0,283.0557,18.314938044937424,20,9.3200,0,runs/spec_rdelay/cdro_hopper_k32_seed0/r_r_hopper_eval.json
online,RSC-SAC,RSC-SAC,theta_tau_credit,k=32,l1_out,0,0,295.5964,26.180414261807684,20,9.7053,0,runs/spec_rdelay/cdro_hopper_k32_seed0/r_r_hopper_eval.json
online,RSC-SAC,RSC-SAC,theta_tau_credit,k=32,l2_in,0,0,287.7681,18.79235959151859,20,9.4648,0,runs/spec_rdelay/cdro_hopper_k32_seed0/r_r_hopper_eval.json
online,RSC-SAC,RSC-SAC,theta_tau_credit,k=32,l2_out,0,0,312.0745,33.521132337084545,20,10.2116,0,runs/spec_rdelay/cdro_hopper_k32_seed0/r_r_hopper_eval.json
online,RSC-SAC,RSC-SAC,theta_tau_credit,k=32,l3_in,0,0,282.2931,101.50752019404375,20,9.2966,0,runs/spec_rdelay/cdro_hopper_k32_seed0/r_r_hopper_eval.json
online,RSC-SAC,RSC-SAC,theta_tau_credit,k=32,l3_out,0,0,273.8619,79.79347927106139,20,9.0375,0,runs/spec_rdelay/cdro_hopper_k32_seed0/r_r_hopper_eval.json
online,RSC-SAC,RSC-SAC,theta_tau_credit,k=32,l1_anchor,0,0,265.8675,12.595687625369711,20,8.7919,0,runs/spec_rdelay/cdro_hopper_k32_seed0/r_r_hopper_eval.json
online,RSC-SAC,RSC-SAC,theta_tau_credit,k=32,l2_anchor,0,0,297.0185,6.799852646532489,20,9.7490,0,runs/spec_rdelay/cdro_hopper_k32_seed0/r_r_hopper_eval.json
online,RSC-SAC,RSC-SAC,theta_tau_credit,k=32,l3_anchor,0,0,246.2582,30.369261403039747,20,8.1894,0,runs/spec_rdelay/cdro_hopper_k32_seed0/r_r_hopper_eval.json
online,RSC-SAC,RSC-SAC,theta_tau_credit,k=32,nominal,1,1,121.5536,146.51249075366803,20,4.3577,0,runs/spec_rdelay/cdro_hopper_k32_seed1/r_r_hopper_eval.json
online,RSC-SAC,RSC-SAC,theta_tau_credit,k=32,l1_in,1,0,289.1919,226.94852655749176,20,9.5085,0,runs/spec_rdelay/cdro_hopper_k32_seed1/r_r_hopper_eval.json
online,RSC-SAC,RSC-SAC,theta_tau_credit,k=32,l1_out,1,0,283.8383,203.63029462963047,20,9.3440,0,runs/spec_rdelay/cdro_hopper_k32_seed1/r_r_hopper_eval.json
online,RSC-SAC,RSC-SAC,theta_tau_credit,k=32,l2_in,1,0,247.3082,199.57652674970228,20,8.2216,0,runs/spec_rdelay/cdro_hopper_k32_seed1/r_r_hopper_eval.json
online,RSC-SAC,RSC-SAC,theta_tau_credit,k=32,l2_out,1,0,214.7945,206.48581579798235,20,7.2226,0,runs/spec_rdelay/cdro_hopper_k32_seed1/r_r_hopper_eval.json
online,RSC-SAC,RSC-SAC,theta_tau_credit,k=32,l3_in,1,0,166.2242,119.64118085413499,20,5.7302,0,runs/spec_rdelay/cdro_hopper_k32_seed1/r_r_hopper_eval.json
online,RSC-SAC,RSC-SAC,theta_tau_credit,k=32,l3_out,1,0,91.6773,54.38390575414021,20,3.4397,0,runs/spec_rdelay/cdro_hopper_k32_seed1/r_r_hopper_eval.json
online,RSC-SAC,RSC-SAC,theta_tau_credit,k=32,l1_anchor,1,0,75.7427,2.45487329169064,20,2.9501,0,runs/spec_rdelay/cdro_hopper_k32_seed1/r_r_hopper_eval.json
online,RSC-SAC,RSC-SAC,theta_tau_credit,k=32,l2_anchor,1,0,96.9941,46.1702678692026,20,3.6031,0,runs/spec_rdelay/cdro_hopper_k32_seed1/r_r_hopper_eval.json
online,RSC-SAC,RSC-SAC,theta_tau_credit,k=32,l3_anchor,1,0,170.5476,106.4198043616668,20,5.8631,0,runs/spec_rdelay/cdro_hopper_k32_seed1/r_r_hopper_eval.json
online,RSC-SAC,RSC-SAC,theta_tau_credit,k=32,nominal,2,1,2046.0160,646.355330202803,20,63.4888,0,runs/spec_rdelay/cdro_hopper_k32_seed2/r_r_hopper_eval.json
online,RSC-SAC,RSC-SAC,theta_tau_credit,k=32,l1_in,2,0,1756.3314,672.9522153145184,20,54.5879,0,runs/spec_rdelay/cdro_hopper_k32_seed2/r_r_hopper_eval.json
online,RSC-SAC,RSC-SAC,theta_tau_credit,k=32,l1_out,2,0,976.4625,628.6760649265118,20,30.6256,0,runs/spec_rdelay/cdro_hopper_k32_seed2/r_r_hopper_eval.json
online,RSC-SAC,RSC-SAC,theta_tau_credit,k=32,l2_in,2,0,1323.3900,779.1518349923862,20,41.2853,0,runs/spec_rdelay/cdro_hopper_k32_seed2/r_r_hopper_eval.json
online,RSC-SAC,RSC-SAC,theta_tau_credit,k=32,l2_out,2,0,798.0093,570.6031165575663,20,25.1425,0,runs/spec_rdelay/cdro_hopper_k32_seed2/r_r_hopper_eval.json
online,RSC-SAC,RSC-SAC,theta_tau_credit,k=32,l3_in,2,0,923.9253,611.0632501655705,20,29.0114,0,runs/spec_rdelay/cdro_hopper_k32_seed2/r_r_hopper_eval.json
online,RSC-SAC,RSC-SAC,theta_tau_credit,k=32,l3_out,2,0,361.3234,346.2381518500849,20,11.7248,0,runs/spec_rdelay/cdro_hopper_k32_seed2/r_r_hopper_eval.json
online,RSC-SAC,RSC-SAC,theta_tau_credit,k=32,l1_anchor,2,0,803.1615,4.352240772947821,20,25.3008,0,runs/spec_rdelay/cdro_hopper_k32_seed2/r_r_hopper_eval.json
online,RSC-SAC,RSC-SAC,theta_tau_credit,k=32,l2_anchor,2,0,517.4635,5.738940634164604,20,16.5224,0,runs/spec_rdelay/cdro_hopper_k32_seed2/r_r_hopper_eval.json
online,RSC-SAC,RSC-SAC,theta_tau_credit,k=32,l3_anchor,2,0,406.4003,77.11193247594859,20,13.1099,0,runs/spec_rdelay/cdro_hopper_k32_seed2/r_r_hopper_eval.json
online,RSC-SAC,RSC-SAC,theta_tau_credit,k=32,nominal,3407,1,996.9382,0.5573658678891683,20,31.2548,0,runs/spec_rdelay/cdro_hopper_k32_seed3407/r_r_hopper_eval.json
online,RSC-SAC,RSC-SAC,theta_tau_credit,k=32,l1_in,3407,0,996.8932,0.5814466955663211,20,31.2534,0,runs/spec_rdelay/cdro_hopper_k32_seed3407/r_r_hopper_eval.json
online,RSC-SAC,RSC-SAC,theta_tau_credit,k=32,l1_out,3407,0,996.6924,0.8232563571887354,20,31.2472,0,runs/spec_rdelay/cdro_hopper_k32_seed3407/r_r_hopper_eval.json
online,RSC-SAC,RSC-SAC,theta_tau_credit,k=32,l2_in,3407,0,996.1429,0.6062541297773831,20,31.2303,0,runs/spec_rdelay/cdro_hopper_k32_seed3407/r_r_hopper_eval.json
online,RSC-SAC,RSC-SAC,theta_tau_credit,k=32,l2_out,3407,0,994.2099,0.7915223535641192,20,31.1709,0,runs/spec_rdelay/cdro_hopper_k32_seed3407/r_r_hopper_eval.json
online,RSC-SAC,RSC-SAC,theta_tau_credit,k=32,l3_in,3407,0,870.8311,273.39957325679114,20,27.3800,0,runs/spec_rdelay/cdro_hopper_k32_seed3407/r_r_hopper_eval.json
online,RSC-SAC,RSC-SAC,theta_tau_credit,k=32,l3_out,3407,0,695.2798,370.57424736124,20,21.9860,0,runs/spec_rdelay/cdro_hopper_k32_seed3407/r_r_hopper_eval.json
online,RSC-SAC,RSC-SAC,theta_tau_credit,k=32,l1_anchor,3407,0,997.0457,0.5581311408218471,20,31.2581,0,runs/spec_rdelay/cdro_hopper_k32_seed3407/r_r_hopper_eval.json
online,RSC-SAC,RSC-SAC,theta_tau_credit,k=32,l2_anchor,3407,0,997.0211,0.5566080760483909,20,31.2573,0,runs/spec_rdelay/cdro_hopper_k32_seed3407/r_r_hopper_eval.json
online,RSC-SAC,RSC-SAC,theta_tau_credit,k=32,l3_anchor,3407,0,998.1788,0.6707567827567762,20,31.2929,0,runs/spec_rdelay/cdro_hopper_k32_seed3407/r_r_hopper_eval.json
online,RSC-SAC,RSC-SAC,theta_tau_credit,k=32,nominal,42,1,1045.7469,331.70911773719246,20,32.7545,0,runs/spec_rdelay/cdro_hopper_k32_seed42/r_r_hopper_eval.json
online,RSC-SAC,RSC-SAC,theta_tau_credit,k=32,l1_in,42,0,1441.8936,793.8411755179062,20,44.9265,0,runs/spec_rdelay/cdro_hopper_k32_seed42/r_r_hopper_eval.json
online,RSC-SAC,RSC-SAC,theta_tau_credit,k=32,l1_out,42,0,798.4753,485.1681879519482,20,25.1568,0,runs/spec_rdelay/cdro_hopper_k32_seed42/r_r_hopper_eval.json
online,RSC-SAC,RSC-SAC,theta_tau_credit,k=32,l2_in,42,0,993.3353,670.691449971429,20,31.1441,0,runs/spec_rdelay/cdro_hopper_k32_seed42/r_r_hopper_eval.json
online,RSC-SAC,RSC-SAC,theta_tau_credit,k=32,l2_out,42,0,875.6291,713.854384325806,20,27.5274,0,runs/spec_rdelay/cdro_hopper_k32_seed42/r_r_hopper_eval.json
online,RSC-SAC,RSC-SAC,theta_tau_credit,k=32,l3_in,42,0,781.2945,498.3757102416561,20,24.6289,0,runs/spec_rdelay/cdro_hopper_k32_seed42/r_r_hopper_eval.json
online,RSC-SAC,RSC-SAC,theta_tau_credit,k=32,l3_out,42,0,358.4097,215.25253036979626,20,11.6353,0,runs/spec_rdelay/cdro_hopper_k32_seed42/r_r_hopper_eval.json
online,RSC-SAC,RSC-SAC,theta_tau_credit,k=32,l1_anchor,42,0,639.7657,27.509376762103834,20,20.2803,0,runs/spec_rdelay/cdro_hopper_k32_seed42/r_r_hopper_eval.json
online,RSC-SAC,RSC-SAC,theta_tau_credit,k=32,l2_anchor,42,0,333.5063,10.82991209285629,20,10.8701,0,runs/spec_rdelay/cdro_hopper_k32_seed42/r_r_hopper_eval.json
online,RSC-SAC,RSC-SAC,theta_tau_credit,k=32,l3_anchor,42,0,259.1265,53.27382382123944,20,8.5847,0,runs/spec_rdelay/cdro_hopper_k32_seed42/r_r_hopper_eval.json
online,RSC-SAC,RSC-SAC,theta_tau_credit,k=64,nominal,0,1,894.0921,202.2081114826737,20,28.0947,0,runs/spec_rdelay/cdro_hopper_k64_seed0/r_r_hopper_eval.json
online,RSC-SAC,RSC-SAC,theta_tau_credit,k=64,l1_in,0,0,635.5305,178.5599877676026,20,20.1501,0,runs/spec_rdelay/cdro_hopper_k64_seed0/r_r_hopper_eval.json
online,RSC-SAC,RSC-SAC,theta_tau_credit,k=64,l1_out,0,0,532.9763,208.47384963404554,20,16.9991,0,runs/spec_rdelay/cdro_hopper_k64_seed0/r_r_hopper_eval.json
online,RSC-SAC,RSC-SAC,theta_tau_credit,k=64,l2_in,0,0,632.1035,186.6452946392523,20,20.0448,0,runs/spec_rdelay/cdro_hopper_k64_seed0/r_r_hopper_eval.json
online,RSC-SAC,RSC-SAC,theta_tau_credit,k=64,l2_out,0,0,471.7060,191.6279023880103,20,15.1165,0,runs/spec_rdelay/cdro_hopper_k64_seed0/r_r_hopper_eval.json
online,RSC-SAC,RSC-SAC,theta_tau_credit,k=64,l3_in,0,0,420.0775,354.9742033643408,20,13.5301,0,runs/spec_rdelay/cdro_hopper_k64_seed0/r_r_hopper_eval.json
online,RSC-SAC,RSC-SAC,theta_tau_credit,k=64,l3_out,0,0,186.5801,263.3779960325567,20,6.3557,0,runs/spec_rdelay/cdro_hopper_k64_seed0/r_r_hopper_eval.json
online,RSC-SAC,RSC-SAC,theta_tau_credit,k=64,l1_anchor,0,0,768.4287,21.72013018621464,20,24.2336,0,runs/spec_rdelay/cdro_hopper_k64_seed0/r_r_hopper_eval.json
online,RSC-SAC,RSC-SAC,theta_tau_credit,k=64,l2_anchor,0,0,512.0467,162.04591438919786,20,16.3560,0,runs/spec_rdelay/cdro_hopper_k64_seed0/r_r_hopper_eval.json
online,RSC-SAC,RSC-SAC,theta_tau_credit,k=64,l3_anchor,0,0,113.7223,145.3249808757046,20,4.1171,0,runs/spec_rdelay/cdro_hopper_k64_seed0/r_r_hopper_eval.json
online,RSC-SAC,RSC-SAC,theta_tau_credit,k=64,nominal,1,1,279.2009,14.613507505685687,20,9.2016,0,runs/spec_rdelay/cdro_hopper_k64_seed1/r_r_hopper_eval.json
online,RSC-SAC,RSC-SAC,theta_tau_credit,k=64,l1_in,1,0,279.0707,24.18944238518143,20,9.1976,0,runs/spec_rdelay/cdro_hopper_k64_seed1/r_r_hopper_eval.json
online,RSC-SAC,RSC-SAC,theta_tau_credit,k=64,l1_out,1,0,266.4970,20.609572891628225,20,8.8112,0,runs/spec_rdelay/cdro_hopper_k64_seed1/r_r_hopper_eval.json
online,RSC-SAC,RSC-SAC,theta_tau_credit,k=64,l2_in,1,0,279.0663,25.360765594962675,20,9.1974,0,runs/spec_rdelay/cdro_hopper_k64_seed1/r_r_hopper_eval.json
online,RSC-SAC,RSC-SAC,theta_tau_credit,k=64,l2_out,1,0,292.7799,31.222535022691705,20,9.6188,0,runs/spec_rdelay/cdro_hopper_k64_seed1/r_r_hopper_eval.json
online,RSC-SAC,RSC-SAC,theta_tau_credit,k=64,l3_in,1,0,275.2782,51.034085074592255,20,9.0810,0,runs/spec_rdelay/cdro_hopper_k64_seed1/r_r_hopper_eval.json
online,RSC-SAC,RSC-SAC,theta_tau_credit,k=64,l3_out,1,0,275.9374,91.45824275316434,20,9.1013,0,runs/spec_rdelay/cdro_hopper_k64_seed1/r_r_hopper_eval.json
online,RSC-SAC,RSC-SAC,theta_tau_credit,k=64,l1_anchor,1,0,271.9862,11.615823360660576,20,8.9799,0,runs/spec_rdelay/cdro_hopper_k64_seed1/r_r_hopper_eval.json
online,RSC-SAC,RSC-SAC,theta_tau_credit,k=64,l2_anchor,1,0,299.1185,6.188287767778211,20,9.8135,0,runs/spec_rdelay/cdro_hopper_k64_seed1/r_r_hopper_eval.json
online,RSC-SAC,RSC-SAC,theta_tau_credit,k=64,l3_anchor,1,0,295.2012,36.45883487435408,20,9.6932,0,runs/spec_rdelay/cdro_hopper_k64_seed1/r_r_hopper_eval.json
online,RSC-SAC,RSC-SAC,theta_tau_credit,k=64,nominal,2,1,695.7366,43.38554271924769,20,22.0000,0,runs/spec_rdelay/cdro_hopper_k64_seed2/r_r_hopper_eval.json
online,RSC-SAC,RSC-SAC,theta_tau_credit,k=64,l1_in,2,0,619.6046,78.70237462047376,20,19.6608,0,runs/spec_rdelay/cdro_hopper_k64_seed2/r_r_hopper_eval.json
online,RSC-SAC,RSC-SAC,theta_tau_credit,k=64,l1_out,2,0,503.9274,362.6448281099264,20,16.1065,0,runs/spec_rdelay/cdro_hopper_k64_seed2/r_r_hopper_eval.json
online,RSC-SAC,RSC-SAC,theta_tau_credit,k=64,l2_in,2,0,732.3664,431.8806779906776,20,23.1255,0,runs/spec_rdelay/cdro_hopper_k64_seed2/r_r_hopper_eval.json
online,RSC-SAC,RSC-SAC,theta_tau_credit,k=64,l2_out,2,0,610.1585,318.06939276413874,20,19.3706,0,runs/spec_rdelay/cdro_hopper_k64_seed2/r_r_hopper_eval.json
online,RSC-SAC,RSC-SAC,theta_tau_credit,k=64,l3_in,2,0,759.4947,390.0378320703799,20,23.9591,0,runs/spec_rdelay/cdro_hopper_k64_seed2/r_r_hopper_eval.json
online,RSC-SAC,RSC-SAC,theta_tau_credit,k=64,l3_out,2,0,715.7449,544.372449183877,20,22.6148,0,runs/spec_rdelay/cdro_hopper_k64_seed2/r_r_hopper_eval.json
online,RSC-SAC,RSC-SAC,theta_tau_credit,k=64,l1_anchor,2,0,566.2526,97.45609024297016,20,18.0215,0,runs/spec_rdelay/cdro_hopper_k64_seed2/r_r_hopper_eval.json
online,RSC-SAC,RSC-SAC,theta_tau_credit,k=64,l2_anchor,2,0,472.6445,13.147991881537191,20,15.1453,0,runs/spec_rdelay/cdro_hopper_k64_seed2/r_r_hopper_eval.json
online,RSC-SAC,RSC-SAC,theta_tau_credit,k=64,l3_anchor,2,0,405.7411,41.1968270450181,20,13.0896,0,runs/spec_rdelay/cdro_hopper_k64_seed2/r_r_hopper_eval.json
online,RSC-SAC,RSC-SAC,theta_tau_credit,k=64,nominal,3407,1,426.9327,1.5464020067303987,20,13.7408,0,runs/spec_rdelay/cdro_hopper_k64_seed3407/r_r_hopper_eval.json
online,RSC-SAC,RSC-SAC,theta_tau_credit,k=64,l1_in,3407,0,600.3184,124.9998994780867,20,19.0682,0,runs/spec_rdelay/cdro_hopper_k64_seed3407/r_r_hopper_eval.json
online,RSC-SAC,RSC-SAC,theta_tau_credit,k=64,l1_out,3407,0,557.2939,162.48016748611803,20,17.7462,0,runs/spec_rdelay/cdro_hopper_k64_seed3407/r_r_hopper_eval.json
online,RSC-SAC,RSC-SAC,theta_tau_credit,k=64,l2_in,3407,0,557.5914,139.11471843961513,20,17.7554,0,runs/spec_rdelay/cdro_hopper_k64_seed3407/r_r_hopper_eval.json
online,RSC-SAC,RSC-SAC,theta_tau_credit,k=64,l2_out,3407,0,451.1747,91.34858572096483,20,14.4856,0,runs/spec_rdelay/cdro_hopper_k64_seed3407/r_r_hopper_eval.json
online,RSC-SAC,RSC-SAC,theta_tau_credit,k=64,l3_in,3407,0,613.2967,152.6768410081687,20,19.4670,0,runs/spec_rdelay/cdro_hopper_k64_seed3407/r_r_hopper_eval.json
online,RSC-SAC,RSC-SAC,theta_tau_credit,k=64,l3_out,3407,0,417.7195,221.75429095653155,20,13.4577,0,runs/spec_rdelay/cdro_hopper_k64_seed3407/r_r_hopper_eval.json
online,RSC-SAC,RSC-SAC,theta_tau_credit,k=64,l1_anchor,3407,0,511.2903,2.0380469894258395,20,16.3327,0,runs/spec_rdelay/cdro_hopper_k64_seed3407/r_r_hopper_eval.json
online,RSC-SAC,RSC-SAC,theta_tau_credit,k=64,l2_anchor,3407,0,387.2334,1.1494873657054083,20,12.5210,0,runs/spec_rdelay/cdro_hopper_k64_seed3407/r_r_hopper_eval.json
online,RSC-SAC,RSC-SAC,theta_tau_credit,k=64,l3_anchor,3407,0,373.8028,13.173733893462725,20,12.1083,0,runs/spec_rdelay/cdro_hopper_k64_seed3407/r_r_hopper_eval.json
online,RSC-SAC,RSC-SAC,theta_tau_credit,k=64,nominal,42,1,996.5844,0.555770522866397,20,31.2439,0,runs/spec_rdelay/cdro_hopper_k64_seed42/r_r_hopper_eval.json
online,RSC-SAC,RSC-SAC,theta_tau_credit,k=64,l1_in,42,0,996.5433,0.5698999955057066,20,31.2426,0,runs/spec_rdelay/cdro_hopper_k64_seed42/r_r_hopper_eval.json
online,RSC-SAC,RSC-SAC,theta_tau_credit,k=64,l1_out,42,0,996.5041,0.6286453405771185,20,31.2414,0,runs/spec_rdelay/cdro_hopper_k64_seed42/r_r_hopper_eval.json
online,RSC-SAC,RSC-SAC,theta_tau_credit,k=64,l2_in,42,0,996.3870,0.585037149368028,20,31.2378,0,runs/spec_rdelay/cdro_hopper_k64_seed42/r_r_hopper_eval.json
online,RSC-SAC,RSC-SAC,theta_tau_credit,k=64,l2_out,42,0,996.0745,0.7602238193394766,20,31.2282,0,runs/spec_rdelay/cdro_hopper_k64_seed42/r_r_hopper_eval.json
online,RSC-SAC,RSC-SAC,theta_tau_credit,k=64,l3_in,42,0,973.5290,100.16397808542634,20,30.5355,0,runs/spec_rdelay/cdro_hopper_k64_seed42/r_r_hopper_eval.json
online,RSC-SAC,RSC-SAC,theta_tau_credit,k=64,l3_out,42,0,929.9260,132.0986779518314,20,29.1957,0,runs/spec_rdelay/cdro_hopper_k64_seed42/r_r_hopper_eval.json
online,RSC-SAC,RSC-SAC,theta_tau_credit,k=64,l1_anchor,42,0,996.6488,0.565951585638274,20,31.2459,0,runs/spec_rdelay/cdro_hopper_k64_seed42/r_r_hopper_eval.json
online,RSC-SAC,RSC-SAC,theta_tau_credit,k=64,l2_anchor,42,0,996.6263,0.569296631167277,20,31.2452,0,runs/spec_rdelay/cdro_hopper_k64_seed42/r_r_hopper_eval.json
online,RSC-SAC,RSC-SAC,theta_tau_credit,k=64,l3_anchor,42,0,998.0411,0.6403080724503009,20,31.2887,0,runs/spec_rdelay/cdro_hopper_k64_seed42/r_r_hopper_eval.json
offline,ATLA-IQL,ATLA-IQL,theta_r,m=gauss,nominal,0,1,3567.2486,29.992177578560337,20,110.2302,0,runs/spec_rnoise/off_atla_iql_hopper_rgauss_seed0/r_r_hopper_eval.json
offline,ATLA-IQL,ATLA-IQL,theta_r,m=gauss,l1_in,0,0,2292.2657,1203.717120568772,20,71.0550,0,runs/spec_rnoise/off_atla_iql_hopper_rgauss_seed0/r_r_hopper_eval.json
offline,ATLA-IQL,ATLA-IQL,theta_r,m=gauss,l1_out,0,0,1711.1267,1354.3909791288345,20,53.1989,0,runs/spec_rnoise/off_atla_iql_hopper_rgauss_seed0/r_r_hopper_eval.json
offline,ATLA-IQL,ATLA-IQL,theta_r,m=gauss,l2_in,0,0,1892.8647,1276.498053579034,20,58.7830,0,runs/spec_rnoise/off_atla_iql_hopper_rgauss_seed0/r_r_hopper_eval.json
offline,ATLA-IQL,ATLA-IQL,theta_r,m=gauss,l2_out,0,0,964.1855,919.45859714925,20,30.2484,0,runs/spec_rnoise/off_atla_iql_hopper_rgauss_seed0/r_r_hopper_eval.json
offline,ATLA-IQL,ATLA-IQL,theta_r,m=gauss,l3_in,0,0,1518.1175,714.5603193052032,20,47.2685,0,runs/spec_rnoise/off_atla_iql_hopper_rgauss_seed0/r_r_hopper_eval.json
offline,ATLA-IQL,ATLA-IQL,theta_r,m=gauss,l3_out,0,0,1018.5491,651.8264467201002,20,31.9188,0,runs/spec_rnoise/off_atla_iql_hopper_rgauss_seed0/r_r_hopper_eval.json
offline,ATLA-IQL,ATLA-IQL,theta_r,m=gauss,l1_anchor,0,0,728.3961,15.568070775209966,20,23.0035,0,runs/spec_rnoise/off_atla_iql_hopper_rgauss_seed0/r_r_hopper_eval.json
offline,ATLA-IQL,ATLA-IQL,theta_r,m=gauss,l2_anchor,0,0,443.7861,1.9584032479584552,20,14.2586,0,runs/spec_rnoise/off_atla_iql_hopper_rgauss_seed0/r_r_hopper_eval.json
offline,ATLA-IQL,ATLA-IQL,theta_r,m=gauss,l3_anchor,0,0,397.6023,57.55961453524098,20,12.8396,0,runs/spec_rnoise/off_atla_iql_hopper_rgauss_seed0/r_r_hopper_eval.json
offline,ATLA-IQL,ATLA-IQL,theta_r,m=gauss,nominal,1,1,3561.7933,16.763172217306302,20,110.0626,0,runs/spec_rnoise/off_atla_iql_hopper_rgauss_seed1/r_r_hopper_eval.json
offline,ATLA-IQL,ATLA-IQL,theta_r,m=gauss,l1_in,1,0,1993.0991,1156.6068375047275,20,61.8628,0,runs/spec_rnoise/off_atla_iql_hopper_rgauss_seed1/r_r_hopper_eval.json
offline,ATLA-IQL,ATLA-IQL,theta_r,m=gauss,l1_out,1,0,1459.7617,1158.3435009716743,20,45.4755,0,runs/spec_rnoise/off_atla_iql_hopper_rgauss_seed1/r_r_hopper_eval.json
offline,ATLA-IQL,ATLA-IQL,theta_r,m=gauss,l2_in,1,0,1719.0289,1187.3802021329554,20,53.4417,0,runs/spec_rnoise/off_atla_iql_hopper_rgauss_seed1/r_r_hopper_eval.json
offline,ATLA-IQL,ATLA-IQL,theta_r,m=gauss,l2_out,1,0,891.9085,949.1640281512467,20,28.0276,0,runs/spec_rnoise/off_atla_iql_hopper_rgauss_seed1/r_r_hopper_eval.json
offline,ATLA-IQL,ATLA-IQL,theta_r,m=gauss,l3_in,1,0,1457.3534,629.8379749205965,20,45.4015,0,runs/spec_rnoise/off_atla_iql_hopper_rgauss_seed1/r_r_hopper_eval.json
offline,ATLA-IQL,ATLA-IQL,theta_r,m=gauss,l3_out,1,0,898.9416,586.6824141862094,20,28.2437,0,runs/spec_rnoise/off_atla_iql_hopper_rgauss_seed1/r_r_hopper_eval.json
offline,ATLA-IQL,ATLA-IQL,theta_r,m=gauss,l1_anchor,1,0,752.4453,15.421338113851467,20,23.7425,0,runs/spec_rnoise/off_atla_iql_hopper_rgauss_seed1/r_r_hopper_eval.json
offline,ATLA-IQL,ATLA-IQL,theta_r,m=gauss,l2_anchor,1,0,244.5333,1.253411461071191,20,8.1364,0,runs/spec_rnoise/off_atla_iql_hopper_rgauss_seed1/r_r_hopper_eval.json
offline,ATLA-IQL,ATLA-IQL,theta_r,m=gauss,l3_anchor,1,0,243.1799,7.169958119690144,20,8.0948,0,runs/spec_rnoise/off_atla_iql_hopper_rgauss_seed1/r_r_hopper_eval.json
offline,ATLA-IQL,ATLA-IQL,theta_r,m=gauss,nominal,2,1,3554.8462,281.47715920767865,20,109.8491,0,runs/spec_rnoise/off_atla_iql_hopper_rgauss_seed2/r_r_hopper_eval.json
offline,ATLA-IQL,ATLA-IQL,theta_r,m=gauss,l1_in,2,0,1956.9963,1233.002385269901,20,60.7535,0,runs/spec_rnoise/off_atla_iql_hopper_rgauss_seed2/r_r_hopper_eval.json
offline,ATLA-IQL,ATLA-IQL,theta_r,m=gauss,l1_out,2,0,1358.6170,1270.9290302842296,20,42.3677,0,runs/spec_rnoise/off_atla_iql_hopper_rgauss_seed2/r_r_hopper_eval.json
offline,ATLA-IQL,ATLA-IQL,theta_r,m=gauss,l2_in,2,0,1810.9922,1325.138204868759,20,56.2674,0,runs/spec_rnoise/off_atla_iql_hopper_rgauss_seed2/r_r_hopper_eval.json
offline,ATLA-IQL,ATLA-IQL,theta_r,m=gauss,l2_out,2,0,890.1082,936.9892625253074,20,27.9723,0,runs/spec_rnoise/off_atla_iql_hopper_rgauss_seed2/r_r_hopper_eval.json
offline,ATLA-IQL,ATLA-IQL,theta_r,m=gauss,l3_in,2,0,1424.7148,622.9025939065464,20,44.3986,0,runs/spec_rnoise/off_atla_iql_hopper_rgauss_seed2/r_r_hopper_eval.json
offline,ATLA-IQL,ATLA-IQL,theta_r,m=gauss,l3_out,2,0,799.8326,599.2118412849611,20,25.1985,0,runs/spec_rnoise/off_atla_iql_hopper_rgauss_seed2/r_r_hopper_eval.json
offline,ATLA-IQL,ATLA-IQL,theta_r,m=gauss,l1_anchor,2,0,435.4970,4.258806896161209,20,14.0039,0,runs/spec_rnoise/off_atla_iql_hopper_rgauss_seed2/r_r_hopper_eval.json
offline,ATLA-IQL,ATLA-IQL,theta_r,m=gauss,l2_anchor,2,0,333.5705,69.84121400267384,20,10.8721,0,runs/spec_rnoise/off_atla_iql_hopper_rgauss_seed2/r_r_hopper_eval.json
offline,ATLA-IQL,ATLA-IQL,theta_r,m=gauss,l3_anchor,2,0,243.9007,11.927231157621653,20,8.1169,0,runs/spec_rnoise/off_atla_iql_hopper_rgauss_seed2/r_r_hopper_eval.json
offline,ATLA-IQL,ATLA-IQL,theta_r,m=gauss,nominal,3407,1,3528.1552,158.87264791329355,20,109.0290,0,runs/spec_rnoise/off_atla_iql_hopper_rgauss_seed3407/r_r_hopper_eval.json
offline,ATLA-IQL,ATLA-IQL,theta_r,m=gauss,l1_in,3407,0,2111.0585,1119.0298555197248,20,65.4873,0,runs/spec_rnoise/off_atla_iql_hopper_rgauss_seed3407/r_r_hopper_eval.json
offline,ATLA-IQL,ATLA-IQL,theta_r,m=gauss,l1_out,3407,0,1739.8016,1326.2723350493036,20,54.0800,0,runs/spec_rnoise/off_atla_iql_hopper_rgauss_seed3407/r_r_hopper_eval.json
offline,ATLA-IQL,ATLA-IQL,theta_r,m=gauss,l2_in,3407,0,2096.5472,1320.9756808381694,20,65.0414,0,runs/spec_rnoise/off_atla_iql_hopper_rgauss_seed3407/r_r_hopper_eval.json
offline,ATLA-IQL,ATLA-IQL,theta_r,m=gauss,l2_out,3407,0,1147.3707,1082.5703716470775,20,35.8770,0,runs/spec_rnoise/off_atla_iql_hopper_rgauss_seed3407/r_r_hopper_eval.json
offline,ATLA-IQL,ATLA-IQL,theta_r,m=gauss,l3_in,3407,0,1549.0285,746.151073119398,20,48.2183,0,runs/spec_rnoise/off_atla_iql_hopper_rgauss_seed3407/r_r_hopper_eval.json
offline,ATLA-IQL,ATLA-IQL,theta_r,m=gauss,l3_out,3407,0,666.7250,650.0434738734048,20,21.1086,0,runs/spec_rnoise/off_atla_iql_hopper_rgauss_seed3407/r_r_hopper_eval.json
offline,ATLA-IQL,ATLA-IQL,theta_r,m=gauss,l1_anchor,3407,0,851.7982,8.590092083109825,20,26.7952,0,runs/spec_rnoise/off_atla_iql_hopper_rgauss_seed3407/r_r_hopper_eval.json
offline,ATLA-IQL,ATLA-IQL,theta_r,m=gauss,l2_anchor,3407,0,453.6463,3.310174439774415,20,14.5616,0,runs/spec_rnoise/off_atla_iql_hopper_rgauss_seed3407/r_r_hopper_eval.json
offline,ATLA-IQL,ATLA-IQL,theta_r,m=gauss,l3_anchor,3407,0,249.1874,11.52801331806614,20,8.2794,0,runs/spec_rnoise/off_atla_iql_hopper_rgauss_seed3407/r_r_hopper_eval.json
offline,ATLA-IQL,ATLA-IQL,theta_r,m=gauss,nominal,42,1,3582.5888,22.777586790635272,20,110.7015,0,runs/spec_rnoise/off_atla_iql_hopper_rgauss_seed42/r_r_hopper_eval.json
offline,ATLA-IQL,ATLA-IQL,theta_r,m=gauss,l1_in,42,0,2134.2540,1212.7794462592929,20,66.2000,0,runs/spec_rnoise/off_atla_iql_hopper_rgauss_seed42/r_r_hopper_eval.json
offline,ATLA-IQL,ATLA-IQL,theta_r,m=gauss,l1_out,42,0,1561.6261,1267.6209605743145,20,48.6054,0,runs/spec_rnoise/off_atla_iql_hopper_rgauss_seed42/r_r_hopper_eval.json
offline,ATLA-IQL,ATLA-IQL,theta_r,m=gauss,l2_in,42,0,1824.9771,1322.046971264386,20,56.6971,0,runs/spec_rnoise/off_atla_iql_hopper_rgauss_seed42/r_r_hopper_eval.json
offline,ATLA-IQL,ATLA-IQL,theta_r,m=gauss,l2_out,42,0,1095.3033,993.1655387325321,20,34.2771,0,runs/spec_rnoise/off_atla_iql_hopper_rgauss_seed42/r_r_hopper_eval.json
offline,ATLA-IQL,ATLA-IQL,theta_r,m=gauss,l3_in,42,0,1457.8654,585.5049893591843,20,45.4172,0,runs/spec_rnoise/off_atla_iql_hopper_rgauss_seed42/r_r_hopper_eval.json
offline,ATLA-IQL,ATLA-IQL,theta_r,m=gauss,l3_out,42,0,870.4239,733.1682856149127,20,27.3675,0,runs/spec_rnoise/off_atla_iql_hopper_rgauss_seed42/r_r_hopper_eval.json
offline,ATLA-IQL,ATLA-IQL,theta_r,m=gauss,l1_anchor,42,0,676.5880,16.83422105454453,20,21.4117,0,runs/spec_rnoise/off_atla_iql_hopper_rgauss_seed42/r_r_hopper_eval.json
offline,ATLA-IQL,ATLA-IQL,theta_r,m=gauss,l2_anchor,42,0,387.5746,1.9768895393441164,20,12.5314,0,runs/spec_rnoise/off_atla_iql_hopper_rgauss_seed42/r_r_hopper_eval.json
offline,ATLA-IQL,ATLA-IQL,theta_r,m=gauss,l3_anchor,42,0,327.2254,65.68212153621334,20,10.6772,0,runs/spec_rnoise/off_atla_iql_hopper_rgauss_seed42/r_r_hopper_eval.json
offline,ATLA-IQL,ATLA-IQL,theta_r,m=uniform,nominal,0,1,3419.7412,443.47272670593713,20,105.6979,0,runs/spec_rnoise/off_atla_iql_hopper_runiform_seed0/r_r_hopper_eval.json
offline,ATLA-IQL,ATLA-IQL,theta_r,m=uniform,l1_in,0,0,2336.7828,1245.9859843691904,20,72.4229,0,runs/spec_rnoise/off_atla_iql_hopper_runiform_seed0/r_r_hopper_eval.json
offline,ATLA-IQL,ATLA-IQL,theta_r,m=uniform,l1_out,0,0,1576.4498,1311.2825257215293,20,49.0609,0,runs/spec_rnoise/off_atla_iql_hopper_runiform_seed0/r_r_hopper_eval.json
offline,ATLA-IQL,ATLA-IQL,theta_r,m=uniform,l2_in,0,0,1833.9976,1295.2233951322403,20,56.9743,0,runs/spec_rnoise/off_atla_iql_hopper_runiform_seed0/r_r_hopper_eval.json
offline,ATLA-IQL,ATLA-IQL,theta_r,m=uniform,l2_out,0,0,913.9062,965.1820033864986,20,28.7035,0,runs/spec_rnoise/off_atla_iql_hopper_runiform_seed0/r_r_hopper_eval.json
offline,ATLA-IQL,ATLA-IQL,theta_r,m=uniform,l3_in,0,0,1364.4679,591.7208260981033,20,42.5475,0,runs/spec_rnoise/off_atla_iql_hopper_runiform_seed0/r_r_hopper_eval.json
offline,ATLA-IQL,ATLA-IQL,theta_r,m=uniform,l3_out,0,0,832.1809,643.8438506688851,20,26.1924,0,runs/spec_rnoise/off_atla_iql_hopper_runiform_seed0/r_r_hopper_eval.json
offline,ATLA-IQL,ATLA-IQL,theta_r,m=uniform,l1_anchor,0,0,627.9211,4.995348443775469,20,19.9163,0,runs/spec_rnoise/off_atla_iql_hopper_runiform_seed0/r_r_hopper_eval.json
offline,ATLA-IQL,ATLA-IQL,theta_r,m=uniform,l2_anchor,0,0,402.3908,2.521419366340834,20,12.9867,0,runs/spec_rnoise/off_atla_iql_hopper_runiform_seed0/r_r_hopper_eval.json
offline,ATLA-IQL,ATLA-IQL,theta_r,m=uniform,l3_anchor,0,0,240.2300,10.269110518554134,20,8.0041,0,runs/spec_rnoise/off_atla_iql_hopper_runiform_seed0/r_r_hopper_eval.json
offline,ATLA-IQL,ATLA-IQL,theta_r,m=uniform,nominal,1,1,3575.5537,23.880242844232036,20,110.4854,0,runs/spec_rnoise/off_atla_iql_hopper_runiform_seed1/r_r_hopper_eval.json
offline,ATLA-IQL,ATLA-IQL,theta_r,m=uniform,l1_in,1,0,2027.3871,1158.6592399122394,20,62.9164,0,runs/spec_rnoise/off_atla_iql_hopper_runiform_seed1/r_r_hopper_eval.json
offline,ATLA-IQL,ATLA-IQL,theta_r,m=uniform,l1_out,1,0,1656.3983,1393.0332777511776,20,51.5174,0,runs/spec_rnoise/off_atla_iql_hopper_runiform_seed1/r_r_hopper_eval.json
offline,ATLA-IQL,ATLA-IQL,theta_r,m=uniform,l2_in,1,0,1868.0125,1227.6154264518952,20,58.0194,0,runs/spec_rnoise/off_atla_iql_hopper_runiform_seed1/r_r_hopper_eval.json
offline,ATLA-IQL,ATLA-IQL,theta_r,m=uniform,l2_out,1,0,972.5582,925.9946923274765,20,30.5057,0,runs/spec_rnoise/off_atla_iql_hopper_runiform_seed1/r_r_hopper_eval.json
offline,ATLA-IQL,ATLA-IQL,theta_r,m=uniform,l3_in,1,0,1480.2973,715.5730149244924,20,46.1065,0,runs/spec_rnoise/off_atla_iql_hopper_runiform_seed1/r_r_hopper_eval.json
offline,ATLA-IQL,ATLA-IQL,theta_r,m=uniform,l3_out,1,0,1174.6691,577.7976680948182,20,36.7157,0,runs/spec_rnoise/off_atla_iql_hopper_runiform_seed1/r_r_hopper_eval.json
offline,ATLA-IQL,ATLA-IQL,theta_r,m=uniform,l1_anchor,1,0,634.5771,6.136966871600158,20,20.1208,0,runs/spec_rnoise/off_atla_iql_hopper_runiform_seed1/r_r_hopper_eval.json
offline,ATLA-IQL,ATLA-IQL,theta_r,m=uniform,l2_anchor,1,0,413.9553,2.559965597977488,20,13.3420,0,runs/spec_rnoise/off_atla_iql_hopper_runiform_seed1/r_r_hopper_eval.json
offline,ATLA-IQL,ATLA-IQL,theta_r,m=uniform,l3_anchor,1,0,263.2889,42.30314772797302,20,8.7126,0,runs/spec_rnoise/off_atla_iql_hopper_runiform_seed1/r_r_hopper_eval.json
offline,ATLA-IQL,ATLA-IQL,theta_r,m=uniform,nominal,2,1,3425.2253,503.5734534094643,20,105.8664,0,runs/spec_rnoise/off_atla_iql_hopper_runiform_seed2/r_r_hopper_eval.json
offline,ATLA-IQL,ATLA-IQL,theta_r,m=uniform,l1_in,2,0,1925.1440,1122.6079298483496,20,59.7748,0,runs/spec_rnoise/off_atla_iql_hopper_runiform_seed2/r_r_hopper_eval.json
offline,ATLA-IQL,ATLA-IQL,theta_r,m=uniform,l1_out,2,0,1529.5637,1321.1502318614066,20,47.6202,0,runs/spec_rnoise/off_atla_iql_hopper_runiform_seed2/r_r_hopper_eval.json
offline,ATLA-IQL,ATLA-IQL,theta_r,m=uniform,l2_in,2,0,1815.3290,1254.2153500849204,20,56.4007,0,runs/spec_rnoise/off_atla_iql_hopper_runiform_seed2/r_r_hopper_eval.json
offline,ATLA-IQL,ATLA-IQL,theta_r,m=uniform,l2_out,2,0,981.1473,922.9604378982542,20,30.7696,0,runs/spec_rnoise/off_atla_iql_hopper_runiform_seed2/r_r_hopper_eval.json
offline,ATLA-IQL,ATLA-IQL,theta_r,m=uniform,l3_in,2,0,1503.5754,710.7728109102743,20,46.8217,0,runs/spec_rnoise/off_atla_iql_hopper_runiform_seed2/r_r_hopper_eval.json
offline,ATLA-IQL,ATLA-IQL,theta_r,m=uniform,l3_out,2,0,953.3734,654.6432892637519,20,29.9162,0,runs/spec_rnoise/off_atla_iql_hopper_runiform_seed2/r_r_hopper_eval.json
offline,ATLA-IQL,ATLA-IQL,theta_r,m=uniform,l1_anchor,2,0,611.4083,2.9354299913484403,20,19.4090,0,runs/spec_rnoise/off_atla_iql_hopper_runiform_seed2/r_r_hopper_eval.json
offline,ATLA-IQL,ATLA-IQL,theta_r,m=uniform,l2_anchor,2,0,262.7520,1.5514970055258692,20,8.6961,0,runs/spec_rnoise/off_atla_iql_hopper_runiform_seed2/r_r_hopper_eval.json
offline,ATLA-IQL,ATLA-IQL,theta_r,m=uniform,l3_anchor,2,0,266.3996,25.945625289001242,20,8.8082,0,runs/spec_rnoise/off_atla_iql_hopper_runiform_seed2/r_r_hopper_eval.json
offline,ATLA-IQL,ATLA-IQL,theta_r,m=uniform,nominal,3407,1,3491.5212,324.35140511662024,20,107.9034,0,runs/spec_rnoise/off_atla_iql_hopper_runiform_seed3407/r_r_hopper_eval.json
offline,ATLA-IQL,ATLA-IQL,theta_r,m=uniform,l1_in,3407,0,2242.0138,1208.414771071558,20,69.5110,0,runs/spec_rnoise/off_atla_iql_hopper_runiform_seed3407/r_r_hopper_eval.json
offline,ATLA-IQL,ATLA-IQL,theta_r,m=uniform,l1_out,3407,0,1425.3577,1282.6589309325595,20,44.4184,0,runs/spec_rnoise/off_atla_iql_hopper_runiform_seed3407/r_r_hopper_eval.json
offline,ATLA-IQL,ATLA-IQL,theta_r,m=uniform,l2_in,3407,0,1817.2039,1327.4591824759182,20,56.4583,0,runs/spec_rnoise/off_atla_iql_hopper_runiform_seed3407/r_r_hopper_eval.json
offline,ATLA-IQL,ATLA-IQL,theta_r,m=uniform,l2_out,3407,0,928.1211,935.6370352951177,20,29.1403,0,runs/spec_rnoise/off_atla_iql_hopper_runiform_seed3407/r_r_hopper_eval.json
offline,ATLA-IQL,ATLA-IQL,theta_r,m=uniform,l3_in,3407,0,1523.5429,611.2308540534452,20,47.4352,0,runs/spec_rnoise/off_atla_iql_hopper_runiform_seed3407/r_r_hopper_eval.json
offline,ATLA-IQL,ATLA-IQL,theta_r,m=uniform,l3_out,3407,0,907.3384,602.5452619143675,20,28.5017,0,runs/spec_rnoise/off_atla_iql_hopper_runiform_seed3407/r_r_hopper_eval.json
offline,ATLA-IQL,ATLA-IQL,theta_r,m=uniform,l1_anchor,3407,0,804.7630,31.874459272757978,20,25.3500,0,runs/spec_rnoise/off_atla_iql_hopper_runiform_seed3407/r_r_hopper_eval.json
offline,ATLA-IQL,ATLA-IQL,theta_r,m=uniform,l2_anchor,3407,0,408.9317,9.398259689336475,20,13.1877,0,runs/spec_rnoise/off_atla_iql_hopper_runiform_seed3407/r_r_hopper_eval.json
offline,ATLA-IQL,ATLA-IQL,theta_r,m=uniform,l3_anchor,3407,0,320.8737,64.34850166869778,20,10.4820,0,runs/spec_rnoise/off_atla_iql_hopper_runiform_seed3407/r_r_hopper_eval.json
offline,ATLA-IQL,ATLA-IQL,theta_r,m=uniform,nominal,42,1,3464.2957,394.4734158265426,20,107.0669,0,runs/spec_rnoise/off_atla_iql_hopper_runiform_seed42/r_r_hopper_eval.json
offline,ATLA-IQL,ATLA-IQL,theta_r,m=uniform,l1_in,42,0,1881.5185,1150.4033809644545,20,58.4344,0,runs/spec_rnoise/off_atla_iql_hopper_runiform_seed42/r_r_hopper_eval.json
offline,ATLA-IQL,ATLA-IQL,theta_r,m=uniform,l1_out,42,0,1398.0933,1155.8344586573296,20,43.5807,0,runs/spec_rnoise/off_atla_iql_hopper_runiform_seed42/r_r_hopper_eval.json
offline,ATLA-IQL,ATLA-IQL,theta_r,m=uniform,l2_in,42,0,1705.4478,1204.2989784078459,20,53.0245,0,runs/spec_rnoise/off_atla_iql_hopper_runiform_seed42/r_r_hopper_eval.json
offline,ATLA-IQL,ATLA-IQL,theta_r,m=uniform,l2_out,42,0,916.2561,876.4684091913946,20,28.7757,0,runs/spec_rnoise/off_atla_iql_hopper_runiform_seed42/r_r_hopper_eval.json
offline,ATLA-IQL,ATLA-IQL,theta_r,m=uniform,l3_in,42,0,1366.6576,610.0470084895445,20,42.6148,0,runs/spec_rnoise/off_atla_iql_hopper_runiform_seed42/r_r_hopper_eval.json
offline,ATLA-IQL,ATLA-IQL,theta_r,m=uniform,l3_out,42,0,857.3106,571.3219064452196,20,26.9646,0,runs/spec_rnoise/off_atla_iql_hopper_runiform_seed42/r_r_hopper_eval.json
offline,ATLA-IQL,ATLA-IQL,theta_r,m=uniform,l1_anchor,42,0,669.9424,31.490400615845147,20,21.2075,0,runs/spec_rnoise/off_atla_iql_hopper_runiform_seed42/r_r_hopper_eval.json
offline,ATLA-IQL,ATLA-IQL,theta_r,m=uniform,l2_anchor,42,0,390.6801,2.668169286550539,20,12.6269,0,runs/spec_rnoise/off_atla_iql_hopper_runiform_seed42/r_r_hopper_eval.json
offline,ATLA-IQL,ATLA-IQL,theta_r,m=uniform,l3_anchor,42,0,368.7229,29.251823422823453,20,11.9522,0,runs/spec_rnoise/off_atla_iql_hopper_runiform_seed42/r_r_hopper_eval.json
offline,ATLA-IQL,ATLA-IQL,theta_r,m=shift,nominal,0,1,3405.3741,466.4131314532262,20,105.2564,0,runs/spec_rnoise/off_atla_iql_hopper_rshift_seed0/r_r_hopper_eval.json
offline,ATLA-IQL,ATLA-IQL,theta_r,m=shift,l1_in,0,0,2251.6996,1209.6496799596648,20,69.8086,0,runs/spec_rnoise/off_atla_iql_hopper_rshift_seed0/r_r_hopper_eval.json
offline,ATLA-IQL,ATLA-IQL,theta_r,m=shift,l1_out,0,0,1729.9969,1361.5315065312534,20,53.7787,0,runs/spec_rnoise/off_atla_iql_hopper_rshift_seed0/r_r_hopper_eval.json
offline,ATLA-IQL,ATLA-IQL,theta_r,m=shift,l2_in,0,0,1899.7196,1285.470313381862,20,58.9937,0,runs/spec_rnoise/off_atla_iql_hopper_rshift_seed0/r_r_hopper_eval.json
offline,ATLA-IQL,ATLA-IQL,theta_r,m=shift,l2_out,0,0,864.0666,710.817810820484,20,27.1721,0,runs/spec_rnoise/off_atla_iql_hopper_rshift_seed0/r_r_hopper_eval.json
offline,ATLA-IQL,ATLA-IQL,theta_r,m=shift,l3_in,0,0,1453.4278,691.6199993752359,20,45.2809,0,runs/spec_rnoise/off_atla_iql_hopper_rshift_seed0/r_r_hopper_eval.json
offline,ATLA-IQL,ATLA-IQL,theta_r,m=shift,l3_out,0,0,1049.2255,556.8017801166008,20,32.8613,0,runs/spec_rnoise/off_atla_iql_hopper_rshift_seed0/r_r_hopper_eval.json
offline,ATLA-IQL,ATLA-IQL,theta_r,m=shift,l1_anchor,0,0,663.4930,40.42027050476495,20,21.0093,0,runs/spec_rnoise/off_atla_iql_hopper_rshift_seed0/r_r_hopper_eval.json
offline,ATLA-IQL,ATLA-IQL,theta_r,m=shift,l2_anchor,0,0,466.7177,2.9025887099290637,20,14.9632,0,runs/spec_rnoise/off_atla_iql_hopper_rshift_seed0/r_r_hopper_eval.json
offline,ATLA-IQL,ATLA-IQL,theta_r,m=shift,l3_anchor,0,0,287.2516,71.28683481791333,20,9.4489,0,runs/spec_rnoise/off_atla_iql_hopper_rshift_seed0/r_r_hopper_eval.json
offline,ATLA-IQL,ATLA-IQL,theta_r,m=shift,nominal,1,1,3557.8742,26.430463693079048,20,109.9421,0,runs/spec_rnoise/off_atla_iql_hopper_rshift_seed1/r_r_hopper_eval.json
offline,ATLA-IQL,ATLA-IQL,theta_r,m=shift,l1_in,1,0,2121.3171,1191.2803171999242,20,65.8025,0,runs/spec_rnoise/off_atla_iql_hopper_rshift_seed1/r_r_hopper_eval.json
offline,ATLA-IQL,ATLA-IQL,theta_r,m=shift,l1_out,1,0,1550.0071,1317.7998856583072,20,48.2484,0,runs/spec_rnoise/off_atla_iql_hopper_rshift_seed1/r_r_hopper_eval.json
offline,ATLA-IQL,ATLA-IQL,theta_r,m=shift,l2_in,1,0,2020.2869,1352.6404027006051,20,62.6982,0,runs/spec_rnoise/off_atla_iql_hopper_rshift_seed1/r_r_hopper_eval.json
offline,ATLA-IQL,ATLA-IQL,theta_r,m=shift,l2_out,1,0,967.7117,912.4130506382335,20,30.3568,0,runs/spec_rnoise/off_atla_iql_hopper_rshift_seed1/r_r_hopper_eval.json
offline,ATLA-IQL,ATLA-IQL,theta_r,m=shift,l3_in,1,0,1408.7096,742.1638860837679,20,43.9069,0,runs/spec_rnoise/off_atla_iql_hopper_rshift_seed1/r_r_hopper_eval.json
offline,ATLA-IQL,ATLA-IQL,theta_r,m=shift,l3_out,1,0,983.8614,590.2817586159096,20,30.8530,0,runs/spec_rnoise/off_atla_iql_hopper_rshift_seed1/r_r_hopper_eval.json
offline,ATLA-IQL,ATLA-IQL,theta_r,m=shift,l1_anchor,1,0,603.8259,4.8057262630940505,20,19.1760,0,runs/spec_rnoise/off_atla_iql_hopper_rshift_seed1/r_r_hopper_eval.json
offline,ATLA-IQL,ATLA-IQL,theta_r,m=shift,l2_anchor,1,0,241.3521,1.3552028036518935,20,8.0386,0,runs/spec_rnoise/off_atla_iql_hopper_rshift_seed1/r_r_hopper_eval.json
offline,ATLA-IQL,ATLA-IQL,theta_r,m=shift,l3_anchor,1,0,236.6837,9.417543966589614,20,7.8952,0,runs/spec_rnoise/off_atla_iql_hopper_rshift_seed1/r_r_hopper_eval.json
offline,ATLA-IQL,ATLA-IQL,theta_r,m=shift,nominal,2,1,3486.1425,336.7674202138375,20,107.7381,0,runs/spec_rnoise/off_atla_iql_hopper_rshift_seed2/r_r_hopper_eval.json
offline,ATLA-IQL,ATLA-IQL,theta_r,m=shift,l1_in,2,0,1982.2029,1179.4430196961766,20,61.5280,0,runs/spec_rnoise/off_atla_iql_hopper_rshift_seed2/r_r_hopper_eval.json
offline,ATLA-IQL,ATLA-IQL,theta_r,m=shift,l1_out,2,0,1533.4306,1352.9391299654387,20,47.7390,0,runs/spec_rnoise/off_atla_iql_hopper_rshift_seed2/r_r_hopper_eval.json
offline,ATLA-IQL,ATLA-IQL,theta_r,m=shift,l2_in,2,0,1674.8321,1172.329610647559,20,52.0837,0,runs/spec_rnoise/off_atla_iql_hopper_rshift_seed2/r_r_hopper_eval.json
offline,ATLA-IQL,ATLA-IQL,theta_r,m=shift,l2_out,2,0,966.3654,928.2364179077654,20,30.3154,0,runs/spec_rnoise/off_atla_iql_hopper_rshift_seed2/r_r_hopper_eval.json
offline,ATLA-IQL,ATLA-IQL,theta_r,m=shift,l3_in,2,0,1535.7310,778.4940858920477,20,47.8097,0,runs/spec_rnoise/off_atla_iql_hopper_rshift_seed2/r_r_hopper_eval.json
offline,ATLA-IQL,ATLA-IQL,theta_r,m=shift,l3_out,2,0,1058.9468,560.4279602697044,20,33.1600,0,runs/spec_rnoise/off_atla_iql_hopper_rshift_seed2/r_r_hopper_eval.json
offline,ATLA-IQL,ATLA-IQL,theta_r,m=shift,l1_anchor,2,0,678.2545,17.22955191965595,20,21.4629,0,runs/spec_rnoise/off_atla_iql_hopper_rshift_seed2/r_r_hopper_eval.json
offline,ATLA-IQL,ATLA-IQL,theta_r,m=shift,l2_anchor,2,0,253.4427,1.3999998582913447,20,8.4101,0,runs/spec_rnoise/off_atla_iql_hopper_rshift_seed2/r_r_hopper_eval.json
offline,ATLA-IQL,ATLA-IQL,theta_r,m=shift,l3_anchor,2,0,279.0008,50.87352844492881,20,9.1954,0,runs/spec_rnoise/off_atla_iql_hopper_rshift_seed2/r_r_hopper_eval.json
offline,ATLA-IQL,ATLA-IQL,theta_r,m=shift,nominal,3407,1,3570.9305,22.64238865756372,20,110.3433,0,runs/spec_rnoise/off_atla_iql_hopper_rshift_seed3407/r_r_hopper_eval.json
offline,ATLA-IQL,ATLA-IQL,theta_r,m=shift,l1_in,3407,0,2098.3956,1202.0840029346746,20,65.0982,0,runs/spec_rnoise/off_atla_iql_hopper_rshift_seed3407/r_r_hopper_eval.json
offline,ATLA-IQL,ATLA-IQL,theta_r,m=shift,l1_out,3407,0,1543.2350,1292.281590139931,20,48.0403,0,runs/spec_rnoise/off_atla_iql_hopper_rshift_seed3407/r_r_hopper_eval.json
offline,ATLA-IQL,ATLA-IQL,theta_r,m=shift,l2_in,3407,0,1983.9317,1322.357961879355,20,61.5812,0,runs/spec_rnoise/off_atla_iql_hopper_rshift_seed3407/r_r_hopper_eval.json
offline,ATLA-IQL,ATLA-IQL,theta_r,m=shift,l2_out,3407,0,1062.5203,921.3002140512381,20,33.2698,0,runs/spec_rnoise/off_atla_iql_hopper_rshift_seed3407/r_r_hopper_eval.json
offline,ATLA-IQL,ATLA-IQL,theta_r,m=shift,l3_in,3407,0,1577.8244,698.2438238350193,20,49.1031,0,runs/spec_rnoise/off_atla_iql_hopper_rshift_seed3407/r_r_hopper_eval.json
offline,ATLA-IQL,ATLA-IQL,theta_r,m=shift,l3_out,3407,0,886.0197,521.5067428430526,20,27.8467,0,runs/spec_rnoise/off_atla_iql_hopper_rshift_seed3407/r_r_hopper_eval.json
offline,ATLA-IQL,ATLA-IQL,theta_r,m=shift,l1_anchor,3407,0,817.5293,20.221900930233332,20,25.7422,0,runs/spec_rnoise/off_atla_iql_hopper_rshift_seed3407/r_r_hopper_eval.json
offline,ATLA-IQL,ATLA-IQL,theta_r,m=shift,l2_anchor,3407,0,438.0218,3.408962277522388,20,14.0815,0,runs/spec_rnoise/off_atla_iql_hopper_rshift_seed3407/r_r_hopper_eval.json
offline,ATLA-IQL,ATLA-IQL,theta_r,m=shift,l3_anchor,3407,0,305.3014,81.96698613024184,20,10.0035,0,runs/spec_rnoise/off_atla_iql_hopper_rshift_seed3407/r_r_hopper_eval.json
offline,ATLA-IQL,ATLA-IQL,theta_r,m=shift,nominal,42,1,3499.9376,339.54100243804174,20,108.1620,0,runs/spec_rnoise/off_atla_iql_hopper_rshift_seed42/r_r_hopper_eval.json
offline,ATLA-IQL,ATLA-IQL,theta_r,m=shift,l1_in,42,0,2108.9711,1230.744733351526,20,65.4231,0,runs/spec_rnoise/off_atla_iql_hopper_rshift_seed42/r_r_hopper_eval.json
offline,ATLA-IQL,ATLA-IQL,theta_r,m=shift,l1_out,42,0,1574.6321,1303.726119286433,20,49.0050,0,runs/spec_rnoise/off_atla_iql_hopper_rshift_seed42/r_r_hopper_eval.json
offline,ATLA-IQL,ATLA-IQL,theta_r,m=shift,l2_in,42,0,1966.8023,1314.7342108093328,20,61.0548,0,runs/spec_rnoise/off_atla_iql_hopper_rshift_seed42/r_r_hopper_eval.json
offline,ATLA-IQL,ATLA-IQL,theta_r,m=shift,l2_out,42,0,980.0160,916.6529395818613,20,30.7348,0,runs/spec_rnoise/off_atla_iql_hopper_rshift_seed42/r_r_hopper_eval.json
offline,ATLA-IQL,ATLA-IQL,theta_r,m=shift,l3_in,42,0,1501.2263,738.1974769774688,20,46.7495,0,runs/spec_rnoise/off_atla_iql_hopper_rshift_seed42/r_r_hopper_eval.json
offline,ATLA-IQL,ATLA-IQL,theta_r,m=shift,l3_out,42,0,1045.4278,622.5632360863643,20,32.7447,0,runs/spec_rnoise/off_atla_iql_hopper_rshift_seed42/r_r_hopper_eval.json
offline,ATLA-IQL,ATLA-IQL,theta_r,m=shift,l1_anchor,42,0,630.4140,4.641347917174044,20,19.9929,0,runs/spec_rnoise/off_atla_iql_hopper_rshift_seed42/r_r_hopper_eval.json
offline,ATLA-IQL,ATLA-IQL,theta_r,m=shift,l2_anchor,42,0,411.0213,4.96455205804149,20,13.2519,0,runs/spec_rnoise/off_atla_iql_hopper_rshift_seed42/r_r_hopper_eval.json
offline,ATLA-IQL,ATLA-IQL,theta_r,m=shift,l3_anchor,42,0,247.1548,10.707632836131568,20,8.2169,0,runs/spec_rnoise/off_atla_iql_hopper_rshift_seed42/r_r_hopper_eval.json
offline,ATLA-IQL,ATLA-IQL,theta_tau_credit,k=4,nominal,0,1,3586.2005,15.264712453601206,20,110.8125,0,runs/spec_rdelay/off_atla_iql_hopper_k4_seed0/r_r_hopper_eval.json
offline,ATLA-IQL,ATLA-IQL,theta_tau_credit,k=4,l1_in,0,0,2336.5836,1131.6047057985684,20,72.4167,0,runs/spec_rdelay/off_atla_iql_hopper_k4_seed0/r_r_hopper_eval.json
offline,ATLA-IQL,ATLA-IQL,theta_tau_credit,k=4,l1_out,0,0,1692.1732,1345.6701337803822,20,52.6166,0,runs/spec_rdelay/off_atla_iql_hopper_k4_seed0/r_r_hopper_eval.json
offline,ATLA-IQL,ATLA-IQL,theta_tau_credit,k=4,l2_in,0,0,2121.2891,1380.4326054253665,20,65.8016,0,runs/spec_rdelay/off_atla_iql_hopper_k4_seed0/r_r_hopper_eval.json
offline,ATLA-IQL,ATLA-IQL,theta_tau_credit,k=4,l2_out,0,0,1224.9557,1039.8252793062277,20,38.2608,0,runs/spec_rdelay/off_atla_iql_hopper_k4_seed0/r_r_hopper_eval.json
offline,ATLA-IQL,ATLA-IQL,theta_tau_credit,k=4,l3_in,0,0,1791.3388,898.6656281242854,20,55.6635,0,runs/spec_rdelay/off_atla_iql_hopper_k4_seed0/r_r_hopper_eval.json
offline,ATLA-IQL,ATLA-IQL,theta_tau_credit,k=4,l3_out,0,0,1074.4755,621.6277214746975,20,33.6372,0,runs/spec_rdelay/off_atla_iql_hopper_k4_seed0/r_r_hopper_eval.json
offline,ATLA-IQL,ATLA-IQL,theta_tau_credit,k=4,l1_anchor,0,0,706.1589,11.251100736878628,20,22.3203,0,runs/spec_rdelay/off_atla_iql_hopper_k4_seed0/r_r_hopper_eval.json
offline,ATLA-IQL,ATLA-IQL,theta_tau_credit,k=4,l2_anchor,0,0,456.0163,1.5312088919803226,20,14.6344,0,runs/spec_rdelay/off_atla_iql_hopper_k4_seed0/r_r_hopper_eval.json
offline,ATLA-IQL,ATLA-IQL,theta_tau_credit,k=4,l3_anchor,0,0,266.0510,53.36411481329153,20,8.7975,0,runs/spec_rdelay/off_atla_iql_hopper_k4_seed0/r_r_hopper_eval.json
offline,ATLA-IQL,ATLA-IQL,theta_tau_credit,k=4,nominal,1,1,3576.6678,21.68483566138371,20,110.5196,0,runs/spec_rdelay/off_atla_iql_hopper_k4_seed1/r_r_hopper_eval.json
offline,ATLA-IQL,ATLA-IQL,theta_tau_credit,k=4,l1_in,1,0,2377.2576,1182.0888382718092,20,73.6665,0,runs/spec_rdelay/off_atla_iql_hopper_k4_seed1/r_r_hopper_eval.json
offline,ATLA-IQL,ATLA-IQL,theta_tau_credit,k=4,l1_out,1,0,1633.5050,1309.258644987132,20,50.8139,0,runs/spec_rdelay/off_atla_iql_hopper_k4_seed1/r_r_hopper_eval.json
offline,ATLA-IQL,ATLA-IQL,theta_tau_credit,k=4,l2_in,1,0,2016.9060,1314.6280240694794,20,62.5943,0,runs/spec_rdelay/off_atla_iql_hopper_k4_seed1/r_r_hopper_eval.json
offline,ATLA-IQL,ATLA-IQL,theta_tau_credit,k=4,l2_out,1,0,932.0865,941.9752958290508,20,29.2621,0,runs/spec_rdelay/off_atla_iql_hopper_k4_seed1/r_r_hopper_eval.json
offline,ATLA-IQL,ATLA-IQL,theta_tau_credit,k=4,l3_in,1,0,1497.4117,652.4159779531216,20,46.6323,0,runs/spec_rdelay/off_atla_iql_hopper_k4_seed1/r_r_hopper_eval.json
offline,ATLA-IQL,ATLA-IQL,theta_tau_credit,k=4,l3_out,1,0,1018.2603,621.9938469046875,20,31.9099,0,runs/spec_rdelay/off_atla_iql_hopper_k4_seed1/r_r_hopper_eval.json
offline,ATLA-IQL,ATLA-IQL,theta_tau_credit,k=4,l1_anchor,1,0,714.5646,15.87877792681827,20,22.5785,0,runs/spec_rdelay/off_atla_iql_hopper_k4_seed1/r_r_hopper_eval.json
offline,ATLA-IQL,ATLA-IQL,theta_tau_credit,k=4,l2_anchor,1,0,238.7074,1.5981050267055956,20,7.9573,0,runs/spec_rdelay/off_atla_iql_hopper_k4_seed1/r_r_hopper_eval.json
offline,ATLA-IQL,ATLA-IQL,theta_tau_credit,k=4,l3_anchor,1,0,231.6743,6.902292686357424,20,7.7412,0,runs/spec_rdelay/off_atla_iql_hopper_k4_seed1/r_r_hopper_eval.json
offline,ATLA-IQL,ATLA-IQL,theta_tau_credit,k=4,nominal,2,1,3560.1690,16.562372504673615,20,110.0127,0,runs/spec_rdelay/off_atla_iql_hopper_k4_seed2/r_r_hopper_eval.json
offline,ATLA-IQL,ATLA-IQL,theta_tau_credit,k=4,l1_in,2,0,2024.9130,1147.2821993122852,20,62.8403,0,runs/spec_rdelay/off_atla_iql_hopper_k4_seed2/r_r_hopper_eval.json
offline,ATLA-IQL,ATLA-IQL,theta_tau_credit,k=4,l1_out,2,0,1690.8980,1384.6679718882651,20,52.5774,0,runs/spec_rdelay/off_atla_iql_hopper_k4_seed2/r_r_hopper_eval.json
offline,ATLA-IQL,ATLA-IQL,theta_tau_credit,k=4,l2_in,2,0,1762.0739,1229.6690311415157,20,54.7643,0,runs/spec_rdelay/off_atla_iql_hopper_k4_seed2/r_r_hopper_eval.json
offline,ATLA-IQL,ATLA-IQL,theta_tau_credit,k=4,l2_out,2,0,971.0855,925.4766967629744,20,30.4604,0,runs/spec_rdelay/off_atla_iql_hopper_k4_seed2/r_r_hopper_eval.json
offline,ATLA-IQL,ATLA-IQL,theta_tau_credit,k=4,l3_in,2,0,1554.3997,898.673530260725,20,48.3833,0,runs/spec_rdelay/off_atla_iql_hopper_k4_seed2/r_r_hopper_eval.json
offline,ATLA-IQL,ATLA-IQL,theta_tau_credit,k=4,l3_out,2,0,1007.7118,593.834460537399,20,31.5858,0,runs/spec_rdelay/off_atla_iql_hopper_k4_seed2/r_r_hopper_eval.json
offline,ATLA-IQL,ATLA-IQL,theta_tau_credit,k=4,l1_anchor,2,0,713.2281,11.79049134662635,20,22.5375,0,runs/spec_rdelay/off_atla_iql_hopper_k4_seed2/r_r_hopper_eval.json
offline,ATLA-IQL,ATLA-IQL,theta_tau_credit,k=4,l2_anchor,2,0,433.8000,1.2822068216352114,20,13.9518,0,runs/spec_rdelay/off_atla_iql_hopper_k4_seed2/r_r_hopper_eval.json
offline,ATLA-IQL,ATLA-IQL,theta_tau_credit,k=4,l3_anchor,2,0,378.7259,49.753538953080906,20,12.2596,0,runs/spec_rdelay/off_atla_iql_hopper_k4_seed2/r_r_hopper_eval.json
offline,ATLA-IQL,ATLA-IQL,theta_tau_credit,k=4,nominal,3407,1,3583.5092,24.477541211700093,20,110.7298,0,runs/spec_rdelay/off_atla_iql_hopper_k4_seed3407/r_r_hopper_eval.json
offline,ATLA-IQL,ATLA-IQL,theta_tau_credit,k=4,l1_in,3407,0,2402.7289,1172.9227174114365,20,74.4491,0,runs/spec_rdelay/off_atla_iql_hopper_k4_seed3407/r_r_hopper_eval.json
offline,ATLA-IQL,ATLA-IQL,theta_tau_credit,k=4,l1_out,3407,0,1535.8996,1271.7803470313595,20,47.8149,0,runs/spec_rdelay/off_atla_iql_hopper_k4_seed3407/r_r_hopper_eval.json
offline,ATLA-IQL,ATLA-IQL,theta_tau_credit,k=4,l2_in,3407,0,1995.9329,1288.8496004450258,20,61.9499,0,runs/spec_rdelay/off_atla_iql_hopper_k4_seed3407/r_r_hopper_eval.json
offline,ATLA-IQL,ATLA-IQL,theta_tau_credit,k=4,l2_out,3407,0,1004.6280,921.4017767268225,20,31.4910,0,runs/spec_rdelay/off_atla_iql_hopper_k4_seed3407/r_r_hopper_eval.json
offline,ATLA-IQL,ATLA-IQL,theta_tau_credit,k=4,l3_in,3407,0,1571.2832,734.158274507583,20,48.9021,0,runs/spec_rdelay/off_atla_iql_hopper_k4_seed3407/r_r_hopper_eval.json
offline,ATLA-IQL,ATLA-IQL,theta_tau_credit,k=4,l3_out,3407,0,1137.3656,687.0369165729164,20,35.5695,0,runs/spec_rdelay/off_atla_iql_hopper_k4_seed3407/r_r_hopper_eval.json
offline,ATLA-IQL,ATLA-IQL,theta_tau_credit,k=4,l1_anchor,3407,0,710.3123,13.374136193526482,20,22.4479,0,runs/spec_rdelay/off_atla_iql_hopper_k4_seed3407/r_r_hopper_eval.json
offline,ATLA-IQL,ATLA-IQL,theta_tau_credit,k=4,l2_anchor,3407,0,429.9194,1.4813555605681512,20,13.8325,0,runs/spec_rdelay/off_atla_iql_hopper_k4_seed3407/r_r_hopper_eval.json
offline,ATLA-IQL,ATLA-IQL,theta_tau_credit,k=4,l3_anchor,3407,0,238.4089,7.3884000891430395,20,7.9482,0,runs/spec_rdelay/off_atla_iql_hopper_k4_seed3407/r_r_hopper_eval.json
offline,ATLA-IQL,ATLA-IQL,theta_tau_credit,k=4,nominal,42,1,3580.4434,24.38113777909006,20,110.6356,0,runs/spec_rdelay/off_atla_iql_hopper_k4_seed42/r_r_hopper_eval.json
offline,ATLA-IQL,ATLA-IQL,theta_tau_credit,k=4,l1_in,42,0,2262.4504,1185.7573158167436,20,70.1389,0,runs/spec_rdelay/off_atla_iql_hopper_k4_seed42/r_r_hopper_eval.json
offline,ATLA-IQL,ATLA-IQL,theta_tau_credit,k=4,l1_out,42,0,1544.0915,1270.6777079428102,20,48.0666,0,runs/spec_rdelay/off_atla_iql_hopper_k4_seed42/r_r_hopper_eval.json
offline,ATLA-IQL,ATLA-IQL,theta_tau_credit,k=4,l2_in,42,0,1888.1797,1270.6626604136886,20,58.6391,0,runs/spec_rdelay/off_atla_iql_hopper_k4_seed42/r_r_hopper_eval.json
offline,ATLA-IQL,ATLA-IQL,theta_tau_credit,k=4,l2_out,42,0,1068.1345,935.1273498869749,20,33.4423,0,runs/spec_rdelay/off_atla_iql_hopper_k4_seed42/r_r_hopper_eval.json
offline,ATLA-IQL,ATLA-IQL,theta_tau_credit,k=4,l3_in,42,0,1637.6220,671.2596496675549,20,50.9404,0,runs/spec_rdelay/off_atla_iql_hopper_k4_seed42/r_r_hopper_eval.json
offline,ATLA-IQL,ATLA-IQL,theta_tau_credit,k=4,l3_out,42,0,1381.0727,716.040974177867,20,43.0577,0,runs/spec_rdelay/off_atla_iql_hopper_k4_seed42/r_r_hopper_eval.json
offline,ATLA-IQL,ATLA-IQL,theta_tau_credit,k=4,l1_anchor,42,0,713.0737,13.617533621250063,20,22.5327,0,runs/spec_rdelay/off_atla_iql_hopper_k4_seed42/r_r_hopper_eval.json
offline,ATLA-IQL,ATLA-IQL,theta_tau_credit,k=4,l2_anchor,42,0,401.2624,2.2506547041825935,20,12.9520,0,runs/spec_rdelay/off_atla_iql_hopper_k4_seed42/r_r_hopper_eval.json
offline,ATLA-IQL,ATLA-IQL,theta_tau_credit,k=4,l3_anchor,42,0,385.9491,20.13002676615538,20,12.4815,0,runs/spec_rdelay/off_atla_iql_hopper_k4_seed42/r_r_hopper_eval.json
offline,ATLA-IQL,ATLA-IQL,theta_tau_credit,k=16,nominal,0,1,3008.8553,748.3860780232224,20,93.0730,0,runs/spec_rdelay/off_atla_iql_hopper_k16_seed0/r_r_hopper_eval.json
offline,ATLA-IQL,ATLA-IQL,theta_tau_credit,k=16,l1_in,0,0,2220.0661,1245.8974368003398,20,68.8366,0,runs/spec_rdelay/off_atla_iql_hopper_k16_seed0/r_r_hopper_eval.json
offline,ATLA-IQL,ATLA-IQL,theta_tau_credit,k=16,l1_out,0,0,1568.4177,1301.109811693944,20,48.8141,0,runs/spec_rdelay/off_atla_iql_hopper_k16_seed0/r_r_hopper_eval.json
offline,ATLA-IQL,ATLA-IQL,theta_tau_credit,k=16,l2_in,0,0,1985.1017,1298.6083705418894,20,61.6171,0,runs/spec_rdelay/off_atla_iql_hopper_k16_seed0/r_r_hopper_eval.json
offline,ATLA-IQL,ATLA-IQL,theta_tau_credit,k=16,l2_out,0,0,1024.8579,909.5752546462996,20,32.1126,0,runs/spec_rdelay/off_atla_iql_hopper_k16_seed0/r_r_hopper_eval.json
offline,ATLA-IQL,ATLA-IQL,theta_tau_credit,k=16,l3_in,0,0,1548.6723,596.6948413173234,20,48.2074,0,runs/spec_rdelay/off_atla_iql_hopper_k16_seed0/r_r_hopper_eval.json
offline,ATLA-IQL,ATLA-IQL,theta_tau_credit,k=16,l3_out,0,0,1176.3823,694.7800946871102,20,36.7684,0,runs/spec_rdelay/off_atla_iql_hopper_k16_seed0/r_r_hopper_eval.json
offline,ATLA-IQL,ATLA-IQL,theta_tau_credit,k=16,l1_anchor,0,0,812.2657,7.098053642501185,20,25.5805,0,runs/spec_rdelay/off_atla_iql_hopper_k16_seed0/r_r_hopper_eval.json
offline,ATLA-IQL,ATLA-IQL,theta_tau_credit,k=16,l2_anchor,0,0,399.8299,1.6678262593336266,20,12.9080,0,runs/spec_rdelay/off_atla_iql_hopper_k16_seed0/r_r_hopper_eval.json
offline,ATLA-IQL,ATLA-IQL,theta_tau_credit,k=16,l3_anchor,0,0,314.6699,69.92784779579407,20,10.2914,0,runs/spec_rdelay/off_atla_iql_hopper_k16_seed0/r_r_hopper_eval.json
offline,ATLA-IQL,ATLA-IQL,theta_tau_credit,k=16,nominal,1,1,3451.4584,457.5283930736045,20,106.6724,0,runs/spec_rdelay/off_atla_iql_hopper_k16_seed1/r_r_hopper_eval.json
offline,ATLA-IQL,ATLA-IQL,theta_tau_credit,k=16,l1_in,1,0,2211.2871,1270.584504146699,20,68.5669,0,runs/spec_rdelay/off_atla_iql_hopper_k16_seed1/r_r_hopper_eval.json
offline,ATLA-IQL,ATLA-IQL,theta_tau_credit,k=16,l1_out,1,0,1666.6377,1397.6821381990567,20,51.8320,0,runs/spec_rdelay/off_atla_iql_hopper_k16_seed1/r_r_hopper_eval.json
offline,ATLA-IQL,ATLA-IQL,theta_tau_credit,k=16,l2_in,1,0,1936.5221,1353.1869079545168,20,60.1244,0,runs/spec_rdelay/off_atla_iql_hopper_k16_seed1/r_r_hopper_eval.json
offline,ATLA-IQL,ATLA-IQL,theta_tau_credit,k=16,l2_out,1,0,977.3766,935.0943608954276,20,30.6537,0,runs/spec_rdelay/off_atla_iql_hopper_k16_seed1/r_r_hopper_eval.json
offline,ATLA-IQL,ATLA-IQL,theta_tau_credit,k=16,l3_in,1,0,1607.0103,754.6483874525268,20,49.9999,0,runs/spec_rdelay/off_atla_iql_hopper_k16_seed1/r_r_hopper_eval.json
offline,ATLA-IQL,ATLA-IQL,theta_tau_credit,k=16,l3_out,1,0,941.7144,537.9691456873285,20,29.5580,0,runs/spec_rdelay/off_atla_iql_hopper_k16_seed1/r_r_hopper_eval.json
offline,ATLA-IQL,ATLA-IQL,theta_tau_credit,k=16,l1_anchor,1,0,427.1971,1.784184037287919,20,13.7489,0,runs/spec_rdelay/off_atla_iql_hopper_k16_seed1/r_r_hopper_eval.json
offline,ATLA-IQL,ATLA-IQL,theta_tau_credit,k=16,l2_anchor,1,0,451.0988,2.649708355539928,20,14.4833,0,runs/spec_rdelay/off_atla_iql_hopper_k16_seed1/r_r_hopper_eval.json
offline,ATLA-IQL,ATLA-IQL,theta_tau_credit,k=16,l3_anchor,1,0,252.3016,42.10361970648966,20,8.3750,0,runs/spec_rdelay/off_atla_iql_hopper_k16_seed1/r_r_hopper_eval.json
offline,ATLA-IQL,ATLA-IQL,theta_tau_credit,k=16,nominal,2,1,2921.5653,857.3223616797899,20,90.3909,0,runs/spec_rdelay/off_atla_iql_hopper_k16_seed2/r_r_hopper_eval.json
offline,ATLA-IQL,ATLA-IQL,theta_tau_credit,k=16,l1_in,2,0,2097.7092,1207.0310882843357,20,65.0771,0,runs/spec_rdelay/off_atla_iql_hopper_k16_seed2/r_r_hopper_eval.json
offline,ATLA-IQL,ATLA-IQL,theta_tau_credit,k=16,l1_out,2,0,1442.3770,1177.4512869324012,20,44.9413,0,runs/spec_rdelay/off_atla_iql_hopper_k16_seed2/r_r_hopper_eval.json
offline,ATLA-IQL,ATLA-IQL,theta_tau_credit,k=16,l2_in,2,0,2002.0194,1315.7917491261646,20,62.1369,0,runs/spec_rdelay/off_atla_iql_hopper_k16_seed2/r_r_hopper_eval.json
offline,ATLA-IQL,ATLA-IQL,theta_tau_credit,k=16,l2_out,2,0,1146.5634,1063.656071768595,20,35.8522,0,runs/spec_rdelay/off_atla_iql_hopper_k16_seed2/r_r_hopper_eval.json
offline,ATLA-IQL,ATLA-IQL,theta_tau_credit,k=16,l3_in,2,0,1439.4156,722.7236784402428,20,44.8503,0,runs/spec_rdelay/off_atla_iql_hopper_k16_seed2/r_r_hopper_eval.json
offline,ATLA-IQL,ATLA-IQL,theta_tau_credit,k=16,l3_out,2,0,883.4749,579.1897169655927,20,27.7685,0,runs/spec_rdelay/off_atla_iql_hopper_k16_seed2/r_r_hopper_eval.json
offline,ATLA-IQL,ATLA-IQL,theta_tau_credit,k=16,l1_anchor,2,0,754.7301,6.010579596781249,20,23.8127,0,runs/spec_rdelay/off_atla_iql_hopper_k16_seed2/r_r_hopper_eval.json
offline,ATLA-IQL,ATLA-IQL,theta_tau_credit,k=16,l2_anchor,2,0,440.3012,2.674170219274456,20,14.1515,0,runs/spec_rdelay/off_atla_iql_hopper_k16_seed2/r_r_hopper_eval.json
offline,ATLA-IQL,ATLA-IQL,theta_tau_credit,k=16,l3_anchor,2,0,314.2138,59.772462030341586,20,10.2774,0,runs/spec_rdelay/off_atla_iql_hopper_k16_seed2/r_r_hopper_eval.json
offline,ATLA-IQL,ATLA-IQL,theta_tau_credit,k=16,nominal,3407,1,3356.3190,568.305285473408,20,103.7492,0,runs/spec_rdelay/off_atla_iql_hopper_k16_seed3407/r_r_hopper_eval.json
offline,ATLA-IQL,ATLA-IQL,theta_tau_credit,k=16,l1_in,3407,0,1873.9779,1139.1334484800363,20,58.2027,0,runs/spec_rdelay/off_atla_iql_hopper_k16_seed3407/r_r_hopper_eval.json
offline,ATLA-IQL,ATLA-IQL,theta_tau_credit,k=16,l1_out,3407,0,1719.3441,1372.5873794890672,20,53.4514,0,runs/spec_rdelay/off_atla_iql_hopper_k16_seed3407/r_r_hopper_eval.json
offline,ATLA-IQL,ATLA-IQL,theta_tau_credit,k=16,l2_in,3407,0,1591.0354,1232.8747610924684,20,49.5090,0,runs/spec_rdelay/off_atla_iql_hopper_k16_seed3407/r_r_hopper_eval.json
offline,ATLA-IQL,ATLA-IQL,theta_tau_credit,k=16,l2_out,3407,0,888.7518,948.8314580600545,20,27.9306,0,runs/spec_rdelay/off_atla_iql_hopper_k16_seed3407/r_r_hopper_eval.json
offline,ATLA-IQL,ATLA-IQL,theta_tau_credit,k=16,l3_in,3407,0,1333.0854,582.2213536068986,20,41.5832,0,runs/spec_rdelay/off_atla_iql_hopper_k16_seed3407/r_r_hopper_eval.json
offline,ATLA-IQL,ATLA-IQL,theta_tau_credit,k=16,l3_out,3407,0,826.9754,583.8856060568228,20,26.0325,0,runs/spec_rdelay/off_atla_iql_hopper_k16_seed3407/r_r_hopper_eval.json
offline,ATLA-IQL,ATLA-IQL,theta_tau_credit,k=16,l1_anchor,3407,0,785.3701,12.29634589999577,20,24.7541,0,runs/spec_rdelay/off_atla_iql_hopper_k16_seed3407/r_r_hopper_eval.json
offline,ATLA-IQL,ATLA-IQL,theta_tau_credit,k=16,l2_anchor,3407,0,415.9640,1.6276189666457679,20,13.4037,0,runs/spec_rdelay/off_atla_iql_hopper_k16_seed3407/r_r_hopper_eval.json
offline,ATLA-IQL,ATLA-IQL,theta_tau_credit,k=16,l3_anchor,3407,0,349.7263,80.02292413547939,20,11.3685,0,runs/spec_rdelay/off_atla_iql_hopper_k16_seed3407/r_r_hopper_eval.json
offline,ATLA-IQL,ATLA-IQL,theta_tau_credit,k=16,nominal,42,1,3587.5215,37.32426787033871,20,110.8531,0,runs/spec_rdelay/off_atla_iql_hopper_k16_seed42/r_r_hopper_eval.json
offline,ATLA-IQL,ATLA-IQL,theta_tau_credit,k=16,l1_in,42,0,2146.5099,1181.8380060751601,20,66.5765,0,runs/spec_rdelay/off_atla_iql_hopper_k16_seed42/r_r_hopper_eval.json
offline,ATLA-IQL,ATLA-IQL,theta_tau_credit,k=16,l1_out,42,0,1697.6323,1349.036460103895,20,52.7843,0,runs/spec_rdelay/off_atla_iql_hopper_k16_seed42/r_r_hopper_eval.json
offline,ATLA-IQL,ATLA-IQL,theta_tau_credit,k=16,l2_in,42,0,1833.5607,1300.9755902449108,20,56.9608,0,runs/spec_rdelay/off_atla_iql_hopper_k16_seed42/r_r_hopper_eval.json
offline,ATLA-IQL,ATLA-IQL,theta_tau_credit,k=16,l2_out,42,0,1016.0367,930.1580067432737,20,31.8416,0,runs/spec_rdelay/off_atla_iql_hopper_k16_seed42/r_r_hopper_eval.json
offline,ATLA-IQL,ATLA-IQL,theta_tau_credit,k=16,l3_in,42,0,1441.9878,751.6466403570103,20,44.9294,0,runs/spec_rdelay/off_atla_iql_hopper_k16_seed42/r_r_hopper_eval.json
offline,ATLA-IQL,ATLA-IQL,theta_tau_credit,k=16,l3_out,42,0,870.7463,623.924195018838,20,27.3774,0,runs/spec_rdelay/off_atla_iql_hopper_k16_seed42/r_r_hopper_eval.json
offline,ATLA-IQL,ATLA-IQL,theta_tau_credit,k=16,l1_anchor,42,0,779.7717,12.702621650138092,20,24.5821,0,runs/spec_rdelay/off_atla_iql_hopper_k16_seed42/r_r_hopper_eval.json
offline,ATLA-IQL,ATLA-IQL,theta_tau_credit,k=16,l2_anchor,42,0,415.5076,1.5527594424974753,20,13.3897,0,runs/spec_rdelay/off_atla_iql_hopper_k16_seed42/r_r_hopper_eval.json
offline,ATLA-IQL,ATLA-IQL,theta_tau_credit,k=16,l3_anchor,42,0,234.6598,20.422146194856335,20,7.8330,0,runs/spec_rdelay/off_atla_iql_hopper_k16_seed42/r_r_hopper_eval.json
offline,ATLA-IQL,ATLA-IQL,theta_tau_credit,k=32,nominal,0,1,3359.7228,594.2865714512714,20,103.8537,0,runs/spec_rdelay/off_atla_iql_hopper_k32_seed0/r_r_hopper_eval.json
offline,ATLA-IQL,ATLA-IQL,theta_tau_credit,k=32,l1_in,0,0,2078.7091,1230.6380612071696,20,64.4933,0,runs/spec_rdelay/off_atla_iql_hopper_k32_seed0/r_r_hopper_eval.json
offline,ATLA-IQL,ATLA-IQL,theta_tau_credit,k=32,l1_out,0,0,1440.0362,1217.793964158802,20,44.8694,0,runs/spec_rdelay/off_atla_iql_hopper_k32_seed0/r_r_hopper_eval.json
offline,ATLA-IQL,ATLA-IQL,theta_tau_credit,k=32,l2_in,0,0,2011.0062,1348.958272896291,20,62.4130,0,runs/spec_rdelay/off_atla_iql_hopper_k32_seed0/r_r_hopper_eval.json
offline,ATLA-IQL,ATLA-IQL,theta_tau_credit,k=32,l2_out,0,0,1123.1614,1095.101243046844,20,35.1331,0,runs/spec_rdelay/off_atla_iql_hopper_k32_seed0/r_r_hopper_eval.json
offline,ATLA-IQL,ATLA-IQL,theta_tau_credit,k=32,l3_in,0,0,1454.2553,690.1653721132137,20,45.3063,0,runs/spec_rdelay/off_atla_iql_hopper_k32_seed0/r_r_hopper_eval.json
offline,ATLA-IQL,ATLA-IQL,theta_tau_credit,k=32,l3_out,0,0,1115.0718,699.6922344540067,20,34.8845,0,runs/spec_rdelay/off_atla_iql_hopper_k32_seed0/r_r_hopper_eval.json
offline,ATLA-IQL,ATLA-IQL,theta_tau_credit,k=32,l1_anchor,0,0,692.7113,14.64836900996374,20,21.9071,0,runs/spec_rdelay/off_atla_iql_hopper_k32_seed0/r_r_hopper_eval.json
offline,ATLA-IQL,ATLA-IQL,theta_tau_credit,k=32,l2_anchor,0,0,361.0333,94.25242634148985,20,11.7159,0,runs/spec_rdelay/off_atla_iql_hopper_k32_seed0/r_r_hopper_eval.json
offline,ATLA-IQL,ATLA-IQL,theta_tau_credit,k=32,l3_anchor,0,0,270.1664,51.880691731047236,20,8.9240,0,runs/spec_rdelay/off_atla_iql_hopper_k32_seed0/r_r_hopper_eval.json
offline,ATLA-IQL,ATLA-IQL,theta_tau_credit,k=32,nominal,1,1,2590.2020,948.6921561810383,20,80.2094,0,runs/spec_rdelay/off_atla_iql_hopper_k32_seed1/r_r_hopper_eval.json
offline,ATLA-IQL,ATLA-IQL,theta_tau_credit,k=32,l1_in,1,0,2116.0166,1226.6219519195124,20,65.6396,0,runs/spec_rdelay/off_atla_iql_hopper_k32_seed1/r_r_hopper_eval.json
offline,ATLA-IQL,ATLA-IQL,theta_tau_credit,k=32,l1_out,1,0,1557.2623,1295.4664985269048,20,48.4713,0,runs/spec_rdelay/off_atla_iql_hopper_k32_seed1/r_r_hopper_eval.json
offline,ATLA-IQL,ATLA-IQL,theta_tau_credit,k=32,l2_in,1,0,1808.8200,1222.0320297131905,20,56.2007,0,runs/spec_rdelay/off_atla_iql_hopper_k32_seed1/r_r_hopper_eval.json
offline,ATLA-IQL,ATLA-IQL,theta_tau_credit,k=32,l2_out,1,0,1092.6321,962.0762771503183,20,34.1951,0,runs/spec_rdelay/off_atla_iql_hopper_k32_seed1/r_r_hopper_eval.json
offline,ATLA-IQL,ATLA-IQL,theta_tau_credit,k=32,l3_in,1,0,1563.9348,812.4340000679086,20,48.6763,0,runs/spec_rdelay/off_atla_iql_hopper_k32_seed1/r_r_hopper_eval.json
offline,ATLA-IQL,ATLA-IQL,theta_tau_credit,k=32,l3_out,1,0,1089.1620,630.6284790689864,20,34.0884,0,runs/spec_rdelay/off_atla_iql_hopper_k32_seed1/r_r_hopper_eval.json
offline,ATLA-IQL,ATLA-IQL,theta_tau_credit,k=32,l1_anchor,1,0,638.5209,15.165096518847188,20,20.2420,0,runs/spec_rdelay/off_atla_iql_hopper_k32_seed1/r_r_hopper_eval.json
offline,ATLA-IQL,ATLA-IQL,theta_tau_credit,k=32,l2_anchor,1,0,245.6966,1.1354996526861518,20,8.1721,0,runs/spec_rdelay/off_atla_iql_hopper_k32_seed1/r_r_hopper_eval.json
offline,ATLA-IQL,ATLA-IQL,theta_tau_credit,k=32,l3_anchor,1,0,240.3867,8.238222510036437,20,8.0089,0,runs/spec_rdelay/off_atla_iql_hopper_k32_seed1/r_r_hopper_eval.json
offline,ATLA-IQL,ATLA-IQL,theta_tau_credit,k=32,nominal,2,1,3410.7169,494.62552038481596,20,105.4206,0,runs/spec_rdelay/off_atla_iql_hopper_k32_seed2/r_r_hopper_eval.json
offline,ATLA-IQL,ATLA-IQL,theta_tau_credit,k=32,l1_in,2,0,2010.0979,1166.4189419236254,20,62.3851,0,runs/spec_rdelay/off_atla_iql_hopper_k32_seed2/r_r_hopper_eval.json
offline,ATLA-IQL,ATLA-IQL,theta_tau_credit,k=32,l1_out,2,0,1450.9534,1196.5989533792945,20,45.2048,0,runs/spec_rdelay/off_atla_iql_hopper_k32_seed2/r_r_hopper_eval.json
offline,ATLA-IQL,ATLA-IQL,theta_tau_credit,k=32,l2_in,2,0,1950.0577,1284.1275039680431,20,60.5403,0,runs/spec_rdelay/off_atla_iql_hopper_k32_seed2/r_r_hopper_eval.json
offline,ATLA-IQL,ATLA-IQL,theta_tau_credit,k=32,l2_out,2,0,1053.3956,916.2955646657776,20,32.9895,0,runs/spec_rdelay/off_atla_iql_hopper_k32_seed2/r_r_hopper_eval.json
offline,ATLA-IQL,ATLA-IQL,theta_tau_credit,k=32,l3_in,2,0,1423.7694,729.5259988577756,20,44.3696,0,runs/spec_rdelay/off_atla_iql_hopper_k32_seed2/r_r_hopper_eval.json
offline,ATLA-IQL,ATLA-IQL,theta_tau_credit,k=32,l3_out,2,0,964.0414,572.1007412151398,20,30.2440,0,runs/spec_rdelay/off_atla_iql_hopper_k32_seed2/r_r_hopper_eval.json
offline,ATLA-IQL,ATLA-IQL,theta_tau_credit,k=32,l1_anchor,2,0,671.8041,17.624315950936516,20,21.2647,0,runs/spec_rdelay/off_atla_iql_hopper_k32_seed2/r_r_hopper_eval.json
offline,ATLA-IQL,ATLA-IQL,theta_tau_credit,k=32,l2_anchor,2,0,421.9424,1.5472682456854974,20,13.5874,0,runs/spec_rdelay/off_atla_iql_hopper_k32_seed2/r_r_hopper_eval.json
offline,ATLA-IQL,ATLA-IQL,theta_tau_credit,k=32,l3_anchor,2,0,367.5645,90.88978281605307,20,11.9166,0,runs/spec_rdelay/off_atla_iql_hopper_k32_seed2/r_r_hopper_eval.json
offline,ATLA-IQL,ATLA-IQL,theta_tau_credit,k=32,nominal,3407,1,3430.0579,538.8660130121689,20,106.0149,0,runs/spec_rdelay/off_atla_iql_hopper_k32_seed3407/r_r_hopper_eval.json
offline,ATLA-IQL,ATLA-IQL,theta_tau_credit,k=32,l1_in,3407,0,2148.5518,1198.7023107368732,20,66.6393,0,runs/spec_rdelay/off_atla_iql_hopper_k32_seed3407/r_r_hopper_eval.json
offline,ATLA-IQL,ATLA-IQL,theta_tau_credit,k=32,l1_out,3407,0,1578.6246,1289.3877246366724,20,49.1277,0,runs/spec_rdelay/off_atla_iql_hopper_k32_seed3407/r_r_hopper_eval.json
offline,ATLA-IQL,ATLA-IQL,theta_tau_credit,k=32,l2_in,3407,0,1908.0235,1306.9884977145537,20,59.2488,0,runs/spec_rdelay/off_atla_iql_hopper_k32_seed3407/r_r_hopper_eval.json
offline,ATLA-IQL,ATLA-IQL,theta_tau_credit,k=32,l2_out,3407,0,1242.3763,1094.9266964882327,20,38.7961,0,runs/spec_rdelay/off_atla_iql_hopper_k32_seed3407/r_r_hopper_eval.json
offline,ATLA-IQL,ATLA-IQL,theta_tau_credit,k=32,l3_in,3407,0,1540.4458,740.9117375942757,20,47.9546,0,runs/spec_rdelay/off_atla_iql_hopper_k32_seed3407/r_r_hopper_eval.json
offline,ATLA-IQL,ATLA-IQL,theta_tau_credit,k=32,l3_out,3407,0,1008.0994,660.2142791377526,20,31.5977,0,runs/spec_rdelay/off_atla_iql_hopper_k32_seed3407/r_r_hopper_eval.json
offline,ATLA-IQL,ATLA-IQL,theta_tau_credit,k=32,l1_anchor,3407,0,690.6742,7.599034055517415,20,21.8445,0,runs/spec_rdelay/off_atla_iql_hopper_k32_seed3407/r_r_hopper_eval.json
offline,ATLA-IQL,ATLA-IQL,theta_tau_credit,k=32,l2_anchor,3407,0,449.6633,2.851463071147998,20,14.4392,0,runs/spec_rdelay/off_atla_iql_hopper_k32_seed3407/r_r_hopper_eval.json
offline,ATLA-IQL,ATLA-IQL,theta_tau_credit,k=32,l3_anchor,3407,0,344.6333,75.04180310304253,20,11.2120,0,runs/spec_rdelay/off_atla_iql_hopper_k32_seed3407/r_r_hopper_eval.json
offline,ATLA-IQL,ATLA-IQL,theta_tau_credit,k=32,nominal,42,1,3254.7832,602.4008929840472,20,100.6294,0,runs/spec_rdelay/off_atla_iql_hopper_k32_seed42/r_r_hopper_eval.json
offline,ATLA-IQL,ATLA-IQL,theta_tau_credit,k=32,l1_in,42,0,2122.1657,1200.8593042546295,20,65.8285,0,runs/spec_rdelay/off_atla_iql_hopper_k32_seed42/r_r_hopper_eval.json
offline,ATLA-IQL,ATLA-IQL,theta_tau_credit,k=32,l1_out,42,0,1543.8540,1253.1567767518113,20,48.0593,0,runs/spec_rdelay/off_atla_iql_hopper_k32_seed42/r_r_hopper_eval.json
offline,ATLA-IQL,ATLA-IQL,theta_tau_credit,k=32,l2_in,42,0,2033.9278,1321.9528028352804,20,63.1173,0,runs/spec_rdelay/off_atla_iql_hopper_k32_seed42/r_r_hopper_eval.json
offline,ATLA-IQL,ATLA-IQL,theta_tau_credit,k=32,l2_out,42,0,1247.4766,991.3069247330344,20,38.9528,0,runs/spec_rdelay/off_atla_iql_hopper_k32_seed42/r_r_hopper_eval.json
offline,ATLA-IQL,ATLA-IQL,theta_tau_credit,k=32,l3_in,42,0,1551.8577,650.6678473096064,20,48.3052,0,runs/spec_rdelay/off_atla_iql_hopper_k32_seed42/r_r_hopper_eval.json
offline,ATLA-IQL,ATLA-IQL,theta_tau_credit,k=32,l3_out,42,0,1046.5994,704.3212001500533,20,32.7807,0,runs/spec_rdelay/off_atla_iql_hopper_k32_seed42/r_r_hopper_eval.json
offline,ATLA-IQL,ATLA-IQL,theta_tau_credit,k=32,l1_anchor,42,0,845.6373,6.858812961310015,20,26.6059,0,runs/spec_rdelay/off_atla_iql_hopper_k32_seed42/r_r_hopper_eval.json
offline,ATLA-IQL,ATLA-IQL,theta_tau_credit,k=32,l2_anchor,42,0,433.7787,1.9701182253379954,20,13.9511,0,runs/spec_rdelay/off_atla_iql_hopper_k32_seed42/r_r_hopper_eval.json
offline,ATLA-IQL,ATLA-IQL,theta_tau_credit,k=32,l3_anchor,42,0,376.1656,40.539874458001485,20,12.1809,0,runs/spec_rdelay/off_atla_iql_hopper_k32_seed42/r_r_hopper_eval.json
offline,ATLA-IQL,ATLA-IQL,theta_tau_credit,k=64,nominal,0,1,3583.3550,28.148801634730884,20,110.7251,0,runs/spec_rdelay/off_atla_iql_hopper_k64_seed0/r_r_hopper_eval.json
offline,ATLA-IQL,ATLA-IQL,theta_tau_credit,k=64,l1_in,0,0,1974.2404,1181.1208511566251,20,61.2834,0,runs/spec_rdelay/off_atla_iql_hopper_k64_seed0/r_r_hopper_eval.json
offline,ATLA-IQL,ATLA-IQL,theta_tau_credit,k=64,l1_out,0,0,1432.4818,1232.141347862694,20,44.6373,0,runs/spec_rdelay/off_atla_iql_hopper_k64_seed0/r_r_hopper_eval.json
offline,ATLA-IQL,ATLA-IQL,theta_tau_credit,k=64,l2_in,0,0,1986.9823,1358.147929131322,20,61.6749,0,runs/spec_rdelay/off_atla_iql_hopper_k64_seed0/r_r_hopper_eval.json
offline,ATLA-IQL,ATLA-IQL,theta_tau_credit,k=64,l2_out,0,0,988.7159,910.9266450035464,20,31.0021,0,runs/spec_rdelay/off_atla_iql_hopper_k64_seed0/r_r_hopper_eval.json
offline,ATLA-IQL,ATLA-IQL,theta_tau_credit,k=64,l3_in,0,0,1498.4756,756.4548291100796,20,46.6650,0,runs/spec_rdelay/off_atla_iql_hopper_k64_seed0/r_r_hopper_eval.json
offline,ATLA-IQL,ATLA-IQL,theta_tau_credit,k=64,l3_out,0,0,859.2351,684.3800667299487,20,27.0237,0,runs/spec_rdelay/off_atla_iql_hopper_k64_seed0/r_r_hopper_eval.json
offline,ATLA-IQL,ATLA-IQL,theta_tau_credit,k=64,l1_anchor,0,0,669.8378,10.857845601273736,20,21.2043,0,runs/spec_rdelay/off_atla_iql_hopper_k64_seed0/r_r_hopper_eval.json
offline,ATLA-IQL,ATLA-IQL,theta_tau_credit,k=64,l2_anchor,0,0,418.9415,1.745177048104645,20,13.4952,0,runs/spec_rdelay/off_atla_iql_hopper_k64_seed0/r_r_hopper_eval.json
offline,ATLA-IQL,ATLA-IQL,theta_tau_credit,k=64,l3_anchor,0,0,257.8299,8.835288949503967,20,8.5449,0,runs/spec_rdelay/off_atla_iql_hopper_k64_seed0/r_r_hopper_eval.json
offline,ATLA-IQL,ATLA-IQL,theta_tau_credit,k=64,nominal,1,1,3044.9190,775.6964218890873,20,94.1811,0,runs/spec_rdelay/off_atla_iql_hopper_k64_seed1/r_r_hopper_eval.json
offline,ATLA-IQL,ATLA-IQL,theta_tau_credit,k=64,l1_in,1,0,2223.6628,1249.0347659262823,20,68.9471,0,runs/spec_rdelay/off_atla_iql_hopper_k64_seed1/r_r_hopper_eval.json
offline,ATLA-IQL,ATLA-IQL,theta_tau_credit,k=64,l1_out,1,0,1429.9750,1214.235012521204,20,44.5603,0,runs/spec_rdelay/off_atla_iql_hopper_k64_seed1/r_r_hopper_eval.json
offline,ATLA-IQL,ATLA-IQL,theta_tau_credit,k=64,l2_in,1,0,2007.7766,1364.3826154743465,20,62.3138,0,runs/spec_rdelay/off_atla_iql_hopper_k64_seed1/r_r_hopper_eval.json
offline,ATLA-IQL,ATLA-IQL,theta_tau_credit,k=64,l2_out,1,0,1205.6164,1118.7460149991339,20,37.6666,0,runs/spec_rdelay/off_atla_iql_hopper_k64_seed1/r_r_hopper_eval.json
offline,ATLA-IQL,ATLA-IQL,theta_tau_credit,k=64,l3_in,1,0,1456.2572,689.3226555152588,20,45.3678,0,runs/spec_rdelay/off_atla_iql_hopper_k64_seed1/r_r_hopper_eval.json
offline,ATLA-IQL,ATLA-IQL,theta_tau_credit,k=64,l3_out,1,0,960.2369,670.6196220634249,20,30.1271,0,runs/spec_rdelay/off_atla_iql_hopper_k64_seed1/r_r_hopper_eval.json
offline,ATLA-IQL,ATLA-IQL,theta_tau_credit,k=64,l1_anchor,1,0,703.9587,9.814167374118908,20,22.2527,0,runs/spec_rdelay/off_atla_iql_hopper_k64_seed1/r_r_hopper_eval.json
offline,ATLA-IQL,ATLA-IQL,theta_tau_credit,k=64,l2_anchor,1,0,457.4041,1.833136532780929,20,14.6770,0,runs/spec_rdelay/off_atla_iql_hopper_k64_seed1/r_r_hopper_eval.json
offline,ATLA-IQL,ATLA-IQL,theta_tau_credit,k=64,l3_anchor,1,0,248.4725,9.43517755872896,20,8.2574,0,runs/spec_rdelay/off_atla_iql_hopper_k64_seed1/r_r_hopper_eval.json
offline,ATLA-IQL,ATLA-IQL,theta_tau_credit,k=64,nominal,2,1,3365.4815,575.9948019324755,20,104.0307,0,runs/spec_rdelay/off_atla_iql_hopper_k64_seed2/r_r_hopper_eval.json
offline,ATLA-IQL,ATLA-IQL,theta_tau_credit,k=64,l1_in,2,0,2003.5688,1166.143186691962,20,62.1845,0,runs/spec_rdelay/off_atla_iql_hopper_k64_seed2/r_r_hopper_eval.json
offline,ATLA-IQL,ATLA-IQL,theta_tau_credit,k=64,l1_out,2,0,1429.3556,1189.2888058998728,20,44.5412,0,runs/spec_rdelay/off_atla_iql_hopper_k64_seed2/r_r_hopper_eval.json
offline,ATLA-IQL,ATLA-IQL,theta_tau_credit,k=64,l2_in,2,0,1761.3013,1230.3576323497805,20,54.7406,0,runs/spec_rdelay/off_atla_iql_hopper_k64_seed2/r_r_hopper_eval.json
offline,ATLA-IQL,ATLA-IQL,theta_tau_credit,k=64,l2_out,2,0,1078.9012,857.2106061366377,20,33.7732,0,runs/spec_rdelay/off_atla_iql_hopper_k64_seed2/r_r_hopper_eval.json
offline,ATLA-IQL,ATLA-IQL,theta_tau_credit,k=64,l3_in,2,0,1423.1114,744.2008437698887,20,44.3494,0,runs/spec_rdelay/off_atla_iql_hopper_k64_seed2/r_r_hopper_eval.json
offline,ATLA-IQL,ATLA-IQL,theta_tau_credit,k=64,l3_out,2,0,987.5532,755.330254540253,20,30.9664,0,runs/spec_rdelay/off_atla_iql_hopper_k64_seed2/r_r_hopper_eval.json
offline,ATLA-IQL,ATLA-IQL,theta_tau_credit,k=64,l1_anchor,2,0,672.5646,5.099894915419028,20,21.2881,0,runs/spec_rdelay/off_atla_iql_hopper_k64_seed2/r_r_hopper_eval.json
offline,ATLA-IQL,ATLA-IQL,theta_tau_credit,k=64,l2_anchor,2,0,418.0391,2.816787922129332,20,13.4675,0,runs/spec_rdelay/off_atla_iql_hopper_k64_seed2/r_r_hopper_eval.json
offline,ATLA-IQL,ATLA-IQL,theta_tau_credit,k=64,l3_anchor,2,0,286.3634,47.32895591839475,20,9.4216,0,runs/spec_rdelay/off_atla_iql_hopper_k64_seed2/r_r_hopper_eval.json
offline,ATLA-IQL,ATLA-IQL,theta_tau_credit,k=64,nominal,3407,1,3600.8978,34.45014957596592,20,111.2641,0,runs/spec_rdelay/off_atla_iql_hopper_k64_seed3407/r_r_hopper_eval.json
offline,ATLA-IQL,ATLA-IQL,theta_tau_credit,k=64,l1_in,3407,0,1907.7009,1129.6615550958209,20,59.2389,0,runs/spec_rdelay/off_atla_iql_hopper_k64_seed3407/r_r_hopper_eval.json
offline,ATLA-IQL,ATLA-IQL,theta_tau_credit,k=64,l1_out,3407,0,1399.4212,1184.96984389724,20,43.6215,0,runs/spec_rdelay/off_atla_iql_hopper_k64_seed3407/r_r_hopper_eval.json
offline,ATLA-IQL,ATLA-IQL,theta_tau_credit,k=64,l2_in,3407,0,1887.7728,1302.5545143403235,20,58.6266,0,runs/spec_rdelay/off_atla_iql_hopper_k64_seed3407/r_r_hopper_eval.json
offline,ATLA-IQL,ATLA-IQL,theta_tau_credit,k=64,l2_out,3407,0,1186.1057,1001.5466041259123,20,37.0671,0,runs/spec_rdelay/off_atla_iql_hopper_k64_seed3407/r_r_hopper_eval.json
offline,ATLA-IQL,ATLA-IQL,theta_tau_credit,k=64,l3_in,3407,0,1554.2543,733.4708379380703,20,48.3789,0,runs/spec_rdelay/off_atla_iql_hopper_k64_seed3407/r_r_hopper_eval.json
offline,ATLA-IQL,ATLA-IQL,theta_tau_credit,k=64,l3_out,3407,0,1028.7840,750.0854677844828,20,32.2333,0,runs/spec_rdelay/off_atla_iql_hopper_k64_seed3407/r_r_hopper_eval.json
offline,ATLA-IQL,ATLA-IQL,theta_tau_credit,k=64,l1_anchor,3407,0,606.5367,9.708381622929197,20,19.2593,0,runs/spec_rdelay/off_atla_iql_hopper_k64_seed3407/r_r_hopper_eval.json
offline,ATLA-IQL,ATLA-IQL,theta_tau_credit,k=64,l2_anchor,3407,0,428.9658,2.155712048567686,20,13.8032,0,runs/spec_rdelay/off_atla_iql_hopper_k64_seed3407/r_r_hopper_eval.json
offline,ATLA-IQL,ATLA-IQL,theta_tau_credit,k=64,l3_anchor,3407,0,304.6853,75.28911457461078,20,9.9846,0,runs/spec_rdelay/off_atla_iql_hopper_k64_seed3407/r_r_hopper_eval.json
offline,ATLA-IQL,ATLA-IQL,theta_tau_credit,k=64,nominal,42,1,3586.8835,22.147683120337042,20,110.8335,0,runs/spec_rdelay/off_atla_iql_hopper_k64_seed42/r_r_hopper_eval.json
offline,ATLA-IQL,ATLA-IQL,theta_tau_credit,k=64,l1_in,42,0,1980.6194,1197.5672051438926,20,61.4794,0,runs/spec_rdelay/off_atla_iql_hopper_k64_seed42/r_r_hopper_eval.json
offline,ATLA-IQL,ATLA-IQL,theta_tau_credit,k=64,l1_out,42,0,1436.7435,1235.1907159651576,20,44.7682,0,runs/spec_rdelay/off_atla_iql_hopper_k64_seed42/r_r_hopper_eval.json
offline,ATLA-IQL,ATLA-IQL,theta_tau_credit,k=64,l2_in,42,0,1899.2697,1254.2046641918475,20,58.9798,0,runs/spec_rdelay/off_atla_iql_hopper_k64_seed42/r_r_hopper_eval.json
offline,ATLA-IQL,ATLA-IQL,theta_tau_credit,k=64,l2_out,42,0,962.5638,916.5176447940925,20,30.1986,0,runs/spec_rdelay/off_atla_iql_hopper_k64_seed42/r_r_hopper_eval.json
offline,ATLA-IQL,ATLA-IQL,theta_tau_credit,k=64,l3_in,42,0,1645.2516,864.8459850014432,20,51.1749,0,runs/spec_rdelay/off_atla_iql_hopper_k64_seed42/r_r_hopper_eval.json
offline,ATLA-IQL,ATLA-IQL,theta_tau_credit,k=64,l3_out,42,0,1041.4169,500.1850921045206,20,32.6214,0,runs/spec_rdelay/off_atla_iql_hopper_k64_seed42/r_r_hopper_eval.json
offline,ATLA-IQL,ATLA-IQL,theta_tau_credit,k=64,l1_anchor,42,0,682.2408,10.150030087213324,20,21.5854,0,runs/spec_rdelay/off_atla_iql_hopper_k64_seed42/r_r_hopper_eval.json
offline,ATLA-IQL,ATLA-IQL,theta_tau_credit,k=64,l2_anchor,42,0,428.2392,6.172542949824126,20,13.7809,0,runs/spec_rdelay/off_atla_iql_hopper_k64_seed42/r_r_hopper_eval.json
offline,ATLA-IQL,ATLA-IQL,theta_tau_credit,k=64,l3_anchor,42,0,374.8923,26.888941766940068,20,12.1418,0,runs/spec_rdelay/off_atla_iql_hopper_k64_seed42/r_r_hopper_eval.json
offline,RSC-IQL,RSC-IQL,theta_r,m=gauss,nominal,0,1,3534.5457,23.62936271653011,20,109.2254,0,runs/spec_rnoise/off_rsc_iql_hopper_rgauss_seed0/r_r_hopper_eval.json
offline,RSC-IQL,RSC-IQL,theta_r,m=gauss,l1_in,0,0,2261.1303,1120.8888365363753,20,70.0984,0,runs/spec_rnoise/off_rsc_iql_hopper_rgauss_seed0/r_r_hopper_eval.json
offline,RSC-IQL,RSC-IQL,theta_r,m=gauss,l1_out,0,0,1189.6117,977.2148751641892,20,37.1749,0,runs/spec_rnoise/off_rsc_iql_hopper_rgauss_seed0/r_r_hopper_eval.json
offline,RSC-IQL,RSC-IQL,theta_r,m=gauss,l2_in,0,0,1747.1417,1200.4407510654053,20,54.3055,0,runs/spec_rnoise/off_rsc_iql_hopper_rgauss_seed0/r_r_hopper_eval.json
offline,RSC-IQL,RSC-IQL,theta_r,m=gauss,l2_out,0,0,1011.4951,879.1858276537803,20,31.7020,0,runs/spec_rnoise/off_rsc_iql_hopper_rgauss_seed0/r_r_hopper_eval.json
offline,RSC-IQL,RSC-IQL,theta_r,m=gauss,l3_in,0,0,1105.6021,481.8720864578891,20,34.5936,0,runs/spec_rnoise/off_rsc_iql_hopper_rgauss_seed0/r_r_hopper_eval.json
offline,RSC-IQL,RSC-IQL,theta_r,m=gauss,l3_out,0,0,846.8782,512.0861999033784,20,26.6440,0,runs/spec_rnoise/off_rsc_iql_hopper_rgauss_seed0/r_r_hopper_eval.json
offline,RSC-IQL,RSC-IQL,theta_r,m=gauss,l1_anchor,0,0,740.7673,9.677503533956614,20,23.3837,0,runs/spec_rnoise/off_rsc_iql_hopper_rgauss_seed0/r_r_hopper_eval.json
offline,RSC-IQL,RSC-IQL,theta_r,m=gauss,l2_anchor,0,0,423.2681,3.587417953582814,20,13.6282,0,runs/spec_rnoise/off_rsc_iql_hopper_rgauss_seed0/r_r_hopper_eval.json
offline,RSC-IQL,RSC-IQL,theta_r,m=gauss,l3_anchor,0,0,376.3392,10.380383040019645,20,12.1862,0,runs/spec_rnoise/off_rsc_iql_hopper_rgauss_seed0/r_r_hopper_eval.json
offline,RSC-IQL,RSC-IQL,theta_r,m=gauss,nominal,1,1,3505.1541,309.3182828305431,20,108.3223,0,runs/spec_rnoise/off_rsc_iql_hopper_rgauss_seed1/r_r_hopper_eval.json
offline,RSC-IQL,RSC-IQL,theta_r,m=gauss,l1_in,1,0,2072.8373,1192.3765857247383,20,64.3129,0,runs/spec_rnoise/off_rsc_iql_hopper_rgauss_seed1/r_r_hopper_eval.json
offline,RSC-IQL,RSC-IQL,theta_r,m=gauss,l1_out,1,0,1264.2764,1023.0508189662679,20,39.4690,0,runs/spec_rnoise/off_rsc_iql_hopper_rgauss_seed1/r_r_hopper_eval.json
offline,RSC-IQL,RSC-IQL,theta_r,m=gauss,l2_in,1,0,1581.6202,1164.4128919204811,20,49.2197,0,runs/spec_rnoise/off_rsc_iql_hopper_rgauss_seed1/r_r_hopper_eval.json
offline,RSC-IQL,RSC-IQL,theta_r,m=gauss,l2_out,1,0,948.5629,931.9758599543237,20,29.7684,0,runs/spec_rnoise/off_rsc_iql_hopper_rgauss_seed1/r_r_hopper_eval.json
offline,RSC-IQL,RSC-IQL,theta_r,m=gauss,l3_in,1,0,1509.1090,748.7142681939085,20,46.9917,0,runs/spec_rnoise/off_rsc_iql_hopper_rgauss_seed1/r_r_hopper_eval.json
offline,RSC-IQL,RSC-IQL,theta_r,m=gauss,l3_out,1,0,922.3601,469.7071302144636,20,28.9633,0,runs/spec_rnoise/off_rsc_iql_hopper_rgauss_seed1/r_r_hopper_eval.json
offline,RSC-IQL,RSC-IQL,theta_r,m=gauss,l1_anchor,1,0,666.4671,29.652598729598928,20,21.1007,0,runs/spec_rnoise/off_rsc_iql_hopper_rgauss_seed1/r_r_hopper_eval.json
offline,RSC-IQL,RSC-IQL,theta_r,m=gauss,l2_anchor,1,0,310.3559,66.63490850872982,20,10.1588,0,runs/spec_rnoise/off_rsc_iql_hopper_rgauss_seed1/r_r_hopper_eval.json
offline,RSC-IQL,RSC-IQL,theta_r,m=gauss,l3_anchor,1,0,240.6907,11.93450605944438,20,8.0183,0,runs/spec_rnoise/off_rsc_iql_hopper_rgauss_seed1/r_r_hopper_eval.json
offline,RSC-IQL,RSC-IQL,theta_r,m=gauss,nominal,2,1,3000.8628,740.1329830913213,20,92.8274,0,runs/spec_rnoise/off_rsc_iql_hopper_rgauss_seed2/r_r_hopper_eval.json
offline,RSC-IQL,RSC-IQL,theta_r,m=gauss,l1_in,2,0,1992.0810,1170.0121340643916,20,61.8315,0,runs/spec_rnoise/off_rsc_iql_hopper_rgauss_seed2/r_r_hopper_eval.json
offline,RSC-IQL,RSC-IQL,theta_r,m=gauss,l1_out,2,0,1552.1828,1312.8154330176444,20,48.3152,0,runs/spec_rnoise/off_rsc_iql_hopper_rgauss_seed2/r_r_hopper_eval.json
offline,RSC-IQL,RSC-IQL,theta_r,m=gauss,l2_in,2,0,1646.3392,1157.258660221343,20,51.2083,0,runs/spec_rnoise/off_rsc_iql_hopper_rgauss_seed2/r_r_hopper_eval.json
offline,RSC-IQL,RSC-IQL,theta_r,m=gauss,l2_out,2,0,987.4658,892.0339663548932,20,30.9637,0,runs/spec_rnoise/off_rsc_iql_hopper_rgauss_seed2/r_r_hopper_eval.json
offline,RSC-IQL,RSC-IQL,theta_r,m=gauss,l3_in,2,0,1309.0161,525.0603165333318,20,40.8437,0,runs/spec_rnoise/off_rsc_iql_hopper_rgauss_seed2/r_r_hopper_eval.json
offline,RSC-IQL,RSC-IQL,theta_r,m=gauss,l3_out,2,0,894.9880,631.0201566109397,20,28.1222,0,runs/spec_rnoise/off_rsc_iql_hopper_rgauss_seed2/r_r_hopper_eval.json
offline,RSC-IQL,RSC-IQL,theta_r,m=gauss,l1_anchor,2,0,696.2350,15.938752144148404,20,22.0154,0,runs/spec_rnoise/off_rsc_iql_hopper_rgauss_seed2/r_r_hopper_eval.json
offline,RSC-IQL,RSC-IQL,theta_r,m=gauss,l2_anchor,2,0,445.9976,3.4386515639131883,20,14.3266,0,runs/spec_rnoise/off_rsc_iql_hopper_rgauss_seed2/r_r_hopper_eval.json
offline,RSC-IQL,RSC-IQL,theta_r,m=gauss,l3_anchor,2,0,366.6509,59.987844434469444,20,11.8885,0,runs/spec_rnoise/off_rsc_iql_hopper_rgauss_seed2/r_r_hopper_eval.json
offline,RSC-IQL,RSC-IQL,theta_r,m=gauss,nominal,3407,1,2686.6830,876.6821644844181,20,83.1739,0,runs/spec_rnoise/off_rsc_iql_hopper_rgauss_seed3407/r_r_hopper_eval.json
offline,RSC-IQL,RSC-IQL,theta_r,m=gauss,l1_in,3407,0,2206.4743,1216.0716711926152,20,68.4190,0,runs/spec_rnoise/off_rsc_iql_hopper_rgauss_seed3407/r_r_hopper_eval.json
offline,RSC-IQL,RSC-IQL,theta_r,m=gauss,l1_out,3407,0,1686.0203,1382.0514547213704,20,52.4275,0,runs/spec_rnoise/off_rsc_iql_hopper_rgauss_seed3407/r_r_hopper_eval.json
offline,RSC-IQL,RSC-IQL,theta_r,m=gauss,l2_in,3407,0,1611.9878,1147.1798660445313,20,50.1528,0,runs/spec_rnoise/off_rsc_iql_hopper_rgauss_seed3407/r_r_hopper_eval.json
offline,RSC-IQL,RSC-IQL,theta_r,m=gauss,l2_out,3407,0,848.7068,702.6414498589008,20,26.7002,0,runs/spec_rnoise/off_rsc_iql_hopper_rgauss_seed3407/r_r_hopper_eval.json
offline,RSC-IQL,RSC-IQL,theta_r,m=gauss,l3_in,3407,0,1423.9051,878.0146198153075,20,44.3738,0,runs/spec_rnoise/off_rsc_iql_hopper_rgauss_seed3407/r_r_hopper_eval.json
offline,RSC-IQL,RSC-IQL,theta_r,m=gauss,l3_out,3407,0,1147.4240,561.2614024338659,20,35.8786,0,runs/spec_rnoise/off_rsc_iql_hopper_rgauss_seed3407/r_r_hopper_eval.json
offline,RSC-IQL,RSC-IQL,theta_r,m=gauss,l1_anchor,3407,0,691.8940,11.2798871371467,20,21.8820,0,runs/spec_rnoise/off_rsc_iql_hopper_rgauss_seed3407/r_r_hopper_eval.json
offline,RSC-IQL,RSC-IQL,theta_r,m=gauss,l2_anchor,3407,0,432.9216,1.4487704898794544,20,13.9248,0,runs/spec_rnoise/off_rsc_iql_hopper_rgauss_seed3407/r_r_hopper_eval.json
offline,RSC-IQL,RSC-IQL,theta_r,m=gauss,l3_anchor,3407,0,380.8331,31.566577875924853,20,12.3243,0,runs/spec_rnoise/off_rsc_iql_hopper_rgauss_seed3407/r_r_hopper_eval.json
offline,RSC-IQL,RSC-IQL,theta_r,m=gauss,nominal,42,1,1627.3045,178.7254574141616,20,50.6234,0,runs/spec_rnoise/off_rsc_iql_hopper_rgauss_seed42/r_r_hopper_eval.json
offline,RSC-IQL,RSC-IQL,theta_r,m=gauss,l1_in,42,0,1831.5802,1144.9519808751415,20,56.9000,0,runs/spec_rnoise/off_rsc_iql_hopper_rgauss_seed42/r_r_hopper_eval.json
offline,RSC-IQL,RSC-IQL,theta_r,m=gauss,l1_out,42,0,1303.0717,1116.4636546698555,20,40.6610,0,runs/spec_rnoise/off_rsc_iql_hopper_rgauss_seed42/r_r_hopper_eval.json
offline,RSC-IQL,RSC-IQL,theta_r,m=gauss,l2_in,42,0,1663.9971,1150.0138246804079,20,51.7508,0,runs/spec_rnoise/off_rsc_iql_hopper_rgauss_seed42/r_r_hopper_eval.json
offline,RSC-IQL,RSC-IQL,theta_r,m=gauss,l2_out,42,0,738.3134,372.88397015085354,20,23.3083,0,runs/spec_rnoise/off_rsc_iql_hopper_rgauss_seed42/r_r_hopper_eval.json
offline,RSC-IQL,RSC-IQL,theta_r,m=gauss,l3_in,42,0,1455.3154,658.1415285804328,20,45.3389,0,runs/spec_rnoise/off_rsc_iql_hopper_rgauss_seed42/r_r_hopper_eval.json
offline,RSC-IQL,RSC-IQL,theta_r,m=gauss,l3_out,42,0,1082.3550,629.1710956575805,20,33.8793,0,runs/spec_rnoise/off_rsc_iql_hopper_rgauss_seed42/r_r_hopper_eval.json
offline,RSC-IQL,RSC-IQL,theta_r,m=gauss,l1_anchor,42,0,674.6469,7.207884399078701,20,21.3520,0,runs/spec_rnoise/off_rsc_iql_hopper_rgauss_seed42/r_r_hopper_eval.json
offline,RSC-IQL,RSC-IQL,theta_r,m=gauss,l2_anchor,42,0,437.4374,2.5520648593092856,20,14.0635,0,runs/spec_rnoise/off_rsc_iql_hopper_rgauss_seed42/r_r_hopper_eval.json
offline,RSC-IQL,RSC-IQL,theta_r,m=gauss,l3_anchor,42,0,329.6698,75.22170812225959,20,10.7523,0,runs/spec_rnoise/off_rsc_iql_hopper_rgauss_seed42/r_r_hopper_eval.json
offline,RSC-IQL,RSC-IQL,theta_r,m=uniform,nominal,0,1,3538.5815,17.78116790648183,20,109.3494,0,runs/spec_rnoise/off_rsc_iql_hopper_runiform_seed0/r_r_hopper_eval.json
offline,RSC-IQL,RSC-IQL,theta_r,m=uniform,l1_in,0,0,2192.4695,1175.2390212620317,20,67.9887,0,runs/spec_rnoise/off_rsc_iql_hopper_runiform_seed0/r_r_hopper_eval.json
offline,RSC-IQL,RSC-IQL,theta_r,m=uniform,l1_out,0,0,1394.7209,1229.8414277063875,20,43.4770,0,runs/spec_rnoise/off_rsc_iql_hopper_runiform_seed0/r_r_hopper_eval.json
offline,RSC-IQL,RSC-IQL,theta_r,m=uniform,l2_in,0,0,1612.8340,1184.154010433277,20,50.1788,0,runs/spec_rnoise/off_rsc_iql_hopper_runiform_seed0/r_r_hopper_eval.json
offline,RSC-IQL,RSC-IQL,theta_r,m=uniform,l2_out,0,0,824.1469,788.4571071170383,20,25.9456,0,runs/spec_rnoise/off_rsc_iql_hopper_runiform_seed0/r_r_hopper_eval.json
offline,RSC-IQL,RSC-IQL,theta_r,m=uniform,l3_in,0,0,1357.0885,807.8942605331667,20,42.3208,0,runs/spec_rnoise/off_rsc_iql_hopper_runiform_seed0/r_r_hopper_eval.json
offline,RSC-IQL,RSC-IQL,theta_r,m=uniform,l3_out,0,0,952.5449,670.1438871775199,20,29.8907,0,runs/spec_rnoise/off_rsc_iql_hopper_runiform_seed0/r_r_hopper_eval.json
offline,RSC-IQL,RSC-IQL,theta_r,m=uniform,l1_anchor,0,0,701.7266,10.483679183649414,20,22.1841,0,runs/spec_rnoise/off_rsc_iql_hopper_runiform_seed0/r_r_hopper_eval.json
offline,RSC-IQL,RSC-IQL,theta_r,m=uniform,l2_anchor,0,0,229.6532,1.3616859629562457,20,7.6791,0,runs/spec_rnoise/off_rsc_iql_hopper_runiform_seed0/r_r_hopper_eval.json
offline,RSC-IQL,RSC-IQL,theta_r,m=uniform,l3_anchor,0,0,230.0244,7.267511187429787,20,7.6906,0,runs/spec_rnoise/off_rsc_iql_hopper_runiform_seed0/r_r_hopper_eval.json
offline,RSC-IQL,RSC-IQL,theta_r,m=uniform,nominal,1,1,3071.0961,756.8358071436688,20,94.9854,0,runs/spec_rnoise/off_rsc_iql_hopper_runiform_seed1/r_r_hopper_eval.json
offline,RSC-IQL,RSC-IQL,theta_r,m=uniform,l1_in,1,0,2190.9892,1204.418225816867,20,67.9432,0,runs/spec_rnoise/off_rsc_iql_hopper_runiform_seed1/r_r_hopper_eval.json
offline,RSC-IQL,RSC-IQL,theta_r,m=uniform,l1_out,1,0,1419.4668,1203.3952028278843,20,44.2374,0,runs/spec_rnoise/off_rsc_iql_hopper_runiform_seed1/r_r_hopper_eval.json
offline,RSC-IQL,RSC-IQL,theta_r,m=uniform,l2_in,1,0,1623.3261,1134.1132937019115,20,50.5012,0,runs/spec_rnoise/off_rsc_iql_hopper_runiform_seed1/r_r_hopper_eval.json
offline,RSC-IQL,RSC-IQL,theta_r,m=uniform,l2_out,1,0,929.2797,933.9139651491977,20,29.1759,0,runs/spec_rnoise/off_rsc_iql_hopper_runiform_seed1/r_r_hopper_eval.json
offline,RSC-IQL,RSC-IQL,theta_r,m=uniform,l3_in,1,0,1185.5930,402.5946098827926,20,37.0514,0,runs/spec_rnoise/off_rsc_iql_hopper_runiform_seed1/r_r_hopper_eval.json
offline,RSC-IQL,RSC-IQL,theta_r,m=uniform,l3_out,1,0,877.4062,707.31078960227,20,27.5820,0,runs/spec_rnoise/off_rsc_iql_hopper_runiform_seed1/r_r_hopper_eval.json
offline,RSC-IQL,RSC-IQL,theta_r,m=uniform,l1_anchor,1,0,686.6744,21.34709917194345,20,21.7216,0,runs/spec_rnoise/off_rsc_iql_hopper_runiform_seed1/r_r_hopper_eval.json
offline,RSC-IQL,RSC-IQL,theta_r,m=uniform,l2_anchor,1,0,245.8283,1.5063433570495914,20,8.1761,0,runs/spec_rnoise/off_rsc_iql_hopper_runiform_seed1/r_r_hopper_eval.json
offline,RSC-IQL,RSC-IQL,theta_r,m=uniform,l3_anchor,1,0,235.1307,10.259793053149101,20,7.8474,0,runs/spec_rnoise/off_rsc_iql_hopper_runiform_seed1/r_r_hopper_eval.json
offline,RSC-IQL,RSC-IQL,theta_r,m=uniform,nominal,2,1,1450.8173,86.91524447772768,20,45.2007,0,runs/spec_rnoise/off_rsc_iql_hopper_runiform_seed2/r_r_hopper_eval.json
offline,RSC-IQL,RSC-IQL,theta_r,m=uniform,l1_in,2,0,1802.3768,1168.458074088838,20,56.0027,0,runs/spec_rnoise/off_rsc_iql_hopper_runiform_seed2/r_r_hopper_eval.json
offline,RSC-IQL,RSC-IQL,theta_r,m=uniform,l1_out,2,0,1351.4448,1100.422638054601,20,42.1473,0,runs/spec_rnoise/off_rsc_iql_hopper_runiform_seed2/r_r_hopper_eval.json
offline,RSC-IQL,RSC-IQL,theta_r,m=uniform,l2_in,2,0,1418.8292,995.5134294204998,20,44.2178,0,runs/spec_rnoise/off_rsc_iql_hopper_runiform_seed2/r_r_hopper_eval.json
offline,RSC-IQL,RSC-IQL,theta_r,m=uniform,l2_out,2,0,959.0345,919.6259454256752,20,30.0901,0,runs/spec_rnoise/off_rsc_iql_hopper_runiform_seed2/r_r_hopper_eval.json
offline,RSC-IQL,RSC-IQL,theta_r,m=uniform,l3_in,2,0,1359.3621,489.802873579217,20,42.3906,0,runs/spec_rnoise/off_rsc_iql_hopper_runiform_seed2/r_r_hopper_eval.json
offline,RSC-IQL,RSC-IQL,theta_r,m=uniform,l3_out,2,0,773.5294,655.1687181596785,20,24.3903,0,runs/spec_rnoise/off_rsc_iql_hopper_runiform_seed2/r_r_hopper_eval.json
offline,RSC-IQL,RSC-IQL,theta_r,m=uniform,l1_anchor,2,0,597.0007,2.3857270244842352,20,18.9663,0,runs/spec_rnoise/off_rsc_iql_hopper_runiform_seed2/r_r_hopper_eval.json
offline,RSC-IQL,RSC-IQL,theta_r,m=uniform,l2_anchor,2,0,379.7834,1.6295714567991908,20,12.2921,0,runs/spec_rnoise/off_rsc_iql_hopper_runiform_seed2/r_r_hopper_eval.json
offline,RSC-IQL,RSC-IQL,theta_r,m=uniform,l3_anchor,2,0,365.6624,7.62458981902635,20,11.8582,0,runs/spec_rnoise/off_rsc_iql_hopper_runiform_seed2/r_r_hopper_eval.json
offline,RSC-IQL,RSC-IQL,theta_r,m=uniform,nominal,3407,1,3538.0173,19.897388607103316,20,109.3320,0,runs/spec_rnoise/off_rsc_iql_hopper_runiform_seed3407/r_r_hopper_eval.json
offline,RSC-IQL,RSC-IQL,theta_r,m=uniform,l1_in,3407,0,2249.8887,1091.8988453129937,20,69.7530,0,runs/spec_rnoise/off_rsc_iql_hopper_runiform_seed3407/r_r_hopper_eval.json
offline,RSC-IQL,RSC-IQL,theta_r,m=uniform,l1_out,3407,0,1447.1589,1207.3424140126879,20,45.0883,0,runs/spec_rnoise/off_rsc_iql_hopper_runiform_seed3407/r_r_hopper_eval.json
offline,RSC-IQL,RSC-IQL,theta_r,m=uniform,l2_in,3407,0,1443.6642,1056.9733589212406,20,44.9809,0,runs/spec_rnoise/off_rsc_iql_hopper_runiform_seed3407/r_r_hopper_eval.json
offline,RSC-IQL,RSC-IQL,theta_r,m=uniform,l2_out,3407,0,934.2778,909.7903704128871,20,29.3295,0,runs/spec_rnoise/off_rsc_iql_hopper_runiform_seed3407/r_r_hopper_eval.json
offline,RSC-IQL,RSC-IQL,theta_r,m=uniform,l3_in,3407,0,1468.0706,624.9533841908233,20,45.7308,0,runs/spec_rnoise/off_rsc_iql_hopper_runiform_seed3407/r_r_hopper_eval.json
offline,RSC-IQL,RSC-IQL,theta_r,m=uniform,l3_out,3407,0,917.1339,700.796631266287,20,28.8027,0,runs/spec_rnoise/off_rsc_iql_hopper_runiform_seed3407/r_r_hopper_eval.json
offline,RSC-IQL,RSC-IQL,theta_r,m=uniform,l1_anchor,3407,0,773.8067,10.572623753614184,20,24.3988,0,runs/spec_rnoise/off_rsc_iql_hopper_runiform_seed3407/r_r_hopper_eval.json
offline,RSC-IQL,RSC-IQL,theta_r,m=uniform,l2_anchor,3407,0,473.0069,2.667929075476144,20,15.1564,0,runs/spec_rnoise/off_rsc_iql_hopper_runiform_seed3407/r_r_hopper_eval.json
offline,RSC-IQL,RSC-IQL,theta_r,m=uniform,l3_anchor,3407,0,426.7984,32.26050319309876,20,13.7366,0,runs/spec_rnoise/off_rsc_iql_hopper_runiform_seed3407/r_r_hopper_eval.json
offline,RSC-IQL,RSC-IQL,theta_r,m=uniform,nominal,42,1,3545.7554,10.98921616706363,20,109.5698,0,runs/spec_rnoise/off_rsc_iql_hopper_runiform_seed42/r_r_hopper_eval.json
offline,RSC-IQL,RSC-IQL,theta_r,m=uniform,l1_in,42,0,2482.2570,1213.6855443193149,20,76.8927,0,runs/spec_rnoise/off_rsc_iql_hopper_runiform_seed42/r_r_hopper_eval.json
offline,RSC-IQL,RSC-IQL,theta_r,m=uniform,l1_out,42,0,1528.3704,1208.456166357123,20,47.5836,0,runs/spec_rnoise/off_rsc_iql_hopper_runiform_seed42/r_r_hopper_eval.json
offline,RSC-IQL,RSC-IQL,theta_r,m=uniform,l2_in,42,0,1831.7993,1164.072020018595,20,56.9067,0,runs/spec_rnoise/off_rsc_iql_hopper_runiform_seed42/r_r_hopper_eval.json
offline,RSC-IQL,RSC-IQL,theta_r,m=uniform,l2_out,42,0,1020.1134,959.6431251175014,20,31.9668,0,runs/spec_rnoise/off_rsc_iql_hopper_runiform_seed42/r_r_hopper_eval.json
offline,RSC-IQL,RSC-IQL,theta_r,m=uniform,l3_in,42,0,1489.5948,653.0105840236401,20,46.3921,0,runs/spec_rnoise/off_rsc_iql_hopper_runiform_seed42/r_r_hopper_eval.json
offline,RSC-IQL,RSC-IQL,theta_r,m=uniform,l3_out,42,0,843.1892,783.5579299871611,20,26.5307,0,runs/spec_rnoise/off_rsc_iql_hopper_runiform_seed42/r_r_hopper_eval.json
offline,RSC-IQL,RSC-IQL,theta_r,m=uniform,l1_anchor,42,0,800.6173,10.26646952711822,20,25.2226,0,runs/spec_rnoise/off_rsc_iql_hopper_runiform_seed42/r_r_hopper_eval.json
offline,RSC-IQL,RSC-IQL,theta_r,m=uniform,l2_anchor,42,0,474.9176,4.038186024829143,20,15.2151,0,runs/spec_rnoise/off_rsc_iql_hopper_runiform_seed42/r_r_hopper_eval.json
offline,RSC-IQL,RSC-IQL,theta_r,m=uniform,l3_anchor,42,0,414.7726,31.233557281247226,20,13.3671,0,runs/spec_rnoise/off_rsc_iql_hopper_runiform_seed42/r_r_hopper_eval.json
offline,RSC-IQL,RSC-IQL,theta_r,m=shift,nominal,0,1,3488.2359,288.3398367792607,20,107.8024,0,runs/spec_rnoise/off_rsc_iql_hopper_rshift_seed0/r_r_hopper_eval.json
offline,RSC-IQL,RSC-IQL,theta_r,m=shift,l1_in,0,0,2216.5650,1225.2474785204915,20,68.7290,0,runs/spec_rnoise/off_rsc_iql_hopper_rshift_seed0/r_r_hopper_eval.json
offline,RSC-IQL,RSC-IQL,theta_r,m=shift,l1_out,0,0,1678.4004,1358.540447269399,20,52.1934,0,runs/spec_rnoise/off_rsc_iql_hopper_rshift_seed0/r_r_hopper_eval.json
offline,RSC-IQL,RSC-IQL,theta_r,m=shift,l2_in,0,0,1674.5790,1102.7581328155131,20,52.0760,0,runs/spec_rnoise/off_rsc_iql_hopper_rshift_seed0/r_r_hopper_eval.json
offline,RSC-IQL,RSC-IQL,theta_r,m=shift,l2_out,0,0,946.2063,932.6387468277615,20,29.6960,0,runs/spec_rnoise/off_rsc_iql_hopper_rshift_seed0/r_r_hopper_eval.json
offline,RSC-IQL,RSC-IQL,theta_r,m=shift,l3_in,0,0,1369.2793,537.5821876325545,20,42.6953,0,runs/spec_rnoise/off_rsc_iql_hopper_rshift_seed0/r_r_hopper_eval.json
offline,RSC-IQL,RSC-IQL,theta_r,m=shift,l3_out,0,0,798.4317,707.2314346915156,20,25.1554,0,runs/spec_rnoise/off_rsc_iql_hopper_rshift_seed0/r_r_hopper_eval.json
offline,RSC-IQL,RSC-IQL,theta_r,m=shift,l1_anchor,0,0,699.4663,13.296948890178403,20,22.1146,0,runs/spec_rnoise/off_rsc_iql_hopper_rshift_seed0/r_r_hopper_eval.json
offline,RSC-IQL,RSC-IQL,theta_r,m=shift,l2_anchor,0,0,240.4671,1.4483718085544168,20,8.0114,0,runs/spec_rnoise/off_rsc_iql_hopper_rshift_seed0/r_r_hopper_eval.json
offline,RSC-IQL,RSC-IQL,theta_r,m=shift,l3_anchor,0,0,341.3581,69.86435319563769,20,11.1114,0,runs/spec_rnoise/off_rsc_iql_hopper_rshift_seed0/r_r_hopper_eval.json
offline,RSC-IQL,RSC-IQL,theta_r,m=shift,nominal,1,1,3534.3203,13.144672736213144,20,109.2184,0,runs/spec_rnoise/off_rsc_iql_hopper_rshift_seed1/r_r_hopper_eval.json
offline,RSC-IQL,RSC-IQL,theta_r,m=shift,l1_in,1,0,2383.5121,1170.917727621396,20,73.8587,0,runs/spec_rnoise/off_rsc_iql_hopper_rshift_seed1/r_r_hopper_eval.json
offline,RSC-IQL,RSC-IQL,theta_r,m=shift,l1_out,1,0,1427.5448,1208.9621893020094,20,44.4856,0,runs/spec_rnoise/off_rsc_iql_hopper_rshift_seed1/r_r_hopper_eval.json
offline,RSC-IQL,RSC-IQL,theta_r,m=shift,l2_in,1,0,1615.4048,1136.1570645856125,20,50.2578,0,runs/spec_rnoise/off_rsc_iql_hopper_rshift_seed1/r_r_hopper_eval.json
offline,RSC-IQL,RSC-IQL,theta_r,m=shift,l2_out,1,0,934.7671,927.0524074748173,20,29.3445,0,runs/spec_rnoise/off_rsc_iql_hopper_rshift_seed1/r_r_hopper_eval.json
offline,RSC-IQL,RSC-IQL,theta_r,m=shift,l3_in,1,0,1319.0879,540.608539927019,20,41.1531,0,runs/spec_rnoise/off_rsc_iql_hopper_rshift_seed1/r_r_hopper_eval.json
offline,RSC-IQL,RSC-IQL,theta_r,m=shift,l3_out,1,0,890.4843,675.8254678866066,20,27.9839,0,runs/spec_rnoise/off_rsc_iql_hopper_rshift_seed1/r_r_hopper_eval.json
offline,RSC-IQL,RSC-IQL,theta_r,m=shift,l1_anchor,1,0,656.2906,7.9320022698162,20,20.7880,0,runs/spec_rnoise/off_rsc_iql_hopper_rshift_seed1/r_r_hopper_eval.json
offline,RSC-IQL,RSC-IQL,theta_r,m=shift,l2_anchor,1,0,402.8370,1.5486178148748668,20,13.0004,0,runs/spec_rnoise/off_rsc_iql_hopper_rshift_seed1/r_r_hopper_eval.json
offline,RSC-IQL,RSC-IQL,theta_r,m=shift,l3_anchor,1,0,353.0712,74.27193225906466,20,11.4713,0,runs/spec_rnoise/off_rsc_iql_hopper_rshift_seed1/r_r_hopper_eval.json
offline,RSC-IQL,RSC-IQL,theta_r,m=shift,nominal,2,1,3556.4621,18.029392279898154,20,109.8988,0,runs/spec_rnoise/off_rsc_iql_hopper_rshift_seed2/r_r_hopper_eval.json
offline,RSC-IQL,RSC-IQL,theta_r,m=shift,l1_in,2,0,2389.8346,1187.5279757558026,20,74.0529,0,runs/spec_rnoise/off_rsc_iql_hopper_rshift_seed2/r_r_hopper_eval.json
offline,RSC-IQL,RSC-IQL,theta_r,m=shift,l1_out,2,0,1444.8931,1223.5900845025003,20,45.0186,0,runs/spec_rnoise/off_rsc_iql_hopper_rshift_seed2/r_r_hopper_eval.json
offline,RSC-IQL,RSC-IQL,theta_r,m=shift,l2_in,2,0,1844.3752,1193.4965072354264,20,57.2931,0,runs/spec_rnoise/off_rsc_iql_hopper_rshift_seed2/r_r_hopper_eval.json
offline,RSC-IQL,RSC-IQL,theta_r,m=shift,l2_out,2,0,956.4480,907.6212944493632,20,30.0107,0,runs/spec_rnoise/off_rsc_iql_hopper_rshift_seed2/r_r_hopper_eval.json
offline,RSC-IQL,RSC-IQL,theta_r,m=shift,l3_in,2,0,1415.0214,690.4524921903619,20,44.1008,0,runs/spec_rnoise/off_rsc_iql_hopper_rshift_seed2/r_r_hopper_eval.json
offline,RSC-IQL,RSC-IQL,theta_r,m=shift,l3_out,2,0,699.9813,539.339207176094,20,22.1305,0,runs/spec_rnoise/off_rsc_iql_hopper_rshift_seed2/r_r_hopper_eval.json
offline,RSC-IQL,RSC-IQL,theta_r,m=shift,l1_anchor,2,0,680.3405,32.930178183788094,20,21.5270,0,runs/spec_rnoise/off_rsc_iql_hopper_rshift_seed2/r_r_hopper_eval.json
offline,RSC-IQL,RSC-IQL,theta_r,m=shift,l2_anchor,2,0,419.3918,3.9617996281974843,20,13.5091,0,runs/spec_rnoise/off_rsc_iql_hopper_rshift_seed2/r_r_hopper_eval.json
offline,RSC-IQL,RSC-IQL,theta_r,m=shift,l3_anchor,2,0,381.0610,21.833069530340662,20,12.3313,0,runs/spec_rnoise/off_rsc_iql_hopper_rshift_seed2/r_r_hopper_eval.json
offline,RSC-IQL,RSC-IQL,theta_r,m=shift,nominal,3407,1,3502.3457,26.601374567773775,20,108.2360,0,runs/spec_rnoise/off_rsc_iql_hopper_rshift_seed3407/r_r_hopper_eval.json
offline,RSC-IQL,RSC-IQL,theta_r,m=shift,l1_in,3407,0,2543.3379,1127.6244809640284,20,78.7695,0,runs/spec_rnoise/off_rsc_iql_hopper_rshift_seed3407/r_r_hopper_eval.json
offline,RSC-IQL,RSC-IQL,theta_r,m=shift,l1_out,3407,0,1576.7266,1247.538263098893,20,49.0694,0,runs/spec_rnoise/off_rsc_iql_hopper_rshift_seed3407/r_r_hopper_eval.json
offline,RSC-IQL,RSC-IQL,theta_r,m=shift,l2_in,3407,0,1536.0208,1017.1330993964772,20,47.8186,0,runs/spec_rnoise/off_rsc_iql_hopper_rshift_seed3407/r_r_hopper_eval.json
offline,RSC-IQL,RSC-IQL,theta_r,m=shift,l2_out,3407,0,1070.7684,1057.5027644879062,20,33.5233,0,runs/spec_rnoise/off_rsc_iql_hopper_rshift_seed3407/r_r_hopper_eval.json
offline,RSC-IQL,RSC-IQL,theta_r,m=shift,l3_in,3407,0,1369.5146,604.7018344343479,20,42.7026,0,runs/spec_rnoise/off_rsc_iql_hopper_rshift_seed3407/r_r_hopper_eval.json
offline,RSC-IQL,RSC-IQL,theta_r,m=shift,l3_out,3407,0,1069.0727,729.7154438867209,20,33.4712,0,runs/spec_rnoise/off_rsc_iql_hopper_rshift_seed3407/r_r_hopper_eval.json
offline,RSC-IQL,RSC-IQL,theta_r,m=shift,l1_anchor,3407,0,781.7379,17.268942686924024,20,24.6425,0,runs/spec_rnoise/off_rsc_iql_hopper_rshift_seed3407/r_r_hopper_eval.json
offline,RSC-IQL,RSC-IQL,theta_r,m=shift,l2_anchor,3407,0,456.6076,2.041831467973759,20,14.6526,0,runs/spec_rnoise/off_rsc_iql_hopper_rshift_seed3407/r_r_hopper_eval.json
offline,RSC-IQL,RSC-IQL,theta_r,m=shift,l3_anchor,3407,0,398.7893,25.588987197541556,20,12.8760,0,runs/spec_rnoise/off_rsc_iql_hopper_rshift_seed3407/r_r_hopper_eval.json
offline,RSC-IQL,RSC-IQL,theta_r,m=shift,nominal,42,1,3540.9354,5.7985881660842225,20,109.4217,0,runs/spec_rnoise/off_rsc_iql_hopper_rshift_seed42/r_r_hopper_eval.json
offline,RSC-IQL,RSC-IQL,theta_r,m=shift,l1_in,42,0,2385.4335,1163.5163064538128,20,73.9177,0,runs/spec_rnoise/off_rsc_iql_hopper_rshift_seed42/r_r_hopper_eval.json
offline,RSC-IQL,RSC-IQL,theta_r,m=shift,l1_out,42,0,1324.6171,1097.0375819255114,20,41.3230,0,runs/spec_rnoise/off_rsc_iql_hopper_rshift_seed42/r_r_hopper_eval.json
offline,RSC-IQL,RSC-IQL,theta_r,m=shift,l2_in,42,0,1731.8340,1182.1968736035706,20,53.8352,0,runs/spec_rnoise/off_rsc_iql_hopper_rshift_seed42/r_r_hopper_eval.json
offline,RSC-IQL,RSC-IQL,theta_r,m=shift,l2_out,42,0,963.4469,899.7020262220716,20,30.2257,0,runs/spec_rnoise/off_rsc_iql_hopper_rshift_seed42/r_r_hopper_eval.json
offline,RSC-IQL,RSC-IQL,theta_r,m=shift,l3_in,42,0,1400.2471,673.4004083537501,20,43.6468,0,runs/spec_rnoise/off_rsc_iql_hopper_rshift_seed42/r_r_hopper_eval.json
offline,RSC-IQL,RSC-IQL,theta_r,m=shift,l3_out,42,0,1011.2707,575.3582050120639,20,31.6951,0,runs/spec_rnoise/off_rsc_iql_hopper_rshift_seed42/r_r_hopper_eval.json
offline,RSC-IQL,RSC-IQL,theta_r,m=shift,l1_anchor,42,0,702.2131,13.926774573082993,20,22.1990,0,runs/spec_rnoise/off_rsc_iql_hopper_rshift_seed42/r_r_hopper_eval.json
offline,RSC-IQL,RSC-IQL,theta_r,m=shift,l2_anchor,42,0,436.2148,2.716115573606175,20,14.0260,0,runs/spec_rnoise/off_rsc_iql_hopper_rshift_seed42/r_r_hopper_eval.json
offline,RSC-IQL,RSC-IQL,theta_r,m=shift,l3_anchor,42,0,379.4289,11.15142394684277,20,12.2812,0,runs/spec_rnoise/off_rsc_iql_hopper_rshift_seed42/r_r_hopper_eval.json
offline,RSC-IQL,RSC-IQL,theta_tau_credit,k=4,nominal,0,1,3568.9434,26.517241967045166,20,110.2823,0,runs/spec_rdelay/off_rsc_iql_hopper_k4_seed0/r_r_hopper_eval.json
offline,RSC-IQL,RSC-IQL,theta_tau_credit,k=4,l1_in,0,0,2090.1397,1208.5462466106394,20,64.8445,0,runs/spec_rdelay/off_rsc_iql_hopper_k4_seed0/r_r_hopper_eval.json
offline,RSC-IQL,RSC-IQL,theta_tau_credit,k=4,l1_out,0,0,1443.9500,1247.6156345864893,20,44.9897,0,runs/spec_rdelay/off_rsc_iql_hopper_k4_seed0/r_r_hopper_eval.json
offline,RSC-IQL,RSC-IQL,theta_tau_credit,k=4,l2_in,0,0,1608.4085,1176.8797750058045,20,50.0428,0,runs/spec_rdelay/off_rsc_iql_hopper_k4_seed0/r_r_hopper_eval.json
offline,RSC-IQL,RSC-IQL,theta_tau_credit,k=4,l2_out,0,0,853.7879,790.0952242179601,20,26.8563,0,runs/spec_rdelay/off_rsc_iql_hopper_k4_seed0/r_r_hopper_eval.json
offline,RSC-IQL,RSC-IQL,theta_tau_credit,k=4,l3_in,0,0,1201.9427,525.5787294439284,20,37.5537,0,runs/spec_rdelay/off_rsc_iql_hopper_k4_seed0/r_r_hopper_eval.json
offline,RSC-IQL,RSC-IQL,theta_tau_credit,k=4,l3_out,0,0,873.6870,416.72815684065665,20,27.4677,0,runs/spec_rdelay/off_rsc_iql_hopper_k4_seed0/r_r_hopper_eval.json
offline,RSC-IQL,RSC-IQL,theta_tau_credit,k=4,l1_anchor,0,0,601.7406,3.033965822349194,20,19.1119,0,runs/spec_rdelay/off_rsc_iql_hopper_k4_seed0/r_r_hopper_eval.json
offline,RSC-IQL,RSC-IQL,theta_tau_credit,k=4,l2_anchor,0,0,440.8360,2.5409623920898143,20,14.1680,0,runs/spec_rdelay/off_rsc_iql_hopper_k4_seed0/r_r_hopper_eval.json
offline,RSC-IQL,RSC-IQL,theta_tau_credit,k=4,l3_anchor,0,0,411.5044,123.55017583936625,20,13.2667,0,runs/spec_rdelay/off_rsc_iql_hopper_k4_seed0/r_r_hopper_eval.json
offline,RSC-IQL,RSC-IQL,theta_tau_credit,k=4,nominal,1,1,3591.8675,17.791784697150543,20,110.9866,0,runs/spec_rdelay/off_rsc_iql_hopper_k4_seed1/r_r_hopper_eval.json
offline,RSC-IQL,RSC-IQL,theta_tau_credit,k=4,l1_in,1,0,2321.1068,1150.0824800701441,20,71.9412,0,runs/spec_rdelay/off_rsc_iql_hopper_k4_seed1/r_r_hopper_eval.json
offline,RSC-IQL,RSC-IQL,theta_tau_credit,k=4,l1_out,1,0,1537.1426,1321.2976267627462,20,47.8531,0,runs/spec_rdelay/off_rsc_iql_hopper_k4_seed1/r_r_hopper_eval.json
offline,RSC-IQL,RSC-IQL,theta_tau_credit,k=4,l2_in,1,0,1776.0016,1184.7519851366546,20,55.1923,0,runs/spec_rdelay/off_rsc_iql_hopper_k4_seed1/r_r_hopper_eval.json
offline,RSC-IQL,RSC-IQL,theta_tau_credit,k=4,l2_out,1,0,947.8198,922.6199280374931,20,29.7456,0,runs/spec_rdelay/off_rsc_iql_hopper_k4_seed1/r_r_hopper_eval.json
offline,RSC-IQL,RSC-IQL,theta_tau_credit,k=4,l3_in,1,0,1530.0990,828.9060577633101,20,47.6367,0,runs/spec_rdelay/off_rsc_iql_hopper_k4_seed1/r_r_hopper_eval.json
offline,RSC-IQL,RSC-IQL,theta_tau_credit,k=4,l3_out,1,0,834.4813,557.6908714086564,20,26.2631,0,runs/spec_rdelay/off_rsc_iql_hopper_k4_seed1/r_r_hopper_eval.json
offline,RSC-IQL,RSC-IQL,theta_tau_credit,k=4,l1_anchor,1,0,612.9711,4.445821391061258,20,19.4570,0,runs/spec_rdelay/off_rsc_iql_hopper_k4_seed1/r_r_hopper_eval.json
offline,RSC-IQL,RSC-IQL,theta_tau_credit,k=4,l2_anchor,1,0,404.0289,2.8884464052607854,20,13.0370,0,runs/spec_rdelay/off_rsc_iql_hopper_k4_seed1/r_r_hopper_eval.json
offline,RSC-IQL,RSC-IQL,theta_tau_credit,k=4,l3_anchor,1,0,367.4534,23.15258465726514,20,11.9132,0,runs/spec_rdelay/off_rsc_iql_hopper_k4_seed1/r_r_hopper_eval.json
offline,RSC-IQL,RSC-IQL,theta_tau_credit,k=4,nominal,2,1,3576.4187,21.389822127043278,20,110.5119,0,runs/spec_rdelay/off_rsc_iql_hopper_k4_seed2/r_r_hopper_eval.json
offline,RSC-IQL,RSC-IQL,theta_tau_credit,k=4,l1_in,2,0,2353.6157,1234.578469915339,20,72.9401,0,runs/spec_rdelay/off_rsc_iql_hopper_k4_seed2/r_r_hopper_eval.json
offline,RSC-IQL,RSC-IQL,theta_tau_credit,k=4,l1_out,2,0,1679.4407,1342.0911160344253,20,52.2254,0,runs/spec_rdelay/off_rsc_iql_hopper_k4_seed2/r_r_hopper_eval.json
offline,RSC-IQL,RSC-IQL,theta_tau_credit,k=4,l2_in,2,0,1644.9280,1094.1704445561618,20,51.1649,0,runs/spec_rdelay/off_rsc_iql_hopper_k4_seed2/r_r_hopper_eval.json
offline,RSC-IQL,RSC-IQL,theta_tau_credit,k=4,l2_out,2,0,918.9313,932.2574574273109,20,28.8579,0,runs/spec_rdelay/off_rsc_iql_hopper_k4_seed2/r_r_hopper_eval.json
offline,RSC-IQL,RSC-IQL,theta_tau_credit,k=4,l3_in,2,0,1421.6972,744.3834125088741,20,44.3059,0,runs/spec_rdelay/off_rsc_iql_hopper_k4_seed2/r_r_hopper_eval.json
offline,RSC-IQL,RSC-IQL,theta_tau_credit,k=4,l3_out,2,0,1111.1136,679.699292224739,20,34.7629,0,runs/spec_rdelay/off_rsc_iql_hopper_k4_seed2/r_r_hopper_eval.json
offline,RSC-IQL,RSC-IQL,theta_tau_credit,k=4,l1_anchor,2,0,656.4908,19.412477042270943,20,20.7942,0,runs/spec_rdelay/off_rsc_iql_hopper_k4_seed2/r_r_hopper_eval.json
offline,RSC-IQL,RSC-IQL,theta_tau_credit,k=4,l2_anchor,2,0,288.1391,71.5396790577108,20,9.4762,0,runs/spec_rdelay/off_rsc_iql_hopper_k4_seed2/r_r_hopper_eval.json
offline,RSC-IQL,RSC-IQL,theta_tau_credit,k=4,l3_anchor,2,0,292.3966,56.86829855015291,20,9.6070,0,runs/spec_rdelay/off_rsc_iql_hopper_k4_seed2/r_r_hopper_eval.json
offline,RSC-IQL,RSC-IQL,theta_tau_credit,k=4,nominal,3407,1,3566.2839,23.705322850251907,20,110.2005,0,runs/spec_rdelay/off_rsc_iql_hopper_k4_seed3407/r_r_hopper_eval.json
offline,RSC-IQL,RSC-IQL,theta_tau_credit,k=4,l1_in,3407,0,2407.7276,1159.4892527788716,20,74.6027,0,runs/spec_rdelay/off_rsc_iql_hopper_k4_seed3407/r_r_hopper_eval.json
offline,RSC-IQL,RSC-IQL,theta_tau_credit,k=4,l1_out,3407,0,1673.7600,1329.446759567244,20,52.0508,0,runs/spec_rdelay/off_rsc_iql_hopper_k4_seed3407/r_r_hopper_eval.json
offline,RSC-IQL,RSC-IQL,theta_tau_credit,k=4,l2_in,3407,0,1557.8009,1009.4864566834476,20,48.4878,0,runs/spec_rdelay/off_rsc_iql_hopper_k4_seed3407/r_r_hopper_eval.json
offline,RSC-IQL,RSC-IQL,theta_tau_credit,k=4,l2_out,3407,0,988.2864,924.4186046988943,20,30.9889,0,runs/spec_rdelay/off_rsc_iql_hopper_k4_seed3407/r_r_hopper_eval.json
offline,RSC-IQL,RSC-IQL,theta_tau_credit,k=4,l3_in,3407,0,1434.6504,788.6529539372443,20,44.7039,0,runs/spec_rdelay/off_rsc_iql_hopper_k4_seed3407/r_r_hopper_eval.json
offline,RSC-IQL,RSC-IQL,theta_tau_credit,k=4,l3_out,3407,0,998.2653,676.4851947642977,20,31.2955,0,runs/spec_rdelay/off_rsc_iql_hopper_k4_seed3407/r_r_hopper_eval.json
offline,RSC-IQL,RSC-IQL,theta_tau_credit,k=4,l1_anchor,3407,0,753.2098,12.860413390462393,20,23.7660,0,runs/spec_rdelay/off_rsc_iql_hopper_k4_seed3407/r_r_hopper_eval.json
offline,RSC-IQL,RSC-IQL,theta_tau_credit,k=4,l2_anchor,3407,0,457.5776,2.7530104125195476,20,14.6824,0,runs/spec_rdelay/off_rsc_iql_hopper_k4_seed3407/r_r_hopper_eval.json
offline,RSC-IQL,RSC-IQL,theta_tau_credit,k=4,l3_anchor,3407,0,249.4651,10.798387721809805,20,8.2879,0,runs/spec_rdelay/off_rsc_iql_hopper_k4_seed3407/r_r_hopper_eval.json
offline,RSC-IQL,RSC-IQL,theta_tau_credit,k=4,nominal,42,1,3555.8787,13.861099578917461,20,109.8808,0,runs/spec_rdelay/off_rsc_iql_hopper_k4_seed42/r_r_hopper_eval.json
offline,RSC-IQL,RSC-IQL,theta_tau_credit,k=4,l1_in,42,0,2407.0549,1172.227190840957,20,74.5820,0,runs/spec_rdelay/off_rsc_iql_hopper_k4_seed42/r_r_hopper_eval.json
offline,RSC-IQL,RSC-IQL,theta_tau_credit,k=4,l1_out,42,0,1541.7066,1251.346033105126,20,47.9933,0,runs/spec_rdelay/off_rsc_iql_hopper_k4_seed42/r_r_hopper_eval.json
offline,RSC-IQL,RSC-IQL,theta_tau_credit,k=4,l2_in,42,0,1885.2235,1253.1542375019908,20,58.5482,0,runs/spec_rdelay/off_rsc_iql_hopper_k4_seed42/r_r_hopper_eval.json
offline,RSC-IQL,RSC-IQL,theta_tau_credit,k=4,l2_out,42,0,962.5208,905.8208604664866,20,30.1973,0,runs/spec_rdelay/off_rsc_iql_hopper_k4_seed42/r_r_hopper_eval.json
offline,RSC-IQL,RSC-IQL,theta_tau_credit,k=4,l3_in,42,0,1483.1045,600.2618475272085,20,46.1927,0,runs/spec_rdelay/off_rsc_iql_hopper_k4_seed42/r_r_hopper_eval.json
offline,RSC-IQL,RSC-IQL,theta_tau_credit,k=4,l3_out,42,0,795.4026,734.9902204019345,20,25.0624,0,runs/spec_rdelay/off_rsc_iql_hopper_k4_seed42/r_r_hopper_eval.json
offline,RSC-IQL,RSC-IQL,theta_tau_credit,k=4,l1_anchor,42,0,681.6050,21.274843316331445,20,21.5658,0,runs/spec_rdelay/off_rsc_iql_hopper_k4_seed42/r_r_hopper_eval.json
offline,RSC-IQL,RSC-IQL,theta_tau_credit,k=4,l2_anchor,42,0,437.2995,3.803092719267648,20,14.0593,0,runs/spec_rdelay/off_rsc_iql_hopper_k4_seed42/r_r_hopper_eval.json
offline,RSC-IQL,RSC-IQL,theta_tau_credit,k=4,l3_anchor,42,0,376.7134,9.800204534539397,20,12.1977,0,runs/spec_rdelay/off_rsc_iql_hopper_k4_seed42/r_r_hopper_eval.json
offline,RSC-IQL,RSC-IQL,theta_tau_credit,k=16,nominal,0,1,3583.9231,20.49881739672869,20,110.7425,0,runs/spec_rdelay/off_rsc_iql_hopper_k16_seed0/r_r_hopper_eval.json
offline,RSC-IQL,RSC-IQL,theta_tau_credit,k=16,l1_in,0,0,1952.0251,1224.2553157250031,20,60.6008,0,runs/spec_rdelay/off_rsc_iql_hopper_k16_seed0/r_r_hopper_eval.json
offline,RSC-IQL,RSC-IQL,theta_tau_credit,k=16,l1_out,0,0,1424.0549,1249.2646906201087,20,44.3784,0,runs/spec_rdelay/off_rsc_iql_hopper_k16_seed0/r_r_hopper_eval.json
offline,RSC-IQL,RSC-IQL,theta_tau_credit,k=16,l2_in,0,0,1630.2575,1198.3907473758477,20,50.7141,0,runs/spec_rdelay/off_rsc_iql_hopper_k16_seed0/r_r_hopper_eval.json
offline,RSC-IQL,RSC-IQL,theta_tau_credit,k=16,l2_out,0,0,798.6957,756.033018425344,20,25.1636,0,runs/spec_rdelay/off_rsc_iql_hopper_k16_seed0/r_r_hopper_eval.json
offline,RSC-IQL,RSC-IQL,theta_tau_credit,k=16,l3_in,0,0,1399.3383,730.3073733988938,20,43.6189,0,runs/spec_rdelay/off_rsc_iql_hopper_k16_seed0/r_r_hopper_eval.json
offline,RSC-IQL,RSC-IQL,theta_tau_credit,k=16,l3_out,0,0,1098.7550,775.0575823418505,20,34.3832,0,runs/spec_rdelay/off_rsc_iql_hopper_k16_seed0/r_r_hopper_eval.json
offline,RSC-IQL,RSC-IQL,theta_tau_credit,k=16,l1_anchor,0,0,490.6731,11.209880809615134,20,15.6992,0,runs/spec_rdelay/off_rsc_iql_hopper_k16_seed0/r_r_hopper_eval.json
offline,RSC-IQL,RSC-IQL,theta_tau_credit,k=16,l2_anchor,0,0,255.2559,1.4165424679792757,20,8.4658,0,runs/spec_rdelay/off_rsc_iql_hopper_k16_seed0/r_r_hopper_eval.json
offline,RSC-IQL,RSC-IQL,theta_tau_credit,k=16,l3_anchor,0,0,239.9660,9.887175048057236,20,7.9960,0,runs/spec_rdelay/off_rsc_iql_hopper_k16_seed0/r_r_hopper_eval.json
offline,RSC-IQL,RSC-IQL,theta_tau_credit,k=16,nominal,1,1,3103.1728,702.743117119857,20,95.9710,0,runs/spec_rdelay/off_rsc_iql_hopper_k16_seed1/r_r_hopper_eval.json
offline,RSC-IQL,RSC-IQL,theta_tau_credit,k=16,l1_in,1,0,1869.1530,1121.8871539015756,20,58.0545,0,runs/spec_rdelay/off_rsc_iql_hopper_k16_seed1/r_r_hopper_eval.json
offline,RSC-IQL,RSC-IQL,theta_tau_credit,k=16,l1_out,1,0,1455.9346,1209.6133129157308,20,45.3579,0,runs/spec_rdelay/off_rsc_iql_hopper_k16_seed1/r_r_hopper_eval.json
offline,RSC-IQL,RSC-IQL,theta_tau_credit,k=16,l2_in,1,0,2015.0670,1327.684255111827,20,62.5378,0,runs/spec_rdelay/off_rsc_iql_hopper_k16_seed1/r_r_hopper_eval.json
offline,RSC-IQL,RSC-IQL,theta_tau_credit,k=16,l2_out,1,0,959.6795,916.6715954310769,20,30.1100,0,runs/spec_rdelay/off_rsc_iql_hopper_k16_seed1/r_r_hopper_eval.json
offline,RSC-IQL,RSC-IQL,theta_tau_credit,k=16,l3_in,1,0,1447.6035,585.6736042252774,20,45.1019,0,runs/spec_rdelay/off_rsc_iql_hopper_k16_seed1/r_r_hopper_eval.json
offline,RSC-IQL,RSC-IQL,theta_tau_credit,k=16,l3_out,1,0,1175.4770,577.5949212437106,20,36.7406,0,runs/spec_rdelay/off_rsc_iql_hopper_k16_seed1/r_r_hopper_eval.json
offline,RSC-IQL,RSC-IQL,theta_tau_credit,k=16,l1_anchor,1,0,745.1038,9.410707762052196,20,23.5169,0,runs/spec_rdelay/off_rsc_iql_hopper_k16_seed1/r_r_hopper_eval.json
offline,RSC-IQL,RSC-IQL,theta_tau_credit,k=16,l2_anchor,1,0,415.6896,3.243086228242969,20,13.3953,0,runs/spec_rdelay/off_rsc_iql_hopper_k16_seed1/r_r_hopper_eval.json
offline,RSC-IQL,RSC-IQL,theta_tau_credit,k=16,l3_anchor,1,0,248.2166,9.479221397317868,20,8.2495,0,runs/spec_rdelay/off_rsc_iql_hopper_k16_seed1/r_r_hopper_eval.json
offline,RSC-IQL,RSC-IQL,theta_tau_credit,k=16,nominal,2,1,3565.9175,33.41334521432218,20,110.1893,0,runs/spec_rdelay/off_rsc_iql_hopper_k16_seed2/r_r_hopper_eval.json
offline,RSC-IQL,RSC-IQL,theta_tau_credit,k=16,l1_in,2,0,2080.6270,1224.8658500929898,20,64.5522,0,runs/spec_rdelay/off_rsc_iql_hopper_k16_seed2/r_r_hopper_eval.json
offline,RSC-IQL,RSC-IQL,theta_tau_credit,k=16,l1_out,2,0,1567.8169,1249.1115913079473,20,48.7956,0,runs/spec_rdelay/off_rsc_iql_hopper_k16_seed2/r_r_hopper_eval.json
offline,RSC-IQL,RSC-IQL,theta_tau_credit,k=16,l2_in,2,0,1699.5765,1226.7976446907403,20,52.8440,0,runs/spec_rdelay/off_rsc_iql_hopper_k16_seed2/r_r_hopper_eval.json
offline,RSC-IQL,RSC-IQL,theta_tau_credit,k=16,l2_out,2,0,945.7481,690.8717577897153,20,29.6819,0,runs/spec_rdelay/off_rsc_iql_hopper_k16_seed2/r_r_hopper_eval.json
offline,RSC-IQL,RSC-IQL,theta_tau_credit,k=16,l3_in,2,0,1390.1624,502.43720786927906,20,43.3370,0,runs/spec_rdelay/off_rsc_iql_hopper_k16_seed2/r_r_hopper_eval.json
offline,RSC-IQL,RSC-IQL,theta_tau_credit,k=16,l3_out,2,0,1083.9216,631.4683414375427,20,33.9274,0,runs/spec_rdelay/off_rsc_iql_hopper_k16_seed2/r_r_hopper_eval.json
offline,RSC-IQL,RSC-IQL,theta_tau_credit,k=16,l1_anchor,2,0,721.2131,5.967214185079556,20,22.7828,0,runs/spec_rdelay/off_rsc_iql_hopper_k16_seed2/r_r_hopper_eval.json
offline,RSC-IQL,RSC-IQL,theta_tau_credit,k=16,l2_anchor,2,0,453.9307,1.9714878041353137,20,14.5703,0,runs/spec_rdelay/off_rsc_iql_hopper_k16_seed2/r_r_hopper_eval.json
offline,RSC-IQL,RSC-IQL,theta_tau_credit,k=16,l3_anchor,2,0,245.7432,56.22179157339374,20,8.1735,0,runs/spec_rdelay/off_rsc_iql_hopper_k16_seed2/r_r_hopper_eval.json
offline,RSC-IQL,RSC-IQL,theta_tau_credit,k=16,nominal,3407,1,3517.4565,336.6737245332728,20,108.7003,0,runs/spec_rdelay/off_rsc_iql_hopper_k16_seed3407/r_r_hopper_eval.json
offline,RSC-IQL,RSC-IQL,theta_tau_credit,k=16,l1_in,3407,0,2219.7593,1222.3084047491302,20,68.8272,0,runs/spec_rdelay/off_rsc_iql_hopper_k16_seed3407/r_r_hopper_eval.json
offline,RSC-IQL,RSC-IQL,theta_tau_credit,k=16,l1_out,3407,0,1484.8447,1172.2572369930149,20,46.2462,0,runs/spec_rdelay/off_rsc_iql_hopper_k16_seed3407/r_r_hopper_eval.json
offline,RSC-IQL,RSC-IQL,theta_tau_credit,k=16,l2_in,3407,0,1656.2108,1063.43707750901,20,51.5116,0,runs/spec_rdelay/off_rsc_iql_hopper_k16_seed3407/r_r_hopper_eval.json
offline,RSC-IQL,RSC-IQL,theta_tau_credit,k=16,l2_out,3407,0,940.6368,748.7428769894344,20,29.5248,0,runs/spec_rdelay/off_rsc_iql_hopper_k16_seed3407/r_r_hopper_eval.json
offline,RSC-IQL,RSC-IQL,theta_tau_credit,k=16,l3_in,3407,0,1463.4253,656.4199970841905,20,45.5881,0,runs/spec_rdelay/off_rsc_iql_hopper_k16_seed3407/r_r_hopper_eval.json
offline,RSC-IQL,RSC-IQL,theta_tau_credit,k=16,l3_out,3407,0,1176.9599,593.1923723474483,20,36.7861,0,runs/spec_rdelay/off_rsc_iql_hopper_k16_seed3407/r_r_hopper_eval.json
offline,RSC-IQL,RSC-IQL,theta_tau_credit,k=16,l1_anchor,3407,0,870.1710,12.406682184625842,20,27.3597,0,runs/spec_rdelay/off_rsc_iql_hopper_k16_seed3407/r_r_hopper_eval.json
offline,RSC-IQL,RSC-IQL,theta_tau_credit,k=16,l2_anchor,3407,0,407.2004,1.7052826499881268,20,13.1345,0,runs/spec_rdelay/off_rsc_iql_hopper_k16_seed3407/r_r_hopper_eval.json
offline,RSC-IQL,RSC-IQL,theta_tau_credit,k=16,l3_anchor,3407,0,248.5441,11.273381238984607,20,8.2596,0,runs/spec_rdelay/off_rsc_iql_hopper_k16_seed3407/r_r_hopper_eval.json
offline,RSC-IQL,RSC-IQL,theta_tau_credit,k=16,nominal,42,1,3279.3363,592.9632986802098,20,101.3838,0,runs/spec_rdelay/off_rsc_iql_hopper_k16_seed42/r_r_hopper_eval.json
offline,RSC-IQL,RSC-IQL,theta_tau_credit,k=16,l1_in,42,0,2107.5208,1229.3810701879272,20,65.3786,0,runs/spec_rdelay/off_rsc_iql_hopper_k16_seed42/r_r_hopper_eval.json
offline,RSC-IQL,RSC-IQL,theta_tau_credit,k=16,l1_out,42,0,1466.5865,1198.7970209794014,20,45.6852,0,runs/spec_rdelay/off_rsc_iql_hopper_k16_seed42/r_r_hopper_eval.json
offline,RSC-IQL,RSC-IQL,theta_tau_credit,k=16,l2_in,42,0,2032.1361,1322.5482670853264,20,63.0623,0,runs/spec_rdelay/off_rsc_iql_hopper_k16_seed42/r_r_hopper_eval.json
offline,RSC-IQL,RSC-IQL,theta_tau_credit,k=16,l2_out,42,0,1162.2342,982.0100810384218,20,36.3337,0,runs/spec_rdelay/off_rsc_iql_hopper_k16_seed42/r_r_hopper_eval.json
offline,RSC-IQL,RSC-IQL,theta_tau_credit,k=16,l3_in,42,0,1599.9205,686.5533288522442,20,49.7820,0,runs/spec_rdelay/off_rsc_iql_hopper_k16_seed42/r_r_hopper_eval.json
offline,RSC-IQL,RSC-IQL,theta_tau_credit,k=16,l3_out,42,0,977.5211,630.7818319604066,20,30.6582,0,runs/spec_rdelay/off_rsc_iql_hopper_k16_seed42/r_r_hopper_eval.json
offline,RSC-IQL,RSC-IQL,theta_tau_credit,k=16,l1_anchor,42,0,759.3418,9.715100778773133,20,23.9544,0,runs/spec_rdelay/off_rsc_iql_hopper_k16_seed42/r_r_hopper_eval.json
offline,RSC-IQL,RSC-IQL,theta_tau_credit,k=16,l2_anchor,42,0,460.6768,2.1220708783667113,20,14.7776,0,runs/spec_rdelay/off_rsc_iql_hopper_k16_seed42/r_r_hopper_eval.json
offline,RSC-IQL,RSC-IQL,theta_tau_credit,k=16,l3_anchor,42,0,389.4313,21.697178477557145,20,12.5885,0,runs/spec_rdelay/off_rsc_iql_hopper_k16_seed42/r_r_hopper_eval.json
offline,RSC-IQL,RSC-IQL,theta_tau_credit,k=32,nominal,0,1,3590.2771,25.336758112038734,20,110.9378,0,runs/spec_rdelay/off_rsc_iql_hopper_k32_seed0/r_r_hopper_eval.json
offline,RSC-IQL,RSC-IQL,theta_tau_credit,k=32,l1_in,0,0,2199.7311,1260.7435989129888,20,68.2118,0,runs/spec_rdelay/off_rsc_iql_hopper_k32_seed0/r_r_hopper_eval.json
offline,RSC-IQL,RSC-IQL,theta_tau_credit,k=32,l1_out,0,0,1270.5160,1024.3196993433123,20,39.6607,0,runs/spec_rdelay/off_rsc_iql_hopper_k32_seed0/r_r_hopper_eval.json
offline,RSC-IQL,RSC-IQL,theta_tau_credit,k=32,l2_in,0,0,2027.3045,1336.2192241088455,20,62.9138,0,runs/spec_rdelay/off_rsc_iql_hopper_k32_seed0/r_r_hopper_eval.json
offline,RSC-IQL,RSC-IQL,theta_tau_credit,k=32,l2_out,0,0,1206.9862,1005.0890918751322,20,37.7087,0,runs/spec_rdelay/off_rsc_iql_hopper_k32_seed0/r_r_hopper_eval.json
offline,RSC-IQL,RSC-IQL,theta_tau_credit,k=32,l3_in,0,0,1542.2918,873.0845070935525,20,48.0113,0,runs/spec_rdelay/off_rsc_iql_hopper_k32_seed0/r_r_hopper_eval.json
offline,RSC-IQL,RSC-IQL,theta_tau_credit,k=32,l3_out,0,0,1097.3794,634.0489163258143,20,34.3409,0,runs/spec_rdelay/off_rsc_iql_hopper_k32_seed0/r_r_hopper_eval.json
offline,RSC-IQL,RSC-IQL,theta_tau_credit,k=32,l1_anchor,0,0,623.7429,7.862767892674604,20,19.7880,0,runs/spec_rdelay/off_rsc_iql_hopper_k32_seed0/r_r_hopper_eval.json
offline,RSC-IQL,RSC-IQL,theta_tau_credit,k=32,l2_anchor,0,0,454.6104,2.4670250537145852,20,14.5912,0,runs/spec_rdelay/off_rsc_iql_hopper_k32_seed0/r_r_hopper_eval.json
offline,RSC-IQL,RSC-IQL,theta_tau_credit,k=32,l3_anchor,0,0,389.6184,20.07168782681409,20,12.5942,0,runs/spec_rdelay/off_rsc_iql_hopper_k32_seed0/r_r_hopper_eval.json
offline,RSC-IQL,RSC-IQL,theta_tau_credit,k=32,nominal,1,1,2153.9170,667.9295308963308,20,66.8041,0,runs/spec_rdelay/off_rsc_iql_hopper_k32_seed1/r_r_hopper_eval.json
offline,RSC-IQL,RSC-IQL,theta_tau_credit,k=32,l1_in,1,0,2079.6231,1222.1465811577223,20,64.5214,0,runs/spec_rdelay/off_rsc_iql_hopper_k32_seed1/r_r_hopper_eval.json
offline,RSC-IQL,RSC-IQL,theta_tau_credit,k=32,l1_out,1,0,1434.6895,1206.1781777018402,20,44.7051,0,runs/spec_rdelay/off_rsc_iql_hopper_k32_seed1/r_r_hopper_eval.json
offline,RSC-IQL,RSC-IQL,theta_tau_credit,k=32,l2_in,1,0,1874.1831,1287.8754306992225,20,58.2090,0,runs/spec_rdelay/off_rsc_iql_hopper_k32_seed1/r_r_hopper_eval.json
offline,RSC-IQL,RSC-IQL,theta_tau_credit,k=32,l2_out,1,0,1023.6888,910.8354341249901,20,32.0767,0,runs/spec_rdelay/off_rsc_iql_hopper_k32_seed1/r_r_hopper_eval.json
offline,RSC-IQL,RSC-IQL,theta_tau_credit,k=32,l3_in,1,0,1552.2418,663.0248569384933,20,48.3170,0,runs/spec_rdelay/off_rsc_iql_hopper_k32_seed1/r_r_hopper_eval.json
offline,RSC-IQL,RSC-IQL,theta_tau_credit,k=32,l3_out,1,0,1233.4970,493.356724680426,20,38.5233,0,runs/spec_rdelay/off_rsc_iql_hopper_k32_seed1/r_r_hopper_eval.json
offline,RSC-IQL,RSC-IQL,theta_tau_credit,k=32,l1_anchor,1,0,619.3665,3.960606366450205,20,19.6535,0,runs/spec_rdelay/off_rsc_iql_hopper_k32_seed1/r_r_hopper_eval.json
offline,RSC-IQL,RSC-IQL,theta_tau_credit,k=32,l2_anchor,1,0,433.1903,2.2216262035086,20,13.9330,0,runs/spec_rdelay/off_rsc_iql_hopper_k32_seed1/r_r_hopper_eval.json
offline,RSC-IQL,RSC-IQL,theta_tau_credit,k=32,l3_anchor,1,0,371.2594,33.37600555815198,20,12.0301,0,runs/spec_rdelay/off_rsc_iql_hopper_k32_seed1/r_r_hopper_eval.json
offline,RSC-IQL,RSC-IQL,theta_tau_credit,k=32,nominal,2,1,3367.5837,548.5937268390524,20,104.0953,0,runs/spec_rdelay/off_rsc_iql_hopper_k32_seed2/r_r_hopper_eval.json
offline,RSC-IQL,RSC-IQL,theta_tau_credit,k=32,l1_in,2,0,2018.3498,1152.1869431929351,20,62.6387,0,runs/spec_rdelay/off_rsc_iql_hopper_k32_seed2/r_r_hopper_eval.json
offline,RSC-IQL,RSC-IQL,theta_tau_credit,k=32,l1_out,2,0,1572.2299,1298.7293407969128,20,48.9312,0,runs/spec_rdelay/off_rsc_iql_hopper_k32_seed2/r_r_hopper_eval.json
offline,RSC-IQL,RSC-IQL,theta_tau_credit,k=32,l2_in,2,0,1857.9333,1297.2246341252765,20,57.7097,0,runs/spec_rdelay/off_rsc_iql_hopper_k32_seed2/r_r_hopper_eval.json
offline,RSC-IQL,RSC-IQL,theta_tau_credit,k=32,l2_out,2,0,962.8188,932.9893434512188,20,30.2064,0,runs/spec_rdelay/off_rsc_iql_hopper_k32_seed2/r_r_hopper_eval.json
offline,RSC-IQL,RSC-IQL,theta_tau_credit,k=32,l3_in,2,0,1395.0274,738.8273502091372,20,43.4865,0,runs/spec_rdelay/off_rsc_iql_hopper_k32_seed2/r_r_hopper_eval.json
offline,RSC-IQL,RSC-IQL,theta_tau_credit,k=32,l3_out,2,0,871.9522,515.3154756621561,20,27.4144,0,runs/spec_rdelay/off_rsc_iql_hopper_k32_seed2/r_r_hopper_eval.json
offline,RSC-IQL,RSC-IQL,theta_tau_credit,k=32,l1_anchor,2,0,721.3773,8.40691957236122,20,22.7879,0,runs/spec_rdelay/off_rsc_iql_hopper_k32_seed2/r_r_hopper_eval.json
offline,RSC-IQL,RSC-IQL,theta_tau_credit,k=32,l2_anchor,2,0,441.0712,2.050329543123083,20,14.1752,0,runs/spec_rdelay/off_rsc_iql_hopper_k32_seed2/r_r_hopper_eval.json
offline,RSC-IQL,RSC-IQL,theta_tau_credit,k=32,l3_anchor,2,0,387.5280,17.17089103875242,20,12.5300,0,runs/spec_rdelay/off_rsc_iql_hopper_k32_seed2/r_r_hopper_eval.json
offline,RSC-IQL,RSC-IQL,theta_tau_credit,k=32,nominal,3407,1,3266.6730,683.4128615294827,20,100.9947,0,runs/spec_rdelay/off_rsc_iql_hopper_k32_seed3407/r_r_hopper_eval.json
offline,RSC-IQL,RSC-IQL,theta_tau_credit,k=32,l1_in,3407,0,2167.2285,1174.6718508760648,20,67.2131,0,runs/spec_rdelay/off_rsc_iql_hopper_k32_seed3407/r_r_hopper_eval.json
offline,RSC-IQL,RSC-IQL,theta_tau_credit,k=32,l1_out,3407,0,1516.0650,1235.4852038037752,20,47.2055,0,runs/spec_rdelay/off_rsc_iql_hopper_k32_seed3407/r_r_hopper_eval.json
offline,RSC-IQL,RSC-IQL,theta_tau_credit,k=32,l2_in,3407,0,1782.4593,1235.646834144512,20,55.3907,0,runs/spec_rdelay/off_rsc_iql_hopper_k32_seed3407/r_r_hopper_eval.json
offline,RSC-IQL,RSC-IQL,theta_tau_credit,k=32,l2_out,3407,0,913.6124,731.5527497117511,20,28.6945,0,runs/spec_rdelay/off_rsc_iql_hopper_k32_seed3407/r_r_hopper_eval.json
offline,RSC-IQL,RSC-IQL,theta_tau_credit,k=32,l3_in,3407,0,1481.7564,638.4115342436236,20,46.1513,0,runs/spec_rdelay/off_rsc_iql_hopper_k32_seed3407/r_r_hopper_eval.json
offline,RSC-IQL,RSC-IQL,theta_tau_credit,k=32,l3_out,3407,0,1004.6809,644.4634879259212,20,31.4927,0,runs/spec_rdelay/off_rsc_iql_hopper_k32_seed3407/r_r_hopper_eval.json
offline,RSC-IQL,RSC-IQL,theta_tau_credit,k=32,l1_anchor,3407,0,671.9234,14.748441751438355,20,21.2684,0,runs/spec_rdelay/off_rsc_iql_hopper_k32_seed3407/r_r_hopper_eval.json
offline,RSC-IQL,RSC-IQL,theta_tau_credit,k=32,l2_anchor,3407,0,445.1952,1.384829589990714,20,14.3019,0,runs/spec_rdelay/off_rsc_iql_hopper_k32_seed3407/r_r_hopper_eval.json
offline,RSC-IQL,RSC-IQL,theta_tau_credit,k=32,l3_anchor,3407,0,357.8603,61.27895826730553,20,11.6184,0,runs/spec_rdelay/off_rsc_iql_hopper_k32_seed3407/r_r_hopper_eval.json
offline,RSC-IQL,RSC-IQL,theta_tau_credit,k=32,nominal,42,1,3087.0721,751.7550745128807,20,95.4763,0,runs/spec_rdelay/off_rsc_iql_hopper_k32_seed42/r_r_hopper_eval.json
offline,RSC-IQL,RSC-IQL,theta_tau_credit,k=32,l1_in,42,0,2106.3208,1218.882144262652,20,65.3417,0,runs/spec_rdelay/off_rsc_iql_hopper_k32_seed42/r_r_hopper_eval.json
offline,RSC-IQL,RSC-IQL,theta_tau_credit,k=32,l1_out,42,0,1449.2245,1219.9785323660922,20,45.1517,0,runs/spec_rdelay/off_rsc_iql_hopper_k32_seed42/r_r_hopper_eval.json
offline,RSC-IQL,RSC-IQL,theta_tau_credit,k=32,l2_in,42,0,1875.3992,1311.4502144497662,20,58.2464,0,runs/spec_rdelay/off_rsc_iql_hopper_k32_seed42/r_r_hopper_eval.json
offline,RSC-IQL,RSC-IQL,theta_tau_credit,k=32,l2_out,42,0,1017.6340,915.4822982587201,20,31.8907,0,runs/spec_rdelay/off_rsc_iql_hopper_k32_seed42/r_r_hopper_eval.json
offline,RSC-IQL,RSC-IQL,theta_tau_credit,k=32,l3_in,42,0,1627.0442,571.1928638544543,20,50.6154,0,runs/spec_rdelay/off_rsc_iql_hopper_k32_seed42/r_r_hopper_eval.json
offline,RSC-IQL,RSC-IQL,theta_tau_credit,k=32,l3_out,42,0,1024.6834,747.5711202698449,20,32.1073,0,runs/spec_rdelay/off_rsc_iql_hopper_k32_seed42/r_r_hopper_eval.json
offline,RSC-IQL,RSC-IQL,theta_tau_credit,k=32,l1_anchor,42,0,653.1713,17.592884442539965,20,20.6922,0,runs/spec_rdelay/off_rsc_iql_hopper_k32_seed42/r_r_hopper_eval.json
offline,RSC-IQL,RSC-IQL,theta_tau_credit,k=32,l2_anchor,42,0,390.0393,3.1683050231838656,20,12.6072,0,runs/spec_rdelay/off_rsc_iql_hopper_k32_seed42/r_r_hopper_eval.json
offline,RSC-IQL,RSC-IQL,theta_tau_credit,k=32,l3_anchor,42,0,342.4933,61.12065153016487,20,11.1463,0,runs/spec_rdelay/off_rsc_iql_hopper_k32_seed42/r_r_hopper_eval.json
offline,RSC-IQL,RSC-IQL,theta_tau_credit,k=64,nominal,0,1,3461.1791,455.4384439794266,20,106.9711,0,runs/spec_rdelay/off_rsc_iql_hopper_k64_seed0/r_r_hopper_eval.json
offline,RSC-IQL,RSC-IQL,theta_tau_credit,k=64,l1_in,0,0,2077.3499,1229.927206415676,20,64.4515,0,runs/spec_rdelay/off_rsc_iql_hopper_k64_seed0/r_r_hopper_eval.json
offline,RSC-IQL,RSC-IQL,theta_tau_credit,k=64,l1_out,0,0,1279.9465,1105.7175154110998,20,39.9505,0,runs/spec_rdelay/off_rsc_iql_hopper_k64_seed0/r_r_hopper_eval.json
offline,RSC-IQL,RSC-IQL,theta_tau_credit,k=64,l2_in,0,0,1870.3888,1281.2358042486476,20,58.0924,0,runs/spec_rdelay/off_rsc_iql_hopper_k64_seed0/r_r_hopper_eval.json
offline,RSC-IQL,RSC-IQL,theta_tau_credit,k=64,l2_out,0,0,1373.5802,1260.4715469102111,20,42.8275,0,runs/spec_rdelay/off_rsc_iql_hopper_k64_seed0/r_r_hopper_eval.json
offline,RSC-IQL,RSC-IQL,theta_tau_credit,k=64,l3_in,0,0,1356.9587,620.4440963877336,20,42.3168,0,runs/spec_rdelay/off_rsc_iql_hopper_k64_seed0/r_r_hopper_eval.json
offline,RSC-IQL,RSC-IQL,theta_tau_credit,k=64,l3_out,0,0,1025.4762,755.8597482366073,20,32.1316,0,runs/spec_rdelay/off_rsc_iql_hopper_k64_seed0/r_r_hopper_eval.json
offline,RSC-IQL,RSC-IQL,theta_tau_credit,k=64,l1_anchor,0,0,608.0950,2.72106883443049,20,19.3072,0,runs/spec_rdelay/off_rsc_iql_hopper_k64_seed0/r_r_hopper_eval.json
offline,RSC-IQL,RSC-IQL,theta_tau_credit,k=64,l2_anchor,0,0,440.2979,2.9441952596710097,20,14.1514,0,runs/spec_rdelay/off_rsc_iql_hopper_k64_seed0/r_r_hopper_eval.json
offline,RSC-IQL,RSC-IQL,theta_tau_credit,k=64,l3_anchor,0,0,389.5639,20.40023330430423,20,12.5926,0,runs/spec_rdelay/off_rsc_iql_hopper_k64_seed0/r_r_hopper_eval.json
offline,RSC-IQL,RSC-IQL,theta_tau_credit,k=64,nominal,1,1,2053.0789,582.6637555983147,20,63.7058,0,runs/spec_rdelay/off_rsc_iql_hopper_k64_seed1/r_r_hopper_eval.json
offline,RSC-IQL,RSC-IQL,theta_tau_credit,k=64,l1_in,1,0,1931.1192,1220.6146904180805,20,59.9584,0,runs/spec_rdelay/off_rsc_iql_hopper_k64_seed1/r_r_hopper_eval.json
offline,RSC-IQL,RSC-IQL,theta_tau_credit,k=64,l1_out,1,0,1418.9657,1236.674930981767,20,44.2220,0,runs/spec_rdelay/off_rsc_iql_hopper_k64_seed1/r_r_hopper_eval.json
offline,RSC-IQL,RSC-IQL,theta_tau_credit,k=64,l2_in,1,0,1841.8013,1269.634769201895,20,57.2141,0,runs/spec_rdelay/off_rsc_iql_hopper_k64_seed1/r_r_hopper_eval.json
offline,RSC-IQL,RSC-IQL,theta_tau_credit,k=64,l2_out,1,0,1272.3328,1202.5386563138986,20,39.7165,0,runs/spec_rdelay/off_rsc_iql_hopper_k64_seed1/r_r_hopper_eval.json
offline,RSC-IQL,RSC-IQL,theta_tau_credit,k=64,l3_in,1,0,1532.5327,672.915531590543,20,47.7115,0,runs/spec_rdelay/off_rsc_iql_hopper_k64_seed1/r_r_hopper_eval.json
offline,RSC-IQL,RSC-IQL,theta_tau_credit,k=64,l3_out,1,0,948.2154,556.9693777245258,20,29.7577,0,runs/spec_rdelay/off_rsc_iql_hopper_k64_seed1/r_r_hopper_eval.json
offline,RSC-IQL,RSC-IQL,theta_tau_credit,k=64,l1_anchor,1,0,583.3456,2.340848758212187,20,18.5467,0,runs/spec_rdelay/off_rsc_iql_hopper_k64_seed1/r_r_hopper_eval.json
offline,RSC-IQL,RSC-IQL,theta_tau_credit,k=64,l2_anchor,1,0,412.0120,2.0455959496485034,20,13.2823,0,runs/spec_rdelay/off_rsc_iql_hopper_k64_seed1/r_r_hopper_eval.json
offline,RSC-IQL,RSC-IQL,theta_tau_credit,k=64,l3_anchor,1,0,252.6392,9.832557988787789,20,8.3854,0,runs/spec_rdelay/off_rsc_iql_hopper_k64_seed1/r_r_hopper_eval.json
offline,RSC-IQL,RSC-IQL,theta_tau_credit,k=64,nominal,2,1,2365.3834,645.907678967541,20,73.3016,0,runs/spec_rdelay/off_rsc_iql_hopper_k64_seed2/r_r_hopper_eval.json
offline,RSC-IQL,RSC-IQL,theta_tau_credit,k=64,l1_in,2,0,1957.0727,1205.899568759265,20,60.7559,0,runs/spec_rdelay/off_rsc_iql_hopper_k64_seed2/r_r_hopper_eval.json
offline,RSC-IQL,RSC-IQL,theta_tau_credit,k=64,l1_out,2,0,1220.1749,1019.4828727888736,20,38.1139,0,runs/spec_rdelay/off_rsc_iql_hopper_k64_seed2/r_r_hopper_eval.json
offline,RSC-IQL,RSC-IQL,theta_tau_credit,k=64,l2_in,2,0,1924.2274,1300.9908572365064,20,59.7467,0,runs/spec_rdelay/off_rsc_iql_hopper_k64_seed2/r_r_hopper_eval.json
offline,RSC-IQL,RSC-IQL,theta_tau_credit,k=64,l2_out,2,0,1045.8124,938.4510712508948,20,32.7565,0,runs/spec_rdelay/off_rsc_iql_hopper_k64_seed2/r_r_hopper_eval.json
offline,RSC-IQL,RSC-IQL,theta_tau_credit,k=64,l3_in,2,0,1539.0708,815.616062525187,20,47.9123,0,runs/spec_rdelay/off_rsc_iql_hopper_k64_seed2/r_r_hopper_eval.json
offline,RSC-IQL,RSC-IQL,theta_tau_credit,k=64,l3_out,2,0,963.0835,661.175671969948,20,30.2145,0,runs/spec_rdelay/off_rsc_iql_hopper_k64_seed2/r_r_hopper_eval.json
offline,RSC-IQL,RSC-IQL,theta_tau_credit,k=64,l1_anchor,2,0,714.0994,11.117495493729649,20,22.5643,0,runs/spec_rdelay/off_rsc_iql_hopper_k64_seed2/r_r_hopper_eval.json
offline,RSC-IQL,RSC-IQL,theta_tau_credit,k=64,l2_anchor,2,0,457.1846,2.705871094406428,20,14.6703,0,runs/spec_rdelay/off_rsc_iql_hopper_k64_seed2/r_r_hopper_eval.json
offline,RSC-IQL,RSC-IQL,theta_tau_credit,k=64,l3_anchor,2,0,288.0905,75.32882366222303,20,9.4747,0,runs/spec_rdelay/off_rsc_iql_hopper_k64_seed2/r_r_hopper_eval.json
offline,RSC-IQL,RSC-IQL,theta_tau_credit,k=64,nominal,3407,1,3583.3635,14.468919437808594,20,110.7253,0,runs/spec_rdelay/off_rsc_iql_hopper_k64_seed3407/r_r_hopper_eval.json
offline,RSC-IQL,RSC-IQL,theta_tau_credit,k=64,l1_in,3407,0,2050.3771,1155.798302755091,20,63.6228,0,runs/spec_rdelay/off_rsc_iql_hopper_k64_seed3407/r_r_hopper_eval.json
offline,RSC-IQL,RSC-IQL,theta_tau_credit,k=64,l1_out,3407,0,1449.1546,1202.2655699623604,20,45.1496,0,runs/spec_rdelay/off_rsc_iql_hopper_k64_seed3407/r_r_hopper_eval.json
offline,RSC-IQL,RSC-IQL,theta_tau_credit,k=64,l2_in,3407,0,2104.5150,1367.1329962584734,20,65.2862,0,runs/spec_rdelay/off_rsc_iql_hopper_k64_seed3407/r_r_hopper_eval.json
offline,RSC-IQL,RSC-IQL,theta_tau_credit,k=64,l2_out,3407,0,1157.4477,963.5566267643059,20,36.1866,0,runs/spec_rdelay/off_rsc_iql_hopper_k64_seed3407/r_r_hopper_eval.json
offline,RSC-IQL,RSC-IQL,theta_tau_credit,k=64,l3_in,3407,0,1642.1252,732.9346047132904,20,51.0788,0,runs/spec_rdelay/off_rsc_iql_hopper_k64_seed3407/r_r_hopper_eval.json
offline,RSC-IQL,RSC-IQL,theta_tau_credit,k=64,l3_out,3407,0,1077.1291,605.6204014355686,20,33.7187,0,runs/spec_rdelay/off_rsc_iql_hopper_k64_seed3407/r_r_hopper_eval.json
offline,RSC-IQL,RSC-IQL,theta_tau_credit,k=64,l1_anchor,3407,0,769.2662,24.1384252915118,20,24.2593,0,runs/spec_rdelay/off_rsc_iql_hopper_k64_seed3407/r_r_hopper_eval.json
offline,RSC-IQL,RSC-IQL,theta_tau_credit,k=64,l2_anchor,3407,0,447.3798,4.523956944618284,20,14.3690,0,runs/spec_rdelay/off_rsc_iql_hopper_k64_seed3407/r_r_hopper_eval.json
offline,RSC-IQL,RSC-IQL,theta_tau_credit,k=64,l3_anchor,3407,0,365.3185,55.32791747083959,20,11.8476,0,runs/spec_rdelay/off_rsc_iql_hopper_k64_seed3407/r_r_hopper_eval.json
offline,RSC-IQL,RSC-IQL,theta_tau_credit,k=64,nominal,42,1,3351.4396,495.8725558507214,20,103.5992,0,runs/spec_rdelay/off_rsc_iql_hopper_k64_seed42/r_r_hopper_eval.json
offline,RSC-IQL,RSC-IQL,theta_tau_credit,k=64,l1_in,42,0,1979.6655,1191.6830321033126,20,61.4501,0,runs/spec_rdelay/off_rsc_iql_hopper_k64_seed42/r_r_hopper_eval.json
offline,RSC-IQL,RSC-IQL,theta_tau_credit,k=64,l1_out,42,0,1446.2880,1215.9574931317607,20,45.0615,0,runs/spec_rdelay/off_rsc_iql_hopper_k64_seed42/r_r_hopper_eval.json
offline,RSC-IQL,RSC-IQL,theta_tau_credit,k=64,l2_in,42,0,2012.9069,1339.418342663375,20,62.4714,0,runs/spec_rdelay/off_rsc_iql_hopper_k64_seed42/r_r_hopper_eval.json
offline,RSC-IQL,RSC-IQL,theta_tau_credit,k=64,l2_out,42,0,1001.1126,914.3051323525449,20,31.3830,0,runs/spec_rdelay/off_rsc_iql_hopper_k64_seed42/r_r_hopper_eval.json
offline,RSC-IQL,RSC-IQL,theta_tau_credit,k=64,l3_in,42,0,1463.4946,497.66011164643186,20,45.5902,0,runs/spec_rdelay/off_rsc_iql_hopper_k64_seed42/r_r_hopper_eval.json
offline,RSC-IQL,RSC-IQL,theta_tau_credit,k=64,l3_out,42,0,1238.0909,567.6220922380913,20,38.6644,0,runs/spec_rdelay/off_rsc_iql_hopper_k64_seed42/r_r_hopper_eval.json
offline,RSC-IQL,RSC-IQL,theta_tau_credit,k=64,l1_anchor,42,0,651.6335,15.169750743280737,20,20.6449,0,runs/spec_rdelay/off_rsc_iql_hopper_k64_seed42/r_r_hopper_eval.json
offline,RSC-IQL,RSC-IQL,theta_tau_credit,k=64,l2_anchor,42,0,427.6087,4.700166633975185,20,13.7615,0,runs/spec_rdelay/off_rsc_iql_hopper_k64_seed42/r_r_hopper_eval.json
offline,RSC-IQL,RSC-IQL,theta_tau_credit,k=64,l3_anchor,42,0,299.6706,71.18646575576196,20,9.8305,0,runs/spec_rdelay/off_rsc_iql_hopper_k64_seed42/r_r_hopper_eval.json
offline,ROMB-IQL,ROMB-IQL,theta_r,m=gauss,nominal,0,1,1652.3755,126.61836316903499,20,51.3937,0,runs/spec_rnoise/off_romb_iql_hopper_rgauss_seed0/r_r_hopper_eval.json
offline,ROMB-IQL,ROMB-IQL,theta_r,m=gauss,l1_in,0,0,1851.6041,1136.103950725297,20,57.5153,0,runs/spec_rnoise/off_romb_iql_hopper_rgauss_seed0/r_r_hopper_eval.json
offline,ROMB-IQL,ROMB-IQL,theta_r,m=gauss,l1_out,0,0,1582.4505,1329.1393008752477,20,49.2452,0,runs/spec_rnoise/off_romb_iql_hopper_rgauss_seed0/r_r_hopper_eval.json
offline,ROMB-IQL,ROMB-IQL,theta_r,m=gauss,l2_in,0,0,1892.2836,1281.1486807421693,20,58.7652,0,runs/spec_rnoise/off_romb_iql_hopper_rgauss_seed0/r_r_hopper_eval.json
offline,ROMB-IQL,ROMB-IQL,theta_r,m=gauss,l2_out,0,0,929.3971,748.6145284047386,20,29.1795,0,runs/spec_rnoise/off_romb_iql_hopper_rgauss_seed0/r_r_hopper_eval.json
offline,ROMB-IQL,ROMB-IQL,theta_r,m=gauss,l3_in,0,0,1547.4318,701.006556449464,20,48.1692,0,runs/spec_rnoise/off_romb_iql_hopper_rgauss_seed0/r_r_hopper_eval.json
offline,ROMB-IQL,ROMB-IQL,theta_r,m=gauss,l3_out,0,0,877.5998,622.2952377547767,20,27.5880,0,runs/spec_rnoise/off_romb_iql_hopper_rgauss_seed0/r_r_hopper_eval.json
offline,ROMB-IQL,ROMB-IQL,theta_r,m=gauss,l1_anchor,0,0,753.6019,21.477874441982337,20,23.7780,0,runs/spec_rnoise/off_romb_iql_hopper_rgauss_seed0/r_r_hopper_eval.json
offline,ROMB-IQL,ROMB-IQL,theta_r,m=gauss,l2_anchor,0,0,413.1770,3.238065895921206,20,13.3181,0,runs/spec_rnoise/off_romb_iql_hopper_rgauss_seed0/r_r_hopper_eval.json
offline,ROMB-IQL,ROMB-IQL,theta_r,m=gauss,l3_anchor,0,0,369.7208,24.349403130707568,20,11.9829,0,runs/spec_rnoise/off_romb_iql_hopper_rgauss_seed0/r_r_hopper_eval.json
offline,ROMB-IQL,ROMB-IQL,theta_r,m=gauss,nominal,1,1,1832.8769,170.7811872669452,20,56.9398,0,runs/spec_rnoise/off_romb_iql_hopper_rgauss_seed1/r_r_hopper_eval.json
offline,ROMB-IQL,ROMB-IQL,theta_r,m=gauss,l1_in,1,0,1976.8239,1189.9880801223965,20,61.3628,0,runs/spec_rnoise/off_romb_iql_hopper_rgauss_seed1/r_r_hopper_eval.json
offline,ROMB-IQL,ROMB-IQL,theta_r,m=gauss,l1_out,1,0,1295.4980,1114.713166907153,20,40.4283,0,runs/spec_rnoise/off_romb_iql_hopper_rgauss_seed1/r_r_hopper_eval.json
offline,ROMB-IQL,ROMB-IQL,theta_r,m=gauss,l2_in,1,0,2014.4374,1362.6850520556413,20,62.5185,0,runs/spec_rnoise/off_romb_iql_hopper_rgauss_seed1/r_r_hopper_eval.json
offline,ROMB-IQL,ROMB-IQL,theta_r,m=gauss,l2_out,1,0,1123.5165,1061.4520742898717,20,35.1440,0,runs/spec_rnoise/off_romb_iql_hopper_rgauss_seed1/r_r_hopper_eval.json
offline,ROMB-IQL,ROMB-IQL,theta_r,m=gauss,l3_in,1,0,1433.1361,836.0209367819788,20,44.6574,0,runs/spec_rnoise/off_romb_iql_hopper_rgauss_seed1/r_r_hopper_eval.json
offline,ROMB-IQL,ROMB-IQL,theta_r,m=gauss,l3_out,1,0,1001.1160,590.7236095258552,20,31.3831,0,runs/spec_rnoise/off_romb_iql_hopper_rgauss_seed1/r_r_hopper_eval.json
offline,ROMB-IQL,ROMB-IQL,theta_r,m=gauss,l1_anchor,1,0,718.8406,6.968665082186914,20,22.7099,0,runs/spec_rnoise/off_romb_iql_hopper_rgauss_seed1/r_r_hopper_eval.json
offline,ROMB-IQL,ROMB-IQL,theta_r,m=gauss,l2_anchor,1,0,425.2423,2.795107076518701,20,13.6888,0,runs/spec_rnoise/off_romb_iql_hopper_rgauss_seed1/r_r_hopper_eval.json
offline,ROMB-IQL,ROMB-IQL,theta_r,m=gauss,l3_anchor,1,0,280.4858,64.61481883135265,20,9.2410,0,runs/spec_rnoise/off_romb_iql_hopper_rgauss_seed1/r_r_hopper_eval.json
offline,ROMB-IQL,ROMB-IQL,theta_r,m=gauss,nominal,2,1,3544.4339,93.9212430496982,20,109.5292,0,runs/spec_rnoise/off_romb_iql_hopper_rgauss_seed2/r_r_hopper_eval.json
offline,ROMB-IQL,ROMB-IQL,theta_r,m=gauss,l1_in,2,0,2159.6158,1186.2077224670695,20,66.9792,0,runs/spec_rnoise/off_romb_iql_hopper_rgauss_seed2/r_r_hopper_eval.json
offline,ROMB-IQL,ROMB-IQL,theta_r,m=gauss,l1_out,2,0,1595.8467,1320.2496196849029,20,49.6568,0,runs/spec_rnoise/off_romb_iql_hopper_rgauss_seed2/r_r_hopper_eval.json
offline,ROMB-IQL,ROMB-IQL,theta_r,m=gauss,l2_in,2,0,1749.8445,1166.2757001477923,20,54.3886,0,runs/spec_rnoise/off_romb_iql_hopper_rgauss_seed2/r_r_hopper_eval.json
offline,ROMB-IQL,ROMB-IQL,theta_r,m=gauss,l2_out,2,0,931.2522,827.1136274545523,20,29.2365,0,runs/spec_rnoise/off_romb_iql_hopper_rgauss_seed2/r_r_hopper_eval.json
offline,ROMB-IQL,ROMB-IQL,theta_r,m=gauss,l3_in,2,0,1525.4599,736.0408505541072,20,47.4941,0,runs/spec_rnoise/off_romb_iql_hopper_rgauss_seed2/r_r_hopper_eval.json
offline,ROMB-IQL,ROMB-IQL,theta_r,m=gauss,l3_out,2,0,969.1185,721.2284326492556,20,30.4000,0,runs/spec_rnoise/off_romb_iql_hopper_rgauss_seed2/r_r_hopper_eval.json
offline,ROMB-IQL,ROMB-IQL,theta_r,m=gauss,l1_anchor,2,0,757.5229,11.32755192388407,20,23.8985,0,runs/spec_rnoise/off_romb_iql_hopper_rgauss_seed2/r_r_hopper_eval.json
offline,ROMB-IQL,ROMB-IQL,theta_r,m=gauss,l2_anchor,2,0,447.8254,1.725538179369548,20,14.3827,0,runs/spec_rnoise/off_romb_iql_hopper_rgauss_seed2/r_r_hopper_eval.json
offline,ROMB-IQL,ROMB-IQL,theta_r,m=gauss,l3_anchor,2,0,372.5636,72.00580697878831,20,12.0702,0,runs/spec_rnoise/off_romb_iql_hopper_rgauss_seed2/r_r_hopper_eval.json
offline,ROMB-IQL,ROMB-IQL,theta_r,m=gauss,nominal,3407,1,3322.4476,597.2731905767189,20,102.7084,0,runs/spec_rnoise/off_romb_iql_hopper_rgauss_seed3407/r_r_hopper_eval.json
offline,ROMB-IQL,ROMB-IQL,theta_r,m=gauss,l1_in,3407,0,2400.1192,1193.122632671541,20,74.3689,0,runs/spec_rnoise/off_romb_iql_hopper_rgauss_seed3407/r_r_hopper_eval.json
offline,ROMB-IQL,ROMB-IQL,theta_r,m=gauss,l1_out,3407,0,1728.1228,1336.1605489251617,20,53.7212,0,runs/spec_rnoise/off_romb_iql_hopper_rgauss_seed3407/r_r_hopper_eval.json
offline,ROMB-IQL,ROMB-IQL,theta_r,m=gauss,l2_in,3407,0,1590.0587,1057.4736178984704,20,49.4790,0,runs/spec_rnoise/off_romb_iql_hopper_rgauss_seed3407/r_r_hopper_eval.json
offline,ROMB-IQL,ROMB-IQL,theta_r,m=gauss,l2_out,3407,0,986.0284,926.1502267979228,20,30.9195,0,runs/spec_rnoise/off_romb_iql_hopper_rgauss_seed3407/r_r_hopper_eval.json
offline,ROMB-IQL,ROMB-IQL,theta_r,m=gauss,l3_in,3407,0,1477.2365,741.0362517343184,20,46.0124,0,runs/spec_rnoise/off_romb_iql_hopper_rgauss_seed3407/r_r_hopper_eval.json
offline,ROMB-IQL,ROMB-IQL,theta_r,m=gauss,l3_out,3407,0,954.0116,705.4740438820082,20,29.9358,0,runs/spec_rnoise/off_romb_iql_hopper_rgauss_seed3407/r_r_hopper_eval.json
offline,ROMB-IQL,ROMB-IQL,theta_r,m=gauss,l1_anchor,3407,0,759.4225,16.10702634837326,20,23.9569,0,runs/spec_rnoise/off_romb_iql_hopper_rgauss_seed3407/r_r_hopper_eval.json
offline,ROMB-IQL,ROMB-IQL,theta_r,m=gauss,l2_anchor,3407,0,433.6036,2.218214041446794,20,13.9457,0,runs/spec_rnoise/off_romb_iql_hopper_rgauss_seed3407/r_r_hopper_eval.json
offline,ROMB-IQL,ROMB-IQL,theta_r,m=gauss,l3_anchor,3407,0,393.6691,44.3795607394426,20,12.7187,0,runs/spec_rnoise/off_romb_iql_hopper_rgauss_seed3407/r_r_hopper_eval.json
offline,ROMB-IQL,ROMB-IQL,theta_r,m=gauss,nominal,42,1,3354.9085,568.3821612979914,20,103.7058,0,runs/spec_rnoise/off_romb_iql_hopper_rgauss_seed42/r_r_hopper_eval.json
offline,ROMB-IQL,ROMB-IQL,theta_r,m=gauss,l1_in,42,0,2148.7062,1181.133051460987,20,66.6440,0,runs/spec_rnoise/off_romb_iql_hopper_rgauss_seed42/r_r_hopper_eval.json
offline,ROMB-IQL,ROMB-IQL,theta_r,m=gauss,l1_out,42,0,1494.6618,1202.6023478923482,20,46.5478,0,runs/spec_rnoise/off_romb_iql_hopper_rgauss_seed42/r_r_hopper_eval.json
offline,ROMB-IQL,ROMB-IQL,theta_r,m=gauss,l2_in,42,0,1710.7770,1165.2191027640429,20,53.1882,0,runs/spec_rnoise/off_romb_iql_hopper_rgauss_seed42/r_r_hopper_eval.json
offline,ROMB-IQL,ROMB-IQL,theta_r,m=gauss,l2_out,42,0,1018.9958,834.1585129416462,20,31.9325,0,runs/spec_rnoise/off_romb_iql_hopper_rgauss_seed42/r_r_hopper_eval.json
offline,ROMB-IQL,ROMB-IQL,theta_r,m=gauss,l3_in,42,0,1622.8492,685.190216923077,20,50.4865,0,runs/spec_rnoise/off_romb_iql_hopper_rgauss_seed42/r_r_hopper_eval.json
offline,ROMB-IQL,ROMB-IQL,theta_r,m=gauss,l3_out,42,0,1011.4060,757.5492377911063,20,31.6993,0,runs/spec_rnoise/off_romb_iql_hopper_rgauss_seed42/r_r_hopper_eval.json
offline,ROMB-IQL,ROMB-IQL,theta_r,m=gauss,l1_anchor,42,0,689.3485,18.168297261399132,20,21.8038,0,runs/spec_rnoise/off_romb_iql_hopper_rgauss_seed42/r_r_hopper_eval.json
offline,ROMB-IQL,ROMB-IQL,theta_r,m=gauss,l2_anchor,42,0,458.5388,2.8283955045810574,20,14.7119,0,runs/spec_rnoise/off_romb_iql_hopper_rgauss_seed42/r_r_hopper_eval.json
offline,ROMB-IQL,ROMB-IQL,theta_r,m=gauss,l3_anchor,42,0,359.5464,63.9372134940616,20,11.6702,0,runs/spec_rnoise/off_romb_iql_hopper_rgauss_seed42/r_r_hopper_eval.json
offline,ROMB-IQL,ROMB-IQL,theta_r,m=uniform,nominal,0,1,2658.8718,865.5068689916573,20,82.3194,0,runs/spec_rnoise/off_romb_iql_hopper_runiform_seed0/r_r_hopper_eval.json
offline,ROMB-IQL,ROMB-IQL,theta_r,m=uniform,l1_in,0,0,2086.1721,1215.567809158251,20,64.7226,0,runs/spec_rnoise/off_romb_iql_hopper_runiform_seed0/r_r_hopper_eval.json
offline,ROMB-IQL,ROMB-IQL,theta_r,m=uniform,l1_out,0,0,1555.7636,1295.1060542731198,20,48.4252,0,runs/spec_rnoise/off_romb_iql_hopper_runiform_seed0/r_r_hopper_eval.json
offline,ROMB-IQL,ROMB-IQL,theta_r,m=uniform,l2_in,0,0,1766.7583,1241.783648995612,20,54.9083,0,runs/spec_rnoise/off_romb_iql_hopper_runiform_seed0/r_r_hopper_eval.json
offline,ROMB-IQL,ROMB-IQL,theta_r,m=uniform,l2_out,0,0,1102.1284,941.4608366168071,20,34.4868,0,runs/spec_rnoise/off_romb_iql_hopper_runiform_seed0/r_r_hopper_eval.json
offline,ROMB-IQL,ROMB-IQL,theta_r,m=uniform,l3_in,0,0,1400.5988,702.6618232143356,20,43.6577,0,runs/spec_rnoise/off_romb_iql_hopper_runiform_seed0/r_r_hopper_eval.json
offline,ROMB-IQL,ROMB-IQL,theta_r,m=uniform,l3_out,0,0,985.4789,670.027877412257,20,30.9027,0,runs/spec_rnoise/off_romb_iql_hopper_runiform_seed0/r_r_hopper_eval.json
offline,ROMB-IQL,ROMB-IQL,theta_r,m=uniform,l1_anchor,0,0,701.3427,10.451797735709977,20,22.1723,0,runs/spec_rnoise/off_romb_iql_hopper_runiform_seed0/r_r_hopper_eval.json
offline,ROMB-IQL,ROMB-IQL,theta_r,m=uniform,l2_anchor,0,0,439.3032,4.0469334796278265,20,14.1209,0,runs/spec_rnoise/off_romb_iql_hopper_runiform_seed0/r_r_hopper_eval.json
offline,ROMB-IQL,ROMB-IQL,theta_r,m=uniform,l3_anchor,0,0,242.5801,8.373873713867443,20,8.0763,0,runs/spec_rnoise/off_romb_iql_hopper_runiform_seed0/r_r_hopper_eval.json
offline,ROMB-IQL,ROMB-IQL,theta_r,m=uniform,nominal,1,1,3596.6748,30.756004109786716,20,111.1343,0,runs/spec_rnoise/off_romb_iql_hopper_runiform_seed1/r_r_hopper_eval.json
offline,ROMB-IQL,ROMB-IQL,theta_r,m=uniform,l1_in,1,0,1865.5893,1141.5649159287364,20,57.9450,0,runs/spec_rnoise/off_romb_iql_hopper_runiform_seed1/r_r_hopper_eval.json
offline,ROMB-IQL,ROMB-IQL,theta_r,m=uniform,l1_out,1,0,1353.3697,1109.3880059863552,20,42.2065,0,runs/spec_rnoise/off_romb_iql_hopper_runiform_seed1/r_r_hopper_eval.json
offline,ROMB-IQL,ROMB-IQL,theta_r,m=uniform,l2_in,1,0,1823.7477,1263.9353835994245,20,56.6593,0,runs/spec_rnoise/off_romb_iql_hopper_runiform_seed1/r_r_hopper_eval.json
offline,ROMB-IQL,ROMB-IQL,theta_r,m=uniform,l2_out,1,0,896.4851,721.178044041985,20,28.1682,0,runs/spec_rnoise/off_romb_iql_hopper_runiform_seed1/r_r_hopper_eval.json
offline,ROMB-IQL,ROMB-IQL,theta_r,m=uniform,l3_in,1,0,1438.9506,504.3776122732573,20,44.8360,0,runs/spec_rnoise/off_romb_iql_hopper_runiform_seed1/r_r_hopper_eval.json
offline,ROMB-IQL,ROMB-IQL,theta_r,m=uniform,l3_out,1,0,742.1931,657.6555144568676,20,23.4275,0,runs/spec_rnoise/off_romb_iql_hopper_runiform_seed1/r_r_hopper_eval.json
offline,ROMB-IQL,ROMB-IQL,theta_r,m=uniform,l1_anchor,1,0,710.2699,13.642746218703257,20,22.4466,0,runs/spec_rnoise/off_romb_iql_hopper_runiform_seed1/r_r_hopper_eval.json
offline,ROMB-IQL,ROMB-IQL,theta_r,m=uniform,l2_anchor,1,0,414.9534,2.575503135097868,20,13.3727,0,runs/spec_rnoise/off_romb_iql_hopper_runiform_seed1/r_r_hopper_eval.json
offline,ROMB-IQL,ROMB-IQL,theta_r,m=uniform,l3_anchor,1,0,376.8884,31.889709401132208,20,12.2031,0,runs/spec_rnoise/off_romb_iql_hopper_runiform_seed1/r_r_hopper_eval.json
offline,ROMB-IQL,ROMB-IQL,theta_r,m=uniform,nominal,2,1,1773.7479,153.2239995699121,20,55.1230,0,runs/spec_rnoise/off_romb_iql_hopper_runiform_seed2/r_r_hopper_eval.json
offline,ROMB-IQL,ROMB-IQL,theta_r,m=uniform,l1_in,2,0,1886.9967,1130.962945224365,20,58.6027,0,runs/spec_rnoise/off_romb_iql_hopper_runiform_seed2/r_r_hopper_eval.json
offline,ROMB-IQL,ROMB-IQL,theta_r,m=uniform,l1_out,2,0,1487.7106,1178.7277540770558,20,46.3342,0,runs/spec_rnoise/off_romb_iql_hopper_runiform_seed2/r_r_hopper_eval.json
offline,ROMB-IQL,ROMB-IQL,theta_r,m=uniform,l2_in,2,0,1766.5197,1179.603298738217,20,54.9009,0,runs/spec_rnoise/off_romb_iql_hopper_runiform_seed2/r_r_hopper_eval.json
offline,ROMB-IQL,ROMB-IQL,theta_r,m=uniform,l2_out,2,0,1007.0539,929.7349124730822,20,31.5656,0,runs/spec_rnoise/off_romb_iql_hopper_runiform_seed2/r_r_hopper_eval.json
offline,ROMB-IQL,ROMB-IQL,theta_r,m=uniform,l3_in,2,0,1463.5696,672.430526127396,20,45.5925,0,runs/spec_rnoise/off_romb_iql_hopper_runiform_seed2/r_r_hopper_eval.json
offline,ROMB-IQL,ROMB-IQL,theta_r,m=uniform,l3_out,2,0,901.3221,643.7187226111142,20,28.3169,0,runs/spec_rnoise/off_romb_iql_hopper_runiform_seed2/r_r_hopper_eval.json
offline,ROMB-IQL,ROMB-IQL,theta_r,m=uniform,l1_anchor,2,0,794.9894,10.671475953203217,20,25.0497,0,runs/spec_rnoise/off_romb_iql_hopper_runiform_seed2/r_r_hopper_eval.json
offline,ROMB-IQL,ROMB-IQL,theta_r,m=uniform,l2_anchor,2,0,446.6541,1.2367649187570335,20,14.3467,0,runs/spec_rnoise/off_romb_iql_hopper_runiform_seed2/r_r_hopper_eval.json
offline,ROMB-IQL,ROMB-IQL,theta_r,m=uniform,l3_anchor,2,0,378.4548,42.70115742473733,20,12.2512,0,runs/spec_rnoise/off_romb_iql_hopper_runiform_seed2/r_r_hopper_eval.json
offline,ROMB-IQL,ROMB-IQL,theta_r,m=uniform,nominal,3407,1,3435.0927,520.1806932900123,20,106.1696,0,runs/spec_rnoise/off_romb_iql_hopper_runiform_seed3407/r_r_hopper_eval.json
offline,ROMB-IQL,ROMB-IQL,theta_r,m=uniform,l1_in,3407,0,2035.7097,1156.5031477113284,20,63.1721,0,runs/spec_rnoise/off_romb_iql_hopper_runiform_seed3407/r_r_hopper_eval.json
offline,ROMB-IQL,ROMB-IQL,theta_r,m=uniform,l1_out,3407,0,1505.3040,1174.0791722350214,20,46.8748,0,runs/spec_rnoise/off_romb_iql_hopper_runiform_seed3407/r_r_hopper_eval.json
offline,ROMB-IQL,ROMB-IQL,theta_r,m=uniform,l2_in,3407,0,1794.3046,1217.2389150948181,20,55.7547,0,runs/spec_rnoise/off_romb_iql_hopper_runiform_seed3407/r_r_hopper_eval.json
offline,ROMB-IQL,ROMB-IQL,theta_r,m=uniform,l2_out,3407,0,1036.0843,912.6807111358494,20,32.4576,0,runs/spec_rnoise/off_romb_iql_hopper_runiform_seed3407/r_r_hopper_eval.json
offline,ROMB-IQL,ROMB-IQL,theta_r,m=uniform,l3_in,3407,0,1278.4254,531.2011336471818,20,39.9037,0,runs/spec_rnoise/off_romb_iql_hopper_runiform_seed3407/r_r_hopper_eval.json
offline,ROMB-IQL,ROMB-IQL,theta_r,m=uniform,l3_out,3407,0,860.6864,552.2800215234307,20,27.0683,0,runs/spec_rnoise/off_romb_iql_hopper_runiform_seed3407/r_r_hopper_eval.json
offline,ROMB-IQL,ROMB-IQL,theta_r,m=uniform,l1_anchor,3407,0,818.7995,17.244746010269857,20,25.7813,0,runs/spec_rnoise/off_romb_iql_hopper_runiform_seed3407/r_r_hopper_eval.json
offline,ROMB-IQL,ROMB-IQL,theta_r,m=uniform,l2_anchor,3407,0,478.2535,4.05282292190338,20,15.3176,0,runs/spec_rnoise/off_romb_iql_hopper_runiform_seed3407/r_r_hopper_eval.json
offline,ROMB-IQL,ROMB-IQL,theta_r,m=uniform,l3_anchor,3407,0,408.0631,30.2634864239609,20,13.1610,0,runs/spec_rnoise/off_romb_iql_hopper_runiform_seed3407/r_r_hopper_eval.json
offline,ROMB-IQL,ROMB-IQL,theta_r,m=uniform,nominal,42,1,3583.2970,26.036863423380975,20,110.7233,0,runs/spec_rnoise/off_romb_iql_hopper_runiform_seed42/r_r_hopper_eval.json
offline,ROMB-IQL,ROMB-IQL,theta_r,m=uniform,l1_in,42,0,1826.0860,1159.554737562861,20,56.7312,0,runs/spec_rnoise/off_romb_iql_hopper_runiform_seed42/r_r_hopper_eval.json
offline,ROMB-IQL,ROMB-IQL,theta_r,m=uniform,l1_out,42,0,1577.6507,1268.6069058595888,20,49.0978,0,runs/spec_rnoise/off_romb_iql_hopper_runiform_seed42/r_r_hopper_eval.json
offline,ROMB-IQL,ROMB-IQL,theta_r,m=uniform,l2_in,42,0,1845.1862,1306.1813685652817,20,57.3181,0,runs/spec_rnoise/off_romb_iql_hopper_runiform_seed42/r_r_hopper_eval.json
offline,ROMB-IQL,ROMB-IQL,theta_r,m=uniform,l2_out,42,0,1116.3440,1023.8131629531513,20,34.9236,0,runs/spec_rnoise/off_romb_iql_hopper_runiform_seed42/r_r_hopper_eval.json
offline,ROMB-IQL,ROMB-IQL,theta_r,m=uniform,l3_in,42,0,1591.1976,652.4093075275106,20,49.5140,0,runs/spec_rnoise/off_romb_iql_hopper_runiform_seed42/r_r_hopper_eval.json
offline,ROMB-IQL,ROMB-IQL,theta_r,m=uniform,l3_out,42,0,1032.6958,617.7317487808688,20,32.3535,0,runs/spec_rnoise/off_romb_iql_hopper_runiform_seed42/r_r_hopper_eval.json
offline,ROMB-IQL,ROMB-IQL,theta_r,m=uniform,l1_anchor,42,0,759.8552,11.121004290181931,20,23.9701,0,runs/spec_rnoise/off_romb_iql_hopper_runiform_seed42/r_r_hopper_eval.json
offline,ROMB-IQL,ROMB-IQL,theta_r,m=uniform,l2_anchor,42,0,456.4349,3.7035433666164197,20,14.6472,0,runs/spec_rnoise/off_romb_iql_hopper_runiform_seed42/r_r_hopper_eval.json
offline,ROMB-IQL,ROMB-IQL,theta_r,m=uniform,l3_anchor,42,0,391.6411,23.73066402366764,20,12.6564,0,runs/spec_rnoise/off_romb_iql_hopper_runiform_seed42/r_r_hopper_eval.json
offline,ROMB-IQL,ROMB-IQL,theta_r,m=shift,nominal,0,1,3545.9208,12.536358872337715,20,109.5749,0,runs/spec_rnoise/off_romb_iql_hopper_rshift_seed0/r_r_hopper_eval.json
offline,ROMB-IQL,ROMB-IQL,theta_r,m=shift,l1_in,0,0,2481.5867,1176.2758898972497,20,76.8721,0,runs/spec_rnoise/off_romb_iql_hopper_rshift_seed0/r_r_hopper_eval.json
offline,ROMB-IQL,ROMB-IQL,theta_r,m=shift,l1_out,0,0,1599.6852,1278.9754128922361,20,49.7748,0,runs/spec_rnoise/off_romb_iql_hopper_rshift_seed0/r_r_hopper_eval.json
offline,ROMB-IQL,ROMB-IQL,theta_r,m=shift,l2_in,0,0,1982.0761,1284.0409443753558,20,61.5241,0,runs/spec_rnoise/off_romb_iql_hopper_rshift_seed0/r_r_hopper_eval.json
offline,ROMB-IQL,ROMB-IQL,theta_r,m=shift,l2_out,0,0,1243.3621,1045.0366111448545,20,38.8264,0,runs/spec_rnoise/off_romb_iql_hopper_rshift_seed0/r_r_hopper_eval.json
offline,ROMB-IQL,ROMB-IQL,theta_r,m=shift,l3_in,0,0,1606.3313,716.144723985476,20,49.9790,0,runs/spec_rnoise/off_romb_iql_hopper_rshift_seed0/r_r_hopper_eval.json
offline,ROMB-IQL,ROMB-IQL,theta_r,m=shift,l3_out,0,0,1186.7939,595.1465660432102,20,37.0883,0,runs/spec_rnoise/off_romb_iql_hopper_rshift_seed0/r_r_hopper_eval.json
offline,ROMB-IQL,ROMB-IQL,theta_r,m=shift,l1_anchor,0,0,794.3468,11.238372009622454,20,25.0299,0,runs/spec_rnoise/off_romb_iql_hopper_rshift_seed0/r_r_hopper_eval.json
offline,ROMB-IQL,ROMB-IQL,theta_r,m=shift,l2_anchor,0,0,482.3257,2.5906750157955307,20,15.4428,0,runs/spec_rnoise/off_romb_iql_hopper_rshift_seed0/r_r_hopper_eval.json
offline,ROMB-IQL,ROMB-IQL,theta_r,m=shift,l3_anchor,0,0,400.3979,45.358041121834624,20,12.9255,0,runs/spec_rnoise/off_romb_iql_hopper_rshift_seed0/r_r_hopper_eval.json
offline,ROMB-IQL,ROMB-IQL,theta_r,m=shift,nominal,1,1,3514.4804,278.5908862089318,20,108.6088,0,runs/spec_rnoise/off_romb_iql_hopper_rshift_seed1/r_r_hopper_eval.json
offline,ROMB-IQL,ROMB-IQL,theta_r,m=shift,l1_in,1,0,1891.8119,1107.3693240418472,20,58.7507,0,runs/spec_rnoise/off_romb_iql_hopper_rshift_seed1/r_r_hopper_eval.json
offline,ROMB-IQL,ROMB-IQL,theta_r,m=shift,l1_out,1,0,1446.4118,1183.2140121115997,20,45.0653,0,runs/spec_rnoise/off_romb_iql_hopper_rshift_seed1/r_r_hopper_eval.json
offline,ROMB-IQL,ROMB-IQL,theta_r,m=shift,l2_in,1,0,1896.5416,1227.736955794699,20,58.8960,0,runs/spec_rnoise/off_romb_iql_hopper_rshift_seed1/r_r_hopper_eval.json
offline,ROMB-IQL,ROMB-IQL,theta_r,m=shift,l2_out,1,0,1074.7387,959.4144670735196,20,33.6453,0,runs/spec_rnoise/off_romb_iql_hopper_rshift_seed1/r_r_hopper_eval.json
offline,ROMB-IQL,ROMB-IQL,theta_r,m=shift,l3_in,1,0,1529.5475,666.0612330348515,20,47.6197,0,runs/spec_rnoise/off_romb_iql_hopper_rshift_seed1/r_r_hopper_eval.json
offline,ROMB-IQL,ROMB-IQL,theta_r,m=shift,l3_out,1,0,867.3797,793.4206728863613,20,27.2739,0,runs/spec_rnoise/off_romb_iql_hopper_rshift_seed1/r_r_hopper_eval.json
offline,ROMB-IQL,ROMB-IQL,theta_r,m=shift,l1_anchor,1,0,666.1839,20.3015883950338,20,21.0920,0,runs/spec_rnoise/off_romb_iql_hopper_rshift_seed1/r_r_hopper_eval.json
offline,ROMB-IQL,ROMB-IQL,theta_r,m=shift,l2_anchor,1,0,476.0959,3.2216096343812795,20,15.2514,0,runs/spec_rnoise/off_romb_iql_hopper_rshift_seed1/r_r_hopper_eval.json
offline,ROMB-IQL,ROMB-IQL,theta_r,m=shift,l3_anchor,1,0,278.9054,61.98970695111418,20,9.1925,0,runs/spec_rnoise/off_romb_iql_hopper_rshift_seed1/r_r_hopper_eval.json
offline,ROMB-IQL,ROMB-IQL,theta_r,m=shift,nominal,2,1,3521.4421,244.51275006605997,20,108.8227,0,runs/spec_rnoise/off_romb_iql_hopper_rshift_seed2/r_r_hopper_eval.json
offline,ROMB-IQL,ROMB-IQL,theta_r,m=shift,l1_in,2,0,2153.8404,1172.1128579315537,20,66.8018,0,runs/spec_rnoise/off_romb_iql_hopper_rshift_seed2/r_r_hopper_eval.json
offline,ROMB-IQL,ROMB-IQL,theta_r,m=shift,l1_out,2,0,1467.4781,1190.082819706432,20,45.7126,0,runs/spec_rnoise/off_romb_iql_hopper_rshift_seed2/r_r_hopper_eval.json
offline,ROMB-IQL,ROMB-IQL,theta_r,m=shift,l2_in,2,0,1884.1402,1273.5007950491529,20,58.5150,0,runs/spec_rnoise/off_romb_iql_hopper_rshift_seed2/r_r_hopper_eval.json
offline,ROMB-IQL,ROMB-IQL,theta_r,m=shift,l2_out,2,0,1173.6074,1054.3606303288593,20,36.6831,0,runs/spec_rnoise/off_romb_iql_hopper_rshift_seed2/r_r_hopper_eval.json
offline,ROMB-IQL,ROMB-IQL,theta_r,m=shift,l3_in,2,0,1571.5694,776.5040382579369,20,48.9109,0,runs/spec_rnoise/off_romb_iql_hopper_rshift_seed2/r_r_hopper_eval.json
offline,ROMB-IQL,ROMB-IQL,theta_r,m=shift,l3_out,2,0,1010.1146,619.4425391874445,20,31.6596,0,runs/spec_rnoise/off_romb_iql_hopper_rshift_seed2/r_r_hopper_eval.json
offline,ROMB-IQL,ROMB-IQL,theta_r,m=shift,l1_anchor,2,0,782.4530,15.887252677202389,20,24.6645,0,runs/spec_rnoise/off_romb_iql_hopper_rshift_seed2/r_r_hopper_eval.json
offline,ROMB-IQL,ROMB-IQL,theta_r,m=shift,l2_anchor,2,0,434.6049,4.166453671736969,20,13.9765,0,runs/spec_rnoise/off_romb_iql_hopper_rshift_seed2/r_r_hopper_eval.json
offline,ROMB-IQL,ROMB-IQL,theta_r,m=shift,l3_anchor,2,0,388.6410,27.940448417813382,20,12.5642,0,runs/spec_rnoise/off_romb_iql_hopper_rshift_seed2/r_r_hopper_eval.json
offline,ROMB-IQL,ROMB-IQL,theta_r,m=shift,nominal,3407,1,3264.8468,600.3965065204652,20,100.9386,0,runs/spec_rnoise/off_romb_iql_hopper_rshift_seed3407/r_r_hopper_eval.json
offline,ROMB-IQL,ROMB-IQL,theta_r,m=shift,l1_in,3407,0,2354.0547,1226.1426663004438,20,72.9536,0,runs/spec_rnoise/off_romb_iql_hopper_rshift_seed3407/r_r_hopper_eval.json
offline,ROMB-IQL,ROMB-IQL,theta_r,m=shift,l1_out,3407,0,1717.4201,1342.9327959983054,20,53.3923,0,runs/spec_rnoise/off_romb_iql_hopper_rshift_seed3407/r_r_hopper_eval.json
offline,ROMB-IQL,ROMB-IQL,theta_r,m=shift,l2_in,3407,0,2036.5742,1322.782452915904,20,63.1986,0,runs/spec_rnoise/off_romb_iql_hopper_rshift_seed3407/r_r_hopper_eval.json
offline,ROMB-IQL,ROMB-IQL,theta_r,m=shift,l2_out,3407,0,970.9125,915.1770826887787,20,30.4551,0,runs/spec_rnoise/off_romb_iql_hopper_rshift_seed3407/r_r_hopper_eval.json
offline,ROMB-IQL,ROMB-IQL,theta_r,m=shift,l3_in,3407,0,1474.1564,711.8575799753961,20,45.9178,0,runs/spec_rnoise/off_romb_iql_hopper_rshift_seed3407/r_r_hopper_eval.json
offline,ROMB-IQL,ROMB-IQL,theta_r,m=shift,l3_out,3407,0,1047.6080,760.7956524828675,20,32.8116,0,runs/spec_rnoise/off_romb_iql_hopper_rshift_seed3407/r_r_hopper_eval.json
offline,ROMB-IQL,ROMB-IQL,theta_r,m=shift,l1_anchor,3407,0,760.7358,13.573592157165258,20,23.9972,0,runs/spec_rnoise/off_romb_iql_hopper_rshift_seed3407/r_r_hopper_eval.json
offline,ROMB-IQL,ROMB-IQL,theta_r,m=shift,l2_anchor,3407,0,414.1208,1.6297684767087166,20,13.3471,0,runs/spec_rnoise/off_romb_iql_hopper_rshift_seed3407/r_r_hopper_eval.json
offline,ROMB-IQL,ROMB-IQL,theta_r,m=shift,l3_anchor,3407,0,398.7371,38.56922114898742,20,12.8744,0,runs/spec_rnoise/off_romb_iql_hopper_rshift_seed3407/r_r_hopper_eval.json
offline,ROMB-IQL,ROMB-IQL,theta_r,m=shift,nominal,42,1,3191.0941,679.9923736009786,20,98.6725,0,runs/spec_rnoise/off_romb_iql_hopper_rshift_seed42/r_r_hopper_eval.json
offline,ROMB-IQL,ROMB-IQL,theta_r,m=shift,l1_in,42,0,1988.0491,1181.089686589889,20,61.7077,0,runs/spec_rnoise/off_romb_iql_hopper_rshift_seed42/r_r_hopper_eval.json
offline,ROMB-IQL,ROMB-IQL,theta_r,m=shift,l1_out,42,0,1440.5385,1189.0394355661258,20,44.8848,0,runs/spec_rnoise/off_romb_iql_hopper_rshift_seed42/r_r_hopper_eval.json
offline,ROMB-IQL,ROMB-IQL,theta_r,m=shift,l2_in,42,0,2054.7122,1322.158402565739,20,63.7560,0,runs/spec_rnoise/off_romb_iql_hopper_rshift_seed42/r_r_hopper_eval.json
offline,ROMB-IQL,ROMB-IQL,theta_r,m=shift,l2_out,42,0,1102.3371,927.2673394204172,20,34.4933,0,runs/spec_rnoise/off_romb_iql_hopper_rshift_seed42/r_r_hopper_eval.json
offline,ROMB-IQL,ROMB-IQL,theta_r,m=shift,l3_in,42,0,1557.3419,834.5214074755668,20,48.4737,0,runs/spec_rnoise/off_romb_iql_hopper_rshift_seed42/r_r_hopper_eval.json
offline,ROMB-IQL,ROMB-IQL,theta_r,m=shift,l3_out,42,0,1210.3407,709.3272379556383,20,37.8118,0,runs/spec_rnoise/off_romb_iql_hopper_rshift_seed42/r_r_hopper_eval.json
offline,ROMB-IQL,ROMB-IQL,theta_r,m=shift,l1_anchor,42,0,729.4787,17.900361281882255,20,23.0368,0,runs/spec_rnoise/off_romb_iql_hopper_rshift_seed42/r_r_hopper_eval.json
offline,ROMB-IQL,ROMB-IQL,theta_r,m=shift,l2_anchor,42,0,469.9616,2.9896755088953206,20,15.0629,0,runs/spec_rnoise/off_romb_iql_hopper_rshift_seed42/r_r_hopper_eval.json
offline,ROMB-IQL,ROMB-IQL,theta_r,m=shift,l3_anchor,42,0,327.6390,57.92285358472178,20,10.6899,0,runs/spec_rnoise/off_romb_iql_hopper_rshift_seed42/r_r_hopper_eval.json
offline,ROMB-IQL,ROMB-IQL,theta_tau_credit,k=4,nominal,0,1,3538.7794,17.200124433870716,20,109.3554,0,runs/spec_rdelay/off_romb_iql_hopper_k4_seed0/r_r_hopper_eval.json
offline,ROMB-IQL,ROMB-IQL,theta_tau_credit,k=4,l1_in,0,0,2407.1867,1168.809661652497,20,74.5861,0,runs/spec_rdelay/off_romb_iql_hopper_k4_seed0/r_r_hopper_eval.json
offline,ROMB-IQL,ROMB-IQL,theta_tau_credit,k=4,l1_out,0,0,1569.2617,1290.6607242984308,20,48.8400,0,runs/spec_rdelay/off_romb_iql_hopper_k4_seed0/r_r_hopper_eval.json
offline,ROMB-IQL,ROMB-IQL,theta_tau_credit,k=4,l2_in,0,0,2077.4578,1351.9963666001886,20,64.4548,0,runs/spec_rdelay/off_romb_iql_hopper_k4_seed0/r_r_hopper_eval.json
offline,ROMB-IQL,ROMB-IQL,theta_tau_credit,k=4,l2_out,0,0,1149.4025,1071.3513793635448,20,35.9394,0,runs/spec_rdelay/off_romb_iql_hopper_k4_seed0/r_r_hopper_eval.json
offline,ROMB-IQL,ROMB-IQL,theta_tau_credit,k=4,l3_in,0,0,1443.9883,719.9015950677492,20,44.9908,0,runs/spec_rdelay/off_romb_iql_hopper_k4_seed0/r_r_hopper_eval.json
offline,ROMB-IQL,ROMB-IQL,theta_tau_credit,k=4,l3_out,0,0,889.8029,677.2918201285293,20,27.9629,0,runs/spec_rdelay/off_romb_iql_hopper_k4_seed0/r_r_hopper_eval.json
offline,ROMB-IQL,ROMB-IQL,theta_tau_credit,k=4,l1_anchor,0,0,685.3498,10.245911013655777,20,21.6809,0,runs/spec_rdelay/off_romb_iql_hopper_k4_seed0/r_r_hopper_eval.json
offline,ROMB-IQL,ROMB-IQL,theta_tau_credit,k=4,l2_anchor,0,0,438.7483,1.1554822462248502,20,14.1038,0,runs/spec_rdelay/off_romb_iql_hopper_k4_seed0/r_r_hopper_eval.json
offline,ROMB-IQL,ROMB-IQL,theta_tau_credit,k=4,l3_anchor,0,0,233.8147,7.549102724662511,20,7.8070,0,runs/spec_rdelay/off_romb_iql_hopper_k4_seed0/r_r_hopper_eval.json
offline,ROMB-IQL,ROMB-IQL,theta_tau_credit,k=4,nominal,1,1,3586.9047,20.658905824388142,20,110.8341,0,runs/spec_rdelay/off_romb_iql_hopper_k4_seed1/r_r_hopper_eval.json
offline,ROMB-IQL,ROMB-IQL,theta_tau_credit,k=4,l1_in,1,0,2228.0076,1167.4373625363287,20,69.0806,0,runs/spec_rdelay/off_romb_iql_hopper_k4_seed1/r_r_hopper_eval.json
offline,ROMB-IQL,ROMB-IQL,theta_tau_credit,k=4,l1_out,1,0,1594.6693,1292.5403844660477,20,49.6207,0,runs/spec_rdelay/off_romb_iql_hopper_k4_seed1/r_r_hopper_eval.json
offline,ROMB-IQL,ROMB-IQL,theta_tau_credit,k=4,l2_in,1,0,1928.5933,1271.89104673513,20,59.8808,0,runs/spec_rdelay/off_romb_iql_hopper_k4_seed1/r_r_hopper_eval.json
offline,ROMB-IQL,ROMB-IQL,theta_tau_credit,k=4,l2_out,1,0,1002.6698,900.2258647237495,20,31.4309,0,runs/spec_rdelay/off_romb_iql_hopper_k4_seed1/r_r_hopper_eval.json
offline,ROMB-IQL,ROMB-IQL,theta_tau_credit,k=4,l3_in,1,0,1599.7071,774.0433943938903,20,49.7755,0,runs/spec_rdelay/off_romb_iql_hopper_k4_seed1/r_r_hopper_eval.json
offline,ROMB-IQL,ROMB-IQL,theta_tau_credit,k=4,l3_out,1,0,1025.4440,610.9919545209893,20,32.1306,0,runs/spec_rdelay/off_romb_iql_hopper_k4_seed1/r_r_hopper_eval.json
offline,ROMB-IQL,ROMB-IQL,theta_tau_credit,k=4,l1_anchor,1,0,666.9014,15.304750843796176,20,21.1140,0,runs/spec_rdelay/off_romb_iql_hopper_k4_seed1/r_r_hopper_eval.json
offline,ROMB-IQL,ROMB-IQL,theta_tau_credit,k=4,l2_anchor,1,0,413.8025,2.5116228383822854,20,13.3373,0,runs/spec_rdelay/off_romb_iql_hopper_k4_seed1/r_r_hopper_eval.json
offline,ROMB-IQL,ROMB-IQL,theta_tau_credit,k=4,l3_anchor,1,0,351.4155,53.76145530037468,20,11.4204,0,runs/spec_rdelay/off_romb_iql_hopper_k4_seed1/r_r_hopper_eval.json
offline,ROMB-IQL,ROMB-IQL,theta_tau_credit,k=4,nominal,2,1,3582.1316,25.62340633233739,20,110.6875,0,runs/spec_rdelay/off_romb_iql_hopper_k4_seed2/r_r_hopper_eval.json
offline,ROMB-IQL,ROMB-IQL,theta_tau_credit,k=4,l1_in,2,0,2075.3958,1127.8872076178056,20,64.3915,0,runs/spec_rdelay/off_romb_iql_hopper_k4_seed2/r_r_hopper_eval.json
offline,ROMB-IQL,ROMB-IQL,theta_tau_credit,k=4,l1_out,2,0,1461.4131,1192.663904179624,20,45.5262,0,runs/spec_rdelay/off_romb_iql_hopper_k4_seed2/r_r_hopper_eval.json
offline,ROMB-IQL,ROMB-IQL,theta_tau_credit,k=4,l2_in,2,0,1699.2584,1142.4612687951837,20,52.8343,0,runs/spec_rdelay/off_romb_iql_hopper_k4_seed2/r_r_hopper_eval.json
offline,ROMB-IQL,ROMB-IQL,theta_tau_credit,k=4,l2_out,2,0,1031.1835,922.660207763146,20,32.3070,0,runs/spec_rdelay/off_romb_iql_hopper_k4_seed2/r_r_hopper_eval.json
offline,ROMB-IQL,ROMB-IQL,theta_tau_credit,k=4,l3_in,2,0,1610.2959,774.8776819708811,20,50.1008,0,runs/spec_rdelay/off_romb_iql_hopper_k4_seed2/r_r_hopper_eval.json
offline,ROMB-IQL,ROMB-IQL,theta_tau_credit,k=4,l3_out,2,0,833.2183,711.7127594175255,20,26.2243,0,runs/spec_rdelay/off_romb_iql_hopper_k4_seed2/r_r_hopper_eval.json
offline,ROMB-IQL,ROMB-IQL,theta_tau_credit,k=4,l1_anchor,2,0,730.1815,17.61139720345968,20,23.0584,0,runs/spec_rdelay/off_romb_iql_hopper_k4_seed2/r_r_hopper_eval.json
offline,ROMB-IQL,ROMB-IQL,theta_tau_credit,k=4,l2_anchor,2,0,452.1259,1.2379229515007093,20,14.5148,0,runs/spec_rdelay/off_romb_iql_hopper_k4_seed2/r_r_hopper_eval.json
offline,ROMB-IQL,ROMB-IQL,theta_tau_credit,k=4,l3_anchor,2,0,254.5609,6.198428443711335,20,8.4445,0,runs/spec_rdelay/off_romb_iql_hopper_k4_seed2/r_r_hopper_eval.json
offline,ROMB-IQL,ROMB-IQL,theta_tau_credit,k=4,nominal,3407,1,3578.1641,22.739165408941247,20,110.5656,0,runs/spec_rdelay/off_romb_iql_hopper_k4_seed3407/r_r_hopper_eval.json
offline,ROMB-IQL,ROMB-IQL,theta_tau_credit,k=4,l1_in,3407,0,2405.3636,1188.388453244348,20,74.5301,0,runs/spec_rdelay/off_romb_iql_hopper_k4_seed3407/r_r_hopper_eval.json
offline,ROMB-IQL,ROMB-IQL,theta_tau_credit,k=4,l1_out,3407,0,1706.6452,1346.389437181638,20,53.0612,0,runs/spec_rdelay/off_romb_iql_hopper_k4_seed3407/r_r_hopper_eval.json
offline,ROMB-IQL,ROMB-IQL,theta_tau_credit,k=4,l2_in,3407,0,2035.7295,1315.704806116439,20,63.1727,0,runs/spec_rdelay/off_romb_iql_hopper_k4_seed3407/r_r_hopper_eval.json
offline,ROMB-IQL,ROMB-IQL,theta_tau_credit,k=4,l2_out,3407,0,1145.1760,1070.2894032877384,20,35.8095,0,runs/spec_rdelay/off_romb_iql_hopper_k4_seed3407/r_r_hopper_eval.json
offline,ROMB-IQL,ROMB-IQL,theta_tau_credit,k=4,l3_in,3407,0,1515.5274,569.8722052233957,20,47.1889,0,runs/spec_rdelay/off_romb_iql_hopper_k4_seed3407/r_r_hopper_eval.json
offline,ROMB-IQL,ROMB-IQL,theta_tau_credit,k=4,l3_out,3407,0,943.1159,770.3083695002413,20,29.6010,0,runs/spec_rdelay/off_romb_iql_hopper_k4_seed3407/r_r_hopper_eval.json
offline,ROMB-IQL,ROMB-IQL,theta_tau_credit,k=4,l1_anchor,3407,0,784.8738,10.552461163522612,20,24.7389,0,runs/spec_rdelay/off_romb_iql_hopper_k4_seed3407/r_r_hopper_eval.json
offline,ROMB-IQL,ROMB-IQL,theta_tau_credit,k=4,l2_anchor,3407,0,275.3628,70.69789245720376,20,9.0836,0,runs/spec_rdelay/off_romb_iql_hopper_k4_seed3407/r_r_hopper_eval.json
offline,ROMB-IQL,ROMB-IQL,theta_tau_credit,k=4,l3_anchor,3407,0,224.9399,6.091148627939967,20,7.5343,0,runs/spec_rdelay/off_romb_iql_hopper_k4_seed3407/r_r_hopper_eval.json
offline,ROMB-IQL,ROMB-IQL,theta_tau_credit,k=4,nominal,42,1,3530.8620,304.80298607252524,20,109.1122,0,runs/spec_rdelay/off_romb_iql_hopper_k4_seed42/r_r_hopper_eval.json
offline,ROMB-IQL,ROMB-IQL,theta_tau_credit,k=4,l1_in,42,0,2169.6113,1185.9782861844242,20,67.2863,0,runs/spec_rdelay/off_romb_iql_hopper_k4_seed42/r_r_hopper_eval.json
offline,ROMB-IQL,ROMB-IQL,theta_tau_credit,k=4,l1_out,42,0,1597.9912,1268.8458934554183,20,49.7227,0,runs/spec_rdelay/off_romb_iql_hopper_k4_seed42/r_r_hopper_eval.json
offline,ROMB-IQL,ROMB-IQL,theta_tau_credit,k=4,l2_in,42,0,1726.9634,1072.3815010293351,20,53.6855,0,runs/spec_rdelay/off_romb_iql_hopper_k4_seed42/r_r_hopper_eval.json
offline,ROMB-IQL,ROMB-IQL,theta_tau_credit,k=4,l2_out,42,0,1027.1309,893.7671223211294,20,32.1825,0,runs/spec_rdelay/off_romb_iql_hopper_k4_seed42/r_r_hopper_eval.json
offline,ROMB-IQL,ROMB-IQL,theta_tau_credit,k=4,l3_in,42,0,1570.9292,751.2011787611762,20,48.8912,0,runs/spec_rdelay/off_romb_iql_hopper_k4_seed42/r_r_hopper_eval.json
offline,ROMB-IQL,ROMB-IQL,theta_tau_credit,k=4,l3_out,42,0,689.7622,592.0429700673022,20,21.8165,0,runs/spec_rdelay/off_romb_iql_hopper_k4_seed42/r_r_hopper_eval.json
offline,ROMB-IQL,ROMB-IQL,theta_tau_credit,k=4,l1_anchor,42,0,772.5462,14.348949637210538,20,24.3601,0,runs/spec_rdelay/off_romb_iql_hopper_k4_seed42/r_r_hopper_eval.json
offline,ROMB-IQL,ROMB-IQL,theta_tau_credit,k=4,l2_anchor,42,0,469.9250,2.502562915525163,20,15.0617,0,runs/spec_rdelay/off_romb_iql_hopper_k4_seed42/r_r_hopper_eval.json
offline,ROMB-IQL,ROMB-IQL,theta_tau_credit,k=4,l3_anchor,42,0,362.3904,47.17298178868374,20,11.7576,0,runs/spec_rdelay/off_romb_iql_hopper_k4_seed42/r_r_hopper_eval.json
offline,ROMB-IQL,ROMB-IQL,theta_tau_credit,k=16,nominal,0,1,3598.0512,15.300723677668387,20,111.1766,0,runs/spec_rdelay/off_romb_iql_hopper_k16_seed0/r_r_hopper_eval.json
offline,ROMB-IQL,ROMB-IQL,theta_tau_credit,k=16,l1_in,0,0,2142.4076,1196.817438371129,20,66.4505,0,runs/spec_rdelay/off_romb_iql_hopper_k16_seed0/r_r_hopper_eval.json
offline,ROMB-IQL,ROMB-IQL,theta_tau_credit,k=16,l1_out,0,0,1692.0597,1319.0064753641514,20,52.6131,0,runs/spec_rdelay/off_romb_iql_hopper_k16_seed0/r_r_hopper_eval.json
offline,ROMB-IQL,ROMB-IQL,theta_tau_credit,k=16,l2_in,0,0,2039.3493,1321.9093384766115,20,63.2839,0,runs/spec_rdelay/off_romb_iql_hopper_k16_seed0/r_r_hopper_eval.json
offline,ROMB-IQL,ROMB-IQL,theta_tau_credit,k=16,l2_out,0,0,1026.3774,738.8378727490887,20,32.1593,0,runs/spec_rdelay/off_romb_iql_hopper_k16_seed0/r_r_hopper_eval.json
offline,ROMB-IQL,ROMB-IQL,theta_tau_credit,k=16,l3_in,0,0,1496.6553,734.5667307892477,20,46.6091,0,runs/spec_rdelay/off_romb_iql_hopper_k16_seed0/r_r_hopper_eval.json
offline,ROMB-IQL,ROMB-IQL,theta_tau_credit,k=16,l3_out,0,0,1174.5510,845.8729476275437,20,36.7121,0,runs/spec_rdelay/off_romb_iql_hopper_k16_seed0/r_r_hopper_eval.json
offline,ROMB-IQL,ROMB-IQL,theta_tau_credit,k=16,l1_anchor,0,0,800.3878,1.4220352089234813,20,25.2156,0,runs/spec_rdelay/off_romb_iql_hopper_k16_seed0/r_r_hopper_eval.json
offline,ROMB-IQL,ROMB-IQL,theta_tau_credit,k=16,l2_anchor,0,0,437.4556,1.6533955576725197,20,14.0641,0,runs/spec_rdelay/off_romb_iql_hopper_k16_seed0/r_r_hopper_eval.json
offline,ROMB-IQL,ROMB-IQL,theta_tau_credit,k=16,l3_anchor,0,0,402.9196,41.60356347976161,20,13.0029,0,runs/spec_rdelay/off_romb_iql_hopper_k16_seed0/r_r_hopper_eval.json
offline,ROMB-IQL,ROMB-IQL,theta_tau_credit,k=16,nominal,1,1,2610.7774,839.7519372631833,20,80.8416,0,runs/spec_rdelay/off_romb_iql_hopper_k16_seed1/r_r_hopper_eval.json
offline,ROMB-IQL,ROMB-IQL,theta_tau_credit,k=16,l1_in,1,0,2121.0976,1230.7003099388446,20,65.7957,0,runs/spec_rdelay/off_romb_iql_hopper_k16_seed1/r_r_hopper_eval.json
offline,ROMB-IQL,ROMB-IQL,theta_tau_credit,k=16,l1_out,1,0,1640.0904,1328.4040040309308,20,51.0163,0,runs/spec_rdelay/off_romb_iql_hopper_k16_seed1/r_r_hopper_eval.json
offline,ROMB-IQL,ROMB-IQL,theta_tau_credit,k=16,l2_in,1,0,1899.5862,1314.35728681693,20,58.9895,0,runs/spec_rdelay/off_romb_iql_hopper_k16_seed1/r_r_hopper_eval.json
offline,ROMB-IQL,ROMB-IQL,theta_tau_credit,k=16,l2_out,1,0,1123.4866,931.3228007221038,20,35.1431,0,runs/spec_rdelay/off_romb_iql_hopper_k16_seed1/r_r_hopper_eval.json
offline,ROMB-IQL,ROMB-IQL,theta_tau_credit,k=16,l3_in,1,0,1537.8590,714.8729681172483,20,47.8751,0,runs/spec_rdelay/off_romb_iql_hopper_k16_seed1/r_r_hopper_eval.json
offline,ROMB-IQL,ROMB-IQL,theta_tau_credit,k=16,l3_out,1,0,1077.5304,850.9858103402133,20,33.7310,0,runs/spec_rdelay/off_romb_iql_hopper_k16_seed1/r_r_hopper_eval.json
offline,ROMB-IQL,ROMB-IQL,theta_tau_credit,k=16,l1_anchor,1,0,705.9539,11.001059110861362,20,22.3140,0,runs/spec_rdelay/off_romb_iql_hopper_k16_seed1/r_r_hopper_eval.json
offline,ROMB-IQL,ROMB-IQL,theta_tau_credit,k=16,l2_anchor,1,0,430.4296,3.214437993979693,20,13.8482,0,runs/spec_rdelay/off_romb_iql_hopper_k16_seed1/r_r_hopper_eval.json
offline,ROMB-IQL,ROMB-IQL,theta_tau_credit,k=16,l3_anchor,1,0,353.8930,56.38361687381714,20,11.4965,0,runs/spec_rdelay/off_romb_iql_hopper_k16_seed1/r_r_hopper_eval.json
offline,ROMB-IQL,ROMB-IQL,theta_tau_credit,k=16,nominal,2,1,3586.6160,24.514459993617027,20,110.8253,0,runs/spec_rdelay/off_romb_iql_hopper_k16_seed2/r_r_hopper_eval.json
offline,ROMB-IQL,ROMB-IQL,theta_tau_credit,k=16,l1_in,2,0,2350.7343,1224.3454353059774,20,72.8515,0,runs/spec_rdelay/off_romb_iql_hopper_k16_seed2/r_r_hopper_eval.json
offline,ROMB-IQL,ROMB-IQL,theta_tau_credit,k=16,l1_out,2,0,1436.9477,1191.6298103673766,20,44.7745,0,runs/spec_rdelay/off_romb_iql_hopper_k16_seed2/r_r_hopper_eval.json
offline,ROMB-IQL,ROMB-IQL,theta_tau_credit,k=16,l2_in,2,0,2009.1549,1323.133378909702,20,62.3562,0,runs/spec_rdelay/off_romb_iql_hopper_k16_seed2/r_r_hopper_eval.json
offline,ROMB-IQL,ROMB-IQL,theta_tau_credit,k=16,l2_out,2,0,1309.6958,1175.2119160814036,20,40.8646,0,runs/spec_rdelay/off_romb_iql_hopper_k16_seed2/r_r_hopper_eval.json
offline,ROMB-IQL,ROMB-IQL,theta_tau_credit,k=16,l3_in,2,0,1460.6714,723.754595100461,20,45.5034,0,runs/spec_rdelay/off_romb_iql_hopper_k16_seed2/r_r_hopper_eval.json
offline,ROMB-IQL,ROMB-IQL,theta_tau_credit,k=16,l3_out,2,0,965.8653,620.0860942697022,20,30.3000,0,runs/spec_rdelay/off_romb_iql_hopper_k16_seed2/r_r_hopper_eval.json
offline,ROMB-IQL,ROMB-IQL,theta_tau_credit,k=16,l1_anchor,2,0,703.6560,20.87651470845485,20,22.2434,0,runs/spec_rdelay/off_romb_iql_hopper_k16_seed2/r_r_hopper_eval.json
offline,ROMB-IQL,ROMB-IQL,theta_tau_credit,k=16,l2_anchor,2,0,409.5058,3.7160236840188885,20,13.2053,0,runs/spec_rdelay/off_romb_iql_hopper_k16_seed2/r_r_hopper_eval.json
offline,ROMB-IQL,ROMB-IQL,theta_tau_credit,k=16,l3_anchor,2,0,368.5602,17.965600894909212,20,11.9472,0,runs/spec_rdelay/off_romb_iql_hopper_k16_seed2/r_r_hopper_eval.json
offline,ROMB-IQL,ROMB-IQL,theta_tau_credit,k=16,nominal,3407,1,3531.1734,223.4970445390242,20,109.1217,0,runs/spec_rdelay/off_romb_iql_hopper_k16_seed3407/r_r_hopper_eval.json
offline,ROMB-IQL,ROMB-IQL,theta_tau_credit,k=16,l1_in,3407,0,2007.2222,1106.8824130736548,20,62.2968,0,runs/spec_rdelay/off_romb_iql_hopper_k16_seed3407/r_r_hopper_eval.json
offline,ROMB-IQL,ROMB-IQL,theta_tau_credit,k=16,l1_out,3407,0,1580.2955,1279.125731342879,20,49.1790,0,runs/spec_rdelay/off_romb_iql_hopper_k16_seed3407/r_r_hopper_eval.json
offline,ROMB-IQL,ROMB-IQL,theta_tau_credit,k=16,l2_in,3407,0,2146.8312,1379.8513068680716,20,66.5864,0,runs/spec_rdelay/off_romb_iql_hopper_k16_seed3407/r_r_hopper_eval.json
offline,ROMB-IQL,ROMB-IQL,theta_tau_credit,k=16,l2_out,3407,0,1003.6647,899.6899882436633,20,31.4614,0,runs/spec_rdelay/off_romb_iql_hopper_k16_seed3407/r_r_hopper_eval.json
offline,ROMB-IQL,ROMB-IQL,theta_tau_credit,k=16,l3_in,3407,0,1618.5811,674.380687537498,20,50.3554,0,runs/spec_rdelay/off_romb_iql_hopper_k16_seed3407/r_r_hopper_eval.json
offline,ROMB-IQL,ROMB-IQL,theta_tau_credit,k=16,l3_out,3407,0,1178.9385,846.0433687388967,20,36.8469,0,runs/spec_rdelay/off_romb_iql_hopper_k16_seed3407/r_r_hopper_eval.json
offline,ROMB-IQL,ROMB-IQL,theta_tau_credit,k=16,l1_anchor,3407,0,688.4889,11.101347334476008,20,21.7773,0,runs/spec_rdelay/off_romb_iql_hopper_k16_seed3407/r_r_hopper_eval.json
offline,ROMB-IQL,ROMB-IQL,theta_tau_credit,k=16,l2_anchor,3407,0,427.3500,3.3422426625733768,20,13.7536,0,runs/spec_rdelay/off_romb_iql_hopper_k16_seed3407/r_r_hopper_eval.json
offline,ROMB-IQL,ROMB-IQL,theta_tau_credit,k=16,l3_anchor,3407,0,385.3083,20.79615150303014,20,12.4618,0,runs/spec_rdelay/off_romb_iql_hopper_k16_seed3407/r_r_hopper_eval.json
offline,ROMB-IQL,ROMB-IQL,theta_tau_credit,k=16,nominal,42,1,3319.3909,653.6037230716909,20,102.6145,0,runs/spec_rdelay/off_romb_iql_hopper_k16_seed42/r_r_hopper_eval.json
offline,ROMB-IQL,ROMB-IQL,theta_tau_credit,k=16,l1_in,42,0,2010.0974,1190.8007395684353,20,62.3851,0,runs/spec_rdelay/off_romb_iql_hopper_k16_seed42/r_r_hopper_eval.json
offline,ROMB-IQL,ROMB-IQL,theta_tau_credit,k=16,l1_out,42,0,1486.0039,1200.8620115477615,20,46.2818,0,runs/spec_rdelay/off_romb_iql_hopper_k16_seed42/r_r_hopper_eval.json
offline,ROMB-IQL,ROMB-IQL,theta_tau_credit,k=16,l2_in,42,0,1949.9613,1277.6892349613813,20,60.5374,0,runs/spec_rdelay/off_romb_iql_hopper_k16_seed42/r_r_hopper_eval.json
offline,ROMB-IQL,ROMB-IQL,theta_tau_credit,k=16,l2_out,42,0,1000.9728,901.970329344194,20,31.3787,0,runs/spec_rdelay/off_romb_iql_hopper_k16_seed42/r_r_hopper_eval.json
offline,ROMB-IQL,ROMB-IQL,theta_tau_credit,k=16,l3_in,42,0,1515.3855,682.8144443045137,20,47.1846,0,runs/spec_rdelay/off_romb_iql_hopper_k16_seed42/r_r_hopper_eval.json
offline,ROMB-IQL,ROMB-IQL,theta_tau_credit,k=16,l3_out,42,0,891.1602,671.0313783903525,20,28.0046,0,runs/spec_rdelay/off_romb_iql_hopper_k16_seed42/r_r_hopper_eval.json
offline,ROMB-IQL,ROMB-IQL,theta_tau_credit,k=16,l1_anchor,42,0,806.0378,13.242498804631557,20,25.3892,0,runs/spec_rdelay/off_romb_iql_hopper_k16_seed42/r_r_hopper_eval.json
offline,ROMB-IQL,ROMB-IQL,theta_tau_credit,k=16,l2_anchor,42,0,447.4801,1.7238340359421314,20,14.3721,0,runs/spec_rdelay/off_romb_iql_hopper_k16_seed42/r_r_hopper_eval.json
offline,ROMB-IQL,ROMB-IQL,theta_tau_credit,k=16,l3_anchor,42,0,385.0514,34.348664625539975,20,12.4539,0,runs/spec_rdelay/off_romb_iql_hopper_k16_seed42/r_r_hopper_eval.json
offline,ROMB-IQL,ROMB-IQL,theta_tau_credit,k=32,nominal,0,1,2417.2891,747.1971192749425,20,74.8965,0,runs/spec_rdelay/off_romb_iql_hopper_k32_seed0/r_r_hopper_eval.json
offline,ROMB-IQL,ROMB-IQL,theta_tau_credit,k=32,l1_in,0,0,2131.3589,1227.5960023768557,20,66.1110,0,runs/spec_rdelay/off_romb_iql_hopper_k32_seed0/r_r_hopper_eval.json
offline,ROMB-IQL,ROMB-IQL,theta_tau_credit,k=32,l1_out,0,0,1589.4345,1309.9891500510887,20,49.4598,0,runs/spec_rdelay/off_romb_iql_hopper_k32_seed0/r_r_hopper_eval.json
offline,ROMB-IQL,ROMB-IQL,theta_tau_credit,k=32,l2_in,0,0,1861.1295,1310.5511554779555,20,57.8079,0,runs/spec_rdelay/off_romb_iql_hopper_k32_seed0/r_r_hopper_eval.json
offline,ROMB-IQL,ROMB-IQL,theta_tau_credit,k=32,l2_out,0,0,877.0825,703.4974496989536,20,27.5721,0,runs/spec_rdelay/off_romb_iql_hopper_k32_seed0/r_r_hopper_eval.json
offline,ROMB-IQL,ROMB-IQL,theta_tau_credit,k=32,l3_in,0,0,1489.4489,703.3889423905978,20,46.3877,0,runs/spec_rdelay/off_romb_iql_hopper_k32_seed0/r_r_hopper_eval.json
offline,ROMB-IQL,ROMB-IQL,theta_tau_credit,k=32,l3_out,0,0,1064.2205,537.052231334835,20,33.3221,0,runs/spec_rdelay/off_romb_iql_hopper_k32_seed0/r_r_hopper_eval.json
offline,ROMB-IQL,ROMB-IQL,theta_tau_credit,k=32,l1_anchor,0,0,744.3494,14.009281567809445,20,23.4937,0,runs/spec_rdelay/off_romb_iql_hopper_k32_seed0/r_r_hopper_eval.json
offline,ROMB-IQL,ROMB-IQL,theta_tau_credit,k=32,l2_anchor,0,0,426.2104,4.229219790505245,20,13.7186,0,runs/spec_rdelay/off_romb_iql_hopper_k32_seed0/r_r_hopper_eval.json
offline,ROMB-IQL,ROMB-IQL,theta_tau_credit,k=32,l3_anchor,0,0,382.6327,13.458328277128494,20,12.3796,0,runs/spec_rdelay/off_romb_iql_hopper_k32_seed0/r_r_hopper_eval.json
offline,ROMB-IQL,ROMB-IQL,theta_tau_credit,k=32,nominal,1,1,1977.6248,577.3335572962428,20,61.3874,0,runs/spec_rdelay/off_romb_iql_hopper_k32_seed1/r_r_hopper_eval.json
offline,ROMB-IQL,ROMB-IQL,theta_tau_credit,k=32,l1_in,1,0,2236.6443,1255.265327527711,20,69.3460,0,runs/spec_rdelay/off_romb_iql_hopper_k32_seed1/r_r_hopper_eval.json
offline,ROMB-IQL,ROMB-IQL,theta_tau_credit,k=32,l1_out,1,0,1695.9666,1378.1074083041683,20,52.7331,0,runs/spec_rdelay/off_romb_iql_hopper_k32_seed1/r_r_hopper_eval.json
offline,ROMB-IQL,ROMB-IQL,theta_tau_credit,k=32,l2_in,1,0,1985.4482,1356.8196982006305,20,61.6277,0,runs/spec_rdelay/off_romb_iql_hopper_k32_seed1/r_r_hopper_eval.json
offline,ROMB-IQL,ROMB-IQL,theta_tau_credit,k=32,l2_out,1,0,952.7070,804.3332953821239,20,29.8957,0,runs/spec_rdelay/off_romb_iql_hopper_k32_seed1/r_r_hopper_eval.json
offline,ROMB-IQL,ROMB-IQL,theta_tau_credit,k=32,l3_in,1,0,1515.1159,793.3167288856265,20,47.1763,0,runs/spec_rdelay/off_romb_iql_hopper_k32_seed1/r_r_hopper_eval.json
offline,ROMB-IQL,ROMB-IQL,theta_tau_credit,k=32,l3_out,1,0,1272.1963,764.4599269190062,20,39.7124,0,runs/spec_rdelay/off_romb_iql_hopper_k32_seed1/r_r_hopper_eval.json
offline,ROMB-IQL,ROMB-IQL,theta_tau_credit,k=32,l1_anchor,1,0,598.6203,4.655146367532302,20,19.0160,0,runs/spec_rdelay/off_romb_iql_hopper_k32_seed1/r_r_hopper_eval.json
offline,ROMB-IQL,ROMB-IQL,theta_tau_credit,k=32,l2_anchor,1,0,412.2803,2.326698205627344,20,13.2906,0,runs/spec_rdelay/off_romb_iql_hopper_k32_seed1/r_r_hopper_eval.json
offline,ROMB-IQL,ROMB-IQL,theta_tau_credit,k=32,l3_anchor,1,0,371.9736,9.535483858290203,20,12.0521,0,runs/spec_rdelay/off_romb_iql_hopper_k32_seed1/r_r_hopper_eval.json
offline,ROMB-IQL,ROMB-IQL,theta_tau_credit,k=32,nominal,2,1,3570.8960,20.812362181603785,20,110.3423,0,runs/spec_rdelay/off_romb_iql_hopper_k32_seed2/r_r_hopper_eval.json
offline,ROMB-IQL,ROMB-IQL,theta_tau_credit,k=32,l1_in,2,0,2390.1027,1193.49076564376,20,74.0612,0,runs/spec_rdelay/off_romb_iql_hopper_k32_seed2/r_r_hopper_eval.json
offline,ROMB-IQL,ROMB-IQL,theta_tau_credit,k=32,l1_out,2,0,1715.0039,1336.9812952966208,20,53.3181,0,runs/spec_rdelay/off_romb_iql_hopper_k32_seed2/r_r_hopper_eval.json
offline,ROMB-IQL,ROMB-IQL,theta_tau_credit,k=32,l2_in,2,0,2130.0326,1340.1022444555545,20,66.0703,0,runs/spec_rdelay/off_romb_iql_hopper_k32_seed2/r_r_hopper_eval.json
offline,ROMB-IQL,ROMB-IQL,theta_tau_credit,k=32,l2_out,2,0,1264.0575,1074.5701131074559,20,39.4623,0,runs/spec_rdelay/off_romb_iql_hopper_k32_seed2/r_r_hopper_eval.json
offline,ROMB-IQL,ROMB-IQL,theta_tau_credit,k=32,l3_in,2,0,1545.0644,701.5664235080367,20,48.0965,0,runs/spec_rdelay/off_romb_iql_hopper_k32_seed2/r_r_hopper_eval.json
offline,ROMB-IQL,ROMB-IQL,theta_tau_credit,k=32,l3_out,2,0,896.1858,592.3669853806834,20,28.1590,0,runs/spec_rdelay/off_romb_iql_hopper_k32_seed2/r_r_hopper_eval.json
offline,ROMB-IQL,ROMB-IQL,theta_tau_credit,k=32,l1_anchor,2,0,735.3495,15.508754803598785,20,23.2172,0,runs/spec_rdelay/off_romb_iql_hopper_k32_seed2/r_r_hopper_eval.json
offline,ROMB-IQL,ROMB-IQL,theta_tau_credit,k=32,l2_anchor,2,0,444.2980,6.765587726908915,20,14.2743,0,runs/spec_rdelay/off_romb_iql_hopper_k32_seed2/r_r_hopper_eval.json
offline,ROMB-IQL,ROMB-IQL,theta_tau_credit,k=32,l3_anchor,2,0,362.9534,31.899705792533165,20,11.7749,0,runs/spec_rdelay/off_romb_iql_hopper_k32_seed2/r_r_hopper_eval.json
offline,ROMB-IQL,ROMB-IQL,theta_tau_credit,k=32,nominal,3407,1,3270.3459,677.6722628787626,20,101.1075,0,runs/spec_rdelay/off_romb_iql_hopper_k32_seed3407/r_r_hopper_eval.json
offline,ROMB-IQL,ROMB-IQL,theta_tau_credit,k=32,l1_in,3407,0,2290.7667,1191.8829550754886,20,71.0090,0,runs/spec_rdelay/off_romb_iql_hopper_k32_seed3407/r_r_hopper_eval.json
offline,ROMB-IQL,ROMB-IQL,theta_tau_credit,k=32,l1_out,3407,0,1648.7162,1319.093781904233,20,51.2813,0,runs/spec_rdelay/off_romb_iql_hopper_k32_seed3407/r_r_hopper_eval.json
offline,ROMB-IQL,ROMB-IQL,theta_tau_credit,k=32,l2_in,3407,0,1807.5186,1216.1204049410842,20,56.1607,0,runs/spec_rdelay/off_romb_iql_hopper_k32_seed3407/r_r_hopper_eval.json
offline,ROMB-IQL,ROMB-IQL,theta_tau_credit,k=32,l2_out,3407,0,969.9077,920.2208262637888,20,30.4242,0,runs/spec_rdelay/off_romb_iql_hopper_k32_seed3407/r_r_hopper_eval.json
offline,ROMB-IQL,ROMB-IQL,theta_tau_credit,k=32,l3_in,3407,0,1528.6480,606.9901777182247,20,47.5921,0,runs/spec_rdelay/off_romb_iql_hopper_k32_seed3407/r_r_hopper_eval.json
offline,ROMB-IQL,ROMB-IQL,theta_tau_credit,k=32,l3_out,3407,0,903.3773,693.0834701767199,20,28.3800,0,runs/spec_rdelay/off_romb_iql_hopper_k32_seed3407/r_r_hopper_eval.json
offline,ROMB-IQL,ROMB-IQL,theta_tau_credit,k=32,l1_anchor,3407,0,685.3036,10.618526877792478,20,21.6795,0,runs/spec_rdelay/off_romb_iql_hopper_k32_seed3407/r_r_hopper_eval.json
offline,ROMB-IQL,ROMB-IQL,theta_tau_credit,k=32,l2_anchor,3407,0,449.7948,2.5582297580902407,20,14.4432,0,runs/spec_rdelay/off_romb_iql_hopper_k32_seed3407/r_r_hopper_eval.json
offline,ROMB-IQL,ROMB-IQL,theta_tau_credit,k=32,l3_anchor,3407,0,380.6485,20.466149780146324,20,12.3186,0,runs/spec_rdelay/off_romb_iql_hopper_k32_seed3407/r_r_hopper_eval.json
offline,ROMB-IQL,ROMB-IQL,theta_tau_credit,k=32,nominal,42,1,2253.0352,517.8445226866147,20,69.8496,0,runs/spec_rdelay/off_romb_iql_hopper_k32_seed42/r_r_hopper_eval.json
offline,ROMB-IQL,ROMB-IQL,theta_tau_credit,k=32,l1_in,42,0,2216.2563,1270.2874157698907,20,68.7196,0,runs/spec_rdelay/off_romb_iql_hopper_k32_seed42/r_r_hopper_eval.json
offline,ROMB-IQL,ROMB-IQL,theta_tau_credit,k=32,l1_out,42,0,1389.6259,1235.1407260145493,20,43.3205,0,runs/spec_rdelay/off_romb_iql_hopper_k32_seed42/r_r_hopper_eval.json
offline,ROMB-IQL,ROMB-IQL,theta_tau_credit,k=32,l2_in,42,0,2003.1714,1373.8568881111971,20,62.1723,0,runs/spec_rdelay/off_romb_iql_hopper_k32_seed42/r_r_hopper_eval.json
offline,ROMB-IQL,ROMB-IQL,theta_tau_credit,k=32,l2_out,42,0,1306.8215,1211.9092229968273,20,40.7762,0,runs/spec_rdelay/off_romb_iql_hopper_k32_seed42/r_r_hopper_eval.json
offline,ROMB-IQL,ROMB-IQL,theta_tau_credit,k=32,l3_in,42,0,1541.8189,678.026113562267,20,47.9968,0,runs/spec_rdelay/off_romb_iql_hopper_k32_seed42/r_r_hopper_eval.json
offline,ROMB-IQL,ROMB-IQL,theta_tau_credit,k=32,l3_out,42,0,1127.3399,769.0214342269614,20,35.2615,0,runs/spec_rdelay/off_romb_iql_hopper_k32_seed42/r_r_hopper_eval.json
offline,ROMB-IQL,ROMB-IQL,theta_tau_credit,k=32,l1_anchor,42,0,615.5377,4.3806472370340845,20,19.5358,0,runs/spec_rdelay/off_romb_iql_hopper_k32_seed42/r_r_hopper_eval.json
offline,ROMB-IQL,ROMB-IQL,theta_tau_credit,k=32,l2_anchor,42,0,388.7542,1.6981128600152162,20,12.5677,0,runs/spec_rdelay/off_romb_iql_hopper_k32_seed42/r_r_hopper_eval.json
offline,ROMB-IQL,ROMB-IQL,theta_tau_credit,k=32,l3_anchor,42,0,380.9452,48.35882251700653,20,12.3277,0,runs/spec_rdelay/off_romb_iql_hopper_k32_seed42/r_r_hopper_eval.json
offline,ROMB-IQL,ROMB-IQL,theta_tau_credit,k=64,nominal,0,1,1827.0779,200.7670660727798,20,56.7617,0,runs/spec_rdelay/off_romb_iql_hopper_k64_seed0/r_r_hopper_eval.json
offline,ROMB-IQL,ROMB-IQL,theta_tau_credit,k=64,l1_in,0,0,1931.8195,1168.0015404284952,20,59.9800,0,runs/spec_rdelay/off_romb_iql_hopper_k64_seed0/r_r_hopper_eval.json
offline,ROMB-IQL,ROMB-IQL,theta_tau_credit,k=64,l1_out,0,0,1338.0638,1141.1960986295799,20,41.7362,0,runs/spec_rdelay/off_romb_iql_hopper_k64_seed0/r_r_hopper_eval.json
offline,ROMB-IQL,ROMB-IQL,theta_tau_credit,k=64,l2_in,0,0,1916.0817,1319.1419675063823,20,59.4964,0,runs/spec_rdelay/off_romb_iql_hopper_k64_seed0/r_r_hopper_eval.json
offline,ROMB-IQL,ROMB-IQL,theta_tau_credit,k=64,l2_out,0,0,1114.8223,1083.1057324901644,20,34.8769,0,runs/spec_rdelay/off_romb_iql_hopper_k64_seed0/r_r_hopper_eval.json
offline,ROMB-IQL,ROMB-IQL,theta_tau_credit,k=64,l3_in,0,0,1367.5118,694.8869943330271,20,42.6410,0,runs/spec_rdelay/off_romb_iql_hopper_k64_seed0/r_r_hopper_eval.json
offline,ROMB-IQL,ROMB-IQL,theta_tau_credit,k=64,l3_out,0,0,1069.9450,618.602202571445,20,33.4980,0,runs/spec_rdelay/off_romb_iql_hopper_k64_seed0/r_r_hopper_eval.json
offline,ROMB-IQL,ROMB-IQL,theta_tau_credit,k=64,l1_anchor,0,0,602.9747,3.7363077348603375,20,19.1498,0,runs/spec_rdelay/off_romb_iql_hopper_k64_seed0/r_r_hopper_eval.json
offline,ROMB-IQL,ROMB-IQL,theta_tau_credit,k=64,l2_anchor,0,0,447.3741,2.38725194159474,20,14.3688,0,runs/spec_rdelay/off_romb_iql_hopper_k64_seed0/r_r_hopper_eval.json
offline,ROMB-IQL,ROMB-IQL,theta_tau_credit,k=64,l3_anchor,0,0,387.2763,20.310762635914337,20,12.5223,0,runs/spec_rdelay/off_romb_iql_hopper_k64_seed0/r_r_hopper_eval.json
offline,ROMB-IQL,ROMB-IQL,theta_tau_credit,k=64,nominal,1,1,1466.7662,71.39339851495996,20,45.6907,0,runs/spec_rdelay/off_romb_iql_hopper_k64_seed1/r_r_hopper_eval.json
offline,ROMB-IQL,ROMB-IQL,theta_tau_credit,k=64,l1_in,1,0,1835.5944,1170.1910105826382,20,57.0233,0,runs/spec_rdelay/off_romb_iql_hopper_k64_seed1/r_r_hopper_eval.json
offline,ROMB-IQL,ROMB-IQL,theta_tau_credit,k=64,l1_out,1,0,1337.7121,1119.9655352625948,20,41.7254,0,runs/spec_rdelay/off_romb_iql_hopper_k64_seed1/r_r_hopper_eval.json
offline,ROMB-IQL,ROMB-IQL,theta_tau_credit,k=64,l2_in,1,0,1888.7605,1308.3789720282489,20,58.6569,0,runs/spec_rdelay/off_romb_iql_hopper_k64_seed1/r_r_hopper_eval.json
offline,ROMB-IQL,ROMB-IQL,theta_tau_credit,k=64,l2_out,1,0,1146.6786,962.8931020333658,20,35.8557,0,runs/spec_rdelay/off_romb_iql_hopper_k64_seed1/r_r_hopper_eval.json
offline,ROMB-IQL,ROMB-IQL,theta_tau_credit,k=64,l3_in,1,0,1487.9727,645.9309704433408,20,46.3423,0,runs/spec_rdelay/off_romb_iql_hopper_k64_seed1/r_r_hopper_eval.json
offline,ROMB-IQL,ROMB-IQL,theta_tau_credit,k=64,l3_out,1,0,891.3092,680.223313709793,20,28.0092,0,runs/spec_rdelay/off_romb_iql_hopper_k64_seed1/r_r_hopper_eval.json
offline,ROMB-IQL,ROMB-IQL,theta_tau_credit,k=64,l1_anchor,1,0,654.5568,15.72526366676083,20,20.7347,0,runs/spec_rdelay/off_romb_iql_hopper_k64_seed1/r_r_hopper_eval.json
offline,ROMB-IQL,ROMB-IQL,theta_tau_credit,k=64,l2_anchor,1,0,409.5386,2.5368514210749944,20,13.2063,0,runs/spec_rdelay/off_romb_iql_hopper_k64_seed1/r_r_hopper_eval.json
offline,ROMB-IQL,ROMB-IQL,theta_tau_credit,k=64,l3_anchor,1,0,310.2800,54.439423198892214,20,10.1565,0,runs/spec_rdelay/off_romb_iql_hopper_k64_seed1/r_r_hopper_eval.json
offline,ROMB-IQL,ROMB-IQL,theta_tau_credit,k=64,nominal,2,1,2369.0353,826.6909802181112,20,73.4139,0,runs/spec_rdelay/off_romb_iql_hopper_k64_seed2/r_r_hopper_eval.json
offline,ROMB-IQL,ROMB-IQL,theta_tau_credit,k=64,l1_in,2,0,1957.6484,1181.0101837947,20,60.7736,0,runs/spec_rdelay/off_romb_iql_hopper_k64_seed2/r_r_hopper_eval.json
offline,ROMB-IQL,ROMB-IQL,theta_tau_credit,k=64,l1_out,2,0,1417.2468,1216.4218310111778,20,44.1692,0,runs/spec_rdelay/off_romb_iql_hopper_k64_seed2/r_r_hopper_eval.json
offline,ROMB-IQL,ROMB-IQL,theta_tau_credit,k=64,l2_in,2,0,1900.2992,1271.25382751123,20,59.0115,0,runs/spec_rdelay/off_romb_iql_hopper_k64_seed2/r_r_hopper_eval.json
offline,ROMB-IQL,ROMB-IQL,theta_tau_credit,k=64,l2_out,2,0,1117.7736,923.0609588427129,20,34.9676,0,runs/spec_rdelay/off_romb_iql_hopper_k64_seed2/r_r_hopper_eval.json
offline,ROMB-IQL,ROMB-IQL,theta_tau_credit,k=64,l3_in,2,0,1531.3492,723.2756130598539,20,47.6751,0,runs/spec_rdelay/off_romb_iql_hopper_k64_seed2/r_r_hopper_eval.json
offline,ROMB-IQL,ROMB-IQL,theta_tau_credit,k=64,l3_out,2,0,1073.0017,558.6409787995179,20,33.5919,0,runs/spec_rdelay/off_romb_iql_hopper_k64_seed2/r_r_hopper_eval.json
offline,ROMB-IQL,ROMB-IQL,theta_tau_credit,k=64,l1_anchor,2,0,667.6819,13.226273356225295,20,21.1380,0,runs/spec_rdelay/off_romb_iql_hopper_k64_seed2/r_r_hopper_eval.json
offline,ROMB-IQL,ROMB-IQL,theta_tau_credit,k=64,l2_anchor,2,0,390.7546,1.7420472749867193,20,12.6292,0,runs/spec_rdelay/off_romb_iql_hopper_k64_seed2/r_r_hopper_eval.json
offline,ROMB-IQL,ROMB-IQL,theta_tau_credit,k=64,l3_anchor,2,0,373.5447,25.692405011717696,20,12.1004,0,runs/spec_rdelay/off_romb_iql_hopper_k64_seed2/r_r_hopper_eval.json
offline,ROMB-IQL,ROMB-IQL,theta_tau_credit,k=64,nominal,3407,1,3537.5521,272.2819228315066,20,109.3177,0,runs/spec_rdelay/off_romb_iql_hopper_k64_seed3407/r_r_hopper_eval.json
offline,ROMB-IQL,ROMB-IQL,theta_tau_credit,k=64,l1_in,3407,0,2137.3949,1180.2811749072234,20,66.2965,0,runs/spec_rdelay/off_romb_iql_hopper_k64_seed3407/r_r_hopper_eval.json
offline,ROMB-IQL,ROMB-IQL,theta_tau_credit,k=64,l1_out,3407,0,1438.5202,1211.3818284613617,20,44.8228,0,runs/spec_rdelay/off_romb_iql_hopper_k64_seed3407/r_r_hopper_eval.json
offline,ROMB-IQL,ROMB-IQL,theta_tau_credit,k=64,l2_in,3407,0,1793.9391,1235.6060111996233,20,55.7434,0,runs/spec_rdelay/off_romb_iql_hopper_k64_seed3407/r_r_hopper_eval.json
offline,ROMB-IQL,ROMB-IQL,theta_tau_credit,k=64,l2_out,3407,0,1122.1233,1043.4499809908598,20,35.1012,0,runs/spec_rdelay/off_romb_iql_hopper_k64_seed3407/r_r_hopper_eval.json
offline,ROMB-IQL,ROMB-IQL,theta_tau_credit,k=64,l3_in,3407,0,1453.4234,709.0842209883717,20,45.2807,0,runs/spec_rdelay/off_romb_iql_hopper_k64_seed3407/r_r_hopper_eval.json
offline,ROMB-IQL,ROMB-IQL,theta_tau_credit,k=64,l3_out,3407,0,949.1656,683.3018738811612,20,29.7869,0,runs/spec_rdelay/off_romb_iql_hopper_k64_seed3407/r_r_hopper_eval.json
offline,ROMB-IQL,ROMB-IQL,theta_tau_credit,k=64,l1_anchor,3407,0,667.1847,21.113107215034812,20,21.1228,0,runs/spec_rdelay/off_romb_iql_hopper_k64_seed3407/r_r_hopper_eval.json
offline,ROMB-IQL,ROMB-IQL,theta_tau_credit,k=64,l2_anchor,3407,0,415.3679,2.8404622681665046,20,13.3854,0,runs/spec_rdelay/off_romb_iql_hopper_k64_seed3407/r_r_hopper_eval.json
offline,ROMB-IQL,ROMB-IQL,theta_tau_credit,k=64,l3_anchor,3407,0,382.2016,12.968626745424451,20,12.3664,0,runs/spec_rdelay/off_romb_iql_hopper_k64_seed3407/r_r_hopper_eval.json
offline,ROMB-IQL,ROMB-IQL,theta_tau_credit,k=64,nominal,42,1,3581.8832,30.28035811530873,20,110.6798,0,runs/spec_rdelay/off_romb_iql_hopper_k64_seed42/r_r_hopper_eval.json
offline,ROMB-IQL,ROMB-IQL,theta_tau_credit,k=64,l1_in,42,0,2186.7561,1182.7544117620473,20,67.8131,0,runs/spec_rdelay/off_romb_iql_hopper_k64_seed42/r_r_hopper_eval.json
offline,ROMB-IQL,ROMB-IQL,theta_tau_credit,k=64,l1_out,42,0,1312.4747,1119.0516204765472,20,40.9499,0,runs/spec_rdelay/off_romb_iql_hopper_k64_seed42/r_r_hopper_eval.json
offline,ROMB-IQL,ROMB-IQL,theta_tau_credit,k=64,l2_in,42,0,2023.5333,1371.776676526977,20,62.7980,0,runs/spec_rdelay/off_romb_iql_hopper_k64_seed42/r_r_hopper_eval.json
offline,ROMB-IQL,ROMB-IQL,theta_tau_credit,k=64,l2_out,42,0,1069.5855,889.7762006717061,20,33.4869,0,runs/spec_rdelay/off_romb_iql_hopper_k64_seed42/r_r_hopper_eval.json
offline,ROMB-IQL,ROMB-IQL,theta_tau_credit,k=64,l3_in,42,0,1577.7632,682.2756797298731,20,49.1012,0,runs/spec_rdelay/off_romb_iql_hopper_k64_seed42/r_r_hopper_eval.json
offline,ROMB-IQL,ROMB-IQL,theta_tau_credit,k=64,l3_out,42,0,1058.8939,648.9896811846592,20,33.1584,0,runs/spec_rdelay/off_romb_iql_hopper_k64_seed42/r_r_hopper_eval.json
offline,ROMB-IQL,ROMB-IQL,theta_tau_credit,k=64,l1_anchor,42,0,625.0506,8.223980262473617,20,19.8281,0,runs/spec_rdelay/off_romb_iql_hopper_k64_seed42/r_r_hopper_eval.json
offline,ROMB-IQL,ROMB-IQL,theta_tau_credit,k=64,l2_anchor,42,0,448.4916,3.163327811959557,20,14.4032,0,runs/spec_rdelay/off_romb_iql_hopper_k64_seed42/r_r_hopper_eval.json
offline,ROMB-IQL,ROMB-IQL,theta_tau_credit,k=64,l3_anchor,42,0,390.5537,22.862305947700783,20,12.6230,0,runs/spec_rdelay/off_romb_iql_hopper_k64_seed42/r_r_hopper_eval.json
offline,FWM-IQL,FWM-IQL,theta_r,m=gauss,nominal,0,1,3121.0561,743.1605694695357,20,96.5205,0,runs/spec_rnoise/off_fwm_iql_hopper_rgauss_seed0/r_r_hopper_eval.json
offline,FWM-IQL,FWM-IQL,theta_r,m=gauss,l1_in,0,0,2141.8668,1195.1958309414897,20,66.4339,0,runs/spec_rnoise/off_fwm_iql_hopper_rgauss_seed0/r_r_hopper_eval.json
offline,FWM-IQL,FWM-IQL,theta_r,m=gauss,l1_out,0,0,1678.9509,1368.8991922173973,20,52.2103,0,runs/spec_rnoise/off_fwm_iql_hopper_rgauss_seed0/r_r_hopper_eval.json
offline,FWM-IQL,FWM-IQL,theta_r,m=gauss,l2_in,0,0,1891.7026,1288.9245261823314,20,58.7473,0,runs/spec_rnoise/off_fwm_iql_hopper_rgauss_seed0/r_r_hopper_eval.json
offline,FWM-IQL,FWM-IQL,theta_r,m=gauss,l2_out,0,0,1301.4819,1189.4434192241836,20,40.6122,0,runs/spec_rnoise/off_fwm_iql_hopper_rgauss_seed0/r_r_hopper_eval.json
offline,FWM-IQL,FWM-IQL,theta_r,m=gauss,l3_in,0,0,1570.2701,708.601793422116,20,48.8710,0,runs/spec_rnoise/off_fwm_iql_hopper_rgauss_seed0/r_r_hopper_eval.json
offline,FWM-IQL,FWM-IQL,theta_r,m=gauss,l3_out,0,0,1000.9574,624.4264523798863,20,31.3783,0,runs/spec_rnoise/off_fwm_iql_hopper_rgauss_seed0/r_r_hopper_eval.json
offline,FWM-IQL,FWM-IQL,theta_r,m=gauss,l1_anchor,0,0,724.7325,15.466521262565621,20,22.8910,0,runs/spec_rnoise/off_fwm_iql_hopper_rgauss_seed0/r_r_hopper_eval.json
offline,FWM-IQL,FWM-IQL,theta_r,m=gauss,l2_anchor,0,0,265.3467,56.844736879337106,20,8.7759,0,runs/spec_rnoise/off_fwm_iql_hopper_rgauss_seed0/r_r_hopper_eval.json
offline,FWM-IQL,FWM-IQL,theta_r,m=gauss,l3_anchor,0,0,240.1835,13.351876437901158,20,8.0027,0,runs/spec_rnoise/off_fwm_iql_hopper_rgauss_seed0/r_r_hopper_eval.json
offline,FWM-IQL,FWM-IQL,theta_r,m=gauss,nominal,1,1,3096.4732,679.0708643487442,20,95.7651,0,runs/spec_rnoise/off_fwm_iql_hopper_rgauss_seed1/r_r_hopper_eval.json
offline,FWM-IQL,FWM-IQL,theta_r,m=gauss,l1_in,1,0,1914.0813,1108.3537385784687,20,59.4349,0,runs/spec_rnoise/off_fwm_iql_hopper_rgauss_seed1/r_r_hopper_eval.json
offline,FWM-IQL,FWM-IQL,theta_r,m=gauss,l1_out,1,0,1471.9348,1190.491761986545,20,45.8495,0,runs/spec_rnoise/off_fwm_iql_hopper_rgauss_seed1/r_r_hopper_eval.json
offline,FWM-IQL,FWM-IQL,theta_r,m=gauss,l2_in,1,0,2105.0505,1400.5984844805416,20,65.3027,0,runs/spec_rnoise/off_fwm_iql_hopper_rgauss_seed1/r_r_hopper_eval.json
offline,FWM-IQL,FWM-IQL,theta_r,m=gauss,l2_out,1,0,1042.3219,874.4422640193387,20,32.6492,0,runs/spec_rnoise/off_fwm_iql_hopper_rgauss_seed1/r_r_hopper_eval.json
offline,FWM-IQL,FWM-IQL,theta_r,m=gauss,l3_in,1,0,1494.2301,672.9141088792409,20,46.5346,0,runs/spec_rnoise/off_fwm_iql_hopper_rgauss_seed1/r_r_hopper_eval.json
offline,FWM-IQL,FWM-IQL,theta_r,m=gauss,l3_out,1,0,955.3256,712.783123889719,20,29.9762,0,runs/spec_rnoise/off_fwm_iql_hopper_rgauss_seed1/r_r_hopper_eval.json
offline,FWM-IQL,FWM-IQL,theta_r,m=gauss,l1_anchor,1,0,739.3550,14.292449739727207,20,23.3403,0,runs/spec_rnoise/off_fwm_iql_hopper_rgauss_seed1/r_r_hopper_eval.json
offline,FWM-IQL,FWM-IQL,theta_r,m=gauss,l2_anchor,1,0,463.5316,3.3702300841580484,20,14.8653,0,runs/spec_rnoise/off_fwm_iql_hopper_rgauss_seed1/r_r_hopper_eval.json
offline,FWM-IQL,FWM-IQL,theta_r,m=gauss,l3_anchor,1,0,389.1222,22.386917523386924,20,12.5790,0,runs/spec_rnoise/off_fwm_iql_hopper_rgauss_seed1/r_r_hopper_eval.json
offline,FWM-IQL,FWM-IQL,theta_r,m=gauss,nominal,2,1,3504.5238,301.92881269491477,20,108.3029,0,runs/spec_rnoise/off_fwm_iql_hopper_rgauss_seed2/r_r_hopper_eval.json
offline,FWM-IQL,FWM-IQL,theta_r,m=gauss,l1_in,2,0,2292.7102,1167.2444516462394,20,71.0687,0,runs/spec_rnoise/off_fwm_iql_hopper_rgauss_seed2/r_r_hopper_eval.json
offline,FWM-IQL,FWM-IQL,theta_r,m=gauss,l1_out,2,0,1433.2765,1180.1549868468576,20,44.6617,0,runs/spec_rnoise/off_fwm_iql_hopper_rgauss_seed2/r_r_hopper_eval.json
offline,FWM-IQL,FWM-IQL,theta_r,m=gauss,l2_in,2,0,1760.3917,1135.0663825660329,20,54.7127,0,runs/spec_rnoise/off_fwm_iql_hopper_rgauss_seed2/r_r_hopper_eval.json
offline,FWM-IQL,FWM-IQL,theta_r,m=gauss,l2_out,2,0,1007.5400,897.6830478358586,20,31.5805,0,runs/spec_rnoise/off_fwm_iql_hopper_rgauss_seed2/r_r_hopper_eval.json
offline,FWM-IQL,FWM-IQL,theta_r,m=gauss,l3_in,2,0,1380.6136,799.621203735734,20,43.0436,0,runs/spec_rnoise/off_fwm_iql_hopper_rgauss_seed2/r_r_hopper_eval.json
offline,FWM-IQL,FWM-IQL,theta_r,m=gauss,l3_out,2,0,708.2161,678.7378757412692,20,22.3835,0,runs/spec_rnoise/off_fwm_iql_hopper_rgauss_seed2/r_r_hopper_eval.json
offline,FWM-IQL,FWM-IQL,theta_r,m=gauss,l1_anchor,2,0,748.2936,18.635453704750212,20,23.6149,0,runs/spec_rnoise/off_fwm_iql_hopper_rgauss_seed2/r_r_hopper_eval.json
offline,FWM-IQL,FWM-IQL,theta_r,m=gauss,l2_anchor,2,0,479.8431,2.7307389259546184,20,15.3665,0,runs/spec_rnoise/off_fwm_iql_hopper_rgauss_seed2/r_r_hopper_eval.json
offline,FWM-IQL,FWM-IQL,theta_r,m=gauss,l3_anchor,2,0,397.1149,42.127926314849674,20,12.8246,0,runs/spec_rnoise/off_fwm_iql_hopper_rgauss_seed2/r_r_hopper_eval.json
offline,FWM-IQL,FWM-IQL,theta_r,m=gauss,nominal,3407,1,3505.3616,380.31177479341403,20,108.3286,0,runs/spec_rnoise/off_fwm_iql_hopper_rgauss_seed3407/r_r_hopper_eval.json
offline,FWM-IQL,FWM-IQL,theta_r,m=gauss,l1_in,3407,0,1917.6639,1124.4707694348485,20,59.5450,0,runs/spec_rnoise/off_fwm_iql_hopper_rgauss_seed3407/r_r_hopper_eval.json
offline,FWM-IQL,FWM-IQL,theta_r,m=gauss,l1_out,3407,0,1473.7283,1197.3548548189115,20,45.9046,0,runs/spec_rnoise/off_fwm_iql_hopper_rgauss_seed3407/r_r_hopper_eval.json
offline,FWM-IQL,FWM-IQL,theta_r,m=gauss,l2_in,3407,0,1972.6209,1289.1308962350204,20,61.2336,0,runs/spec_rnoise/off_fwm_iql_hopper_rgauss_seed3407/r_r_hopper_eval.json
offline,FWM-IQL,FWM-IQL,theta_r,m=gauss,l2_out,3407,0,941.6774,929.7591752150316,20,29.5568,0,runs/spec_rnoise/off_fwm_iql_hopper_rgauss_seed3407/r_r_hopper_eval.json
offline,FWM-IQL,FWM-IQL,theta_r,m=gauss,l3_in,3407,0,1419.3366,636.7608538012294,20,44.2334,0,runs/spec_rnoise/off_fwm_iql_hopper_rgauss_seed3407/r_r_hopper_eval.json
offline,FWM-IQL,FWM-IQL,theta_r,m=gauss,l3_out,3407,0,932.0419,596.2251300885798,20,29.2608,0,runs/spec_rnoise/off_fwm_iql_hopper_rgauss_seed3407/r_r_hopper_eval.json
offline,FWM-IQL,FWM-IQL,theta_r,m=gauss,l1_anchor,3407,0,757.2382,14.205304151602391,20,23.8897,0,runs/spec_rnoise/off_fwm_iql_hopper_rgauss_seed3407/r_r_hopper_eval.json
offline,FWM-IQL,FWM-IQL,theta_r,m=gauss,l2_anchor,3407,0,439.7794,3.6212871798349124,20,14.1355,0,runs/spec_rnoise/off_fwm_iql_hopper_rgauss_seed3407/r_r_hopper_eval.json
offline,FWM-IQL,FWM-IQL,theta_r,m=gauss,l3_anchor,3407,0,397.0212,21.326735856372974,20,12.8217,0,runs/spec_rnoise/off_fwm_iql_hopper_rgauss_seed3407/r_r_hopper_eval.json
offline,FWM-IQL,FWM-IQL,theta_r,m=gauss,nominal,42,1,3605.7987,26.68262197875496,20,111.4147,0,runs/spec_rnoise/off_fwm_iql_hopper_rgauss_seed42/r_r_hopper_eval.json
offline,FWM-IQL,FWM-IQL,theta_r,m=gauss,l1_in,42,0,2282.1848,1156.6332297461959,20,70.7453,0,runs/spec_rnoise/off_fwm_iql_hopper_rgauss_seed42/r_r_hopper_eval.json
offline,FWM-IQL,FWM-IQL,theta_r,m=gauss,l1_out,42,0,1715.4636,1343.6960192513811,20,53.3322,0,runs/spec_rnoise/off_fwm_iql_hopper_rgauss_seed42/r_r_hopper_eval.json
offline,FWM-IQL,FWM-IQL,theta_r,m=gauss,l2_in,42,0,1907.8811,1305.8185587914452,20,59.2444,0,runs/spec_rnoise/off_fwm_iql_hopper_rgauss_seed42/r_r_hopper_eval.json
offline,FWM-IQL,FWM-IQL,theta_r,m=gauss,l2_out,42,0,970.2243,916.3825395656498,20,30.4340,0,runs/spec_rnoise/off_fwm_iql_hopper_rgauss_seed42/r_r_hopper_eval.json
offline,FWM-IQL,FWM-IQL,theta_r,m=gauss,l3_in,42,0,1554.1644,760.9989421707984,20,48.3761,0,runs/spec_rnoise/off_fwm_iql_hopper_rgauss_seed42/r_r_hopper_eval.json
offline,FWM-IQL,FWM-IQL,theta_r,m=gauss,l3_out,42,0,1024.7541,851.719068847547,20,32.1094,0,runs/spec_rnoise/off_fwm_iql_hopper_rgauss_seed42/r_r_hopper_eval.json
offline,FWM-IQL,FWM-IQL,theta_r,m=gauss,l1_anchor,42,0,739.3723,19.213987394263995,20,23.3408,0,runs/spec_rnoise/off_fwm_iql_hopper_rgauss_seed42/r_r_hopper_eval.json
offline,FWM-IQL,FWM-IQL,theta_r,m=gauss,l2_anchor,42,0,459.0593,2.9160129681913616,20,14.7279,0,runs/spec_rnoise/off_fwm_iql_hopper_rgauss_seed42/r_r_hopper_eval.json
offline,FWM-IQL,FWM-IQL,theta_r,m=gauss,l3_anchor,42,0,397.6830,28.93163836972587,20,12.8420,0,runs/spec_rnoise/off_fwm_iql_hopper_rgauss_seed42/r_r_hopper_eval.json
offline,FWM-IQL,FWM-IQL,theta_r,m=uniform,nominal,0,1,3556.6726,24.695231296782804,20,109.9052,0,runs/spec_rnoise/off_fwm_iql_hopper_runiform_seed0/r_r_hopper_eval.json
offline,FWM-IQL,FWM-IQL,theta_r,m=uniform,l1_in,0,0,2136.9937,1180.2262539550172,20,66.2841,0,runs/spec_rnoise/off_fwm_iql_hopper_runiform_seed0/r_r_hopper_eval.json
offline,FWM-IQL,FWM-IQL,theta_r,m=uniform,l1_out,0,0,1678.2733,1352.1178350212244,20,52.1895,0,runs/spec_rnoise/off_fwm_iql_hopper_runiform_seed0/r_r_hopper_eval.json
offline,FWM-IQL,FWM-IQL,theta_r,m=uniform,l2_in,0,0,2079.5795,1372.9609660925041,20,64.5200,0,runs/spec_rnoise/off_fwm_iql_hopper_runiform_seed0/r_r_hopper_eval.json
offline,FWM-IQL,FWM-IQL,theta_r,m=uniform,l2_out,0,0,1205.1034,1090.8829053905192,20,37.6509,0,runs/spec_rnoise/off_fwm_iql_hopper_runiform_seed0/r_r_hopper_eval.json
offline,FWM-IQL,FWM-IQL,theta_r,m=uniform,l3_in,0,0,1456.6030,897.0683429888165,20,45.3784,0,runs/spec_rnoise/off_fwm_iql_hopper_runiform_seed0/r_r_hopper_eval.json
offline,FWM-IQL,FWM-IQL,theta_r,m=uniform,l3_out,0,0,675.4898,682.7041535712822,20,21.3779,0,runs/spec_rnoise/off_fwm_iql_hopper_runiform_seed0/r_r_hopper_eval.json
offline,FWM-IQL,FWM-IQL,theta_r,m=uniform,l1_anchor,0,0,672.8973,14.429855163925131,20,21.2983,0,runs/spec_rnoise/off_fwm_iql_hopper_runiform_seed0/r_r_hopper_eval.json
offline,FWM-IQL,FWM-IQL,theta_r,m=uniform,l2_anchor,0,0,429.0685,2.79101352519239,20,13.8064,0,runs/spec_rnoise/off_fwm_iql_hopper_runiform_seed0/r_r_hopper_eval.json
offline,FWM-IQL,FWM-IQL,theta_r,m=uniform,l3_anchor,0,0,353.3635,58.47889355430723,20,11.4803,0,runs/spec_rnoise/off_fwm_iql_hopper_runiform_seed0/r_r_hopper_eval.json
offline,FWM-IQL,FWM-IQL,theta_r,m=uniform,nominal,1,1,3564.6044,25.600169436172294,20,110.1489,0,runs/spec_rnoise/off_fwm_iql_hopper_runiform_seed1/r_r_hopper_eval.json
offline,FWM-IQL,FWM-IQL,theta_r,m=uniform,l1_in,1,0,2146.0924,1177.961805550919,20,66.5637,0,runs/spec_rnoise/off_fwm_iql_hopper_runiform_seed1/r_r_hopper_eval.json
offline,FWM-IQL,FWM-IQL,theta_r,m=uniform,l1_out,1,0,1426.4159,1201.4298260804385,20,44.4509,0,runs/spec_rnoise/off_fwm_iql_hopper_runiform_seed1/r_r_hopper_eval.json
offline,FWM-IQL,FWM-IQL,theta_r,m=uniform,l2_in,1,0,1824.3827,1211.405025637467,20,56.6788,0,runs/spec_rnoise/off_fwm_iql_hopper_runiform_seed1/r_r_hopper_eval.json
offline,FWM-IQL,FWM-IQL,theta_r,m=uniform,l2_out,1,0,936.7447,910.3039490470239,20,29.4053,0,runs/spec_rnoise/off_fwm_iql_hopper_runiform_seed1/r_r_hopper_eval.json
offline,FWM-IQL,FWM-IQL,theta_r,m=uniform,l3_in,1,0,1608.0813,687.9806123482678,20,50.0328,0,runs/spec_rnoise/off_fwm_iql_hopper_runiform_seed1/r_r_hopper_eval.json
offline,FWM-IQL,FWM-IQL,theta_r,m=uniform,l3_out,1,0,823.5449,570.2369298927507,20,25.9271,0,runs/spec_rnoise/off_fwm_iql_hopper_runiform_seed1/r_r_hopper_eval.json
offline,FWM-IQL,FWM-IQL,theta_r,m=uniform,l1_anchor,1,0,634.7732,6.4532718100576805,20,20.1269,0,runs/spec_rnoise/off_fwm_iql_hopper_runiform_seed1/r_r_hopper_eval.json
offline,FWM-IQL,FWM-IQL,theta_r,m=uniform,l2_anchor,1,0,442.4992,1.8681131647204596,20,14.2191,0,runs/spec_rnoise/off_fwm_iql_hopper_runiform_seed1/r_r_hopper_eval.json
offline,FWM-IQL,FWM-IQL,theta_r,m=uniform,l3_anchor,1,0,395.9287,22.65895898814338,20,12.7881,0,runs/spec_rnoise/off_fwm_iql_hopper_runiform_seed1/r_r_hopper_eval.json
offline,FWM-IQL,FWM-IQL,theta_r,m=uniform,nominal,2,1,3580.6207,16.248473274316698,20,110.6411,0,runs/spec_rnoise/off_fwm_iql_hopper_runiform_seed2/r_r_hopper_eval.json
offline,FWM-IQL,FWM-IQL,theta_r,m=uniform,l1_in,2,0,2104.8301,1194.3697128388935,20,65.2959,0,runs/spec_rnoise/off_fwm_iql_hopper_runiform_seed2/r_r_hopper_eval.json
offline,FWM-IQL,FWM-IQL,theta_r,m=uniform,l1_out,2,0,1539.7011,1277.0506260924979,20,47.9317,0,runs/spec_rnoise/off_fwm_iql_hopper_runiform_seed2/r_r_hopper_eval.json
offline,FWM-IQL,FWM-IQL,theta_r,m=uniform,l2_in,2,0,1971.9556,1312.220557427787,20,61.2132,0,runs/spec_rnoise/off_fwm_iql_hopper_runiform_seed2/r_r_hopper_eval.json
offline,FWM-IQL,FWM-IQL,theta_r,m=uniform,l2_out,2,0,1163.0938,1023.8568575045157,20,36.3601,0,runs/spec_rnoise/off_fwm_iql_hopper_runiform_seed2/r_r_hopper_eval.json
offline,FWM-IQL,FWM-IQL,theta_r,m=uniform,l3_in,2,0,1530.7798,692.7778418961224,20,47.6576,0,runs/spec_rnoise/off_fwm_iql_hopper_runiform_seed2/r_r_hopper_eval.json
offline,FWM-IQL,FWM-IQL,theta_r,m=uniform,l3_out,2,0,862.3372,709.7935731791741,20,27.1190,0,runs/spec_rnoise/off_fwm_iql_hopper_runiform_seed2/r_r_hopper_eval.json
offline,FWM-IQL,FWM-IQL,theta_r,m=uniform,l1_anchor,2,0,618.4158,9.187114912269056,20,19.6243,0,runs/spec_rnoise/off_fwm_iql_hopper_runiform_seed2/r_r_hopper_eval.json
offline,FWM-IQL,FWM-IQL,theta_r,m=uniform,l2_anchor,2,0,441.1630,2.6811447683518925,20,14.1780,0,runs/spec_rnoise/off_fwm_iql_hopper_runiform_seed2/r_r_hopper_eval.json
offline,FWM-IQL,FWM-IQL,theta_r,m=uniform,l3_anchor,2,0,347.8242,72.50865806110673,20,11.3101,0,runs/spec_rnoise/off_fwm_iql_hopper_runiform_seed2/r_r_hopper_eval.json
offline,FWM-IQL,FWM-IQL,theta_r,m=uniform,nominal,3407,1,3589.4598,25.28472696031802,20,110.9126,0,runs/spec_rnoise/off_fwm_iql_hopper_runiform_seed3407/r_r_hopper_eval.json
offline,FWM-IQL,FWM-IQL,theta_r,m=uniform,l1_in,3407,0,2306.7774,1153.279688124067,20,71.5009,0,runs/spec_rnoise/off_fwm_iql_hopper_runiform_seed3407/r_r_hopper_eval.json
offline,FWM-IQL,FWM-IQL,theta_r,m=uniform,l1_out,3407,0,1644.9429,1251.151695768652,20,51.1654,0,runs/spec_rnoise/off_fwm_iql_hopper_runiform_seed3407/r_r_hopper_eval.json
offline,FWM-IQL,FWM-IQL,theta_r,m=uniform,l2_in,3407,0,2025.7021,1297.0662282088742,20,62.8646,0,runs/spec_rnoise/off_fwm_iql_hopper_runiform_seed3407/r_r_hopper_eval.json
offline,FWM-IQL,FWM-IQL,theta_r,m=uniform,l2_out,3407,0,1005.2125,847.6742940998462,20,31.5090,0,runs/spec_rnoise/off_fwm_iql_hopper_runiform_seed3407/r_r_hopper_eval.json
offline,FWM-IQL,FWM-IQL,theta_r,m=uniform,l3_in,3407,0,1474.2269,752.2854243164445,20,45.9200,0,runs/spec_rnoise/off_fwm_iql_hopper_runiform_seed3407/r_r_hopper_eval.json
offline,FWM-IQL,FWM-IQL,theta_r,m=uniform,l3_out,3407,0,1110.0473,531.6963768315914,20,34.7302,0,runs/spec_rnoise/off_fwm_iql_hopper_runiform_seed3407/r_r_hopper_eval.json
offline,FWM-IQL,FWM-IQL,theta_r,m=uniform,l1_anchor,3407,0,826.6210,7.017264624874075,20,26.0216,0,runs/spec_rnoise/off_fwm_iql_hopper_runiform_seed3407/r_r_hopper_eval.json
offline,FWM-IQL,FWM-IQL,theta_r,m=uniform,l2_anchor,3407,0,422.1516,1.510056306577692,20,13.5939,0,runs/spec_rnoise/off_fwm_iql_hopper_runiform_seed3407/r_r_hopper_eval.json
offline,FWM-IQL,FWM-IQL,theta_r,m=uniform,l3_anchor,3407,0,413.1424,40.28454566329015,20,13.3170,0,runs/spec_rnoise/off_fwm_iql_hopper_runiform_seed3407/r_r_hopper_eval.json
offline,FWM-IQL,FWM-IQL,theta_r,m=uniform,nominal,42,1,3413.9890,438.6822235664424,20,105.5211,0,runs/spec_rnoise/off_fwm_iql_hopper_runiform_seed42/r_r_hopper_eval.json
offline,FWM-IQL,FWM-IQL,theta_r,m=uniform,l1_in,42,0,1998.8713,1184.8488528402302,20,62.0402,0,runs/spec_rnoise/off_fwm_iql_hopper_runiform_seed42/r_r_hopper_eval.json
offline,FWM-IQL,FWM-IQL,theta_r,m=uniform,l1_out,42,0,1451.3562,1201.485440588648,20,45.2172,0,runs/spec_rnoise/off_fwm_iql_hopper_runiform_seed42/r_r_hopper_eval.json
offline,FWM-IQL,FWM-IQL,theta_r,m=uniform,l2_in,42,0,2055.4206,1340.9820729904266,20,63.7777,0,runs/spec_rnoise/off_fwm_iql_hopper_runiform_seed42/r_r_hopper_eval.json
offline,FWM-IQL,FWM-IQL,theta_r,m=uniform,l2_out,42,0,1039.6889,917.0526292088304,20,32.5683,0,runs/spec_rnoise/off_fwm_iql_hopper_runiform_seed42/r_r_hopper_eval.json
offline,FWM-IQL,FWM-IQL,theta_r,m=uniform,l3_in,42,0,1545.3577,662.9661695994332,20,48.1055,0,runs/spec_rnoise/off_fwm_iql_hopper_runiform_seed42/r_r_hopper_eval.json
offline,FWM-IQL,FWM-IQL,theta_r,m=uniform,l3_out,42,0,583.2689,594.531681109318,20,18.5444,0,runs/spec_rnoise/off_fwm_iql_hopper_runiform_seed42/r_r_hopper_eval.json
offline,FWM-IQL,FWM-IQL,theta_r,m=uniform,l1_anchor,42,0,714.8332,16.6394086307592,20,22.5868,0,runs/spec_rnoise/off_fwm_iql_hopper_runiform_seed42/r_r_hopper_eval.json
offline,FWM-IQL,FWM-IQL,theta_r,m=uniform,l2_anchor,42,0,410.1507,3.0015175285418594,20,13.2251,0,runs/spec_rnoise/off_fwm_iql_hopper_runiform_seed42/r_r_hopper_eval.json
offline,FWM-IQL,FWM-IQL,theta_r,m=uniform,l3_anchor,42,0,375.5899,36.236759290959434,20,12.1632,0,runs/spec_rnoise/off_fwm_iql_hopper_runiform_seed42/r_r_hopper_eval.json
offline,FWM-IQL,FWM-IQL,theta_r,m=shift,nominal,0,1,3583.9193,19.387663690697845,20,110.7424,0,runs/spec_rnoise/off_fwm_iql_hopper_rshift_seed0/r_r_hopper_eval.json
offline,FWM-IQL,FWM-IQL,theta_r,m=shift,l1_in,0,0,2278.7013,1194.3104953759948,20,70.6383,0,runs/spec_rnoise/off_fwm_iql_hopper_rshift_seed0/r_r_hopper_eval.json
offline,FWM-IQL,FWM-IQL,theta_r,m=shift,l1_out,0,0,1727.3612,1346.6966386733475,20,53.6978,0,runs/spec_rnoise/off_fwm_iql_hopper_rshift_seed0/r_r_hopper_eval.json
offline,FWM-IQL,FWM-IQL,theta_r,m=shift,l2_in,0,0,1796.5633,1202.7614041729623,20,55.8241,0,runs/spec_rnoise/off_fwm_iql_hopper_rshift_seed0/r_r_hopper_eval.json
offline,FWM-IQL,FWM-IQL,theta_r,m=shift,l2_out,0,0,1041.3721,896.6493191087088,20,32.6200,0,runs/spec_rnoise/off_fwm_iql_hopper_rshift_seed0/r_r_hopper_eval.json
offline,FWM-IQL,FWM-IQL,theta_r,m=shift,l3_in,0,0,1570.3616,645.981282161414,20,48.8738,0,runs/spec_rnoise/off_fwm_iql_hopper_rshift_seed0/r_r_hopper_eval.json
offline,FWM-IQL,FWM-IQL,theta_r,m=shift,l3_out,0,0,964.2812,811.7987627899794,20,30.2513,0,runs/spec_rnoise/off_fwm_iql_hopper_rshift_seed0/r_r_hopper_eval.json
offline,FWM-IQL,FWM-IQL,theta_r,m=shift,l1_anchor,0,0,742.3924,16.25397069112413,20,23.4336,0,runs/spec_rnoise/off_fwm_iql_hopper_rshift_seed0/r_r_hopper_eval.json
offline,FWM-IQL,FWM-IQL,theta_r,m=shift,l2_anchor,0,0,446.2798,1.9207509437215415,20,14.3352,0,runs/spec_rnoise/off_fwm_iql_hopper_rshift_seed0/r_r_hopper_eval.json
offline,FWM-IQL,FWM-IQL,theta_r,m=shift,l3_anchor,0,0,294.7741,75.66779103391953,20,9.6801,0,runs/spec_rnoise/off_fwm_iql_hopper_rshift_seed0/r_r_hopper_eval.json
offline,FWM-IQL,FWM-IQL,theta_r,m=shift,nominal,1,1,3554.0899,20.83483609930695,20,109.8259,0,runs/spec_rnoise/off_fwm_iql_hopper_rshift_seed1/r_r_hopper_eval.json
offline,FWM-IQL,FWM-IQL,theta_r,m=shift,l1_in,1,0,2119.3379,1173.5606073022782,20,65.7416,0,runs/spec_rnoise/off_fwm_iql_hopper_rshift_seed1/r_r_hopper_eval.json
offline,FWM-IQL,FWM-IQL,theta_r,m=shift,l1_out,1,0,1572.3111,1292.0559018495803,20,48.9337,0,runs/spec_rnoise/off_fwm_iql_hopper_rshift_seed1/r_r_hopper_eval.json
offline,FWM-IQL,FWM-IQL,theta_r,m=shift,l2_in,1,0,1673.2384,1155.623602774459,20,52.0348,0,runs/spec_rnoise/off_fwm_iql_hopper_rshift_seed1/r_r_hopper_eval.json
offline,FWM-IQL,FWM-IQL,theta_r,m=shift,l2_out,1,0,1000.2087,912.3405087034987,20,31.3553,0,runs/spec_rnoise/off_fwm_iql_hopper_rshift_seed1/r_r_hopper_eval.json
offline,FWM-IQL,FWM-IQL,theta_r,m=shift,l3_in,1,0,1492.1752,711.7154939270342,20,46.4714,0,runs/spec_rnoise/off_fwm_iql_hopper_rshift_seed1/r_r_hopper_eval.json
offline,FWM-IQL,FWM-IQL,theta_r,m=shift,l3_out,1,0,948.2300,714.7145399059102,20,29.7582,0,runs/spec_rnoise/off_fwm_iql_hopper_rshift_seed1/r_r_hopper_eval.json
offline,FWM-IQL,FWM-IQL,theta_r,m=shift,l1_anchor,1,0,707.1925,12.30504157738199,20,22.3520,0,runs/spec_rnoise/off_fwm_iql_hopper_rshift_seed1/r_r_hopper_eval.json
offline,FWM-IQL,FWM-IQL,theta_r,m=shift,l2_anchor,1,0,418.6467,2.0841222334226788,20,13.4862,0,runs/spec_rnoise/off_fwm_iql_hopper_rshift_seed1/r_r_hopper_eval.json
offline,FWM-IQL,FWM-IQL,theta_r,m=shift,l3_anchor,1,0,383.9829,44.62608044468069,20,12.4211,0,runs/spec_rnoise/off_fwm_iql_hopper_rshift_seed1/r_r_hopper_eval.json
offline,FWM-IQL,FWM-IQL,theta_r,m=shift,nominal,2,1,3420.5603,432.3515446521758,20,105.7230,0,runs/spec_rnoise/off_fwm_iql_hopper_rshift_seed2/r_r_hopper_eval.json
offline,FWM-IQL,FWM-IQL,theta_r,m=shift,l1_in,2,0,2057.4336,1141.093842932036,20,63.8396,0,runs/spec_rnoise/off_fwm_iql_hopper_rshift_seed2/r_r_hopper_eval.json
offline,FWM-IQL,FWM-IQL,theta_r,m=shift,l1_out,2,0,1359.2219,1099.8273806174177,20,42.3863,0,runs/spec_rnoise/off_fwm_iql_hopper_rshift_seed2/r_r_hopper_eval.json
offline,FWM-IQL,FWM-IQL,theta_r,m=shift,l2_in,2,0,1961.3239,1312.6186287183975,20,60.8865,0,runs/spec_rnoise/off_fwm_iql_hopper_rshift_seed2/r_r_hopper_eval.json
offline,FWM-IQL,FWM-IQL,theta_r,m=shift,l2_out,2,0,1281.9592,1143.7251870256346,20,40.0123,0,runs/spec_rnoise/off_fwm_iql_hopper_rshift_seed2/r_r_hopper_eval.json
offline,FWM-IQL,FWM-IQL,theta_r,m=shift,l3_in,2,0,1637.0613,709.2462431305383,20,50.9232,0,runs/spec_rnoise/off_fwm_iql_hopper_rshift_seed2/r_r_hopper_eval.json
offline,FWM-IQL,FWM-IQL,theta_r,m=shift,l3_out,2,0,938.3017,558.3775780888851,20,29.4531,0,runs/spec_rnoise/off_fwm_iql_hopper_rshift_seed2/r_r_hopper_eval.json
offline,FWM-IQL,FWM-IQL,theta_r,m=shift,l1_anchor,2,0,796.1617,5.289415826311682,20,25.0857,0,runs/spec_rnoise/off_fwm_iql_hopper_rshift_seed2/r_r_hopper_eval.json
offline,FWM-IQL,FWM-IQL,theta_r,m=shift,l2_anchor,2,0,439.3743,4.616213395681878,20,14.1230,0,runs/spec_rnoise/off_fwm_iql_hopper_rshift_seed2/r_r_hopper_eval.json
offline,FWM-IQL,FWM-IQL,theta_r,m=shift,l3_anchor,2,0,369.3555,10.730543886008133,20,11.9716,0,runs/spec_rnoise/off_fwm_iql_hopper_rshift_seed2/r_r_hopper_eval.json
offline,FWM-IQL,FWM-IQL,theta_r,m=shift,nominal,3407,1,3575.0906,17.94218771379646,20,110.4711,0,runs/spec_rnoise/off_fwm_iql_hopper_rshift_seed3407/r_r_hopper_eval.json
offline,FWM-IQL,FWM-IQL,theta_r,m=shift,l1_in,3407,0,2435.3980,1175.377673144066,20,75.4529,0,runs/spec_rnoise/off_fwm_iql_hopper_rshift_seed3407/r_r_hopper_eval.json
offline,FWM-IQL,FWM-IQL,theta_r,m=shift,l1_out,3407,0,1448.2282,1210.8561068994204,20,45.1211,0,runs/spec_rnoise/off_fwm_iql_hopper_rshift_seed3407/r_r_hopper_eval.json
offline,FWM-IQL,FWM-IQL,theta_r,m=shift,l2_in,3407,0,1871.6707,1261.2067840554566,20,58.1318,0,runs/spec_rnoise/off_fwm_iql_hopper_rshift_seed3407/r_r_hopper_eval.json
offline,FWM-IQL,FWM-IQL,theta_r,m=shift,l2_out,3407,0,976.1788,913.0882186621293,20,30.6169,0,runs/spec_rnoise/off_fwm_iql_hopper_rshift_seed3407/r_r_hopper_eval.json
offline,FWM-IQL,FWM-IQL,theta_r,m=shift,l3_in,3407,0,1448.5083,649.622847293714,20,45.1297,0,runs/spec_rnoise/off_fwm_iql_hopper_rshift_seed3407/r_r_hopper_eval.json
offline,FWM-IQL,FWM-IQL,theta_r,m=shift,l3_out,3407,0,862.2038,626.4060583818532,20,27.1149,0,runs/spec_rnoise/off_fwm_iql_hopper_rshift_seed3407/r_r_hopper_eval.json
offline,FWM-IQL,FWM-IQL,theta_r,m=shift,l1_anchor,3407,0,767.2322,21.418227849266618,20,24.1968,0,runs/spec_rnoise/off_fwm_iql_hopper_rshift_seed3407/r_r_hopper_eval.json
offline,FWM-IQL,FWM-IQL,theta_r,m=shift,l2_anchor,3407,0,450.7583,1.6241312419087888,20,14.4728,0,runs/spec_rnoise/off_fwm_iql_hopper_rshift_seed3407/r_r_hopper_eval.json
offline,FWM-IQL,FWM-IQL,theta_r,m=shift,l3_anchor,3407,0,393.3582,37.45378476020097,20,12.7092,0,runs/spec_rnoise/off_fwm_iql_hopper_rshift_seed3407/r_r_hopper_eval.json
offline,FWM-IQL,FWM-IQL,theta_r,m=shift,nominal,42,1,3569.8626,23.265812758388755,20,110.3105,0,runs/spec_rnoise/off_fwm_iql_hopper_rshift_seed42/r_r_hopper_eval.json
offline,FWM-IQL,FWM-IQL,theta_r,m=shift,l1_in,42,0,2465.1147,1258.2740007408454,20,76.3660,0,runs/spec_rnoise/off_fwm_iql_hopper_rshift_seed42/r_r_hopper_eval.json
offline,FWM-IQL,FWM-IQL,theta_r,m=shift,l1_out,42,0,1699.2855,1322.979413944627,20,52.8351,0,runs/spec_rnoise/off_fwm_iql_hopper_rshift_seed42/r_r_hopper_eval.json
offline,FWM-IQL,FWM-IQL,theta_r,m=shift,l2_in,42,0,2075.0715,1334.515399918684,20,64.3815,0,runs/spec_rnoise/off_fwm_iql_hopper_rshift_seed42/r_r_hopper_eval.json
offline,FWM-IQL,FWM-IQL,theta_r,m=shift,l2_out,42,0,979.2101,899.9205794522709,20,30.7101,0,runs/spec_rnoise/off_fwm_iql_hopper_rshift_seed42/r_r_hopper_eval.json
offline,FWM-IQL,FWM-IQL,theta_r,m=shift,l3_in,42,0,1570.2659,742.9433292291799,20,48.8708,0,runs/spec_rnoise/off_fwm_iql_hopper_rshift_seed42/r_r_hopper_eval.json
offline,FWM-IQL,FWM-IQL,theta_r,m=shift,l3_out,42,0,874.8631,600.6471991398432,20,27.5039,0,runs/spec_rnoise/off_fwm_iql_hopper_rshift_seed42/r_r_hopper_eval.json
offline,FWM-IQL,FWM-IQL,theta_r,m=shift,l1_anchor,42,0,747.0030,11.880911714905563,20,23.5753,0,runs/spec_rnoise/off_fwm_iql_hopper_rshift_seed42/r_r_hopper_eval.json
offline,FWM-IQL,FWM-IQL,theta_r,m=shift,l2_anchor,42,0,424.5521,4.437967077322558,20,13.6676,0,runs/spec_rnoise/off_fwm_iql_hopper_rshift_seed42/r_r_hopper_eval.json
offline,FWM-IQL,FWM-IQL,theta_r,m=shift,l3_anchor,42,0,367.4786,9.535095124532184,20,11.9140,0,runs/spec_rnoise/off_fwm_iql_hopper_rshift_seed42/r_r_hopper_eval.json
offline,FWM-IQL,FWM-IQL,theta_tau_credit,k=4,nominal,0,1,3591.4567,19.47692145921305,20,110.9740,0,runs/spec_rdelay/off_fwm_iql_hopper_k4_seed0/r_r_hopper_eval.json
offline,FWM-IQL,FWM-IQL,theta_tau_credit,k=4,l1_in,0,0,1919.4503,1106.4414437176047,20,59.5999,0,runs/spec_rdelay/off_fwm_iql_hopper_k4_seed0/r_r_hopper_eval.json
offline,FWM-IQL,FWM-IQL,theta_tau_credit,k=4,l1_out,0,0,1433.5772,1205.6840214207866,20,44.6709,0,runs/spec_rdelay/off_fwm_iql_hopper_k4_seed0/r_r_hopper_eval.json
offline,FWM-IQL,FWM-IQL,theta_tau_credit,k=4,l2_in,0,0,1844.9356,1298.4165231953853,20,57.3104,0,runs/spec_rdelay/off_fwm_iql_hopper_k4_seed0/r_r_hopper_eval.json
offline,FWM-IQL,FWM-IQL,theta_tau_credit,k=4,l2_out,0,0,1230.2350,1101.9112051288416,20,38.4230,0,runs/spec_rdelay/off_fwm_iql_hopper_k4_seed0/r_r_hopper_eval.json
offline,FWM-IQL,FWM-IQL,theta_tau_credit,k=4,l3_in,0,0,1433.1171,753.9243662904098,20,44.6568,0,runs/spec_rdelay/off_fwm_iql_hopper_k4_seed0/r_r_hopper_eval.json
offline,FWM-IQL,FWM-IQL,theta_tau_credit,k=4,l3_out,0,0,1047.9066,770.5947852006672,20,32.8208,0,runs/spec_rdelay/off_fwm_iql_hopper_k4_seed0/r_r_hopper_eval.json
offline,FWM-IQL,FWM-IQL,theta_tau_credit,k=4,l1_anchor,0,0,715.6481,17.853312308154837,20,22.6118,0,runs/spec_rdelay/off_fwm_iql_hopper_k4_seed0/r_r_hopper_eval.json
offline,FWM-IQL,FWM-IQL,theta_tau_credit,k=4,l2_anchor,0,0,460.5737,2.887813268075422,20,14.7744,0,runs/spec_rdelay/off_fwm_iql_hopper_k4_seed0/r_r_hopper_eval.json
offline,FWM-IQL,FWM-IQL,theta_tau_credit,k=4,l3_anchor,0,0,386.7934,24.234934370560318,20,12.5074,0,runs/spec_rdelay/off_fwm_iql_hopper_k4_seed0/r_r_hopper_eval.json
offline,FWM-IQL,FWM-IQL,theta_tau_credit,k=4,nominal,1,1,3587.7121,28.77563905778253,20,110.8589,0,runs/spec_rdelay/off_fwm_iql_hopper_k4_seed1/r_r_hopper_eval.json
offline,FWM-IQL,FWM-IQL,theta_tau_credit,k=4,l1_in,1,0,2054.3896,1157.183599173488,20,63.7460,0,runs/spec_rdelay/off_fwm_iql_hopper_k4_seed1/r_r_hopper_eval.json
offline,FWM-IQL,FWM-IQL,theta_tau_credit,k=4,l1_out,1,0,1429.9445,1198.4574634117917,20,44.5593,0,runs/spec_rdelay/off_fwm_iql_hopper_k4_seed1/r_r_hopper_eval.json
offline,FWM-IQL,FWM-IQL,theta_tau_credit,k=4,l2_in,1,0,1843.6083,1220.7910158795814,20,57.2696,0,runs/spec_rdelay/off_fwm_iql_hopper_k4_seed1/r_r_hopper_eval.json
offline,FWM-IQL,FWM-IQL,theta_tau_credit,k=4,l2_out,1,0,1011.7144,899.882323434009,20,31.7088,0,runs/spec_rdelay/off_fwm_iql_hopper_k4_seed1/r_r_hopper_eval.json
offline,FWM-IQL,FWM-IQL,theta_tau_credit,k=4,l3_in,1,0,1468.1567,685.3017285556025,20,45.7334,0,runs/spec_rdelay/off_fwm_iql_hopper_k4_seed1/r_r_hopper_eval.json
offline,FWM-IQL,FWM-IQL,theta_tau_credit,k=4,l3_out,1,0,854.5967,655.1061900236581,20,26.8812,0,runs/spec_rdelay/off_fwm_iql_hopper_k4_seed1/r_r_hopper_eval.json
offline,FWM-IQL,FWM-IQL,theta_tau_credit,k=4,l1_anchor,1,0,728.0570,18.673590604491167,20,22.9931,0,runs/spec_rdelay/off_fwm_iql_hopper_k4_seed1/r_r_hopper_eval.json
offline,FWM-IQL,FWM-IQL,theta_tau_credit,k=4,l2_anchor,1,0,413.9411,4.282942568473325,20,13.3416,0,runs/spec_rdelay/off_fwm_iql_hopper_k4_seed1/r_r_hopper_eval.json
offline,FWM-IQL,FWM-IQL,theta_tau_credit,k=4,l3_anchor,1,0,369.7349,25.464765442258237,20,11.9833,0,runs/spec_rdelay/off_fwm_iql_hopper_k4_seed1/r_r_hopper_eval.json
offline,FWM-IQL,FWM-IQL,theta_tau_credit,k=4,nominal,2,1,3587.0805,19.084389937771906,20,110.8395,0,runs/spec_rdelay/off_fwm_iql_hopper_k4_seed2/r_r_hopper_eval.json
offline,FWM-IQL,FWM-IQL,theta_tau_credit,k=4,l1_in,2,0,2172.8186,1187.440022448401,20,67.3849,0,runs/spec_rdelay/off_fwm_iql_hopper_k4_seed2/r_r_hopper_eval.json
offline,FWM-IQL,FWM-IQL,theta_tau_credit,k=4,l1_out,2,0,1459.6883,1213.165199004938,20,45.4732,0,runs/spec_rdelay/off_fwm_iql_hopper_k4_seed2/r_r_hopper_eval.json
offline,FWM-IQL,FWM-IQL,theta_tau_credit,k=4,l2_in,2,0,1997.7593,1281.9223264591442,20,62.0060,0,runs/spec_rdelay/off_fwm_iql_hopper_k4_seed2/r_r_hopper_eval.json
offline,FWM-IQL,FWM-IQL,theta_tau_credit,k=4,l2_out,2,0,1008.0957,902.2181245608585,20,31.5976,0,runs/spec_rdelay/off_fwm_iql_hopper_k4_seed2/r_r_hopper_eval.json
offline,FWM-IQL,FWM-IQL,theta_tau_credit,k=4,l3_in,2,0,1441.9380,735.7499894838022,20,44.9278,0,runs/spec_rdelay/off_fwm_iql_hopper_k4_seed2/r_r_hopper_eval.json
offline,FWM-IQL,FWM-IQL,theta_tau_credit,k=4,l3_out,2,0,1025.4062,693.4170484873151,20,32.1295,0,runs/spec_rdelay/off_fwm_iql_hopper_k4_seed2/r_r_hopper_eval.json
offline,FWM-IQL,FWM-IQL,theta_tau_credit,k=4,l1_anchor,2,0,722.8553,10.485558254049899,20,22.8333,0,runs/spec_rdelay/off_fwm_iql_hopper_k4_seed2/r_r_hopper_eval.json
offline,FWM-IQL,FWM-IQL,theta_tau_credit,k=4,l2_anchor,2,0,456.9912,2.4125339792043685,20,14.6643,0,runs/spec_rdelay/off_fwm_iql_hopper_k4_seed2/r_r_hopper_eval.json
offline,FWM-IQL,FWM-IQL,theta_tau_credit,k=4,l3_anchor,2,0,388.0545,22.62481417466876,20,12.5462,0,runs/spec_rdelay/off_fwm_iql_hopper_k4_seed2/r_r_hopper_eval.json
offline,FWM-IQL,FWM-IQL,theta_tau_credit,k=4,nominal,3407,1,3559.9739,10.142067282478914,20,110.0067,0,runs/spec_rdelay/off_fwm_iql_hopper_k4_seed3407/r_r_hopper_eval.json
offline,FWM-IQL,FWM-IQL,theta_tau_credit,k=4,l1_in,3407,0,2404.3681,1171.0463988671147,20,74.4995,0,runs/spec_rdelay/off_fwm_iql_hopper_k4_seed3407/r_r_hopper_eval.json
offline,FWM-IQL,FWM-IQL,theta_tau_credit,k=4,l1_out,3407,0,1617.7709,1240.9742188323316,20,50.3305,0,runs/spec_rdelay/off_fwm_iql_hopper_k4_seed3407/r_r_hopper_eval.json
offline,FWM-IQL,FWM-IQL,theta_tau_credit,k=4,l2_in,3407,0,1918.1474,1258.330474784867,20,59.5599,0,runs/spec_rdelay/off_fwm_iql_hopper_k4_seed3407/r_r_hopper_eval.json
offline,FWM-IQL,FWM-IQL,theta_tau_credit,k=4,l2_out,3407,0,1167.8854,1053.204964163586,20,36.5073,0,runs/spec_rdelay/off_fwm_iql_hopper_k4_seed3407/r_r_hopper_eval.json
offline,FWM-IQL,FWM-IQL,theta_tau_credit,k=4,l3_in,3407,0,1599.8031,684.6269520476973,20,49.7784,0,runs/spec_rdelay/off_fwm_iql_hopper_k4_seed3407/r_r_hopper_eval.json
offline,FWM-IQL,FWM-IQL,theta_tau_credit,k=4,l3_out,3407,0,1097.9097,576.5919602588249,20,34.3572,0,runs/spec_rdelay/off_fwm_iql_hopper_k4_seed3407/r_r_hopper_eval.json
offline,FWM-IQL,FWM-IQL,theta_tau_credit,k=4,l1_anchor,3407,0,756.8751,9.545437106474328,20,23.8786,0,runs/spec_rdelay/off_fwm_iql_hopper_k4_seed3407/r_r_hopper_eval.json
offline,FWM-IQL,FWM-IQL,theta_tau_credit,k=4,l2_anchor,3407,0,455.4709,13.238143640277823,20,14.6176,0,runs/spec_rdelay/off_fwm_iql_hopper_k4_seed3407/r_r_hopper_eval.json
offline,FWM-IQL,FWM-IQL,theta_tau_credit,k=4,l3_anchor,3407,0,421.6568,31.404314205383365,20,13.5787,0,runs/spec_rdelay/off_fwm_iql_hopper_k4_seed3407/r_r_hopper_eval.json
offline,FWM-IQL,FWM-IQL,theta_tau_credit,k=4,nominal,42,1,1249.1320,36.01603833893409,20,39.0037,0,runs/spec_rdelay/off_fwm_iql_hopper_k4_seed42/r_r_hopper_eval.json
offline,FWM-IQL,FWM-IQL,theta_tau_credit,k=4,l1_in,42,0,1427.5203,810.8734014780589,20,44.4848,0,runs/spec_rdelay/off_fwm_iql_hopper_k4_seed42/r_r_hopper_eval.json
offline,FWM-IQL,FWM-IQL,theta_tau_credit,k=4,l1_out,42,0,1235.4912,1035.8668495663137,20,38.5846,0,runs/spec_rdelay/off_fwm_iql_hopper_k4_seed42/r_r_hopper_eval.json
offline,FWM-IQL,FWM-IQL,theta_tau_credit,k=4,l2_in,42,0,1537.2126,1118.6517674872741,20,47.8553,0,runs/spec_rdelay/off_fwm_iql_hopper_k4_seed42/r_r_hopper_eval.json
offline,FWM-IQL,FWM-IQL,theta_tau_credit,k=4,l2_out,42,0,1154.8834,1065.918745494416,20,36.1078,0,runs/spec_rdelay/off_fwm_iql_hopper_k4_seed42/r_r_hopper_eval.json
offline,FWM-IQL,FWM-IQL,theta_tau_credit,k=4,l3_in,42,0,1409.3810,507.5349072899,20,43.9275,0,runs/spec_rdelay/off_fwm_iql_hopper_k4_seed42/r_r_hopper_eval.json
offline,FWM-IQL,FWM-IQL,theta_tau_credit,k=4,l3_out,42,0,1063.1810,563.053101782154,20,33.2901,0,runs/spec_rdelay/off_fwm_iql_hopper_k4_seed42/r_r_hopper_eval.json
offline,FWM-IQL,FWM-IQL,theta_tau_credit,k=4,l1_anchor,42,0,612.7947,3.9173232060956313,20,19.4516,0,runs/spec_rdelay/off_fwm_iql_hopper_k4_seed42/r_r_hopper_eval.json
offline,FWM-IQL,FWM-IQL,theta_tau_credit,k=4,l2_anchor,42,0,410.2995,3.0720998380304483,20,13.2297,0,runs/spec_rdelay/off_fwm_iql_hopper_k4_seed42/r_r_hopper_eval.json
offline,FWM-IQL,FWM-IQL,theta_tau_credit,k=4,l3_anchor,42,0,363.3462,30.48940282077901,20,11.7870,0,runs/spec_rdelay/off_fwm_iql_hopper_k4_seed42/r_r_hopper_eval.json
offline,FWM-IQL,FWM-IQL,theta_tau_credit,k=16,nominal,0,1,3609.7398,31.40623330121494,20,111.5358,0,runs/spec_rdelay/off_fwm_iql_hopper_k16_seed0/r_r_hopper_eval.json
offline,FWM-IQL,FWM-IQL,theta_tau_credit,k=16,l1_in,0,0,1969.1416,1199.550727760507,20,61.1267,0,runs/spec_rdelay/off_fwm_iql_hopper_k16_seed0/r_r_hopper_eval.json
offline,FWM-IQL,FWM-IQL,theta_tau_credit,k=16,l1_out,0,0,1448.1076,1215.6192542217473,20,45.1174,0,runs/spec_rdelay/off_fwm_iql_hopper_k16_seed0/r_r_hopper_eval.json
offline,FWM-IQL,FWM-IQL,theta_tau_credit,k=16,l2_in,0,0,2125.6514,1384.7712982894466,20,65.9356,0,runs/spec_rdelay/off_fwm_iql_hopper_k16_seed0/r_r_hopper_eval.json
offline,FWM-IQL,FWM-IQL,theta_tau_credit,k=16,l2_out,0,0,1314.1299,1197.6159544080147,20,41.0008,0,runs/spec_rdelay/off_fwm_iql_hopper_k16_seed0/r_r_hopper_eval.json
offline,FWM-IQL,FWM-IQL,theta_tau_credit,k=16,l3_in,0,0,1418.0406,580.6915149406357,20,44.1936,0,runs/spec_rdelay/off_fwm_iql_hopper_k16_seed0/r_r_hopper_eval.json
offline,FWM-IQL,FWM-IQL,theta_tau_credit,k=16,l3_out,0,0,1050.9687,695.7142837930206,20,32.9149,0,runs/spec_rdelay/off_fwm_iql_hopper_k16_seed0/r_r_hopper_eval.json
offline,FWM-IQL,FWM-IQL,theta_tau_credit,k=16,l1_anchor,0,0,756.8001,10.134026437066261,20,23.8763,0,runs/spec_rdelay/off_fwm_iql_hopper_k16_seed0/r_r_hopper_eval.json
offline,FWM-IQL,FWM-IQL,theta_tau_credit,k=16,l2_anchor,0,0,470.7599,2.196851274193876,20,15.0874,0,runs/spec_rdelay/off_fwm_iql_hopper_k16_seed0/r_r_hopper_eval.json
offline,FWM-IQL,FWM-IQL,theta_tau_credit,k=16,l3_anchor,0,0,409.2272,26.354399733290652,20,13.1967,0,runs/spec_rdelay/off_fwm_iql_hopper_k16_seed0/r_r_hopper_eval.json
offline,FWM-IQL,FWM-IQL,theta_tau_credit,k=16,nominal,1,1,3057.2777,774.9566411436377,20,94.5608,0,runs/spec_rdelay/off_fwm_iql_hopper_k16_seed1/r_r_hopper_eval.json
offline,FWM-IQL,FWM-IQL,theta_tau_credit,k=16,l1_in,1,0,2001.8373,1190.9108427714727,20,62.1313,0,runs/spec_rdelay/off_fwm_iql_hopper_k16_seed1/r_r_hopper_eval.json
offline,FWM-IQL,FWM-IQL,theta_tau_credit,k=16,l1_out,1,0,1611.4378,1271.6154082165485,20,50.1359,0,runs/spec_rdelay/off_fwm_iql_hopper_k16_seed1/r_r_hopper_eval.json
offline,FWM-IQL,FWM-IQL,theta_tau_credit,k=16,l2_in,1,0,1950.7793,1257.8835728711085,20,60.5625,0,runs/spec_rdelay/off_fwm_iql_hopper_k16_seed1/r_r_hopper_eval.json
offline,FWM-IQL,FWM-IQL,theta_tau_credit,k=16,l2_out,1,0,1016.1770,899.0710672298263,20,31.8459,0,runs/spec_rdelay/off_fwm_iql_hopper_k16_seed1/r_r_hopper_eval.json
offline,FWM-IQL,FWM-IQL,theta_tau_credit,k=16,l3_in,1,0,1386.1214,575.9290312351274,20,43.2128,0,runs/spec_rdelay/off_fwm_iql_hopper_k16_seed1/r_r_hopper_eval.json
offline,FWM-IQL,FWM-IQL,theta_tau_credit,k=16,l3_out,1,0,902.6885,559.4938220557411,20,28.3588,0,runs/spec_rdelay/off_fwm_iql_hopper_k16_seed1/r_r_hopper_eval.json
offline,FWM-IQL,FWM-IQL,theta_tau_credit,k=16,l1_anchor,1,0,787.4677,8.871552412666452,20,24.8186,0,runs/spec_rdelay/off_fwm_iql_hopper_k16_seed1/r_r_hopper_eval.json
offline,FWM-IQL,FWM-IQL,theta_tau_credit,k=16,l2_anchor,1,0,451.0774,2.7642386957306964,20,14.4826,0,runs/spec_rdelay/off_fwm_iql_hopper_k16_seed1/r_r_hopper_eval.json
offline,FWM-IQL,FWM-IQL,theta_tau_credit,k=16,l3_anchor,1,0,375.2506,13.185565607915493,20,12.1528,0,runs/spec_rdelay/off_fwm_iql_hopper_k16_seed1/r_r_hopper_eval.json
offline,FWM-IQL,FWM-IQL,theta_tau_credit,k=16,nominal,2,1,3564.1520,23.549238093338108,20,110.1350,0,runs/spec_rdelay/off_fwm_iql_hopper_k16_seed2/r_r_hopper_eval.json
offline,FWM-IQL,FWM-IQL,theta_tau_credit,k=16,l1_in,2,0,2396.1842,1213.0360872654219,20,74.2480,0,runs/spec_rdelay/off_fwm_iql_hopper_k16_seed2/r_r_hopper_eval.json
offline,FWM-IQL,FWM-IQL,theta_tau_credit,k=16,l1_out,2,0,1603.6983,1276.0116542933092,20,49.8981,0,runs/spec_rdelay/off_fwm_iql_hopper_k16_seed2/r_r_hopper_eval.json
offline,FWM-IQL,FWM-IQL,theta_tau_credit,k=16,l2_in,2,0,2015.1324,1331.486246096833,20,62.5398,0,runs/spec_rdelay/off_fwm_iql_hopper_k16_seed2/r_r_hopper_eval.json
offline,FWM-IQL,FWM-IQL,theta_tau_credit,k=16,l2_out,2,0,1182.6768,1074.0661876265672,20,36.9618,0,runs/spec_rdelay/off_fwm_iql_hopper_k16_seed2/r_r_hopper_eval.json
offline,FWM-IQL,FWM-IQL,theta_tau_credit,k=16,l3_in,2,0,1499.9317,723.525727035589,20,46.7098,0,runs/spec_rdelay/off_fwm_iql_hopper_k16_seed2/r_r_hopper_eval.json
offline,FWM-IQL,FWM-IQL,theta_tau_credit,k=16,l3_out,2,0,859.1997,638.0172186563748,20,27.0226,0,runs/spec_rdelay/off_fwm_iql_hopper_k16_seed2/r_r_hopper_eval.json
offline,FWM-IQL,FWM-IQL,theta_tau_credit,k=16,l1_anchor,2,0,779.1760,8.219596193101669,20,24.5638,0,runs/spec_rdelay/off_fwm_iql_hopper_k16_seed2/r_r_hopper_eval.json
offline,FWM-IQL,FWM-IQL,theta_tau_credit,k=16,l2_anchor,2,0,457.1177,3.944421589383989,20,14.6682,0,runs/spec_rdelay/off_fwm_iql_hopper_k16_seed2/r_r_hopper_eval.json
offline,FWM-IQL,FWM-IQL,theta_tau_credit,k=16,l3_anchor,2,0,378.2808,26.713608551830415,20,12.2459,0,runs/spec_rdelay/off_fwm_iql_hopper_k16_seed2/r_r_hopper_eval.json
offline,FWM-IQL,FWM-IQL,theta_tau_credit,k=16,nominal,3407,1,3580.0163,22.13222111904562,20,110.6225,0,runs/spec_rdelay/off_fwm_iql_hopper_k16_seed3407/r_r_hopper_eval.json
offline,FWM-IQL,FWM-IQL,theta_tau_credit,k=16,l1_in,3407,0,2089.6824,1210.020046542649,20,64.8305,0,runs/spec_rdelay/off_fwm_iql_hopper_k16_seed3407/r_r_hopper_eval.json
offline,FWM-IQL,FWM-IQL,theta_tau_credit,k=16,l1_out,3407,0,1556.3259,1285.4342530372587,20,48.4425,0,runs/spec_rdelay/off_fwm_iql_hopper_k16_seed3407/r_r_hopper_eval.json
offline,FWM-IQL,FWM-IQL,theta_tau_credit,k=16,l2_in,3407,0,2084.7127,1370.1043472068582,20,64.6778,0,runs/spec_rdelay/off_fwm_iql_hopper_k16_seed3407/r_r_hopper_eval.json
offline,FWM-IQL,FWM-IQL,theta_tau_credit,k=16,l2_out,3407,0,969.3762,926.412443495529,20,30.4079,0,runs/spec_rdelay/off_fwm_iql_hopper_k16_seed3407/r_r_hopper_eval.json
offline,FWM-IQL,FWM-IQL,theta_tau_credit,k=16,l3_in,3407,0,1524.5969,573.6257351152785,20,47.4676,0,runs/spec_rdelay/off_fwm_iql_hopper_k16_seed3407/r_r_hopper_eval.json
offline,FWM-IQL,FWM-IQL,theta_tau_credit,k=16,l3_out,3407,0,1107.7344,646.8055170223364,20,34.6591,0,runs/spec_rdelay/off_fwm_iql_hopper_k16_seed3407/r_r_hopper_eval.json
offline,FWM-IQL,FWM-IQL,theta_tau_credit,k=16,l1_anchor,3407,0,686.2930,2.2034381615771914,20,21.7099,0,runs/spec_rdelay/off_fwm_iql_hopper_k16_seed3407/r_r_hopper_eval.json
offline,FWM-IQL,FWM-IQL,theta_tau_credit,k=16,l2_anchor,3407,0,434.2077,1.5871519767975295,20,13.9643,0,runs/spec_rdelay/off_fwm_iql_hopper_k16_seed3407/r_r_hopper_eval.json
offline,FWM-IQL,FWM-IQL,theta_tau_credit,k=16,l3_anchor,3407,0,300.4588,81.9601381281217,20,9.8547,0,runs/spec_rdelay/off_fwm_iql_hopper_k16_seed3407/r_r_hopper_eval.json
offline,FWM-IQL,FWM-IQL,theta_tau_credit,k=16,nominal,42,1,3569.4114,20.901452667844044,20,110.2966,0,runs/spec_rdelay/off_fwm_iql_hopper_k16_seed42/r_r_hopper_eval.json
offline,FWM-IQL,FWM-IQL,theta_tau_credit,k=16,l1_in,42,0,2390.0165,1223.3440434997656,20,74.0585,0,runs/spec_rdelay/off_fwm_iql_hopper_k16_seed42/r_r_hopper_eval.json
offline,FWM-IQL,FWM-IQL,theta_tau_credit,k=16,l1_out,42,0,1728.8297,1332.7359893051514,20,53.7429,0,runs/spec_rdelay/off_fwm_iql_hopper_k16_seed42/r_r_hopper_eval.json
offline,FWM-IQL,FWM-IQL,theta_tau_credit,k=16,l2_in,42,0,2054.2113,1325.8080841123783,20,63.7406,0,runs/spec_rdelay/off_fwm_iql_hopper_k16_seed42/r_r_hopper_eval.json
offline,FWM-IQL,FWM-IQL,theta_tau_credit,k=16,l2_out,42,0,1283.7868,1110.8303210374045,20,40.0685,0,runs/spec_rdelay/off_fwm_iql_hopper_k16_seed42/r_r_hopper_eval.json
offline,FWM-IQL,FWM-IQL,theta_tau_credit,k=16,l3_in,42,0,1559.1145,637.8460705938078,20,48.5282,0,runs/spec_rdelay/off_fwm_iql_hopper_k16_seed42/r_r_hopper_eval.json
offline,FWM-IQL,FWM-IQL,theta_tau_credit,k=16,l3_out,42,0,1099.7032,616.043091105416,20,34.4123,0,runs/spec_rdelay/off_fwm_iql_hopper_k16_seed42/r_r_hopper_eval.json
offline,FWM-IQL,FWM-IQL,theta_tau_credit,k=16,l1_anchor,42,0,798.1740,5.762895320757312,20,25.1475,0,runs/spec_rdelay/off_fwm_iql_hopper_k16_seed42/r_r_hopper_eval.json
offline,FWM-IQL,FWM-IQL,theta_tau_credit,k=16,l2_anchor,42,0,450.0310,2.318998671237386,20,14.4505,0,runs/spec_rdelay/off_fwm_iql_hopper_k16_seed42/r_r_hopper_eval.json
offline,FWM-IQL,FWM-IQL,theta_tau_credit,k=16,l3_anchor,42,0,394.3901,78.7005143898843,20,12.7409,0,runs/spec_rdelay/off_fwm_iql_hopper_k16_seed42/r_r_hopper_eval.json
offline,FWM-IQL,FWM-IQL,theta_tau_credit,k=32,nominal,0,1,3525.4764,271.77793275428826,20,108.9467,0,runs/spec_rdelay/off_fwm_iql_hopper_k32_seed0/r_r_hopper_eval.json
offline,FWM-IQL,FWM-IQL,theta_tau_credit,k=32,l1_in,0,0,2279.8244,1206.144307534685,20,70.6728,0,runs/spec_rdelay/off_fwm_iql_hopper_k32_seed0/r_r_hopper_eval.json
offline,FWM-IQL,FWM-IQL,theta_tau_credit,k=32,l1_out,0,0,1573.3461,1287.0306252999314,20,48.9655,0,runs/spec_rdelay/off_fwm_iql_hopper_k32_seed0/r_r_hopper_eval.json
offline,FWM-IQL,FWM-IQL,theta_tau_credit,k=32,l2_in,0,0,1922.3464,1279.4422236104203,20,59.6889,0,runs/spec_rdelay/off_fwm_iql_hopper_k32_seed0/r_r_hopper_eval.json
offline,FWM-IQL,FWM-IQL,theta_tau_credit,k=32,l2_out,0,0,1165.2428,974.2320720180442,20,36.4261,0,runs/spec_rdelay/off_fwm_iql_hopper_k32_seed0/r_r_hopper_eval.json
offline,FWM-IQL,FWM-IQL,theta_tau_credit,k=32,l3_in,0,0,1473.0648,691.3456721951544,20,45.8842,0,runs/spec_rdelay/off_fwm_iql_hopper_k32_seed0/r_r_hopper_eval.json
offline,FWM-IQL,FWM-IQL,theta_tau_credit,k=32,l3_out,0,0,1049.7059,755.9580175246888,20,32.8761,0,runs/spec_rdelay/off_fwm_iql_hopper_k32_seed0/r_r_hopper_eval.json
offline,FWM-IQL,FWM-IQL,theta_tau_credit,k=32,l1_anchor,0,0,720.3451,20.36142920517652,20,22.7562,0,runs/spec_rdelay/off_fwm_iql_hopper_k32_seed0/r_r_hopper_eval.json
offline,FWM-IQL,FWM-IQL,theta_tau_credit,k=32,l2_anchor,0,0,412.2460,2.33150077096371,20,13.2895,0,runs/spec_rdelay/off_fwm_iql_hopper_k32_seed0/r_r_hopper_eval.json
offline,FWM-IQL,FWM-IQL,theta_tau_credit,k=32,l3_anchor,0,0,379.0566,13.94336278978638,20,12.2697,0,runs/spec_rdelay/off_fwm_iql_hopper_k32_seed0/r_r_hopper_eval.json
offline,FWM-IQL,FWM-IQL,theta_tau_credit,k=32,nominal,1,1,3086.2385,791.2812193104286,20,95.4507,0,runs/spec_rdelay/off_fwm_iql_hopper_k32_seed1/r_r_hopper_eval.json
offline,FWM-IQL,FWM-IQL,theta_tau_credit,k=32,l1_in,1,0,2132.3580,1219.6442919953085,20,66.1417,0,runs/spec_rdelay/off_fwm_iql_hopper_k32_seed1/r_r_hopper_eval.json
offline,FWM-IQL,FWM-IQL,theta_tau_credit,k=32,l1_out,1,0,1440.4214,1214.7555644670917,20,44.8812,0,runs/spec_rdelay/off_fwm_iql_hopper_k32_seed1/r_r_hopper_eval.json
offline,FWM-IQL,FWM-IQL,theta_tau_credit,k=32,l2_in,1,0,1980.5778,1385.5762789935945,20,61.4781,0,runs/spec_rdelay/off_fwm_iql_hopper_k32_seed1/r_r_hopper_eval.json
offline,FWM-IQL,FWM-IQL,theta_tau_credit,k=32,l2_out,1,0,1105.7840,1019.4404232472438,20,34.5992,0,runs/spec_rdelay/off_fwm_iql_hopper_k32_seed1/r_r_hopper_eval.json
offline,FWM-IQL,FWM-IQL,theta_tau_credit,k=32,l3_in,1,0,1437.0905,630.4120833350232,20,44.7789,0,runs/spec_rdelay/off_fwm_iql_hopper_k32_seed1/r_r_hopper_eval.json
offline,FWM-IQL,FWM-IQL,theta_tau_credit,k=32,l3_out,1,0,1110.1262,657.2320279902024,20,34.7326,0,runs/spec_rdelay/off_fwm_iql_hopper_k32_seed1/r_r_hopper_eval.json
offline,FWM-IQL,FWM-IQL,theta_tau_credit,k=32,l1_anchor,1,0,560.1418,88.03030232416113,20,17.8337,0,runs/spec_rdelay/off_fwm_iql_hopper_k32_seed1/r_r_hopper_eval.json
offline,FWM-IQL,FWM-IQL,theta_tau_credit,k=32,l2_anchor,1,0,385.8980,1.7802011252100967,20,12.4799,0,runs/spec_rdelay/off_fwm_iql_hopper_k32_seed1/r_r_hopper_eval.json
offline,FWM-IQL,FWM-IQL,theta_tau_credit,k=32,l3_anchor,1,0,361.2767,38.07787463892684,20,11.7234,0,runs/spec_rdelay/off_fwm_iql_hopper_k32_seed1/r_r_hopper_eval.json
offline,FWM-IQL,FWM-IQL,theta_tau_credit,k=32,nominal,2,1,3394.0860,521.7180752776895,20,104.9096,0,runs/spec_rdelay/off_fwm_iql_hopper_k32_seed2/r_r_hopper_eval.json
offline,FWM-IQL,FWM-IQL,theta_tau_credit,k=32,l1_in,2,0,2143.9013,1192.6079326740698,20,66.4964,0,runs/spec_rdelay/off_fwm_iql_hopper_k32_seed2/r_r_hopper_eval.json
offline,FWM-IQL,FWM-IQL,theta_tau_credit,k=32,l1_out,2,0,1602.4786,1259.0566874175986,20,49.8606,0,runs/spec_rdelay/off_fwm_iql_hopper_k32_seed2/r_r_hopper_eval.json
offline,FWM-IQL,FWM-IQL,theta_tau_credit,k=32,l2_in,2,0,2059.7161,1298.7882221346028,20,63.9097,0,runs/spec_rdelay/off_fwm_iql_hopper_k32_seed2/r_r_hopper_eval.json
offline,FWM-IQL,FWM-IQL,theta_tau_credit,k=32,l2_out,2,0,1157.8123,923.5625506264402,20,36.1978,0,runs/spec_rdelay/off_fwm_iql_hopper_k32_seed2/r_r_hopper_eval.json
offline,FWM-IQL,FWM-IQL,theta_tau_credit,k=32,l3_in,2,0,1300.3366,687.2738238251724,20,40.5770,0,runs/spec_rdelay/off_fwm_iql_hopper_k32_seed2/r_r_hopper_eval.json
offline,FWM-IQL,FWM-IQL,theta_tau_credit,k=32,l3_out,2,0,1043.2647,810.0582712280276,20,32.6782,0,runs/spec_rdelay/off_fwm_iql_hopper_k32_seed2/r_r_hopper_eval.json
offline,FWM-IQL,FWM-IQL,theta_tau_credit,k=32,l1_anchor,2,0,792.3759,12.036875628918892,20,24.9694,0,runs/spec_rdelay/off_fwm_iql_hopper_k32_seed2/r_r_hopper_eval.json
offline,FWM-IQL,FWM-IQL,theta_tau_credit,k=32,l2_anchor,2,0,468.6380,2.473287725088043,20,15.0222,0,runs/spec_rdelay/off_fwm_iql_hopper_k32_seed2/r_r_hopper_eval.json
offline,FWM-IQL,FWM-IQL,theta_tau_credit,k=32,l3_anchor,2,0,412.6112,32.02079375155073,20,13.3007,0,runs/spec_rdelay/off_fwm_iql_hopper_k32_seed2/r_r_hopper_eval.json
offline,FWM-IQL,FWM-IQL,theta_tau_credit,k=32,nominal,3407,1,3448.2986,410.8605296030816,20,106.5753,0,runs/spec_rdelay/off_fwm_iql_hopper_k32_seed3407/r_r_hopper_eval.json
offline,FWM-IQL,FWM-IQL,theta_tau_credit,k=32,l1_in,3407,0,2123.1024,1181.4255815491067,20,65.8573,0,runs/spec_rdelay/off_fwm_iql_hopper_k32_seed3407/r_r_hopper_eval.json
offline,FWM-IQL,FWM-IQL,theta_tau_credit,k=32,l1_out,3407,0,1384.7913,1118.4513395843167,20,43.1719,0,runs/spec_rdelay/off_fwm_iql_hopper_k32_seed3407/r_r_hopper_eval.json
offline,FWM-IQL,FWM-IQL,theta_tau_credit,k=32,l2_in,3407,0,1885.1821,1291.8581942330366,20,58.5470,0,runs/spec_rdelay/off_fwm_iql_hopper_k32_seed3407/r_r_hopper_eval.json
offline,FWM-IQL,FWM-IQL,theta_tau_credit,k=32,l2_out,3407,0,993.7950,916.5853766472824,20,31.1582,0,runs/spec_rdelay/off_fwm_iql_hopper_k32_seed3407/r_r_hopper_eval.json
offline,FWM-IQL,FWM-IQL,theta_tau_credit,k=32,l3_in,3407,0,1573.7867,627.8062425848527,20,48.9790,0,runs/spec_rdelay/off_fwm_iql_hopper_k32_seed3407/r_r_hopper_eval.json
offline,FWM-IQL,FWM-IQL,theta_tau_credit,k=32,l3_out,3407,0,1020.0719,623.4805968098467,20,31.9656,0,runs/spec_rdelay/off_fwm_iql_hopper_k32_seed3407/r_r_hopper_eval.json
offline,FWM-IQL,FWM-IQL,theta_tau_credit,k=32,l1_anchor,3407,0,725.5860,7.599524056212103,20,22.9172,0,runs/spec_rdelay/off_fwm_iql_hopper_k32_seed3407/r_r_hopper_eval.json
offline,FWM-IQL,FWM-IQL,theta_tau_credit,k=32,l2_anchor,3407,0,414.0502,3.1434524755602524,20,13.3449,0,runs/spec_rdelay/off_fwm_iql_hopper_k32_seed3407/r_r_hopper_eval.json
offline,FWM-IQL,FWM-IQL,theta_tau_credit,k=32,l3_anchor,3407,0,378.1249,20.252099855274317,20,12.2411,0,runs/spec_rdelay/off_fwm_iql_hopper_k32_seed3407/r_r_hopper_eval.json
offline,FWM-IQL,FWM-IQL,theta_tau_credit,k=32,nominal,42,1,2946.7070,822.5035286127895,20,91.1634,0,runs/spec_rdelay/off_fwm_iql_hopper_k32_seed42/r_r_hopper_eval.json
offline,FWM-IQL,FWM-IQL,theta_tau_credit,k=32,l1_in,42,0,2131.5867,1208.1223325269225,20,66.1180,0,runs/spec_rdelay/off_fwm_iql_hopper_k32_seed42/r_r_hopper_eval.json
offline,FWM-IQL,FWM-IQL,theta_tau_credit,k=32,l1_out,42,0,1596.7915,1280.9575072812972,20,49.6859,0,runs/spec_rdelay/off_fwm_iql_hopper_k32_seed42/r_r_hopper_eval.json
offline,FWM-IQL,FWM-IQL,theta_tau_credit,k=32,l2_in,42,0,1813.3335,1261.7585769375826,20,56.3393,0,runs/spec_rdelay/off_fwm_iql_hopper_k32_seed42/r_r_hopper_eval.json
offline,FWM-IQL,FWM-IQL,theta_tau_credit,k=32,l2_out,42,0,1166.1301,1067.2126568730937,20,36.4534,0,runs/spec_rdelay/off_fwm_iql_hopper_k32_seed42/r_r_hopper_eval.json
offline,FWM-IQL,FWM-IQL,theta_tau_credit,k=32,l3_in,42,0,1601.5419,679.0351530736527,20,49.8318,0,runs/spec_rdelay/off_fwm_iql_hopper_k32_seed42/r_r_hopper_eval.json
offline,FWM-IQL,FWM-IQL,theta_tau_credit,k=32,l3_out,42,0,1156.3675,879.1440635231851,20,36.1534,0,runs/spec_rdelay/off_fwm_iql_hopper_k32_seed42/r_r_hopper_eval.json
offline,FWM-IQL,FWM-IQL,theta_tau_credit,k=32,l1_anchor,42,0,756.1354,22.240371125448544,20,23.8559,0,runs/spec_rdelay/off_fwm_iql_hopper_k32_seed42/r_r_hopper_eval.json
offline,FWM-IQL,FWM-IQL,theta_tau_credit,k=32,l2_anchor,42,0,439.5648,1.3678920369828127,20,14.1289,0,runs/spec_rdelay/off_fwm_iql_hopper_k32_seed42/r_r_hopper_eval.json
offline,FWM-IQL,FWM-IQL,theta_tau_credit,k=32,l3_anchor,42,0,406.3962,26.80262073777542,20,13.1098,0,runs/spec_rdelay/off_fwm_iql_hopper_k32_seed42/r_r_hopper_eval.json
offline,FWM-IQL,FWM-IQL,theta_tau_credit,k=64,nominal,0,1,3598.8837,30.966992181923437,20,111.2022,0,runs/spec_rdelay/off_fwm_iql_hopper_k64_seed0/r_r_hopper_eval.json
offline,FWM-IQL,FWM-IQL,theta_tau_credit,k=64,l1_in,0,0,2188.9384,1201.0090556435364,20,67.8802,0,runs/spec_rdelay/off_fwm_iql_hopper_k64_seed0/r_r_hopper_eval.json
offline,FWM-IQL,FWM-IQL,theta_tau_credit,k=64,l1_out,0,0,1508.9328,1231.5987541303632,20,46.9863,0,runs/spec_rdelay/off_fwm_iql_hopper_k64_seed0/r_r_hopper_eval.json
offline,FWM-IQL,FWM-IQL,theta_tau_credit,k=64,l2_in,0,0,2129.3117,1374.3230544753233,20,66.0481,0,runs/spec_rdelay/off_fwm_iql_hopper_k64_seed0/r_r_hopper_eval.json
offline,FWM-IQL,FWM-IQL,theta_tau_credit,k=64,l2_out,0,0,1128.6204,965.5391595642229,20,35.3008,0,runs/spec_rdelay/off_fwm_iql_hopper_k64_seed0/r_r_hopper_eval.json
offline,FWM-IQL,FWM-IQL,theta_tau_credit,k=64,l3_in,0,0,1452.7526,698.4882254384736,20,45.2601,0,runs/spec_rdelay/off_fwm_iql_hopper_k64_seed0/r_r_hopper_eval.json
offline,FWM-IQL,FWM-IQL,theta_tau_credit,k=64,l3_out,0,0,956.6448,638.9461216609011,20,30.0167,0,runs/spec_rdelay/off_fwm_iql_hopper_k64_seed0/r_r_hopper_eval.json
offline,FWM-IQL,FWM-IQL,theta_tau_credit,k=64,l1_anchor,0,0,676.0846,14.258828096973563,20,21.3962,0,runs/spec_rdelay/off_fwm_iql_hopper_k64_seed0/r_r_hopper_eval.json
offline,FWM-IQL,FWM-IQL,theta_tau_credit,k=64,l2_anchor,0,0,420.2671,7.147573164414094,20,13.5360,0,runs/spec_rdelay/off_fwm_iql_hopper_k64_seed0/r_r_hopper_eval.json
offline,FWM-IQL,FWM-IQL,theta_tau_credit,k=64,l3_anchor,0,0,248.5177,9.665455092939657,20,8.2588,0,runs/spec_rdelay/off_fwm_iql_hopper_k64_seed0/r_r_hopper_eval.json
offline,FWM-IQL,FWM-IQL,theta_tau_credit,k=64,nominal,1,1,2319.9556,711.3191173946584,20,71.9058,0,runs/spec_rdelay/off_fwm_iql_hopper_k64_seed1/r_r_hopper_eval.json
offline,FWM-IQL,FWM-IQL,theta_tau_credit,k=64,l1_in,1,0,1973.3113,1188.1646742963542,20,61.2548,0,runs/spec_rdelay/off_fwm_iql_hopper_k64_seed1/r_r_hopper_eval.json
offline,FWM-IQL,FWM-IQL,theta_tau_credit,k=64,l1_out,1,0,1456.8503,1199.905088279725,20,45.3860,0,runs/spec_rdelay/off_fwm_iql_hopper_k64_seed1/r_r_hopper_eval.json
offline,FWM-IQL,FWM-IQL,theta_tau_credit,k=64,l2_in,1,0,1987.0951,1312.3653634821685,20,61.6783,0,runs/spec_rdelay/off_fwm_iql_hopper_k64_seed1/r_r_hopper_eval.json
offline,FWM-IQL,FWM-IQL,theta_tau_credit,k=64,l2_out,1,0,1090.8707,970.4887123102133,20,34.1409,0,runs/spec_rdelay/off_fwm_iql_hopper_k64_seed1/r_r_hopper_eval.json
offline,FWM-IQL,FWM-IQL,theta_tau_credit,k=64,l3_in,1,0,1451.8243,638.8009859607583,20,45.2316,0,runs/spec_rdelay/off_fwm_iql_hopper_k64_seed1/r_r_hopper_eval.json
offline,FWM-IQL,FWM-IQL,theta_tau_credit,k=64,l3_out,1,0,1028.3976,651.1532864432828,20,32.2214,0,runs/spec_rdelay/off_fwm_iql_hopper_k64_seed1/r_r_hopper_eval.json
offline,FWM-IQL,FWM-IQL,theta_tau_credit,k=64,l1_anchor,1,0,721.5704,20.412155283028667,20,22.7938,0,runs/spec_rdelay/off_fwm_iql_hopper_k64_seed1/r_r_hopper_eval.json
offline,FWM-IQL,FWM-IQL,theta_tau_credit,k=64,l2_anchor,1,0,444.5120,9.957693112077974,20,14.2809,0,runs/spec_rdelay/off_fwm_iql_hopper_k64_seed1/r_r_hopper_eval.json
offline,FWM-IQL,FWM-IQL,theta_tau_credit,k=64,l3_anchor,1,0,386.6073,55.25819259791892,20,12.5017,0,runs/spec_rdelay/off_fwm_iql_hopper_k64_seed1/r_r_hopper_eval.json
offline,FWM-IQL,FWM-IQL,theta_tau_credit,k=64,nominal,2,1,3580.5227,24.33009604137236,20,110.6380,0,runs/spec_rdelay/off_fwm_iql_hopper_k64_seed2/r_r_hopper_eval.json
offline,FWM-IQL,FWM-IQL,theta_tau_credit,k=64,l1_in,2,0,2061.3939,1128.5829520041627,20,63.9613,0,runs/spec_rdelay/off_fwm_iql_hopper_k64_seed2/r_r_hopper_eval.json
offline,FWM-IQL,FWM-IQL,theta_tau_credit,k=64,l1_out,2,0,1424.2636,1205.9072751550168,20,44.3848,0,runs/spec_rdelay/off_fwm_iql_hopper_k64_seed2/r_r_hopper_eval.json
offline,FWM-IQL,FWM-IQL,theta_tau_credit,k=64,l2_in,2,0,2115.5075,1345.115578678526,20,65.6240,0,runs/spec_rdelay/off_fwm_iql_hopper_k64_seed2/r_r_hopper_eval.json
offline,FWM-IQL,FWM-IQL,theta_tau_credit,k=64,l2_out,2,0,1356.0757,1183.3040079006867,20,42.2896,0,runs/spec_rdelay/off_fwm_iql_hopper_k64_seed2/r_r_hopper_eval.json
offline,FWM-IQL,FWM-IQL,theta_tau_credit,k=64,l3_in,2,0,1361.6389,599.9230862558321,20,42.4606,0,runs/spec_rdelay/off_fwm_iql_hopper_k64_seed2/r_r_hopper_eval.json
offline,FWM-IQL,FWM-IQL,theta_tau_credit,k=64,l3_out,2,0,1035.1727,570.2077940172531,20,32.4296,0,runs/spec_rdelay/off_fwm_iql_hopper_k64_seed2/r_r_hopper_eval.json
offline,FWM-IQL,FWM-IQL,theta_tau_credit,k=64,l1_anchor,2,0,735.9368,9.089144831090257,20,23.2352,0,runs/spec_rdelay/off_fwm_iql_hopper_k64_seed2/r_r_hopper_eval.json
offline,FWM-IQL,FWM-IQL,theta_tau_credit,k=64,l2_anchor,2,0,407.1388,1.609281476010865,20,13.1326,0,runs/spec_rdelay/off_fwm_iql_hopper_k64_seed2/r_r_hopper_eval.json
offline,FWM-IQL,FWM-IQL,theta_tau_credit,k=64,l3_anchor,2,0,294.0748,48.99756426461355,20,9.6586,0,runs/spec_rdelay/off_fwm_iql_hopper_k64_seed2/r_r_hopper_eval.json
offline,FWM-IQL,FWM-IQL,theta_tau_credit,k=64,nominal,3407,1,3582.5088,18.574958715024867,20,110.6991,0,runs/spec_rdelay/off_fwm_iql_hopper_k64_seed3407/r_r_hopper_eval.json
offline,FWM-IQL,FWM-IQL,theta_tau_credit,k=64,l1_in,3407,0,2301.9605,1169.46252792756,20,71.3529,0,runs/spec_rdelay/off_fwm_iql_hopper_k64_seed3407/r_r_hopper_eval.json
offline,FWM-IQL,FWM-IQL,theta_tau_credit,k=64,l1_out,3407,0,1289.6390,1132.4677183680133,20,40.2483,0,runs/spec_rdelay/off_fwm_iql_hopper_k64_seed3407/r_r_hopper_eval.json
offline,FWM-IQL,FWM-IQL,theta_tau_credit,k=64,l2_in,3407,0,1856.7315,1285.351331909104,20,57.6728,0,runs/spec_rdelay/off_fwm_iql_hopper_k64_seed3407/r_r_hopper_eval.json
offline,FWM-IQL,FWM-IQL,theta_tau_credit,k=64,l2_out,3407,0,1128.8039,952.8565386707113,20,35.3065,0,runs/spec_rdelay/off_fwm_iql_hopper_k64_seed3407/r_r_hopper_eval.json
offline,FWM-IQL,FWM-IQL,theta_tau_credit,k=64,l3_in,3407,0,1488.3733,752.8627815472557,20,46.3546,0,runs/spec_rdelay/off_fwm_iql_hopper_k64_seed3407/r_r_hopper_eval.json
offline,FWM-IQL,FWM-IQL,theta_tau_credit,k=64,l3_out,3407,0,969.2013,633.8997640658737,20,30.4025,0,runs/spec_rdelay/off_fwm_iql_hopper_k64_seed3407/r_r_hopper_eval.json
offline,FWM-IQL,FWM-IQL,theta_tau_credit,k=64,l1_anchor,3407,0,731.9732,11.607076485617807,20,23.1134,0,runs/spec_rdelay/off_fwm_iql_hopper_k64_seed3407/r_r_hopper_eval.json
offline,FWM-IQL,FWM-IQL,theta_tau_credit,k=64,l2_anchor,3407,0,453.5258,2.1523978236061394,20,14.5579,0,runs/spec_rdelay/off_fwm_iql_hopper_k64_seed3407/r_r_hopper_eval.json
offline,FWM-IQL,FWM-IQL,theta_tau_credit,k=64,l3_anchor,3407,0,294.4918,82.29670037275444,20,9.6714,0,runs/spec_rdelay/off_fwm_iql_hopper_k64_seed3407/r_r_hopper_eval.json
offline,FWM-IQL,FWM-IQL,theta_tau_credit,k=64,nominal,42,1,3608.5552,66.55673361259184,20,111.4994,0,runs/spec_rdelay/off_fwm_iql_hopper_k64_seed42/r_r_hopper_eval.json
offline,FWM-IQL,FWM-IQL,theta_tau_credit,k=64,l1_in,42,0,1947.2840,1089.7042546806088,20,60.4551,0,runs/spec_rdelay/off_fwm_iql_hopper_k64_seed42/r_r_hopper_eval.json
offline,FWM-IQL,FWM-IQL,theta_tau_credit,k=64,l1_out,42,0,1200.1891,1002.7862397272038,20,37.4999,0,runs/spec_rdelay/off_fwm_iql_hopper_k64_seed42/r_r_hopper_eval.json
offline,FWM-IQL,FWM-IQL,theta_tau_credit,k=64,l2_in,42,0,2020.9909,1382.3452244239788,20,62.7198,0,runs/spec_rdelay/off_fwm_iql_hopper_k64_seed42/r_r_hopper_eval.json
offline,FWM-IQL,FWM-IQL,theta_tau_credit,k=64,l2_out,42,0,1169.5567,1018.1617518803085,20,36.5586,0,runs/spec_rdelay/off_fwm_iql_hopper_k64_seed42/r_r_hopper_eval.json
offline,FWM-IQL,FWM-IQL,theta_tau_credit,k=64,l3_in,42,0,1497.8137,678.0325435736494,20,46.6447,0,runs/spec_rdelay/off_fwm_iql_hopper_k64_seed42/r_r_hopper_eval.json
offline,FWM-IQL,FWM-IQL,theta_tau_credit,k=64,l3_out,42,0,1046.3885,669.8660433872986,20,32.7742,0,runs/spec_rdelay/off_fwm_iql_hopper_k64_seed42/r_r_hopper_eval.json
offline,FWM-IQL,FWM-IQL,theta_tau_credit,k=64,l1_anchor,42,0,656.5463,23.189074541697927,20,20.7959,0,runs/spec_rdelay/off_fwm_iql_hopper_k64_seed42/r_r_hopper_eval.json
offline,FWM-IQL,FWM-IQL,theta_tau_credit,k=64,l2_anchor,42,0,404.8259,3.4670932849492275,20,13.0615,0,runs/spec_rdelay/off_fwm_iql_hopper_k64_seed42/r_r_hopper_eval.json
offline,FWM-IQL,FWM-IQL,theta_tau_credit,k=64,l3_anchor,42,0,374.7858,12.695780590664723,20,12.1385,0,runs/spec_rdelay/off_fwm_iql_hopper_k64_seed42/r_r_hopper_eval.json
offline,FMGAN-IQL,PLR-PVL-IQL,theta_r,m=gauss,nominal,0,1,3587.4952,32.79298715044185,20,110.8523,0,runs/spec_rnoise/off_fmgan_iql_hopper_rgauss_seed0/r_r_hopper_eval.json
offline,FMGAN-IQL,PLR-PVL-IQL,theta_r,m=gauss,l1_in,0,0,2279.3711,1187.2734281442813,20,70.6588,0,runs/spec_rnoise/off_fmgan_iql_hopper_rgauss_seed0/r_r_hopper_eval.json
offline,FMGAN-IQL,PLR-PVL-IQL,theta_r,m=gauss,l1_out,0,0,1688.4253,1354.6421998085482,20,52.5014,0,runs/spec_rnoise/off_fmgan_iql_hopper_rgauss_seed0/r_r_hopper_eval.json
offline,FMGAN-IQL,PLR-PVL-IQL,theta_r,m=gauss,l2_in,0,0,1793.3428,1218.6202781532515,20,55.7251,0,runs/spec_rnoise/off_fmgan_iql_hopper_rgauss_seed0/r_r_hopper_eval.json
offline,FMGAN-IQL,PLR-PVL-IQL,theta_r,m=gauss,l2_out,0,0,1074.2435,934.2830216209285,20,33.6300,0,runs/spec_rnoise/off_fmgan_iql_hopper_rgauss_seed0/r_r_hopper_eval.json
offline,FMGAN-IQL,PLR-PVL-IQL,theta_r,m=gauss,l3_in,0,0,1369.9944,673.0440377392435,20,42.7173,0,runs/spec_rnoise/off_fmgan_iql_hopper_rgauss_seed0/r_r_hopper_eval.json
offline,FMGAN-IQL,PLR-PVL-IQL,theta_r,m=gauss,l3_out,0,0,1019.6981,810.0427628709128,20,31.9541,0,runs/spec_rnoise/off_fmgan_iql_hopper_rgauss_seed0/r_r_hopper_eval.json
offline,FMGAN-IQL,PLR-PVL-IQL,theta_r,m=gauss,l1_anchor,0,0,726.4367,12.918213909588694,20,22.9433,0,runs/spec_rnoise/off_fmgan_iql_hopper_rgauss_seed0/r_r_hopper_eval.json
offline,FMGAN-IQL,PLR-PVL-IQL,theta_r,m=gauss,l2_anchor,0,0,436.0701,1.6150182139486495,20,14.0215,0,runs/spec_rnoise/off_fmgan_iql_hopper_rgauss_seed0/r_r_hopper_eval.json
offline,FMGAN-IQL,PLR-PVL-IQL,theta_r,m=gauss,l3_anchor,0,0,244.3415,8.114362684534619,20,8.1305,0,runs/spec_rnoise/off_fmgan_iql_hopper_rgauss_seed0/r_r_hopper_eval.json
offline,FMGAN-IQL,PLR-PVL-IQL,theta_r,m=gauss,nominal,1,1,3573.8987,29.790099342157472,20,110.4345,0,runs/spec_rnoise/off_fmgan_iql_hopper_rgauss_seed1/r_r_hopper_eval.json
offline,FMGAN-IQL,PLR-PVL-IQL,theta_r,m=gauss,l1_in,1,0,2375.5511,1225.8693340488328,20,73.6141,0,runs/spec_rnoise/off_fmgan_iql_hopper_rgauss_seed1/r_r_hopper_eval.json
offline,FMGAN-IQL,PLR-PVL-IQL,theta_r,m=gauss,l1_out,1,0,1683.5308,1379.8630202044249,20,52.3510,0,runs/spec_rnoise/off_fmgan_iql_hopper_rgauss_seed1/r_r_hopper_eval.json
offline,FMGAN-IQL,PLR-PVL-IQL,theta_r,m=gauss,l2_in,1,0,1875.0804,1310.2811251530698,20,58.2366,0,runs/spec_rnoise/off_fmgan_iql_hopper_rgauss_seed1/r_r_hopper_eval.json
offline,FMGAN-IQL,PLR-PVL-IQL,theta_r,m=gauss,l2_out,1,0,1099.6951,948.6996942291411,20,34.4121,0,runs/spec_rnoise/off_fmgan_iql_hopper_rgauss_seed1/r_r_hopper_eval.json
offline,FMGAN-IQL,PLR-PVL-IQL,theta_r,m=gauss,l3_in,1,0,1605.7437,672.5276077092029,20,49.9609,0,runs/spec_rnoise/off_fmgan_iql_hopper_rgauss_seed1/r_r_hopper_eval.json
offline,FMGAN-IQL,PLR-PVL-IQL,theta_r,m=gauss,l3_out,1,0,976.3271,535.3226981798931,20,30.6215,0,runs/spec_rnoise/off_fmgan_iql_hopper_rgauss_seed1/r_r_hopper_eval.json
offline,FMGAN-IQL,PLR-PVL-IQL,theta_r,m=gauss,l1_anchor,1,0,585.7750,6.543621457873973,20,18.6214,0,runs/spec_rnoise/off_fmgan_iql_hopper_rgauss_seed1/r_r_hopper_eval.json
offline,FMGAN-IQL,PLR-PVL-IQL,theta_r,m=gauss,l2_anchor,1,0,400.4210,1.2208385730348486,20,12.9262,0,runs/spec_rnoise/off_fmgan_iql_hopper_rgauss_seed1/r_r_hopper_eval.json
offline,FMGAN-IQL,PLR-PVL-IQL,theta_r,m=gauss,l3_anchor,1,0,373.9326,9.481152252257722,20,12.1123,0,runs/spec_rnoise/off_fmgan_iql_hopper_rgauss_seed1/r_r_hopper_eval.json
offline,FMGAN-IQL,PLR-PVL-IQL,theta_r,m=gauss,nominal,2,1,2943.8479,787.3659576022247,20,91.0756,0,runs/spec_rnoise/off_fmgan_iql_hopper_rgauss_seed2/r_r_hopper_eval.json
offline,FMGAN-IQL,PLR-PVL-IQL,theta_r,m=gauss,l1_in,2,0,1967.4415,1188.0623113517236,20,61.0745,0,runs/spec_rnoise/off_fmgan_iql_hopper_rgauss_seed2/r_r_hopper_eval.json
offline,FMGAN-IQL,PLR-PVL-IQL,theta_r,m=gauss,l1_out,2,0,1436.7928,1190.9611190823168,20,44.7697,0,runs/spec_rnoise/off_fmgan_iql_hopper_rgauss_seed2/r_r_hopper_eval.json
offline,FMGAN-IQL,PLR-PVL-IQL,theta_r,m=gauss,l2_in,2,0,1723.7962,1140.557663132966,20,53.5882,0,runs/spec_rnoise/off_fmgan_iql_hopper_rgauss_seed2/r_r_hopper_eval.json
offline,FMGAN-IQL,PLR-PVL-IQL,theta_r,m=gauss,l2_out,2,0,1027.7620,934.520301609879,20,32.2019,0,runs/spec_rnoise/off_fmgan_iql_hopper_rgauss_seed2/r_r_hopper_eval.json
offline,FMGAN-IQL,PLR-PVL-IQL,theta_r,m=gauss,l3_in,2,0,1527.8646,785.2732740345937,20,47.5680,0,runs/spec_rnoise/off_fmgan_iql_hopper_rgauss_seed2/r_r_hopper_eval.json
offline,FMGAN-IQL,PLR-PVL-IQL,theta_r,m=gauss,l3_out,2,0,994.2909,572.9779695490346,20,31.1734,0,runs/spec_rnoise/off_fmgan_iql_hopper_rgauss_seed2/r_r_hopper_eval.json
offline,FMGAN-IQL,PLR-PVL-IQL,theta_r,m=gauss,l1_anchor,2,0,648.1525,21.14582138286622,20,20.5380,0,runs/spec_rnoise/off_fmgan_iql_hopper_rgauss_seed2/r_r_hopper_eval.json
offline,FMGAN-IQL,PLR-PVL-IQL,theta_r,m=gauss,l2_anchor,2,0,394.8574,1.8936897761794236,20,12.7552,0,runs/spec_rnoise/off_fmgan_iql_hopper_rgauss_seed2/r_r_hopper_eval.json
offline,FMGAN-IQL,PLR-PVL-IQL,theta_r,m=gauss,l3_anchor,2,0,369.8994,8.962876670071179,20,11.9884,0,runs/spec_rnoise/off_fmgan_iql_hopper_rgauss_seed2/r_r_hopper_eval.json
offline,FMGAN-IQL,PLR-PVL-IQL,theta_r,m=gauss,nominal,3407,1,3354.2574,511.23013563032237,20,103.6858,0,runs/spec_rnoise/off_fmgan_iql_hopper_rgauss_seed3407/r_r_hopper_eval.json
offline,FMGAN-IQL,PLR-PVL-IQL,theta_r,m=gauss,l1_in,3407,0,1999.3773,1172.2223256607826,20,62.0557,0,runs/spec_rnoise/off_fmgan_iql_hopper_rgauss_seed3407/r_r_hopper_eval.json
offline,FMGAN-IQL,PLR-PVL-IQL,theta_r,m=gauss,l1_out,3407,0,1434.0709,1209.8708659334104,20,44.6861,0,runs/spec_rnoise/off_fmgan_iql_hopper_rgauss_seed3407/r_r_hopper_eval.json
offline,FMGAN-IQL,PLR-PVL-IQL,theta_r,m=gauss,l2_in,3407,0,1917.6801,1305.207343782584,20,59.5455,0,runs/spec_rnoise/off_fmgan_iql_hopper_rgauss_seed3407/r_r_hopper_eval.json
offline,FMGAN-IQL,PLR-PVL-IQL,theta_r,m=gauss,l2_out,3407,0,1090.7200,962.9068022186796,20,34.1363,0,runs/spec_rnoise/off_fmgan_iql_hopper_rgauss_seed3407/r_r_hopper_eval.json
offline,FMGAN-IQL,PLR-PVL-IQL,theta_r,m=gauss,l3_in,3407,0,1510.0997,495.66757795819575,20,47.0222,0,runs/spec_rnoise/off_fmgan_iql_hopper_rgauss_seed3407/r_r_hopper_eval.json
offline,FMGAN-IQL,PLR-PVL-IQL,theta_r,m=gauss,l3_out,3407,0,941.5330,700.1008653718277,20,29.5524,0,runs/spec_rnoise/off_fmgan_iql_hopper_rgauss_seed3407/r_r_hopper_eval.json
offline,FMGAN-IQL,PLR-PVL-IQL,theta_r,m=gauss,l1_anchor,3407,0,738.4701,16.20889816441123,20,23.3131,0,runs/spec_rnoise/off_fmgan_iql_hopper_rgauss_seed3407/r_r_hopper_eval.json
offline,FMGAN-IQL,PLR-PVL-IQL,theta_r,m=gauss,l2_anchor,3407,0,461.7836,1.9348197338697761,20,14.8116,0,runs/spec_rnoise/off_fmgan_iql_hopper_rgauss_seed3407/r_r_hopper_eval.json
offline,FMGAN-IQL,PLR-PVL-IQL,theta_r,m=gauss,l3_anchor,3407,0,398.8208,28.563766025294278,20,12.8770,0,runs/spec_rnoise/off_fmgan_iql_hopper_rgauss_seed3407/r_r_hopper_eval.json
offline,FMGAN-IQL,PLR-PVL-IQL,theta_r,m=gauss,nominal,42,1,3533.5793,142.1976310425674,20,109.1957,0,runs/spec_rnoise/off_fmgan_iql_hopper_rgauss_seed42/r_r_hopper_eval.json
offline,FMGAN-IQL,PLR-PVL-IQL,theta_r,m=gauss,l1_in,42,0,2048.1783,1163.9790246265604,20,63.5552,0,runs/spec_rnoise/off_fmgan_iql_hopper_rgauss_seed42/r_r_hopper_eval.json
offline,FMGAN-IQL,PLR-PVL-IQL,theta_r,m=gauss,l1_out,42,0,1525.3025,1297.3563141213097,20,47.4893,0,runs/spec_rnoise/off_fmgan_iql_hopper_rgauss_seed42/r_r_hopper_eval.json
offline,FMGAN-IQL,PLR-PVL-IQL,theta_r,m=gauss,l2_in,42,0,1789.4810,1202.097913465732,20,55.6065,0,runs/spec_rnoise/off_fmgan_iql_hopper_rgauss_seed42/r_r_hopper_eval.json
offline,FMGAN-IQL,PLR-PVL-IQL,theta_r,m=gauss,l2_out,42,0,1059.9680,912.2049936526661,20,33.1914,0,runs/spec_rnoise/off_fmgan_iql_hopper_rgauss_seed42/r_r_hopper_eval.json
offline,FMGAN-IQL,PLR-PVL-IQL,theta_r,m=gauss,l3_in,42,0,1510.1561,713.9483860684089,20,47.0239,0,runs/spec_rnoise/off_fmgan_iql_hopper_rgauss_seed42/r_r_hopper_eval.json
offline,FMGAN-IQL,PLR-PVL-IQL,theta_r,m=gauss,l3_out,42,0,919.8453,643.376557627238,20,28.8860,0,runs/spec_rnoise/off_fmgan_iql_hopper_rgauss_seed42/r_r_hopper_eval.json
offline,FMGAN-IQL,PLR-PVL-IQL,theta_r,m=gauss,l1_anchor,42,0,718.2897,14.210547253505416,20,22.6930,0,runs/spec_rnoise/off_fmgan_iql_hopper_rgauss_seed42/r_r_hopper_eval.json
offline,FMGAN-IQL,PLR-PVL-IQL,theta_r,m=gauss,l2_anchor,42,0,408.8697,3.1557273335183194,20,13.1858,0,runs/spec_rnoise/off_fmgan_iql_hopper_rgauss_seed42/r_r_hopper_eval.json
offline,FMGAN-IQL,PLR-PVL-IQL,theta_r,m=gauss,l3_anchor,42,0,375.2618,12.95492133545792,20,12.1531,0,runs/spec_rnoise/off_fmgan_iql_hopper_rgauss_seed42/r_r_hopper_eval.json
offline,FMGAN-IQL,PLR-PVL-IQL,theta_r,m=uniform,nominal,0,1,3588.8519,36.97752259031908,20,110.8940,0,runs/spec_rnoise/off_fmgan_iql_hopper_runiform_seed0/r_r_hopper_eval.json
offline,FMGAN-IQL,PLR-PVL-IQL,theta_r,m=uniform,l1_in,0,0,2023.7110,1158.8901400138307,20,62.8034,0,runs/spec_rnoise/off_fmgan_iql_hopper_runiform_seed0/r_r_hopper_eval.json
offline,FMGAN-IQL,PLR-PVL-IQL,theta_r,m=uniform,l1_out,0,0,1690.5896,1364.4863677480787,20,52.5679,0,runs/spec_rnoise/off_fmgan_iql_hopper_runiform_seed0/r_r_hopper_eval.json
offline,FMGAN-IQL,PLR-PVL-IQL,theta_r,m=uniform,l2_in,0,0,1916.7319,1277.960152806564,20,59.5164,0,runs/spec_rnoise/off_fmgan_iql_hopper_runiform_seed0/r_r_hopper_eval.json
offline,FMGAN-IQL,PLR-PVL-IQL,theta_r,m=uniform,l2_out,0,0,1023.0343,916.0887268761529,20,32.0566,0,runs/spec_rnoise/off_fmgan_iql_hopper_runiform_seed0/r_r_hopper_eval.json
offline,FMGAN-IQL,PLR-PVL-IQL,theta_r,m=uniform,l3_in,0,0,1453.2927,608.3975701071633,20,45.2767,0,runs/spec_rnoise/off_fmgan_iql_hopper_runiform_seed0/r_r_hopper_eval.json
offline,FMGAN-IQL,PLR-PVL-IQL,theta_r,m=uniform,l3_out,0,0,1117.1359,637.5002946890143,20,34.9480,0,runs/spec_rnoise/off_fmgan_iql_hopper_runiform_seed0/r_r_hopper_eval.json
offline,FMGAN-IQL,PLR-PVL-IQL,theta_r,m=uniform,l1_anchor,0,0,696.8968,14.57181274891099,20,22.0357,0,runs/spec_rnoise/off_fmgan_iql_hopper_runiform_seed0/r_r_hopper_eval.json
offline,FMGAN-IQL,PLR-PVL-IQL,theta_r,m=uniform,l2_anchor,0,0,448.2501,2.445766623261074,20,14.3958,0,runs/spec_rnoise/off_fmgan_iql_hopper_runiform_seed0/r_r_hopper_eval.json
offline,FMGAN-IQL,PLR-PVL-IQL,theta_r,m=uniform,l3_anchor,0,0,372.4117,27.686337273612324,20,12.0655,0,runs/spec_rnoise/off_fmgan_iql_hopper_runiform_seed0/r_r_hopper_eval.json
offline,FMGAN-IQL,PLR-PVL-IQL,theta_r,m=uniform,nominal,1,1,3572.9340,19.674482492767563,20,110.4049,0,runs/spec_rnoise/off_fmgan_iql_hopper_runiform_seed1/r_r_hopper_eval.json
offline,FMGAN-IQL,PLR-PVL-IQL,theta_r,m=uniform,l1_in,1,0,2085.5072,1158.4841613652286,20,64.7022,0,runs/spec_rnoise/off_fmgan_iql_hopper_runiform_seed1/r_r_hopper_eval.json
offline,FMGAN-IQL,PLR-PVL-IQL,theta_r,m=uniform,l1_out,1,0,1574.0220,1273.507217014895,20,48.9863,0,runs/spec_rnoise/off_fmgan_iql_hopper_runiform_seed1/r_r_hopper_eval.json
offline,FMGAN-IQL,PLR-PVL-IQL,theta_r,m=uniform,l2_in,1,0,1958.5532,1275.7479510305661,20,60.8014,0,runs/spec_rnoise/off_fmgan_iql_hopper_runiform_seed1/r_r_hopper_eval.json
offline,FMGAN-IQL,PLR-PVL-IQL,theta_r,m=uniform,l2_out,1,0,1043.2234,909.6456719457068,20,32.6769,0,runs/spec_rnoise/off_fmgan_iql_hopper_runiform_seed1/r_r_hopper_eval.json
offline,FMGAN-IQL,PLR-PVL-IQL,theta_r,m=uniform,l3_in,1,0,1487.4478,835.9542388024951,20,46.3262,0,runs/spec_rnoise/off_fmgan_iql_hopper_runiform_seed1/r_r_hopper_eval.json
offline,FMGAN-IQL,PLR-PVL-IQL,theta_r,m=uniform,l3_out,1,0,1045.3590,663.0631601021697,20,32.7425,0,runs/spec_rnoise/off_fmgan_iql_hopper_runiform_seed1/r_r_hopper_eval.json
offline,FMGAN-IQL,PLR-PVL-IQL,theta_r,m=uniform,l1_anchor,1,0,684.7963,12.918319395954272,20,21.6639,0,runs/spec_rnoise/off_fmgan_iql_hopper_runiform_seed1/r_r_hopper_eval.json
offline,FMGAN-IQL,PLR-PVL-IQL,theta_r,m=uniform,l2_anchor,1,0,416.5341,2.334830995314873,20,13.4213,0,runs/spec_rnoise/off_fmgan_iql_hopper_runiform_seed1/r_r_hopper_eval.json
offline,FMGAN-IQL,PLR-PVL-IQL,theta_r,m=uniform,l3_anchor,1,0,392.5616,20.237547567124725,20,12.6847,0,runs/spec_rnoise/off_fmgan_iql_hopper_runiform_seed1/r_r_hopper_eval.json
offline,FMGAN-IQL,PLR-PVL-IQL,theta_r,m=uniform,nominal,2,1,1858.1084,268.97422825996074,20,57.7151,0,runs/spec_rnoise/off_fmgan_iql_hopper_runiform_seed2/r_r_hopper_eval.json
offline,FMGAN-IQL,PLR-PVL-IQL,theta_r,m=uniform,l1_in,2,0,1956.9322,1205.4343741601363,20,60.7516,0,runs/spec_rnoise/off_fmgan_iql_hopper_runiform_seed2/r_r_hopper_eval.json
offline,FMGAN-IQL,PLR-PVL-IQL,theta_r,m=uniform,l1_out,2,0,1422.1167,1210.4349855572304,20,44.3188,0,runs/spec_rnoise/off_fmgan_iql_hopper_runiform_seed2/r_r_hopper_eval.json
offline,FMGAN-IQL,PLR-PVL-IQL,theta_r,m=uniform,l2_in,2,0,1910.8387,1293.521390396116,20,59.3353,0,runs/spec_rnoise/off_fmgan_iql_hopper_runiform_seed2/r_r_hopper_eval.json
offline,FMGAN-IQL,PLR-PVL-IQL,theta_r,m=uniform,l2_out,2,0,1170.6450,951.0004126741021,20,36.5921,0,runs/spec_rnoise/off_fmgan_iql_hopper_runiform_seed2/r_r_hopper_eval.json
offline,FMGAN-IQL,PLR-PVL-IQL,theta_r,m=uniform,l3_in,2,0,1413.6263,697.9295713796675,20,44.0579,0,runs/spec_rnoise/off_fmgan_iql_hopper_runiform_seed2/r_r_hopper_eval.json
offline,FMGAN-IQL,PLR-PVL-IQL,theta_r,m=uniform,l3_out,2,0,998.4899,594.972716439553,20,31.3024,0,runs/spec_rnoise/off_fmgan_iql_hopper_runiform_seed2/r_r_hopper_eval.json
offline,FMGAN-IQL,PLR-PVL-IQL,theta_r,m=uniform,l1_anchor,2,0,653.9697,22.827980975506435,20,20.7167,0,runs/spec_rnoise/off_fmgan_iql_hopper_runiform_seed2/r_r_hopper_eval.json
offline,FMGAN-IQL,PLR-PVL-IQL,theta_r,m=uniform,l2_anchor,2,0,440.6301,3.9954514520275914,20,14.1616,0,runs/spec_rnoise/off_fmgan_iql_hopper_runiform_seed2/r_r_hopper_eval.json
offline,FMGAN-IQL,PLR-PVL-IQL,theta_r,m=uniform,l3_anchor,2,0,376.3540,22.549486252124833,20,12.1867,0,runs/spec_rnoise/off_fmgan_iql_hopper_runiform_seed2/r_r_hopper_eval.json
offline,FMGAN-IQL,PLR-PVL-IQL,theta_r,m=uniform,nominal,3407,1,3565.8284,23.080639579821348,20,110.1865,0,runs/spec_rnoise/off_fmgan_iql_hopper_runiform_seed3407/r_r_hopper_eval.json
offline,FMGAN-IQL,PLR-PVL-IQL,theta_r,m=uniform,l1_in,3407,0,2279.5069,1188.385616544797,20,70.6630,0,runs/spec_rnoise/off_fmgan_iql_hopper_runiform_seed3407/r_r_hopper_eval.json
offline,FMGAN-IQL,PLR-PVL-IQL,theta_r,m=uniform,l1_out,3407,0,1593.8965,1278.686317289704,20,49.5969,0,runs/spec_rnoise/off_fmgan_iql_hopper_runiform_seed3407/r_r_hopper_eval.json
offline,FMGAN-IQL,PLR-PVL-IQL,theta_r,m=uniform,l2_in,3407,0,1822.0723,1215.208130768312,20,56.6079,0,runs/spec_rnoise/off_fmgan_iql_hopper_runiform_seed3407/r_r_hopper_eval.json
offline,FMGAN-IQL,PLR-PVL-IQL,theta_r,m=uniform,l2_out,3407,0,992.8987,908.1822604062593,20,31.1306,0,runs/spec_rnoise/off_fmgan_iql_hopper_runiform_seed3407/r_r_hopper_eval.json
offline,FMGAN-IQL,PLR-PVL-IQL,theta_r,m=uniform,l3_in,3407,0,1398.3403,663.7556285364736,20,43.5883,0,runs/spec_rnoise/off_fmgan_iql_hopper_runiform_seed3407/r_r_hopper_eval.json
offline,FMGAN-IQL,PLR-PVL-IQL,theta_r,m=uniform,l3_out,3407,0,1006.5002,659.1688377060425,20,31.5486,0,runs/spec_rnoise/off_fmgan_iql_hopper_runiform_seed3407/r_r_hopper_eval.json
offline,FMGAN-IQL,PLR-PVL-IQL,theta_r,m=uniform,l1_anchor,3407,0,794.9280,17.222320832415488,20,25.0478,0,runs/spec_rnoise/off_fmgan_iql_hopper_runiform_seed3407/r_r_hopper_eval.json
offline,FMGAN-IQL,PLR-PVL-IQL,theta_r,m=uniform,l2_anchor,3407,0,449.9786,1.7356279211348422,20,14.4489,0,runs/spec_rnoise/off_fmgan_iql_hopper_runiform_seed3407/r_r_hopper_eval.json
offline,FMGAN-IQL,PLR-PVL-IQL,theta_r,m=uniform,l3_anchor,3407,0,401.9892,42.77990770889833,20,12.9743,0,runs/spec_rnoise/off_fmgan_iql_hopper_runiform_seed3407/r_r_hopper_eval.json
offline,FMGAN-IQL,PLR-PVL-IQL,theta_r,m=uniform,nominal,42,1,3614.0366,25.466701032597197,20,111.6678,0,runs/spec_rnoise/off_fmgan_iql_hopper_runiform_seed42/r_r_hopper_eval.json
offline,FMGAN-IQL,PLR-PVL-IQL,theta_r,m=uniform,l1_in,42,0,2032.9505,1146.8144989376754,20,63.0873,0,runs/spec_rnoise/off_fmgan_iql_hopper_runiform_seed42/r_r_hopper_eval.json
offline,FMGAN-IQL,PLR-PVL-IQL,theta_r,m=uniform,l1_out,42,0,1437.3868,1196.0390501456318,20,44.7880,0,runs/spec_rnoise/off_fmgan_iql_hopper_runiform_seed42/r_r_hopper_eval.json
offline,FMGAN-IQL,PLR-PVL-IQL,theta_r,m=uniform,l2_in,42,0,1877.3120,1287.2581761001543,20,58.3052,0,runs/spec_rnoise/off_fmgan_iql_hopper_runiform_seed42/r_r_hopper_eval.json
offline,FMGAN-IQL,PLR-PVL-IQL,theta_r,m=uniform,l2_out,42,0,1139.3883,1093.3548479286244,20,35.6317,0,runs/spec_rnoise/off_fmgan_iql_hopper_runiform_seed42/r_r_hopper_eval.json
offline,FMGAN-IQL,PLR-PVL-IQL,theta_r,m=uniform,l3_in,42,0,1503.4146,656.8310061029748,20,46.8168,0,runs/spec_rnoise/off_fmgan_iql_hopper_runiform_seed42/r_r_hopper_eval.json
offline,FMGAN-IQL,PLR-PVL-IQL,theta_r,m=uniform,l3_out,42,0,946.7307,680.3569768425194,20,29.7121,0,runs/spec_rnoise/off_fmgan_iql_hopper_runiform_seed42/r_r_hopper_eval.json
offline,FMGAN-IQL,PLR-PVL-IQL,theta_r,m=uniform,l1_anchor,42,0,718.0136,7.488182909392344,20,22.6845,0,runs/spec_rnoise/off_fmgan_iql_hopper_runiform_seed42/r_r_hopper_eval.json
offline,FMGAN-IQL,PLR-PVL-IQL,theta_r,m=uniform,l2_anchor,42,0,468.7949,1.7080117066835636,20,15.0270,0,runs/spec_rnoise/off_fmgan_iql_hopper_runiform_seed42/r_r_hopper_eval.json
offline,FMGAN-IQL,PLR-PVL-IQL,theta_r,m=uniform,l3_anchor,42,0,388.6661,36.549063887790666,20,12.5650,0,runs/spec_rnoise/off_fmgan_iql_hopper_runiform_seed42/r_r_hopper_eval.json
offline,FMGAN-IQL,PLR-PVL-IQL,theta_r,m=shift,nominal,0,1,2862.8372,776.7085447140015,20,88.5864,0,runs/spec_rnoise/off_fmgan_iql_hopper_rshift_seed0/r_r_hopper_eval.json
offline,FMGAN-IQL,PLR-PVL-IQL,theta_r,m=shift,l1_in,0,0,1857.9316,1120.7318150026738,20,57.7097,0,runs/spec_rnoise/off_fmgan_iql_hopper_rshift_seed0/r_r_hopper_eval.json
offline,FMGAN-IQL,PLR-PVL-IQL,theta_r,m=shift,l1_out,0,0,1697.0247,1352.2121908117313,20,52.7656,0,runs/spec_rnoise/off_fmgan_iql_hopper_rshift_seed0/r_r_hopper_eval.json
offline,FMGAN-IQL,PLR-PVL-IQL,theta_r,m=shift,l2_in,0,0,2003.6004,1309.7293221738225,20,62.1855,0,runs/spec_rnoise/off_fmgan_iql_hopper_rshift_seed0/r_r_hopper_eval.json
offline,FMGAN-IQL,PLR-PVL-IQL,theta_r,m=shift,l2_out,0,0,1290.3565,1180.4711333614982,20,40.2703,0,runs/spec_rnoise/off_fmgan_iql_hopper_rshift_seed0/r_r_hopper_eval.json
offline,FMGAN-IQL,PLR-PVL-IQL,theta_r,m=shift,l3_in,0,0,1380.3915,553.6984626527875,20,43.0368,0,runs/spec_rnoise/off_fmgan_iql_hopper_rshift_seed0/r_r_hopper_eval.json
offline,FMGAN-IQL,PLR-PVL-IQL,theta_r,m=shift,l3_out,0,0,1176.3000,789.1690544545964,20,36.7658,0,runs/spec_rnoise/off_fmgan_iql_hopper_rshift_seed0/r_r_hopper_eval.json
offline,FMGAN-IQL,PLR-PVL-IQL,theta_r,m=shift,l1_anchor,0,0,757.0450,9.298297029428985,20,23.8838,0,runs/spec_rnoise/off_fmgan_iql_hopper_rshift_seed0/r_r_hopper_eval.json
offline,FMGAN-IQL,PLR-PVL-IQL,theta_r,m=shift,l2_anchor,0,0,437.4648,4.692843005755101,20,14.0644,0,runs/spec_rnoise/off_fmgan_iql_hopper_rshift_seed0/r_r_hopper_eval.json
offline,FMGAN-IQL,PLR-PVL-IQL,theta_r,m=shift,l3_anchor,0,0,380.4129,12.154500781739477,20,12.3114,0,runs/spec_rnoise/off_fmgan_iql_hopper_rshift_seed0/r_r_hopper_eval.json
offline,FMGAN-IQL,PLR-PVL-IQL,theta_r,m=shift,nominal,1,1,3576.5097,14.6048168778842,20,110.5147,0,runs/spec_rnoise/off_fmgan_iql_hopper_rshift_seed1/r_r_hopper_eval.json
offline,FMGAN-IQL,PLR-PVL-IQL,theta_r,m=shift,l1_in,1,0,2142.4441,1195.099177470817,20,66.4516,0,runs/spec_rnoise/off_fmgan_iql_hopper_rshift_seed1/r_r_hopper_eval.json
offline,FMGAN-IQL,PLR-PVL-IQL,theta_r,m=shift,l1_out,1,0,1437.7572,1212.2112184924385,20,44.7994,0,runs/spec_rnoise/off_fmgan_iql_hopper_rshift_seed1/r_r_hopper_eval.json
offline,FMGAN-IQL,PLR-PVL-IQL,theta_r,m=shift,l2_in,1,0,1896.9750,1280.5340188513605,20,58.9093,0,runs/spec_rnoise/off_fmgan_iql_hopper_rshift_seed1/r_r_hopper_eval.json
offline,FMGAN-IQL,PLR-PVL-IQL,theta_r,m=shift,l2_out,1,0,992.5824,911.1048529606945,20,31.1209,0,runs/spec_rnoise/off_fmgan_iql_hopper_rshift_seed1/r_r_hopper_eval.json
offline,FMGAN-IQL,PLR-PVL-IQL,theta_r,m=shift,l3_in,1,0,1416.7516,811.7289346973586,20,44.1540,0,runs/spec_rnoise/off_fmgan_iql_hopper_rshift_seed1/r_r_hopper_eval.json
offline,FMGAN-IQL,PLR-PVL-IQL,theta_r,m=shift,l3_out,1,0,827.4333,578.7384944912484,20,26.0466,0,runs/spec_rnoise/off_fmgan_iql_hopper_rshift_seed1/r_r_hopper_eval.json
offline,FMGAN-IQL,PLR-PVL-IQL,theta_r,m=shift,l1_anchor,1,0,764.8743,11.494972072083545,20,24.1244,0,runs/spec_rnoise/off_fmgan_iql_hopper_rshift_seed1/r_r_hopper_eval.json
offline,FMGAN-IQL,PLR-PVL-IQL,theta_r,m=shift,l2_anchor,1,0,424.0179,3.328269312508416,20,13.6512,0,runs/spec_rnoise/off_fmgan_iql_hopper_rshift_seed1/r_r_hopper_eval.json
offline,FMGAN-IQL,PLR-PVL-IQL,theta_r,m=shift,l3_anchor,1,0,374.1293,11.248800123314041,20,12.1183,0,runs/spec_rnoise/off_fmgan_iql_hopper_rshift_seed1/r_r_hopper_eval.json
offline,FMGAN-IQL,PLR-PVL-IQL,theta_r,m=shift,nominal,2,1,3578.1906,22.689605952638512,20,110.5664,0,runs/spec_rnoise/off_fmgan_iql_hopper_rshift_seed2/r_r_hopper_eval.json
offline,FMGAN-IQL,PLR-PVL-IQL,theta_r,m=shift,l1_in,2,0,2076.6681,1119.9483139537733,20,64.4306,0,runs/spec_rnoise/off_fmgan_iql_hopper_rshift_seed2/r_r_hopper_eval.json
offline,FMGAN-IQL,PLR-PVL-IQL,theta_r,m=shift,l1_out,2,0,1414.4891,1179.73197000253,20,44.0844,0,runs/spec_rnoise/off_fmgan_iql_hopper_rshift_seed2/r_r_hopper_eval.json
offline,FMGAN-IQL,PLR-PVL-IQL,theta_r,m=shift,l2_in,2,0,1845.6830,1208.4433634386162,20,57.3333,0,runs/spec_rnoise/off_fmgan_iql_hopper_rshift_seed2/r_r_hopper_eval.json
offline,FMGAN-IQL,PLR-PVL-IQL,theta_r,m=shift,l2_out,2,0,1242.3481,1068.2572304943835,20,38.7952,0,runs/spec_rnoise/off_fmgan_iql_hopper_rshift_seed2/r_r_hopper_eval.json
offline,FMGAN-IQL,PLR-PVL-IQL,theta_r,m=shift,l3_in,2,0,1405.4829,797.6259297023158,20,43.8077,0,runs/spec_rnoise/off_fmgan_iql_hopper_rshift_seed2/r_r_hopper_eval.json
offline,FMGAN-IQL,PLR-PVL-IQL,theta_r,m=shift,l3_out,2,0,842.6445,654.6646885503363,20,26.5139,0,runs/spec_rnoise/off_fmgan_iql_hopper_rshift_seed2/r_r_hopper_eval.json
offline,FMGAN-IQL,PLR-PVL-IQL,theta_r,m=shift,l1_anchor,2,0,632.0415,9.168509253517405,20,20.0429,0,runs/spec_rnoise/off_fmgan_iql_hopper_rshift_seed2/r_r_hopper_eval.json
offline,FMGAN-IQL,PLR-PVL-IQL,theta_r,m=shift,l2_anchor,2,0,437.6029,5.498056199064246,20,14.0686,0,runs/spec_rnoise/off_fmgan_iql_hopper_rshift_seed2/r_r_hopper_eval.json
offline,FMGAN-IQL,PLR-PVL-IQL,theta_r,m=shift,l3_anchor,2,0,373.4628,7.817104392045767,20,12.0978,0,runs/spec_rnoise/off_fmgan_iql_hopper_rshift_seed2/r_r_hopper_eval.json
offline,FMGAN-IQL,PLR-PVL-IQL,theta_r,m=shift,nominal,3407,1,3565.8495,19.796117242287217,20,110.1872,0,runs/spec_rnoise/off_fmgan_iql_hopper_rshift_seed3407/r_r_hopper_eval.json
offline,FMGAN-IQL,PLR-PVL-IQL,theta_r,m=shift,l1_in,3407,0,2235.6116,1158.5121064858645,20,69.3143,0,runs/spec_rnoise/off_fmgan_iql_hopper_rshift_seed3407/r_r_hopper_eval.json
offline,FMGAN-IQL,PLR-PVL-IQL,theta_r,m=shift,l1_out,3407,0,1584.6481,1257.827469383781,20,49.3128,0,runs/spec_rnoise/off_fmgan_iql_hopper_rshift_seed3407/r_r_hopper_eval.json
offline,FMGAN-IQL,PLR-PVL-IQL,theta_r,m=shift,l2_in,3407,0,1812.9444,1219.7956922276726,20,56.3274,0,runs/spec_rnoise/off_fmgan_iql_hopper_rshift_seed3407/r_r_hopper_eval.json
offline,FMGAN-IQL,PLR-PVL-IQL,theta_r,m=shift,l2_out,3407,0,1159.1065,934.0598657998808,20,36.2376,0,runs/spec_rnoise/off_fmgan_iql_hopper_rshift_seed3407/r_r_hopper_eval.json
offline,FMGAN-IQL,PLR-PVL-IQL,theta_r,m=shift,l3_in,3407,0,1539.8907,595.1011336815608,20,47.9375,0,runs/spec_rnoise/off_fmgan_iql_hopper_rshift_seed3407/r_r_hopper_eval.json
offline,FMGAN-IQL,PLR-PVL-IQL,theta_r,m=shift,l3_out,3407,0,844.3662,738.6650457314605,20,26.5668,0,runs/spec_rnoise/off_fmgan_iql_hopper_rshift_seed3407/r_r_hopper_eval.json
offline,FMGAN-IQL,PLR-PVL-IQL,theta_r,m=shift,l1_anchor,3407,0,776.0020,25.4829727776674,20,24.4663,0,runs/spec_rnoise/off_fmgan_iql_hopper_rshift_seed3407/r_r_hopper_eval.json
offline,FMGAN-IQL,PLR-PVL-IQL,theta_r,m=shift,l2_anchor,3407,0,463.4246,18.853135627932865,20,14.8620,0,runs/spec_rnoise/off_fmgan_iql_hopper_rshift_seed3407/r_r_hopper_eval.json
offline,FMGAN-IQL,PLR-PVL-IQL,theta_r,m=shift,l3_anchor,3407,0,409.6658,29.355828043137613,20,13.2102,0,runs/spec_rnoise/off_fmgan_iql_hopper_rshift_seed3407/r_r_hopper_eval.json
offline,FMGAN-IQL,PLR-PVL-IQL,theta_r,m=shift,nominal,42,1,3328.4565,622.3270377958534,20,102.8931,0,runs/spec_rnoise/off_fmgan_iql_hopper_rshift_seed42/r_r_hopper_eval.json
offline,FMGAN-IQL,PLR-PVL-IQL,theta_r,m=shift,l1_in,42,0,1906.8333,1124.0417196001963,20,59.2122,0,runs/spec_rnoise/off_fmgan_iql_hopper_rshift_seed42/r_r_hopper_eval.json
offline,FMGAN-IQL,PLR-PVL-IQL,theta_r,m=shift,l1_out,42,0,1469.7388,1198.3968965432425,20,45.7820,0,runs/spec_rnoise/off_fmgan_iql_hopper_rshift_seed42/r_r_hopper_eval.json
offline,FMGAN-IQL,PLR-PVL-IQL,theta_r,m=shift,l2_in,42,0,1985.2869,1311.6762340041505,20,61.6228,0,runs/spec_rnoise/off_fmgan_iql_hopper_rshift_seed42/r_r_hopper_eval.json
offline,FMGAN-IQL,PLR-PVL-IQL,theta_r,m=shift,l2_out,42,0,1177.4909,1082.6992454418003,20,36.8024,0,runs/spec_rnoise/off_fmgan_iql_hopper_rshift_seed42/r_r_hopper_eval.json
offline,FMGAN-IQL,PLR-PVL-IQL,theta_r,m=shift,l3_in,42,0,1293.2640,706.6038117964599,20,40.3597,0,runs/spec_rnoise/off_fmgan_iql_hopper_rshift_seed42/r_r_hopper_eval.json
offline,FMGAN-IQL,PLR-PVL-IQL,theta_r,m=shift,l3_out,42,0,1032.8932,527.1952003154689,20,32.3595,0,runs/spec_rnoise/off_fmgan_iql_hopper_rshift_seed42/r_r_hopper_eval.json
offline,FMGAN-IQL,PLR-PVL-IQL,theta_r,m=shift,l1_anchor,42,0,784.3897,9.187119597620566,20,24.7240,0,runs/spec_rnoise/off_fmgan_iql_hopper_rshift_seed42/r_r_hopper_eval.json
offline,FMGAN-IQL,PLR-PVL-IQL,theta_r,m=shift,l2_anchor,42,0,445.3467,1.9919694420369167,20,14.3066,0,runs/spec_rnoise/off_fmgan_iql_hopper_rshift_seed42/r_r_hopper_eval.json
offline,FMGAN-IQL,PLR-PVL-IQL,theta_r,m=shift,l3_anchor,42,0,241.5172,7.851965474192164,20,8.0437,0,runs/spec_rnoise/off_fmgan_iql_hopper_rshift_seed42/r_r_hopper_eval.json
offline,FMGAN-IQL,PLR-PVL-IQL,theta_tau_credit,k=4,nominal,0,1,3517.2604,17.31960725831302,20,108.6942,0,runs/spec_rdelay/off_fmgan_iql_hopper_k4_seed0/r_r_hopper_eval.json
offline,FMGAN-IQL,PLR-PVL-IQL,theta_tau_credit,k=4,l1_in,0,0,2373.6895,1188.6032204226408,20,73.5569,0,runs/spec_rdelay/off_fmgan_iql_hopper_k4_seed0/r_r_hopper_eval.json
offline,FMGAN-IQL,PLR-PVL-IQL,theta_tau_credit,k=4,l1_out,0,0,1708.8227,1301.137441378343,20,53.1281,0,runs/spec_rdelay/off_fmgan_iql_hopper_k4_seed0/r_r_hopper_eval.json
offline,FMGAN-IQL,PLR-PVL-IQL,theta_tau_credit,k=4,l2_in,0,0,2122.1028,1316.1847803480428,20,65.8266,0,runs/spec_rdelay/off_fmgan_iql_hopper_k4_seed0/r_r_hopper_eval.json
offline,FMGAN-IQL,PLR-PVL-IQL,theta_tau_credit,k=4,l2_out,0,0,1242.9565,1074.7360412624992,20,38.8139,0,runs/spec_rdelay/off_fmgan_iql_hopper_k4_seed0/r_r_hopper_eval.json
offline,FMGAN-IQL,PLR-PVL-IQL,theta_tau_credit,k=4,l3_in,0,0,1577.7065,698.5945007337532,20,49.0995,0,runs/spec_rdelay/off_fmgan_iql_hopper_k4_seed0/r_r_hopper_eval.json
offline,FMGAN-IQL,PLR-PVL-IQL,theta_tau_credit,k=4,l3_out,0,0,1045.9154,613.0031236018348,20,32.7596,0,runs/spec_rdelay/off_fmgan_iql_hopper_k4_seed0/r_r_hopper_eval.json
offline,FMGAN-IQL,PLR-PVL-IQL,theta_tau_credit,k=4,l1_anchor,0,0,828.9540,6.1297691492346384,20,26.0933,0,runs/spec_rdelay/off_fmgan_iql_hopper_k4_seed0/r_r_hopper_eval.json
offline,FMGAN-IQL,PLR-PVL-IQL,theta_tau_credit,k=4,l2_anchor,0,0,473.0574,2.041909646350875,20,15.1580,0,runs/spec_rdelay/off_fmgan_iql_hopper_k4_seed0/r_r_hopper_eval.json
offline,FMGAN-IQL,PLR-PVL-IQL,theta_tau_credit,k=4,l3_anchor,0,0,255.5587,32.43768862480466,20,8.4751,0,runs/spec_rdelay/off_fmgan_iql_hopper_k4_seed0/r_r_hopper_eval.json
offline,FMGAN-IQL,PLR-PVL-IQL,theta_tau_credit,k=4,nominal,1,1,1936.3881,445.5042184535,20,60.1203,0,runs/spec_rdelay/off_fmgan_iql_hopper_k4_seed1/r_r_hopper_eval.json
offline,FMGAN-IQL,PLR-PVL-IQL,theta_tau_credit,k=4,l1_in,1,0,1974.2501,1206.660285810126,20,61.2837,0,runs/spec_rdelay/off_fmgan_iql_hopper_k4_seed1/r_r_hopper_eval.json
offline,FMGAN-IQL,PLR-PVL-IQL,theta_tau_credit,k=4,l1_out,1,0,1431.8681,1188.5531090151937,20,44.6184,0,runs/spec_rdelay/off_fmgan_iql_hopper_k4_seed1/r_r_hopper_eval.json
offline,FMGAN-IQL,PLR-PVL-IQL,theta_tau_credit,k=4,l2_in,1,0,1960.2309,1307.037880393678,20,60.8529,0,runs/spec_rdelay/off_fmgan_iql_hopper_k4_seed1/r_r_hopper_eval.json
offline,FMGAN-IQL,PLR-PVL-IQL,theta_tau_credit,k=4,l2_out,1,0,1026.9102,892.6202839484941,20,32.1757,0,runs/spec_rdelay/off_fmgan_iql_hopper_k4_seed1/r_r_hopper_eval.json
offline,FMGAN-IQL,PLR-PVL-IQL,theta_tau_credit,k=4,l3_in,1,0,1428.9483,698.9077104379778,20,44.5287,0,runs/spec_rdelay/off_fmgan_iql_hopper_k4_seed1/r_r_hopper_eval.json
offline,FMGAN-IQL,PLR-PVL-IQL,theta_tau_credit,k=4,l3_out,1,0,1121.3175,627.9441938870885,20,35.0764,0,runs/spec_rdelay/off_fmgan_iql_hopper_k4_seed1/r_r_hopper_eval.json
offline,FMGAN-IQL,PLR-PVL-IQL,theta_tau_credit,k=4,l1_anchor,1,0,686.3797,20.134084672455035,20,21.7125,0,runs/spec_rdelay/off_fmgan_iql_hopper_k4_seed1/r_r_hopper_eval.json
offline,FMGAN-IQL,PLR-PVL-IQL,theta_tau_credit,k=4,l2_anchor,1,0,435.9664,3.1507382670754547,20,14.0183,0,runs/spec_rdelay/off_fmgan_iql_hopper_k4_seed1/r_r_hopper_eval.json
offline,FMGAN-IQL,PLR-PVL-IQL,theta_tau_credit,k=4,l3_anchor,1,0,387.9468,15.361676353674577,20,12.5429,0,runs/spec_rdelay/off_fmgan_iql_hopper_k4_seed1/r_r_hopper_eval.json
offline,FMGAN-IQL,PLR-PVL-IQL,theta_tau_credit,k=4,nominal,2,1,3593.2035,23.792857309008422,20,111.0277,0,runs/spec_rdelay/off_fmgan_iql_hopper_k4_seed2/r_r_hopper_eval.json
offline,FMGAN-IQL,PLR-PVL-IQL,theta_tau_credit,k=4,l1_in,2,0,2012.7481,1155.0984262265442,20,62.4666,0,runs/spec_rdelay/off_fmgan_iql_hopper_k4_seed2/r_r_hopper_eval.json
offline,FMGAN-IQL,PLR-PVL-IQL,theta_tau_credit,k=4,l1_out,2,0,1317.5568,1115.6711870032352,20,41.1061,0,runs/spec_rdelay/off_fmgan_iql_hopper_k4_seed2/r_r_hopper_eval.json
offline,FMGAN-IQL,PLR-PVL-IQL,theta_tau_credit,k=4,l2_in,2,0,1784.9216,1232.3703643355136,20,55.4664,0,runs/spec_rdelay/off_fmgan_iql_hopper_k4_seed2/r_r_hopper_eval.json
offline,FMGAN-IQL,PLR-PVL-IQL,theta_tau_credit,k=4,l2_out,2,0,980.4644,909.7456663224633,20,30.7486,0,runs/spec_rdelay/off_fmgan_iql_hopper_k4_seed2/r_r_hopper_eval.json
offline,FMGAN-IQL,PLR-PVL-IQL,theta_tau_credit,k=4,l3_in,2,0,1487.9844,809.1476327216926,20,46.3427,0,runs/spec_rdelay/off_fmgan_iql_hopper_k4_seed2/r_r_hopper_eval.json
offline,FMGAN-IQL,PLR-PVL-IQL,theta_tau_credit,k=4,l3_out,2,0,929.9976,585.575478714817,20,29.1979,0,runs/spec_rdelay/off_fmgan_iql_hopper_k4_seed2/r_r_hopper_eval.json
offline,FMGAN-IQL,PLR-PVL-IQL,theta_tau_credit,k=4,l1_anchor,2,0,742.7494,17.140004239400795,20,23.4446,0,runs/spec_rdelay/off_fmgan_iql_hopper_k4_seed2/r_r_hopper_eval.json
offline,FMGAN-IQL,PLR-PVL-IQL,theta_tau_credit,k=4,l2_anchor,2,0,455.2929,2.7419215445720315,20,14.6122,0,runs/spec_rdelay/off_fmgan_iql_hopper_k4_seed2/r_r_hopper_eval.json
offline,FMGAN-IQL,PLR-PVL-IQL,theta_tau_credit,k=4,l3_anchor,2,0,381.0724,20.07891389719431,20,12.3317,0,runs/spec_rdelay/off_fmgan_iql_hopper_k4_seed2/r_r_hopper_eval.json
offline,FMGAN-IQL,PLR-PVL-IQL,theta_tau_credit,k=4,nominal,3407,1,3593.9355,29.516723160725828,20,111.0502,0,runs/spec_rdelay/off_fmgan_iql_hopper_k4_seed3407/r_r_hopper_eval.json
offline,FMGAN-IQL,PLR-PVL-IQL,theta_tau_credit,k=4,l1_in,3407,0,2068.2778,1122.9392450682901,20,64.1728,0,runs/spec_rdelay/off_fmgan_iql_hopper_k4_seed3407/r_r_hopper_eval.json
offline,FMGAN-IQL,PLR-PVL-IQL,theta_tau_credit,k=4,l1_out,3407,0,1529.8215,1191.9232717769016,20,47.6282,0,runs/spec_rdelay/off_fmgan_iql_hopper_k4_seed3407/r_r_hopper_eval.json
offline,FMGAN-IQL,PLR-PVL-IQL,theta_tau_credit,k=4,l2_in,3407,0,2134.1880,1342.3294839957523,20,66.1979,0,runs/spec_rdelay/off_fmgan_iql_hopper_k4_seed3407/r_r_hopper_eval.json
offline,FMGAN-IQL,PLR-PVL-IQL,theta_tau_credit,k=4,l2_out,3407,0,981.6650,904.5993347862697,20,30.7855,0,runs/spec_rdelay/off_fmgan_iql_hopper_k4_seed3407/r_r_hopper_eval.json
offline,FMGAN-IQL,PLR-PVL-IQL,theta_tau_credit,k=4,l3_in,3407,0,1606.5727,766.4943474352488,20,49.9864,0,runs/spec_rdelay/off_fmgan_iql_hopper_k4_seed3407/r_r_hopper_eval.json
offline,FMGAN-IQL,PLR-PVL-IQL,theta_tau_credit,k=4,l3_out,3407,0,1002.4136,604.5885294625448,20,31.4230,0,runs/spec_rdelay/off_fmgan_iql_hopper_k4_seed3407/r_r_hopper_eval.json
offline,FMGAN-IQL,PLR-PVL-IQL,theta_tau_credit,k=4,l1_anchor,3407,0,810.8470,16.233460355857797,20,25.5369,0,runs/spec_rdelay/off_fmgan_iql_hopper_k4_seed3407/r_r_hopper_eval.json
offline,FMGAN-IQL,PLR-PVL-IQL,theta_tau_credit,k=4,l2_anchor,3407,0,468.4009,2.6486104299519257,20,15.0149,0,runs/spec_rdelay/off_fmgan_iql_hopper_k4_seed3407/r_r_hopper_eval.json
offline,FMGAN-IQL,PLR-PVL-IQL,theta_tau_credit,k=4,l3_anchor,3407,0,377.9257,78.15585840358457,20,12.2350,0,runs/spec_rdelay/off_fmgan_iql_hopper_k4_seed3407/r_r_hopper_eval.json
offline,FMGAN-IQL,PLR-PVL-IQL,theta_tau_credit,k=4,nominal,42,1,1456.1516,59.78277607716682,20,45.3646,0,runs/spec_rdelay/off_fmgan_iql_hopper_k4_seed42/r_r_hopper_eval.json
offline,FMGAN-IQL,PLR-PVL-IQL,theta_tau_credit,k=4,l1_in,42,0,1534.5948,925.7904132165119,20,47.7748,0,runs/spec_rdelay/off_fmgan_iql_hopper_k4_seed42/r_r_hopper_eval.json
offline,FMGAN-IQL,PLR-PVL-IQL,theta_tau_credit,k=4,l1_out,42,0,1427.4140,1227.082089074941,20,44.4816,0,runs/spec_rdelay/off_fmgan_iql_hopper_k4_seed42/r_r_hopper_eval.json
offline,FMGAN-IQL,PLR-PVL-IQL,theta_tau_credit,k=4,l2_in,42,0,1872.4925,1328.5075059750045,20,58.1571,0,runs/spec_rdelay/off_fmgan_iql_hopper_k4_seed42/r_r_hopper_eval.json
offline,FMGAN-IQL,PLR-PVL-IQL,theta_tau_credit,k=4,l2_out,42,0,994.1666,852.419643791952,20,31.1696,0,runs/spec_rdelay/off_fmgan_iql_hopper_k4_seed42/r_r_hopper_eval.json
offline,FMGAN-IQL,PLR-PVL-IQL,theta_tau_credit,k=4,l3_in,42,0,1399.9654,706.8324315281988,20,43.6382,0,runs/spec_rdelay/off_fmgan_iql_hopper_k4_seed42/r_r_hopper_eval.json
offline,FMGAN-IQL,PLR-PVL-IQL,theta_tau_credit,k=4,l3_out,42,0,1104.0114,633.2708229680177,20,34.5447,0,runs/spec_rdelay/off_fmgan_iql_hopper_k4_seed42/r_r_hopper_eval.json
offline,FMGAN-IQL,PLR-PVL-IQL,theta_tau_credit,k=4,l1_anchor,42,0,604.8885,3.0863988823617365,20,19.2086,0,runs/spec_rdelay/off_fmgan_iql_hopper_k4_seed42/r_r_hopper_eval.json
offline,FMGAN-IQL,PLR-PVL-IQL,theta_tau_credit,k=4,l2_anchor,42,0,399.3420,2.931209381165829,20,12.8930,0,runs/spec_rdelay/off_fmgan_iql_hopper_k4_seed42/r_r_hopper_eval.json
offline,FMGAN-IQL,PLR-PVL-IQL,theta_tau_credit,k=4,l3_anchor,42,0,368.5994,25.30506228174054,20,11.9484,0,runs/spec_rdelay/off_fmgan_iql_hopper_k4_seed42/r_r_hopper_eval.json
offline,FMGAN-IQL,PLR-PVL-IQL,theta_tau_credit,k=16,nominal,0,1,3571.8535,20.149341659928158,20,110.3717,0,runs/spec_rdelay/off_fmgan_iql_hopper_k16_seed0/r_r_hopper_eval.json
offline,FMGAN-IQL,PLR-PVL-IQL,theta_tau_credit,k=16,l1_in,0,0,2298.1199,1213.3816621758733,20,71.2349,0,runs/spec_rdelay/off_fmgan_iql_hopper_k16_seed0/r_r_hopper_eval.json
offline,FMGAN-IQL,PLR-PVL-IQL,theta_tau_credit,k=16,l1_out,0,0,1687.6078,1381.099847751539,20,52.4763,0,runs/spec_rdelay/off_fmgan_iql_hopper_k16_seed0/r_r_hopper_eval.json
offline,FMGAN-IQL,PLR-PVL-IQL,theta_tau_credit,k=16,l2_in,0,0,1844.5425,1323.0069569184925,20,57.2983,0,runs/spec_rdelay/off_fmgan_iql_hopper_k16_seed0/r_r_hopper_eval.json
offline,FMGAN-IQL,PLR-PVL-IQL,theta_tau_credit,k=16,l2_out,0,0,1315.9142,1205.3043525182065,20,41.0556,0,runs/spec_rdelay/off_fmgan_iql_hopper_k16_seed0/r_r_hopper_eval.json
offline,FMGAN-IQL,PLR-PVL-IQL,theta_tau_credit,k=16,l3_in,0,0,1513.7713,660.2631009794535,20,47.1350,0,runs/spec_rdelay/off_fmgan_iql_hopper_k16_seed0/r_r_hopper_eval.json
offline,FMGAN-IQL,PLR-PVL-IQL,theta_tau_credit,k=16,l3_out,0,0,1148.2869,553.8994927872844,20,35.9051,0,runs/spec_rdelay/off_fmgan_iql_hopper_k16_seed0/r_r_hopper_eval.json
offline,FMGAN-IQL,PLR-PVL-IQL,theta_tau_credit,k=16,l1_anchor,0,0,669.2310,8.382356432255751,20,21.1856,0,runs/spec_rdelay/off_fmgan_iql_hopper_k16_seed0/r_r_hopper_eval.json
offline,FMGAN-IQL,PLR-PVL-IQL,theta_tau_credit,k=16,l2_anchor,0,0,418.5976,2.333874378261786,20,13.4847,0,runs/spec_rdelay/off_fmgan_iql_hopper_k16_seed0/r_r_hopper_eval.json
offline,FMGAN-IQL,PLR-PVL-IQL,theta_tau_credit,k=16,l3_anchor,0,0,397.3726,18.71727712316157,20,12.8325,0,runs/spec_rdelay/off_fmgan_iql_hopper_k16_seed0/r_r_hopper_eval.json
offline,FMGAN-IQL,PLR-PVL-IQL,theta_tau_credit,k=16,nominal,1,1,3595.1184,72.78291785478251,20,111.0865,0,runs/spec_rdelay/off_fmgan_iql_hopper_k16_seed1/r_r_hopper_eval.json
offline,FMGAN-IQL,PLR-PVL-IQL,theta_tau_credit,k=16,l1_in,1,0,2016.4327,1174.4711751409945,20,62.5798,0,runs/spec_rdelay/off_fmgan_iql_hopper_k16_seed1/r_r_hopper_eval.json
offline,FMGAN-IQL,PLR-PVL-IQL,theta_tau_credit,k=16,l1_out,1,0,1461.4330,1192.3644781362127,20,45.5268,0,runs/spec_rdelay/off_fmgan_iql_hopper_k16_seed1/r_r_hopper_eval.json
offline,FMGAN-IQL,PLR-PVL-IQL,theta_tau_credit,k=16,l2_in,1,0,1909.6319,1303.8676033445001,20,59.2982,0,runs/spec_rdelay/off_fmgan_iql_hopper_k16_seed1/r_r_hopper_eval.json
offline,FMGAN-IQL,PLR-PVL-IQL,theta_tau_credit,k=16,l2_out,1,0,1218.6563,1062.3758961209828,20,38.0673,0,runs/spec_rdelay/off_fmgan_iql_hopper_k16_seed1/r_r_hopper_eval.json
offline,FMGAN-IQL,PLR-PVL-IQL,theta_tau_credit,k=16,l3_in,1,0,1466.9095,737.8848149219352,20,45.6951,0,runs/spec_rdelay/off_fmgan_iql_hopper_k16_seed1/r_r_hopper_eval.json
offline,FMGAN-IQL,PLR-PVL-IQL,theta_tau_credit,k=16,l3_out,1,0,1176.3541,810.700825582314,20,36.7675,0,runs/spec_rdelay/off_fmgan_iql_hopper_k16_seed1/r_r_hopper_eval.json
offline,FMGAN-IQL,PLR-PVL-IQL,theta_tau_credit,k=16,l1_anchor,1,0,791.1902,8.28534720415956,20,24.9329,0,runs/spec_rdelay/off_fmgan_iql_hopper_k16_seed1/r_r_hopper_eval.json
offline,FMGAN-IQL,PLR-PVL-IQL,theta_tau_credit,k=16,l2_anchor,1,0,425.9738,1.5595084267506611,20,13.7113,0,runs/spec_rdelay/off_fmgan_iql_hopper_k16_seed1/r_r_hopper_eval.json
offline,FMGAN-IQL,PLR-PVL-IQL,theta_tau_credit,k=16,l3_anchor,1,0,325.4828,88.28113615054143,20,10.6236,0,runs/spec_rdelay/off_fmgan_iql_hopper_k16_seed1/r_r_hopper_eval.json
offline,FMGAN-IQL,PLR-PVL-IQL,theta_tau_credit,k=16,nominal,2,1,3553.3545,13.292991556415897,20,109.8033,0,runs/spec_rdelay/off_fmgan_iql_hopper_k16_seed2/r_r_hopper_eval.json
offline,FMGAN-IQL,PLR-PVL-IQL,theta_tau_credit,k=16,l1_in,2,0,2597.9794,1206.8105563055356,20,80.4484,0,runs/spec_rdelay/off_fmgan_iql_hopper_k16_seed2/r_r_hopper_eval.json
offline,FMGAN-IQL,PLR-PVL-IQL,theta_tau_credit,k=16,l1_out,2,0,1668.9976,1351.8735582306795,20,51.9045,0,runs/spec_rdelay/off_fmgan_iql_hopper_k16_seed2/r_r_hopper_eval.json
offline,FMGAN-IQL,PLR-PVL-IQL,theta_tau_credit,k=16,l2_in,2,0,2034.4672,1310.4641388972925,20,63.1339,0,runs/spec_rdelay/off_fmgan_iql_hopper_k16_seed2/r_r_hopper_eval.json
offline,FMGAN-IQL,PLR-PVL-IQL,theta_tau_credit,k=16,l2_out,2,0,953.5816,680.222020817822,20,29.9226,0,runs/spec_rdelay/off_fmgan_iql_hopper_k16_seed2/r_r_hopper_eval.json
offline,FMGAN-IQL,PLR-PVL-IQL,theta_tau_credit,k=16,l3_in,2,0,1572.8480,776.1520070847521,20,48.9502,0,runs/spec_rdelay/off_fmgan_iql_hopper_k16_seed2/r_r_hopper_eval.json
offline,FMGAN-IQL,PLR-PVL-IQL,theta_tau_credit,k=16,l3_out,2,0,983.7449,580.0375066510709,20,30.8494,0,runs/spec_rdelay/off_fmgan_iql_hopper_k16_seed2/r_r_hopper_eval.json
offline,FMGAN-IQL,PLR-PVL-IQL,theta_tau_credit,k=16,l1_anchor,2,0,478.1171,2.0117802901136876,20,15.3135,0,runs/spec_rdelay/off_fmgan_iql_hopper_k16_seed2/r_r_hopper_eval.json
offline,FMGAN-IQL,PLR-PVL-IQL,theta_tau_credit,k=16,l2_anchor,2,0,433.7717,59.655740642407906,20,13.9509,0,runs/spec_rdelay/off_fmgan_iql_hopper_k16_seed2/r_r_hopper_eval.json
offline,FMGAN-IQL,PLR-PVL-IQL,theta_tau_credit,k=16,l3_anchor,2,0,303.8510,65.40184848676705,20,9.9589,0,runs/spec_rdelay/off_fmgan_iql_hopper_k16_seed2/r_r_hopper_eval.json
offline,FMGAN-IQL,PLR-PVL-IQL,theta_tau_credit,k=16,nominal,3407,1,3570.7013,18.40632266055667,20,110.3363,0,runs/spec_rdelay/off_fmgan_iql_hopper_k16_seed3407/r_r_hopper_eval.json
offline,FMGAN-IQL,PLR-PVL-IQL,theta_tau_credit,k=16,l1_in,3407,0,2375.7543,1206.5566660157099,20,73.6203,0,runs/spec_rdelay/off_fmgan_iql_hopper_k16_seed3407/r_r_hopper_eval.json
offline,FMGAN-IQL,PLR-PVL-IQL,theta_tau_credit,k=16,l1_out,3407,0,1690.4607,1349.2527095434896,20,52.5640,0,runs/spec_rdelay/off_fmgan_iql_hopper_k16_seed3407/r_r_hopper_eval.json
offline,FMGAN-IQL,PLR-PVL-IQL,theta_tau_credit,k=16,l2_in,3407,0,1879.8246,1280.4903230063767,20,58.3824,0,runs/spec_rdelay/off_fmgan_iql_hopper_k16_seed3407/r_r_hopper_eval.json
offline,FMGAN-IQL,PLR-PVL-IQL,theta_tau_credit,k=16,l2_out,3407,0,1115.8772,1076.1129741198529,20,34.9093,0,runs/spec_rdelay/off_fmgan_iql_hopper_k16_seed3407/r_r_hopper_eval.json
offline,FMGAN-IQL,PLR-PVL-IQL,theta_tau_credit,k=16,l3_in,3407,0,1600.4880,641.9368848154166,20,49.7995,0,runs/spec_rdelay/off_fmgan_iql_hopper_k16_seed3407/r_r_hopper_eval.json
offline,FMGAN-IQL,PLR-PVL-IQL,theta_tau_credit,k=16,l3_out,3407,0,1169.5011,695.5525991432338,20,36.5569,0,runs/spec_rdelay/off_fmgan_iql_hopper_k16_seed3407/r_r_hopper_eval.json
offline,FMGAN-IQL,PLR-PVL-IQL,theta_tau_credit,k=16,l1_anchor,3407,0,694.1292,28.150730038140225,20,21.9506,0,runs/spec_rdelay/off_fmgan_iql_hopper_k16_seed3407/r_r_hopper_eval.json
offline,FMGAN-IQL,PLR-PVL-IQL,theta_tau_credit,k=16,l2_anchor,3407,0,446.9693,1.576492908463402,20,14.3564,0,runs/spec_rdelay/off_fmgan_iql_hopper_k16_seed3407/r_r_hopper_eval.json
offline,FMGAN-IQL,PLR-PVL-IQL,theta_tau_credit,k=16,l3_anchor,3407,0,242.6940,42.26103291758539,20,8.0798,0,runs/spec_rdelay/off_fmgan_iql_hopper_k16_seed3407/r_r_hopper_eval.json
offline,FMGAN-IQL,PLR-PVL-IQL,theta_tau_credit,k=16,nominal,42,1,3525.0808,316.5950480637986,20,108.9345,0,runs/spec_rdelay/off_fmgan_iql_hopper_k16_seed42/r_r_hopper_eval.json
offline,FMGAN-IQL,PLR-PVL-IQL,theta_tau_credit,k=16,l1_in,42,0,1792.1438,1046.414035404613,20,55.6883,0,runs/spec_rdelay/off_fmgan_iql_hopper_k16_seed42/r_r_hopper_eval.json
offline,FMGAN-IQL,PLR-PVL-IQL,theta_tau_credit,k=16,l1_out,42,0,1483.8231,1186.7723849273257,20,46.2148,0,runs/spec_rdelay/off_fmgan_iql_hopper_k16_seed42/r_r_hopper_eval.json
offline,FMGAN-IQL,PLR-PVL-IQL,theta_tau_credit,k=16,l2_in,42,0,2027.8478,1336.8082115023446,20,62.9305,0,runs/spec_rdelay/off_fmgan_iql_hopper_k16_seed42/r_r_hopper_eval.json
offline,FMGAN-IQL,PLR-PVL-IQL,theta_tau_credit,k=16,l2_out,42,0,1325.5715,1198.3071250682556,20,41.3524,0,runs/spec_rdelay/off_fmgan_iql_hopper_k16_seed42/r_r_hopper_eval.json
offline,FMGAN-IQL,PLR-PVL-IQL,theta_tau_credit,k=16,l3_in,42,0,1597.9815,723.0870524684932,20,49.7224,0,runs/spec_rdelay/off_fmgan_iql_hopper_k16_seed42/r_r_hopper_eval.json
offline,FMGAN-IQL,PLR-PVL-IQL,theta_tau_credit,k=16,l3_out,42,0,1056.6999,582.3228631846584,20,33.0910,0,runs/spec_rdelay/off_fmgan_iql_hopper_k16_seed42/r_r_hopper_eval.json
offline,FMGAN-IQL,PLR-PVL-IQL,theta_tau_credit,k=16,l1_anchor,42,0,739.6674,10.759409034856942,20,23.3499,0,runs/spec_rdelay/off_fmgan_iql_hopper_k16_seed42/r_r_hopper_eval.json
offline,FMGAN-IQL,PLR-PVL-IQL,theta_tau_credit,k=16,l2_anchor,42,0,402.1626,2.013102627517671,20,12.9797,0,runs/spec_rdelay/off_fmgan_iql_hopper_k16_seed42/r_r_hopper_eval.json
offline,FMGAN-IQL,PLR-PVL-IQL,theta_tau_credit,k=16,l3_anchor,42,0,370.6980,35.188588075662565,20,12.0129,0,runs/spec_rdelay/off_fmgan_iql_hopper_k16_seed42/r_r_hopper_eval.json
offline,FMGAN-IQL,PLR-PVL-IQL,theta_tau_credit,k=32,nominal,0,1,3553.1194,22.944183453104433,20,109.7961,0,runs/spec_rdelay/off_fmgan_iql_hopper_k32_seed0/r_r_hopper_eval.json
offline,FMGAN-IQL,PLR-PVL-IQL,theta_tau_credit,k=32,l1_in,0,0,2579.6291,1236.9055796269176,20,79.8846,0,runs/spec_rdelay/off_fmgan_iql_hopper_k32_seed0/r_r_hopper_eval.json
offline,FMGAN-IQL,PLR-PVL-IQL,theta_tau_credit,k=32,l1_out,0,0,1692.1371,1356.6671300158666,20,52.6155,0,runs/spec_rdelay/off_fmgan_iql_hopper_k32_seed0/r_r_hopper_eval.json
offline,FMGAN-IQL,PLR-PVL-IQL,theta_tau_credit,k=32,l2_in,0,0,1977.5478,1339.3714445534863,20,61.3850,0,runs/spec_rdelay/off_fmgan_iql_hopper_k32_seed0/r_r_hopper_eval.json
offline,FMGAN-IQL,PLR-PVL-IQL,theta_tau_credit,k=32,l2_out,0,0,921.7150,742.1490068178907,20,28.9435,0,runs/spec_rdelay/off_fmgan_iql_hopper_k32_seed0/r_r_hopper_eval.json
offline,FMGAN-IQL,PLR-PVL-IQL,theta_tau_credit,k=32,l3_in,0,0,1564.2910,707.264763341231,20,48.6873,0,runs/spec_rdelay/off_fmgan_iql_hopper_k32_seed0/r_r_hopper_eval.json
offline,FMGAN-IQL,PLR-PVL-IQL,theta_tau_credit,k=32,l3_out,0,0,990.1144,640.7781116920676,20,31.0451,0,runs/spec_rdelay/off_fmgan_iql_hopper_k32_seed0/r_r_hopper_eval.json
offline,FMGAN-IQL,PLR-PVL-IQL,theta_tau_credit,k=32,l1_anchor,0,0,633.5468,16.203015734273883,20,20.0892,0,runs/spec_rdelay/off_fmgan_iql_hopper_k32_seed0/r_r_hopper_eval.json
offline,FMGAN-IQL,PLR-PVL-IQL,theta_tau_credit,k=32,l2_anchor,0,0,440.9829,1.981405565585484,20,14.1725,0,runs/spec_rdelay/off_fmgan_iql_hopper_k32_seed0/r_r_hopper_eval.json
offline,FMGAN-IQL,PLR-PVL-IQL,theta_tau_credit,k=32,l3_anchor,0,0,302.2877,93.72555033661345,20,9.9109,0,runs/spec_rdelay/off_fmgan_iql_hopper_k32_seed0/r_r_hopper_eval.json
offline,FMGAN-IQL,PLR-PVL-IQL,theta_tau_credit,k=32,nominal,1,1,2170.9254,682.5171684349949,20,67.3267,0,runs/spec_rdelay/off_fmgan_iql_hopper_k32_seed1/r_r_hopper_eval.json
offline,FMGAN-IQL,PLR-PVL-IQL,theta_tau_credit,k=32,l1_in,1,0,2232.8363,1246.5922319839601,20,69.2290,0,runs/spec_rdelay/off_fmgan_iql_hopper_k32_seed1/r_r_hopper_eval.json
offline,FMGAN-IQL,PLR-PVL-IQL,theta_tau_credit,k=32,l1_out,1,0,1576.5779,1318.7585894160186,20,49.0648,0,runs/spec_rdelay/off_fmgan_iql_hopper_k32_seed1/r_r_hopper_eval.json
offline,FMGAN-IQL,PLR-PVL-IQL,theta_tau_credit,k=32,l2_in,1,0,1939.6730,1299.0974284800984,20,60.2213,0,runs/spec_rdelay/off_fmgan_iql_hopper_k32_seed1/r_r_hopper_eval.json
offline,FMGAN-IQL,PLR-PVL-IQL,theta_tau_credit,k=32,l2_out,1,0,1032.2507,917.718316321629,20,32.3398,0,runs/spec_rdelay/off_fmgan_iql_hopper_k32_seed1/r_r_hopper_eval.json
offline,FMGAN-IQL,PLR-PVL-IQL,theta_tau_credit,k=32,l3_in,1,0,1399.5065,730.1874338312249,20,43.6241,0,runs/spec_rdelay/off_fmgan_iql_hopper_k32_seed1/r_r_hopper_eval.json
offline,FMGAN-IQL,PLR-PVL-IQL,theta_tau_credit,k=32,l3_out,1,0,1100.5133,654.123021098102,20,34.4372,0,runs/spec_rdelay/off_fmgan_iql_hopper_k32_seed1/r_r_hopper_eval.json
offline,FMGAN-IQL,PLR-PVL-IQL,theta_tau_credit,k=32,l1_anchor,1,0,808.4270,6.883312728503366,20,25.4626,0,runs/spec_rdelay/off_fmgan_iql_hopper_k32_seed1/r_r_hopper_eval.json
offline,FMGAN-IQL,PLR-PVL-IQL,theta_tau_credit,k=32,l2_anchor,1,0,427.2455,4.382501101180192,20,13.7504,0,runs/spec_rdelay/off_fmgan_iql_hopper_k32_seed1/r_r_hopper_eval.json
offline,FMGAN-IQL,PLR-PVL-IQL,theta_tau_credit,k=32,l3_anchor,1,0,353.7108,51.49721433104848,20,11.4909,0,runs/spec_rdelay/off_fmgan_iql_hopper_k32_seed1/r_r_hopper_eval.json
offline,FMGAN-IQL,PLR-PVL-IQL,theta_tau_credit,k=32,nominal,2,1,3539.3893,302.0400984835534,20,109.3742,0,runs/spec_rdelay/off_fmgan_iql_hopper_k32_seed2/r_r_hopper_eval.json
offline,FMGAN-IQL,PLR-PVL-IQL,theta_tau_credit,k=32,l1_in,2,0,2030.2153,1147.1362121250672,20,63.0033,0,runs/spec_rdelay/off_fmgan_iql_hopper_k32_seed2/r_r_hopper_eval.json
offline,FMGAN-IQL,PLR-PVL-IQL,theta_tau_credit,k=32,l1_out,2,0,1458.0544,1184.4640228269116,20,45.4230,0,runs/spec_rdelay/off_fmgan_iql_hopper_k32_seed2/r_r_hopper_eval.json
offline,FMGAN-IQL,PLR-PVL-IQL,theta_tau_credit,k=32,l2_in,2,0,1919.8736,1269.0870619336833,20,59.6129,0,runs/spec_rdelay/off_fmgan_iql_hopper_k32_seed2/r_r_hopper_eval.json
offline,FMGAN-IQL,PLR-PVL-IQL,theta_tau_credit,k=32,l2_out,2,0,1128.3785,924.6607946613009,20,35.2934,0,runs/spec_rdelay/off_fmgan_iql_hopper_k32_seed2/r_r_hopper_eval.json
offline,FMGAN-IQL,PLR-PVL-IQL,theta_tau_credit,k=32,l3_in,2,0,1466.0197,706.728793069809,20,45.6678,0,runs/spec_rdelay/off_fmgan_iql_hopper_k32_seed2/r_r_hopper_eval.json
offline,FMGAN-IQL,PLR-PVL-IQL,theta_tau_credit,k=32,l3_out,2,0,1203.4677,742.4890772877677,20,37.6006,0,runs/spec_rdelay/off_fmgan_iql_hopper_k32_seed2/r_r_hopper_eval.json
offline,FMGAN-IQL,PLR-PVL-IQL,theta_tau_credit,k=32,l1_anchor,2,0,761.5018,12.58801117699843,20,24.0207,0,runs/spec_rdelay/off_fmgan_iql_hopper_k32_seed2/r_r_hopper_eval.json
offline,FMGAN-IQL,PLR-PVL-IQL,theta_tau_credit,k=32,l2_anchor,2,0,468.7619,1.7610546084679668,20,15.0260,0,runs/spec_rdelay/off_fmgan_iql_hopper_k32_seed2/r_r_hopper_eval.json
offline,FMGAN-IQL,PLR-PVL-IQL,theta_tau_credit,k=32,l3_anchor,2,0,407.7368,34.93951560895607,20,13.1509,0,runs/spec_rdelay/off_fmgan_iql_hopper_k32_seed2/r_r_hopper_eval.json
offline,FMGAN-IQL,PLR-PVL-IQL,theta_tau_credit,k=32,nominal,3407,1,3569.0606,24.809138313137638,20,110.2859,0,runs/spec_rdelay/off_fmgan_iql_hopper_k32_seed3407/r_r_hopper_eval.json
offline,FMGAN-IQL,PLR-PVL-IQL,theta_tau_credit,k=32,l1_in,3407,0,2191.0743,1164.2058719565816,20,67.9458,0,runs/spec_rdelay/off_fmgan_iql_hopper_k32_seed3407/r_r_hopper_eval.json
offline,FMGAN-IQL,PLR-PVL-IQL,theta_tau_credit,k=32,l1_out,3407,0,1623.3737,1264.1852091470184,20,50.5026,0,runs/spec_rdelay/off_fmgan_iql_hopper_k32_seed3407/r_r_hopper_eval.json
offline,FMGAN-IQL,PLR-PVL-IQL,theta_tau_credit,k=32,l2_in,3407,0,1968.0306,1271.763377377237,20,61.0926,0,runs/spec_rdelay/off_fmgan_iql_hopper_k32_seed3407/r_r_hopper_eval.json
offline,FMGAN-IQL,PLR-PVL-IQL,theta_tau_credit,k=32,l2_out,3407,0,986.8152,704.3751678046567,20,30.9437,0,runs/spec_rdelay/off_fmgan_iql_hopper_k32_seed3407/r_r_hopper_eval.json
offline,FMGAN-IQL,PLR-PVL-IQL,theta_tau_credit,k=32,l3_in,3407,0,1469.5306,625.6505902779719,20,45.7757,0,runs/spec_rdelay/off_fmgan_iql_hopper_k32_seed3407/r_r_hopper_eval.json
offline,FMGAN-IQL,PLR-PVL-IQL,theta_tau_credit,k=32,l3_out,3407,0,974.9723,644.4997243494846,20,30.5798,0,runs/spec_rdelay/off_fmgan_iql_hopper_k32_seed3407/r_r_hopper_eval.json
offline,FMGAN-IQL,PLR-PVL-IQL,theta_tau_credit,k=32,l1_anchor,3407,0,768.0621,16.048679678006373,20,24.2223,0,runs/spec_rdelay/off_fmgan_iql_hopper_k32_seed3407/r_r_hopper_eval.json
offline,FMGAN-IQL,PLR-PVL-IQL,theta_tau_credit,k=32,l2_anchor,3407,0,479.6095,2.510896860147947,20,15.3593,0,runs/spec_rdelay/off_fmgan_iql_hopper_k32_seed3407/r_r_hopper_eval.json
offline,FMGAN-IQL,PLR-PVL-IQL,theta_tau_credit,k=32,l3_anchor,3407,0,429.0541,35.21809553427157,20,13.8059,0,runs/spec_rdelay/off_fmgan_iql_hopper_k32_seed3407/r_r_hopper_eval.json
offline,FMGAN-IQL,PLR-PVL-IQL,theta_tau_credit,k=32,nominal,42,1,3593.3640,30.952121543252883,20,111.0326,0,runs/spec_rdelay/off_fmgan_iql_hopper_k32_seed42/r_r_hopper_eval.json
offline,FMGAN-IQL,PLR-PVL-IQL,theta_tau_credit,k=32,l1_in,42,0,2258.5561,1235.5534098581527,20,70.0193,0,runs/spec_rdelay/off_fmgan_iql_hopper_k32_seed42/r_r_hopper_eval.json
offline,FMGAN-IQL,PLR-PVL-IQL,theta_tau_credit,k=32,l1_out,42,0,1473.9733,1170.2648511645612,20,45.9122,0,runs/spec_rdelay/off_fmgan_iql_hopper_k32_seed42/r_r_hopper_eval.json
offline,FMGAN-IQL,PLR-PVL-IQL,theta_tau_credit,k=32,l2_in,42,0,2122.9305,1389.9631712719895,20,65.8520,0,runs/spec_rdelay/off_fmgan_iql_hopper_k32_seed42/r_r_hopper_eval.json
offline,FMGAN-IQL,PLR-PVL-IQL,theta_tau_credit,k=32,l2_out,42,0,988.1491,706.9807033842395,20,30.9847,0,runs/spec_rdelay/off_fmgan_iql_hopper_k32_seed42/r_r_hopper_eval.json
offline,FMGAN-IQL,PLR-PVL-IQL,theta_tau_credit,k=32,l3_in,42,0,1540.0001,725.4838785797317,20,47.9409,0,runs/spec_rdelay/off_fmgan_iql_hopper_k32_seed42/r_r_hopper_eval.json
offline,FMGAN-IQL,PLR-PVL-IQL,theta_tau_credit,k=32,l3_out,42,0,886.1351,697.6551168992613,20,27.8502,0,runs/spec_rdelay/off_fmgan_iql_hopper_k32_seed42/r_r_hopper_eval.json
offline,FMGAN-IQL,PLR-PVL-IQL,theta_tau_credit,k=32,l1_anchor,42,0,718.4595,22.692169187669283,20,22.6982,0,runs/spec_rdelay/off_fmgan_iql_hopper_k32_seed42/r_r_hopper_eval.json
offline,FMGAN-IQL,PLR-PVL-IQL,theta_tau_credit,k=32,l2_anchor,42,0,418.2741,1.6197261937882674,20,13.4747,0,runs/spec_rdelay/off_fmgan_iql_hopper_k32_seed42/r_r_hopper_eval.json
offline,FMGAN-IQL,PLR-PVL-IQL,theta_tau_credit,k=32,l3_anchor,42,0,385.3406,42.6181101747234,20,12.4628,0,runs/spec_rdelay/off_fmgan_iql_hopper_k32_seed42/r_r_hopper_eval.json
offline,FMGAN-IQL,PLR-PVL-IQL,theta_tau_credit,k=64,nominal,0,1,3606.5345,51.61918209640804,20,111.4373,0,runs/spec_rdelay/off_fmgan_iql_hopper_k64_seed0/r_r_hopper_eval.json
offline,FMGAN-IQL,PLR-PVL-IQL,theta_tau_credit,k=64,l1_in,0,0,2048.5088,1176.462754581707,20,63.5653,0,runs/spec_rdelay/off_fmgan_iql_hopper_k64_seed0/r_r_hopper_eval.json
offline,FMGAN-IQL,PLR-PVL-IQL,theta_tau_credit,k=64,l1_out,0,0,1684.8423,1368.7649835539073,20,52.3913,0,runs/spec_rdelay/off_fmgan_iql_hopper_k64_seed0/r_r_hopper_eval.json
offline,FMGAN-IQL,PLR-PVL-IQL,theta_tau_credit,k=64,l2_in,0,0,2128.3442,1396.0872516206487,20,66.0184,0,runs/spec_rdelay/off_fmgan_iql_hopper_k64_seed0/r_r_hopper_eval.json
offline,FMGAN-IQL,PLR-PVL-IQL,theta_tau_credit,k=64,l2_out,0,0,1334.8087,1222.951236430687,20,41.6362,0,runs/spec_rdelay/off_fmgan_iql_hopper_k64_seed0/r_r_hopper_eval.json
offline,FMGAN-IQL,PLR-PVL-IQL,theta_tau_credit,k=64,l3_in,0,0,1467.1525,744.4784864261547,20,45.7026,0,runs/spec_rdelay/off_fmgan_iql_hopper_k64_seed0/r_r_hopper_eval.json
offline,FMGAN-IQL,PLR-PVL-IQL,theta_tau_credit,k=64,l3_out,0,0,963.5359,676.5405211012231,20,30.2284,0,runs/spec_rdelay/off_fmgan_iql_hopper_k64_seed0/r_r_hopper_eval.json
offline,FMGAN-IQL,PLR-PVL-IQL,theta_tau_credit,k=64,l1_anchor,0,0,672.6090,13.37991358208016,20,21.2894,0,runs/spec_rdelay/off_fmgan_iql_hopper_k64_seed0/r_r_hopper_eval.json
offline,FMGAN-IQL,PLR-PVL-IQL,theta_tau_credit,k=64,l2_anchor,0,0,447.3102,2.1716013670194108,20,14.3669,0,runs/spec_rdelay/off_fmgan_iql_hopper_k64_seed0/r_r_hopper_eval.json
offline,FMGAN-IQL,PLR-PVL-IQL,theta_tau_credit,k=64,l3_anchor,0,0,400.5056,22.94477454669439,20,12.9288,0,runs/spec_rdelay/off_fmgan_iql_hopper_k64_seed0/r_r_hopper_eval.json
offline,FMGAN-IQL,PLR-PVL-IQL,theta_tau_credit,k=64,nominal,1,1,3503.9601,383.06101647167463,20,108.2856,0,runs/spec_rdelay/off_fmgan_iql_hopper_k64_seed1/r_r_hopper_eval.json
offline,FMGAN-IQL,PLR-PVL-IQL,theta_tau_credit,k=64,l1_in,1,0,2020.4636,1149.9379995776314,20,62.7036,0,runs/spec_rdelay/off_fmgan_iql_hopper_k64_seed1/r_r_hopper_eval.json
offline,FMGAN-IQL,PLR-PVL-IQL,theta_tau_credit,k=64,l1_out,1,0,1459.5436,1184.8814841157166,20,45.4688,0,runs/spec_rdelay/off_fmgan_iql_hopper_k64_seed1/r_r_hopper_eval.json
offline,FMGAN-IQL,PLR-PVL-IQL,theta_tau_credit,k=64,l2_in,1,0,2042.1085,1328.0014134225762,20,63.3687,0,runs/spec_rdelay/off_fmgan_iql_hopper_k64_seed1/r_r_hopper_eval.json
offline,FMGAN-IQL,PLR-PVL-IQL,theta_tau_credit,k=64,l2_out,1,0,1440.7698,1283.4690336539138,20,44.8919,0,runs/spec_rdelay/off_fmgan_iql_hopper_k64_seed1/r_r_hopper_eval.json
offline,FMGAN-IQL,PLR-PVL-IQL,theta_tau_credit,k=64,l3_in,1,0,1495.0121,672.2248020043123,20,46.5586,0,runs/spec_rdelay/off_fmgan_iql_hopper_k64_seed1/r_r_hopper_eval.json
offline,FMGAN-IQL,PLR-PVL-IQL,theta_tau_credit,k=64,l3_out,1,0,1034.5432,675.0790900811862,20,32.4102,0,runs/spec_rdelay/off_fmgan_iql_hopper_k64_seed1/r_r_hopper_eval.json
offline,FMGAN-IQL,PLR-PVL-IQL,theta_tau_credit,k=64,l1_anchor,1,0,763.5313,5.297866501395998,20,24.0831,0,runs/spec_rdelay/off_fmgan_iql_hopper_k64_seed1/r_r_hopper_eval.json
offline,FMGAN-IQL,PLR-PVL-IQL,theta_tau_credit,k=64,l2_anchor,1,0,444.6651,1.8793782847808698,20,14.2856,0,runs/spec_rdelay/off_fmgan_iql_hopper_k64_seed1/r_r_hopper_eval.json
offline,FMGAN-IQL,PLR-PVL-IQL,theta_tau_credit,k=64,l3_anchor,1,0,390.2587,54.75326830835199,20,12.6139,0,runs/spec_rdelay/off_fmgan_iql_hopper_k64_seed1/r_r_hopper_eval.json
offline,FMGAN-IQL,PLR-PVL-IQL,theta_tau_credit,k=64,nominal,2,1,3583.9104,21.582679682969587,20,110.7421,0,runs/spec_rdelay/off_fmgan_iql_hopper_k64_seed2/r_r_hopper_eval.json
offline,FMGAN-IQL,PLR-PVL-IQL,theta_tau_credit,k=64,l1_in,2,0,2177.0551,1155.21606504867,20,67.5151,0,runs/spec_rdelay/off_fmgan_iql_hopper_k64_seed2/r_r_hopper_eval.json
offline,FMGAN-IQL,PLR-PVL-IQL,theta_tau_credit,k=64,l1_out,2,0,1569.4495,1280.288123568545,20,48.8458,0,runs/spec_rdelay/off_fmgan_iql_hopper_k64_seed2/r_r_hopper_eval.json
offline,FMGAN-IQL,PLR-PVL-IQL,theta_tau_credit,k=64,l2_in,2,0,1954.9265,1260.6857402822948,20,60.6899,0,runs/spec_rdelay/off_fmgan_iql_hopper_k64_seed2/r_r_hopper_eval.json
offline,FMGAN-IQL,PLR-PVL-IQL,theta_tau_credit,k=64,l2_out,2,0,1206.0881,1063.5650096307645,20,37.6811,0,runs/spec_rdelay/off_fmgan_iql_hopper_k64_seed2/r_r_hopper_eval.json
offline,FMGAN-IQL,PLR-PVL-IQL,theta_tau_credit,k=64,l3_in,2,0,1560.5844,728.6514854296856,20,48.5734,0,runs/spec_rdelay/off_fmgan_iql_hopper_k64_seed2/r_r_hopper_eval.json
offline,FMGAN-IQL,PLR-PVL-IQL,theta_tau_credit,k=64,l3_out,2,0,803.6323,716.0760694472646,20,25.3152,0,runs/spec_rdelay/off_fmgan_iql_hopper_k64_seed2/r_r_hopper_eval.json
offline,FMGAN-IQL,PLR-PVL-IQL,theta_tau_credit,k=64,l1_anchor,2,0,718.7549,14.868968417736166,20,22.7073,0,runs/spec_rdelay/off_fmgan_iql_hopper_k64_seed2/r_r_hopper_eval.json
offline,FMGAN-IQL,PLR-PVL-IQL,theta_tau_credit,k=64,l2_anchor,2,0,429.7556,2.9680088294314046,20,13.8275,0,runs/spec_rdelay/off_fmgan_iql_hopper_k64_seed2/r_r_hopper_eval.json
offline,FMGAN-IQL,PLR-PVL-IQL,theta_tau_credit,k=64,l3_anchor,2,0,378.5641,11.59027986341682,20,12.2546,0,runs/spec_rdelay/off_fmgan_iql_hopper_k64_seed2/r_r_hopper_eval.json
offline,FMGAN-IQL,PLR-PVL-IQL,theta_tau_credit,k=64,nominal,3407,1,3596.2922,18.158114549979803,20,111.1226,0,runs/spec_rdelay/off_fmgan_iql_hopper_k64_seed3407/r_r_hopper_eval.json
offline,FMGAN-IQL,PLR-PVL-IQL,theta_tau_credit,k=64,l1_in,3407,0,2297.1709,1180.822198207331,20,71.2057,0,runs/spec_rdelay/off_fmgan_iql_hopper_k64_seed3407/r_r_hopper_eval.json
offline,FMGAN-IQL,PLR-PVL-IQL,theta_tau_credit,k=64,l1_out,3407,0,1461.4834,1201.6530502036346,20,45.5284,0,runs/spec_rdelay/off_fmgan_iql_hopper_k64_seed3407/r_r_hopper_eval.json
offline,FMGAN-IQL,PLR-PVL-IQL,theta_tau_credit,k=64,l2_in,3407,0,2042.8762,1309.9814134969138,20,63.3923,0,runs/spec_rdelay/off_fmgan_iql_hopper_k64_seed3407/r_r_hopper_eval.json
offline,FMGAN-IQL,PLR-PVL-IQL,theta_tau_credit,k=64,l2_out,3407,0,1107.8602,911.8897279581388,20,34.6630,0,runs/spec_rdelay/off_fmgan_iql_hopper_k64_seed3407/r_r_hopper_eval.json
offline,FMGAN-IQL,PLR-PVL-IQL,theta_tau_credit,k=64,l3_in,3407,0,1641.5877,736.3426649125498,20,51.0623,0,runs/spec_rdelay/off_fmgan_iql_hopper_k64_seed3407/r_r_hopper_eval.json
offline,FMGAN-IQL,PLR-PVL-IQL,theta_tau_credit,k=64,l3_out,3407,0,1140.7195,598.1180406108022,20,35.6726,0,runs/spec_rdelay/off_fmgan_iql_hopper_k64_seed3407/r_r_hopper_eval.json
offline,FMGAN-IQL,PLR-PVL-IQL,theta_tau_credit,k=64,l1_anchor,3407,0,745.5840,38.01393343983226,20,23.5317,0,runs/spec_rdelay/off_fmgan_iql_hopper_k64_seed3407/r_r_hopper_eval.json
offline,FMGAN-IQL,PLR-PVL-IQL,theta_tau_credit,k=64,l2_anchor,3407,0,448.8454,1.166112818887864,20,14.4141,0,runs/spec_rdelay/off_fmgan_iql_hopper_k64_seed3407/r_r_hopper_eval.json
offline,FMGAN-IQL,PLR-PVL-IQL,theta_tau_credit,k=64,l3_anchor,3407,0,398.2402,38.21486320327563,20,12.8592,0,runs/spec_rdelay/off_fmgan_iql_hopper_k64_seed3407/r_r_hopper_eval.json
offline,FMGAN-IQL,PLR-PVL-IQL,theta_tau_credit,k=64,nominal,42,1,3459.0194,493.71167800332677,20,106.9047,0,runs/spec_rdelay/off_fmgan_iql_hopper_k64_seed42/r_r_hopper_eval.json
offline,FMGAN-IQL,PLR-PVL-IQL,theta_tau_credit,k=64,l1_in,42,0,1833.4314,1045.0566761137445,20,56.9569,0,runs/spec_rdelay/off_fmgan_iql_hopper_k64_seed42/r_r_hopper_eval.json
offline,FMGAN-IQL,PLR-PVL-IQL,theta_tau_credit,k=64,l1_out,42,0,1327.1054,1113.9284281619616,20,41.3995,0,runs/spec_rdelay/off_fmgan_iql_hopper_k64_seed42/r_r_hopper_eval.json
offline,FMGAN-IQL,PLR-PVL-IQL,theta_tau_credit,k=64,l2_in,42,0,1997.7961,1248.1736990798465,20,62.0071,0,runs/spec_rdelay/off_fmgan_iql_hopper_k64_seed42/r_r_hopper_eval.json
offline,FMGAN-IQL,PLR-PVL-IQL,theta_tau_credit,k=64,l2_out,42,0,1340.7976,1171.8563170289417,20,41.8202,0,runs/spec_rdelay/off_fmgan_iql_hopper_k64_seed42/r_r_hopper_eval.json
offline,FMGAN-IQL,PLR-PVL-IQL,theta_tau_credit,k=64,l3_in,42,0,1518.0272,667.3777116438672,20,47.2658,0,runs/spec_rdelay/off_fmgan_iql_hopper_k64_seed42/r_r_hopper_eval.json
offline,FMGAN-IQL,PLR-PVL-IQL,theta_tau_credit,k=64,l3_out,42,0,1169.5133,857.3842248100115,20,36.5573,0,runs/spec_rdelay/off_fmgan_iql_hopper_k64_seed42/r_r_hopper_eval.json
offline,FMGAN-IQL,PLR-PVL-IQL,theta_tau_credit,k=64,l1_anchor,42,0,670.2743,22.81336140708356,20,21.2177,0,runs/spec_rdelay/off_fmgan_iql_hopper_k64_seed42/r_r_hopper_eval.json
offline,FMGAN-IQL,PLR-PVL-IQL,theta_tau_credit,k=64,l2_anchor,42,0,441.4172,2.9301061533866646,20,14.1858,0,runs/spec_rdelay/off_fmgan_iql_hopper_k64_seed42/r_r_hopper_eval.json
offline,FMGAN-IQL,PLR-PVL-IQL,theta_tau_credit,k=64,l3_anchor,42,0,387.3766,20.186478668597143,20,12.5254,0,runs/spec_rdelay/off_fmgan_iql_hopper_k64_seed42/r_r_hopper_eval.json
offline,RAMBO,RAMBO,theta_r,m=gauss,nominal,0,1,3614.5024,21.37822240845478,20,111.6821,0,runs/spec_rnoise/off_rambo_hopper_rgauss_seed0/r_r_hopper_eval.json
offline,RAMBO,RAMBO,theta_r,m=gauss,l1_in,0,0,2360.3765,1250.5268822515113,20,73.1478,0,runs/spec_rnoise/off_rambo_hopper_rgauss_seed0/r_r_hopper_eval.json
offline,RAMBO,RAMBO,theta_r,m=gauss,l1_out,0,0,1716.3365,1352.527398472429,20,53.3590,0,runs/spec_rnoise/off_rambo_hopper_rgauss_seed0/r_r_hopper_eval.json
offline,RAMBO,RAMBO,theta_r,m=gauss,l2_in,0,0,2138.1533,1346.1362313659397,20,66.3198,0,runs/spec_rnoise/off_rambo_hopper_rgauss_seed0/r_r_hopper_eval.json
offline,RAMBO,RAMBO,theta_r,m=gauss,l2_out,0,0,1341.0653,1167.753429152044,20,41.8284,0,runs/spec_rnoise/off_rambo_hopper_rgauss_seed0/r_r_hopper_eval.json
offline,RAMBO,RAMBO,theta_r,m=gauss,l3_in,0,0,1389.0069,744.874137302665,20,43.3015,0,runs/spec_rnoise/off_rambo_hopper_rgauss_seed0/r_r_hopper_eval.json
offline,RAMBO,RAMBO,theta_r,m=gauss,l3_out,0,0,912.4863,583.7781263935965,20,28.6599,0,runs/spec_rnoise/off_rambo_hopper_rgauss_seed0/r_r_hopper_eval.json
offline,RAMBO,RAMBO,theta_r,m=gauss,l1_anchor,0,0,718.0323,13.747978689911678,20,22.6851,0,runs/spec_rnoise/off_rambo_hopper_rgauss_seed0/r_r_hopper_eval.json
offline,RAMBO,RAMBO,theta_r,m=gauss,l2_anchor,0,0,415.2056,4.024959074669308,20,13.3804,0,runs/spec_rnoise/off_rambo_hopper_rgauss_seed0/r_r_hopper_eval.json
offline,RAMBO,RAMBO,theta_r,m=gauss,l3_anchor,0,0,391.1167,24.162694157813554,20,12.6403,0,runs/spec_rnoise/off_rambo_hopper_rgauss_seed0/r_r_hopper_eval.json
offline,RAMBO,RAMBO,theta_r,m=gauss,nominal,1,1,3031.1437,727.7723269403629,20,93.7578,0,runs/spec_rnoise/off_rambo_hopper_rgauss_seed1/r_r_hopper_eval.json
offline,RAMBO,RAMBO,theta_r,m=gauss,l1_in,1,0,2074.7936,1228.519754984511,20,64.3730,0,runs/spec_rnoise/off_rambo_hopper_rgauss_seed1/r_r_hopper_eval.json
offline,RAMBO,RAMBO,theta_r,m=gauss,l1_out,1,0,1178.3564,980.6005862118877,20,36.8290,0,runs/spec_rnoise/off_rambo_hopper_rgauss_seed1/r_r_hopper_eval.json
offline,RAMBO,RAMBO,theta_r,m=gauss,l2_in,1,0,1941.5498,1359.664202920318,20,60.2789,0,runs/spec_rnoise/off_rambo_hopper_rgauss_seed1/r_r_hopper_eval.json
offline,RAMBO,RAMBO,theta_r,m=gauss,l2_out,1,0,1166.3065,1107.845975905991,20,36.4588,0,runs/spec_rnoise/off_rambo_hopper_rgauss_seed1/r_r_hopper_eval.json
offline,RAMBO,RAMBO,theta_r,m=gauss,l3_in,1,0,1460.9562,792.6801095972284,20,45.5122,0,runs/spec_rnoise/off_rambo_hopper_rgauss_seed1/r_r_hopper_eval.json
offline,RAMBO,RAMBO,theta_r,m=gauss,l3_out,1,0,1130.6949,717.8915996532273,20,35.3646,0,runs/spec_rnoise/off_rambo_hopper_rgauss_seed1/r_r_hopper_eval.json
offline,RAMBO,RAMBO,theta_r,m=gauss,l1_anchor,1,0,497.6353,16.18185444849094,20,15.9132,0,runs/spec_rnoise/off_rambo_hopper_rgauss_seed1/r_r_hopper_eval.json
offline,RAMBO,RAMBO,theta_r,m=gauss,l2_anchor,1,0,286.9458,1.9022585607771978,20,9.4395,0,runs/spec_rnoise/off_rambo_hopper_rgauss_seed1/r_r_hopper_eval.json
offline,RAMBO,RAMBO,theta_r,m=gauss,l3_anchor,1,0,185.9734,5.5651889338082094,20,6.3370,0,runs/spec_rnoise/off_rambo_hopper_rgauss_seed1/r_r_hopper_eval.json
offline,RAMBO,RAMBO,theta_r,m=gauss,nominal,2,1,1966.8530,713.5597410335183,20,61.0564,0,runs/spec_rnoise/off_rambo_hopper_rgauss_seed2/r_r_hopper_eval.json
offline,RAMBO,RAMBO,theta_r,m=gauss,l1_in,2,0,2124.2749,1227.1770789285451,20,65.8933,0,runs/spec_rnoise/off_rambo_hopper_rgauss_seed2/r_r_hopper_eval.json
offline,RAMBO,RAMBO,theta_r,m=gauss,l1_out,2,0,1473.6971,1253.2605169715537,20,45.9037,0,runs/spec_rnoise/off_rambo_hopper_rgauss_seed2/r_r_hopper_eval.json
offline,RAMBO,RAMBO,theta_r,m=gauss,l2_in,2,0,1869.9237,1305.63591353018,20,58.0781,0,runs/spec_rnoise/off_rambo_hopper_rgauss_seed2/r_r_hopper_eval.json
offline,RAMBO,RAMBO,theta_r,m=gauss,l2_out,2,0,917.7546,784.313980910604,20,28.8218,0,runs/spec_rnoise/off_rambo_hopper_rgauss_seed2/r_r_hopper_eval.json
offline,RAMBO,RAMBO,theta_r,m=gauss,l3_in,2,0,1324.2753,527.9944994883776,20,41.3125,0,runs/spec_rnoise/off_rambo_hopper_rgauss_seed2/r_r_hopper_eval.json
offline,RAMBO,RAMBO,theta_r,m=gauss,l3_out,2,0,1056.0694,545.4221674575663,20,33.0716,0,runs/spec_rnoise/off_rambo_hopper_rgauss_seed2/r_r_hopper_eval.json
offline,RAMBO,RAMBO,theta_r,m=gauss,l1_anchor,2,0,588.7280,51.528207820359015,20,18.7121,0,runs/spec_rnoise/off_rambo_hopper_rgauss_seed2/r_r_hopper_eval.json
offline,RAMBO,RAMBO,theta_r,m=gauss,l2_anchor,2,0,380.9064,1.5643620598658208,20,12.3266,0,runs/spec_rnoise/off_rambo_hopper_rgauss_seed2/r_r_hopper_eval.json
offline,RAMBO,RAMBO,theta_r,m=gauss,l3_anchor,2,0,239.5381,11.330949578572945,20,7.9829,0,runs/spec_rnoise/off_rambo_hopper_rgauss_seed2/r_r_hopper_eval.json
offline,RAMBO,RAMBO,theta_r,m=gauss,nominal,3407,1,3509.4881,381.5680996523636,20,108.4554,0,runs/spec_rnoise/off_rambo_hopper_rgauss_seed3407/r_r_hopper_eval.json
offline,RAMBO,RAMBO,theta_r,m=gauss,l1_in,3407,0,2129.8574,1216.280598102875,20,66.0649,0,runs/spec_rnoise/off_rambo_hopper_rgauss_seed3407/r_r_hopper_eval.json
offline,RAMBO,RAMBO,theta_r,m=gauss,l1_out,3407,0,1606.5564,1289.3848543829813,20,49.9859,0,runs/spec_rnoise/off_rambo_hopper_rgauss_seed3407/r_r_hopper_eval.json
offline,RAMBO,RAMBO,theta_r,m=gauss,l2_in,3407,0,2119.5721,1363.6695741050607,20,65.7488,0,runs/spec_rnoise/off_rambo_hopper_rgauss_seed3407/r_r_hopper_eval.json
offline,RAMBO,RAMBO,theta_r,m=gauss,l2_out,3407,0,1343.0419,1214.501948761373,20,41.8892,0,runs/spec_rnoise/off_rambo_hopper_rgauss_seed3407/r_r_hopper_eval.json
offline,RAMBO,RAMBO,theta_r,m=gauss,l3_in,3407,0,1487.7610,697.9043965453762,20,46.3358,0,runs/spec_rnoise/off_rambo_hopper_rgauss_seed3407/r_r_hopper_eval.json
offline,RAMBO,RAMBO,theta_r,m=gauss,l3_out,3407,0,1164.0634,647.8102101254702,20,36.3899,0,runs/spec_rnoise/off_rambo_hopper_rgauss_seed3407/r_r_hopper_eval.json
offline,RAMBO,RAMBO,theta_r,m=gauss,l1_anchor,3407,0,801.9122,14.158741993344261,20,25.2624,0,runs/spec_rnoise/off_rambo_hopper_rgauss_seed3407/r_r_hopper_eval.json
offline,RAMBO,RAMBO,theta_r,m=gauss,l2_anchor,3407,0,418.0662,2.0208267091860295,20,13.4683,0,runs/spec_rnoise/off_rambo_hopper_rgauss_seed3407/r_r_hopper_eval.json
offline,RAMBO,RAMBO,theta_r,m=gauss,l3_anchor,3407,0,345.3033,46.90308563347883,20,11.2326,0,runs/spec_rnoise/off_rambo_hopper_rgauss_seed3407/r_r_hopper_eval.json
offline,RAMBO,RAMBO,theta_r,m=gauss,nominal,42,1,2844.9918,857.8961419006278,20,88.0381,0,runs/spec_rnoise/off_rambo_hopper_rgauss_seed42/r_r_hopper_eval.json
offline,RAMBO,RAMBO,theta_r,m=gauss,l1_in,42,0,2004.3782,1187.2249333432853,20,62.2094,0,runs/spec_rnoise/off_rambo_hopper_rgauss_seed42/r_r_hopper_eval.json
offline,RAMBO,RAMBO,theta_r,m=gauss,l1_out,42,0,1381.2342,1130.2454807486763,20,43.0627,0,runs/spec_rnoise/off_rambo_hopper_rgauss_seed42/r_r_hopper_eval.json
offline,RAMBO,RAMBO,theta_r,m=gauss,l2_in,42,0,1880.5475,1179.976737899371,20,58.4046,0,runs/spec_rnoise/off_rambo_hopper_rgauss_seed42/r_r_hopper_eval.json
offline,RAMBO,RAMBO,theta_r,m=gauss,l2_out,42,0,934.8372,688.7583730444231,20,29.3466,0,runs/spec_rnoise/off_rambo_hopper_rgauss_seed42/r_r_hopper_eval.json
offline,RAMBO,RAMBO,theta_r,m=gauss,l3_in,42,0,1516.1392,838.1973358278871,20,47.2077,0,runs/spec_rnoise/off_rambo_hopper_rgauss_seed42/r_r_hopper_eval.json
offline,RAMBO,RAMBO,theta_r,m=gauss,l3_out,42,0,1005.4272,602.99711778245,20,31.5156,0,runs/spec_rnoise/off_rambo_hopper_rgauss_seed42/r_r_hopper_eval.json
offline,RAMBO,RAMBO,theta_r,m=gauss,l1_anchor,42,0,745.9393,26.985388833308765,20,23.5426,0,runs/spec_rnoise/off_rambo_hopper_rgauss_seed42/r_r_hopper_eval.json
offline,RAMBO,RAMBO,theta_r,m=gauss,l2_anchor,42,0,371.4219,85.81810283705408,20,12.0351,0,runs/spec_rnoise/off_rambo_hopper_rgauss_seed42/r_r_hopper_eval.json
offline,RAMBO,RAMBO,theta_r,m=gauss,l3_anchor,42,0,252.0283,41.85207690966087,20,8.3666,0,runs/spec_rnoise/off_rambo_hopper_rgauss_seed42/r_r_hopper_eval.json
offline,RAMBO,RAMBO,theta_r,m=uniform,nominal,0,1,3616.8507,22.585442522868043,20,111.7543,0,runs/spec_rnoise/off_rambo_hopper_runiform_seed0/r_r_hopper_eval.json
offline,RAMBO,RAMBO,theta_r,m=uniform,l1_in,0,0,2359.4995,1244.1492884503211,20,73.1209,0,runs/spec_rnoise/off_rambo_hopper_runiform_seed0/r_r_hopper_eval.json
offline,RAMBO,RAMBO,theta_r,m=uniform,l1_out,0,0,1617.0465,1298.093422188973,20,50.3082,0,runs/spec_rnoise/off_rambo_hopper_runiform_seed0/r_r_hopper_eval.json
offline,RAMBO,RAMBO,theta_r,m=uniform,l2_in,0,0,1852.6595,1202.6309480414054,20,57.5477,0,runs/spec_rnoise/off_rambo_hopper_runiform_seed0/r_r_hopper_eval.json
offline,RAMBO,RAMBO,theta_r,m=uniform,l2_out,0,0,1228.9863,1061.7822586292748,20,38.3847,0,runs/spec_rnoise/off_rambo_hopper_runiform_seed0/r_r_hopper_eval.json
offline,RAMBO,RAMBO,theta_r,m=uniform,l3_in,0,0,1481.2718,692.5909995284899,20,46.1364,0,runs/spec_rnoise/off_rambo_hopper_runiform_seed0/r_r_hopper_eval.json
offline,RAMBO,RAMBO,theta_r,m=uniform,l3_out,0,0,1110.7363,592.0826282981199,20,34.7513,0,runs/spec_rnoise/off_rambo_hopper_runiform_seed0/r_r_hopper_eval.json
offline,RAMBO,RAMBO,theta_r,m=uniform,l1_anchor,0,0,713.5870,16.252882626717238,20,22.5485,0,runs/spec_rnoise/off_rambo_hopper_runiform_seed0/r_r_hopper_eval.json
offline,RAMBO,RAMBO,theta_r,m=uniform,l2_anchor,0,0,425.2234,2.609087204197391,20,13.6882,0,runs/spec_rnoise/off_rambo_hopper_runiform_seed0/r_r_hopper_eval.json
offline,RAMBO,RAMBO,theta_r,m=uniform,l3_anchor,0,0,386.3729,25.474387925769285,20,12.4945,0,runs/spec_rnoise/off_rambo_hopper_runiform_seed0/r_r_hopper_eval.json
offline,RAMBO,RAMBO,theta_r,m=uniform,nominal,1,1,2782.9011,813.7593933126127,20,86.1303,0,runs/spec_rnoise/off_rambo_hopper_runiform_seed1/r_r_hopper_eval.json
offline,RAMBO,RAMBO,theta_r,m=uniform,l1_in,1,0,1987.1124,1187.7521842700705,20,61.6789,0,runs/spec_rnoise/off_rambo_hopper_runiform_seed1/r_r_hopper_eval.json
offline,RAMBO,RAMBO,theta_r,m=uniform,l1_out,1,0,1391.0064,1202.2247469950898,20,43.3629,0,runs/spec_rnoise/off_rambo_hopper_runiform_seed1/r_r_hopper_eval.json
offline,RAMBO,RAMBO,theta_r,m=uniform,l2_in,1,0,1893.0642,1303.941449044148,20,58.7892,0,runs/spec_rnoise/off_rambo_hopper_runiform_seed1/r_r_hopper_eval.json
offline,RAMBO,RAMBO,theta_r,m=uniform,l2_out,1,0,1151.1583,1090.5178918022907,20,35.9933,0,runs/spec_rnoise/off_rambo_hopper_runiform_seed1/r_r_hopper_eval.json
offline,RAMBO,RAMBO,theta_r,m=uniform,l3_in,1,0,1465.8874,767.988540365874,20,45.6637,0,runs/spec_rnoise/off_rambo_hopper_runiform_seed1/r_r_hopper_eval.json
offline,RAMBO,RAMBO,theta_r,m=uniform,l3_out,1,0,1028.0311,578.5676595474883,20,32.2101,0,runs/spec_rnoise/off_rambo_hopper_runiform_seed1/r_r_hopper_eval.json
offline,RAMBO,RAMBO,theta_r,m=uniform,l1_anchor,1,0,606.6670,6.542940736895614,20,19.2633,0,runs/spec_rnoise/off_rambo_hopper_runiform_seed1/r_r_hopper_eval.json
offline,RAMBO,RAMBO,theta_r,m=uniform,l2_anchor,1,0,309.7067,1.5559760070407904,20,10.1389,0,runs/spec_rnoise/off_rambo_hopper_runiform_seed1/r_r_hopper_eval.json
offline,RAMBO,RAMBO,theta_r,m=uniform,l3_anchor,1,0,191.9644,7.149495324557675,20,6.5211,0,runs/spec_rnoise/off_rambo_hopper_runiform_seed1/r_r_hopper_eval.json
offline,RAMBO,RAMBO,theta_r,m=uniform,nominal,2,1,2378.8533,846.1284844449323,20,73.7155,0,runs/spec_rnoise/off_rambo_hopper_runiform_seed2/r_r_hopper_eval.json
offline,RAMBO,RAMBO,theta_r,m=uniform,l1_in,2,0,2087.9477,1241.1101134167016,20,64.7772,0,runs/spec_rnoise/off_rambo_hopper_runiform_seed2/r_r_hopper_eval.json
offline,RAMBO,RAMBO,theta_r,m=uniform,l1_out,2,0,1403.9269,1195.3659375376171,20,43.7599,0,runs/spec_rnoise/off_rambo_hopper_runiform_seed2/r_r_hopper_eval.json
offline,RAMBO,RAMBO,theta_r,m=uniform,l2_in,2,0,1938.0765,1306.9748557821183,20,60.1722,0,runs/spec_rnoise/off_rambo_hopper_runiform_seed2/r_r_hopper_eval.json
offline,RAMBO,RAMBO,theta_r,m=uniform,l2_out,2,0,1097.5798,1126.4190382292898,20,34.3471,0,runs/spec_rnoise/off_rambo_hopper_runiform_seed2/r_r_hopper_eval.json
offline,RAMBO,RAMBO,theta_r,m=uniform,l3_in,2,0,1407.3654,596.6346581565533,20,43.8656,0,runs/spec_rnoise/off_rambo_hopper_runiform_seed2/r_r_hopper_eval.json
offline,RAMBO,RAMBO,theta_r,m=uniform,l3_out,2,0,865.8504,586.3851348831588,20,27.2270,0,runs/spec_rnoise/off_rambo_hopper_runiform_seed2/r_r_hopper_eval.json
offline,RAMBO,RAMBO,theta_r,m=uniform,l1_anchor,2,0,616.9620,7.334281848313551,20,19.5796,0,runs/spec_rnoise/off_rambo_hopper_runiform_seed2/r_r_hopper_eval.json
offline,RAMBO,RAMBO,theta_r,m=uniform,l2_anchor,2,0,385.0906,1.9534167490395116,20,12.4551,0,runs/spec_rnoise/off_rambo_hopper_runiform_seed2/r_r_hopper_eval.json
offline,RAMBO,RAMBO,theta_r,m=uniform,l3_anchor,2,0,316.2783,65.99966784678212,20,10.3408,0,runs/spec_rnoise/off_rambo_hopper_runiform_seed2/r_r_hopper_eval.json
offline,RAMBO,RAMBO,theta_r,m=uniform,nominal,3407,1,3601.7598,24.936802389464358,20,111.2906,0,runs/spec_rnoise/off_rambo_hopper_runiform_seed3407/r_r_hopper_eval.json
offline,RAMBO,RAMBO,theta_r,m=uniform,l1_in,3407,0,2132.9494,1194.3346943133972,20,66.1599,0,runs/spec_rnoise/off_rambo_hopper_runiform_seed3407/r_r_hopper_eval.json
offline,RAMBO,RAMBO,theta_r,m=uniform,l1_out,3407,0,1578.8189,1296.471461693179,20,49.1336,0,runs/spec_rnoise/off_rambo_hopper_runiform_seed3407/r_r_hopper_eval.json
offline,RAMBO,RAMBO,theta_r,m=uniform,l2_in,3407,0,1716.3446,1173.7657411378937,20,53.3593,0,runs/spec_rnoise/off_rambo_hopper_runiform_seed3407/r_r_hopper_eval.json
offline,RAMBO,RAMBO,theta_r,m=uniform,l2_out,3407,0,1052.8379,911.8466840275296,20,32.9723,0,runs/spec_rnoise/off_rambo_hopper_runiform_seed3407/r_r_hopper_eval.json
offline,RAMBO,RAMBO,theta_r,m=uniform,l3_in,3407,0,1544.6980,697.3089838319204,20,48.0852,0,runs/spec_rnoise/off_rambo_hopper_runiform_seed3407/r_r_hopper_eval.json
offline,RAMBO,RAMBO,theta_r,m=uniform,l3_out,3407,0,1092.3333,648.5125002036989,20,34.1859,0,runs/spec_rnoise/off_rambo_hopper_runiform_seed3407/r_r_hopper_eval.json
offline,RAMBO,RAMBO,theta_r,m=uniform,l1_anchor,3407,0,768.9067,24.298621620109028,20,24.2483,0,runs/spec_rnoise/off_rambo_hopper_runiform_seed3407/r_r_hopper_eval.json
offline,RAMBO,RAMBO,theta_r,m=uniform,l2_anchor,3407,0,453.5448,3.158205848803946,20,14.5584,0,runs/spec_rnoise/off_rambo_hopper_runiform_seed3407/r_r_hopper_eval.json
offline,RAMBO,RAMBO,theta_r,m=uniform,l3_anchor,3407,0,361.8662,52.368170709464934,20,11.7415,0,runs/spec_rnoise/off_rambo_hopper_runiform_seed3407/r_r_hopper_eval.json
offline,RAMBO,RAMBO,theta_r,m=uniform,nominal,42,1,3352.8257,585.4523522594959,20,103.6418,0,runs/spec_rnoise/off_rambo_hopper_runiform_seed42/r_r_hopper_eval.json
offline,RAMBO,RAMBO,theta_r,m=uniform,l1_in,42,0,2157.1864,1186.727825537884,20,66.9046,0,runs/spec_rnoise/off_rambo_hopper_runiform_seed42/r_r_hopper_eval.json
offline,RAMBO,RAMBO,theta_r,m=uniform,l1_out,42,0,1303.0675,1061.902985862906,20,40.6609,0,runs/spec_rnoise/off_rambo_hopper_runiform_seed42/r_r_hopper_eval.json
offline,RAMBO,RAMBO,theta_r,m=uniform,l2_in,42,0,1605.8180,1111.3365587521455,20,49.9632,0,runs/spec_rnoise/off_rambo_hopper_runiform_seed42/r_r_hopper_eval.json
offline,RAMBO,RAMBO,theta_r,m=uniform,l2_out,42,0,925.3160,704.9676040483903,20,29.0541,0,runs/spec_rnoise/off_rambo_hopper_runiform_seed42/r_r_hopper_eval.json
offline,RAMBO,RAMBO,theta_r,m=uniform,l3_in,42,0,1449.4355,524.4875368521814,20,45.1582,0,runs/spec_rnoise/off_rambo_hopper_runiform_seed42/r_r_hopper_eval.json
offline,RAMBO,RAMBO,theta_r,m=uniform,l3_out,42,0,1150.2715,775.8013814684628,20,35.9661,0,runs/spec_rnoise/off_rambo_hopper_runiform_seed42/r_r_hopper_eval.json
offline,RAMBO,RAMBO,theta_r,m=uniform,l1_anchor,42,0,754.1194,24.285359532047433,20,23.7939,0,runs/spec_rnoise/off_rambo_hopper_runiform_seed42/r_r_hopper_eval.json
offline,RAMBO,RAMBO,theta_r,m=uniform,l2_anchor,42,0,233.9030,1.570369177115729,20,7.8097,0,runs/spec_rnoise/off_rambo_hopper_runiform_seed42/r_r_hopper_eval.json
offline,RAMBO,RAMBO,theta_r,m=uniform,l3_anchor,42,0,241.8417,28.061743170444213,20,8.0537,0,runs/spec_rnoise/off_rambo_hopper_runiform_seed42/r_r_hopper_eval.json
offline,RAMBO,RAMBO,theta_r,m=shift,nominal,0,1,3610.1353,23.801789317729494,20,111.5479,0,runs/spec_rnoise/off_rambo_hopper_rshift_seed0/r_r_hopper_eval.json
offline,RAMBO,RAMBO,theta_r,m=shift,l1_in,0,0,2405.0801,1223.3874503086504,20,74.5214,0,runs/spec_rnoise/off_rambo_hopper_rshift_seed0/r_r_hopper_eval.json
offline,RAMBO,RAMBO,theta_r,m=shift,l1_out,0,0,1705.4073,1338.059811831329,20,53.0232,0,runs/spec_rnoise/off_rambo_hopper_rshift_seed0/r_r_hopper_eval.json
offline,RAMBO,RAMBO,theta_r,m=shift,l2_in,0,0,1987.5616,1343.2507924063639,20,61.6927,0,runs/spec_rnoise/off_rambo_hopper_rshift_seed0/r_r_hopper_eval.json
offline,RAMBO,RAMBO,theta_r,m=shift,l2_out,0,0,1344.6701,1129.3428121892227,20,41.9392,0,runs/spec_rnoise/off_rambo_hopper_rshift_seed0/r_r_hopper_eval.json
offline,RAMBO,RAMBO,theta_r,m=shift,l3_in,0,0,1287.4451,704.2611276004666,20,40.1809,0,runs/spec_rnoise/off_rambo_hopper_rshift_seed0/r_r_hopper_eval.json
offline,RAMBO,RAMBO,theta_r,m=shift,l3_out,0,0,1126.5456,578.3890720627296,20,35.2371,0,runs/spec_rnoise/off_rambo_hopper_rshift_seed0/r_r_hopper_eval.json
offline,RAMBO,RAMBO,theta_r,m=shift,l1_anchor,0,0,707.4221,8.789859175018325,20,22.3591,0,runs/spec_rnoise/off_rambo_hopper_rshift_seed0/r_r_hopper_eval.json
offline,RAMBO,RAMBO,theta_r,m=shift,l2_anchor,0,0,452.5573,3.042226935154668,20,14.5281,0,runs/spec_rnoise/off_rambo_hopper_rshift_seed0/r_r_hopper_eval.json
offline,RAMBO,RAMBO,theta_r,m=shift,l3_anchor,0,0,366.9372,43.79922643266527,20,11.8973,0,runs/spec_rnoise/off_rambo_hopper_rshift_seed0/r_r_hopper_eval.json
offline,RAMBO,RAMBO,theta_r,m=shift,nominal,1,1,3550.4684,285.2377223015613,20,109.7146,0,runs/spec_rnoise/off_rambo_hopper_rshift_seed1/r_r_hopper_eval.json
offline,RAMBO,RAMBO,theta_r,m=shift,l1_in,1,0,2228.1586,1242.5985591651945,20,69.0853,0,runs/spec_rnoise/off_rambo_hopper_rshift_seed1/r_r_hopper_eval.json
offline,RAMBO,RAMBO,theta_r,m=shift,l1_out,1,0,1593.4457,1391.215869795322,20,49.5831,0,runs/spec_rnoise/off_rambo_hopper_rshift_seed1/r_r_hopper_eval.json
offline,RAMBO,RAMBO,theta_r,m=shift,l2_in,1,0,1821.4620,1366.2333893621276,20,56.5891,0,runs/spec_rnoise/off_rambo_hopper_rshift_seed1/r_r_hopper_eval.json
offline,RAMBO,RAMBO,theta_r,m=shift,l2_out,1,0,1000.0924,964.1224678732098,20,31.3517,0,runs/spec_rnoise/off_rambo_hopper_rshift_seed1/r_r_hopper_eval.json
offline,RAMBO,RAMBO,theta_r,m=shift,l3_in,1,0,1483.3916,715.4710988045215,20,46.2015,0,runs/spec_rnoise/off_rambo_hopper_rshift_seed1/r_r_hopper_eval.json
offline,RAMBO,RAMBO,theta_r,m=shift,l3_out,1,0,970.9439,573.3432880332854,20,30.4561,0,runs/spec_rnoise/off_rambo_hopper_rshift_seed1/r_r_hopper_eval.json
offline,RAMBO,RAMBO,theta_r,m=shift,l1_anchor,1,0,510.3135,29.823816700336025,20,16.3027,0,runs/spec_rnoise/off_rambo_hopper_rshift_seed1/r_r_hopper_eval.json
offline,RAMBO,RAMBO,theta_r,m=shift,l2_anchor,1,0,201.1981,2.3314214575576995,20,6.8048,0,runs/spec_rnoise/off_rambo_hopper_rshift_seed1/r_r_hopper_eval.json
offline,RAMBO,RAMBO,theta_r,m=shift,l3_anchor,1,0,186.7281,5.5144421154992065,20,6.3602,0,runs/spec_rnoise/off_rambo_hopper_rshift_seed1/r_r_hopper_eval.json
offline,RAMBO,RAMBO,theta_r,m=shift,nominal,2,1,2647.2767,928.0140578513234,20,81.9631,0,runs/spec_rnoise/off_rambo_hopper_rshift_seed2/r_r_hopper_eval.json
offline,RAMBO,RAMBO,theta_r,m=shift,l1_in,2,0,1969.8833,1211.023794664613,20,61.1495,0,runs/spec_rnoise/off_rambo_hopper_rshift_seed2/r_r_hopper_eval.json
offline,RAMBO,RAMBO,theta_r,m=shift,l1_out,2,0,1414.4263,1245.2355286732331,20,44.0825,0,runs/spec_rnoise/off_rambo_hopper_rshift_seed2/r_r_hopper_eval.json
offline,RAMBO,RAMBO,theta_r,m=shift,l2_in,2,0,2070.0701,1420.310096603814,20,64.2278,0,runs/spec_rnoise/off_rambo_hopper_rshift_seed2/r_r_hopper_eval.json
offline,RAMBO,RAMBO,theta_r,m=shift,l2_out,2,0,910.3480,956.572173794738,20,28.5942,0,runs/spec_rnoise/off_rambo_hopper_rshift_seed2/r_r_hopper_eval.json
offline,RAMBO,RAMBO,theta_r,m=shift,l3_in,2,0,1412.2484,734.4892976737269,20,44.0156,0,runs/spec_rnoise/off_rambo_hopper_rshift_seed2/r_r_hopper_eval.json
offline,RAMBO,RAMBO,theta_r,m=shift,l3_out,2,0,981.0127,683.7583423877774,20,30.7654,0,runs/spec_rnoise/off_rambo_hopper_rshift_seed2/r_r_hopper_eval.json
offline,RAMBO,RAMBO,theta_r,m=shift,l1_anchor,2,0,475.1024,1.6557358846033678,20,15.2208,0,runs/spec_rnoise/off_rambo_hopper_rshift_seed2/r_r_hopper_eval.json
offline,RAMBO,RAMBO,theta_r,m=shift,l2_anchor,2,0,236.7192,1.5667453761398866,20,7.8963,0,runs/spec_rnoise/off_rambo_hopper_rshift_seed2/r_r_hopper_eval.json
offline,RAMBO,RAMBO,theta_r,m=shift,l3_anchor,2,0,231.3780,10.226536481813373,20,7.7321,0,runs/spec_rnoise/off_rambo_hopper_rshift_seed2/r_r_hopper_eval.json
offline,RAMBO,RAMBO,theta_r,m=shift,nominal,3407,1,3536.5601,277.20321060563657,20,109.2873,0,runs/spec_rnoise/off_rambo_hopper_rshift_seed3407/r_r_hopper_eval.json
offline,RAMBO,RAMBO,theta_r,m=shift,l1_in,3407,0,2168.0655,1178.096749724841,20,67.2389,0,runs/spec_rnoise/off_rambo_hopper_rshift_seed3407/r_r_hopper_eval.json
offline,RAMBO,RAMBO,theta_r,m=shift,l1_out,3407,0,1622.9271,1292.1870374789235,20,50.4889,0,runs/spec_rnoise/off_rambo_hopper_rshift_seed3407/r_r_hopper_eval.json
offline,RAMBO,RAMBO,theta_r,m=shift,l2_in,3407,0,1752.2341,1214.8583833127243,20,54.4620,0,runs/spec_rnoise/off_rambo_hopper_rshift_seed3407/r_r_hopper_eval.json
offline,RAMBO,RAMBO,theta_r,m=shift,l2_out,3407,0,1049.1794,903.8981548043997,20,32.8599,0,runs/spec_rnoise/off_rambo_hopper_rshift_seed3407/r_r_hopper_eval.json
offline,RAMBO,RAMBO,theta_r,m=shift,l3_in,3407,0,1456.1032,723.6688993815909,20,45.3631,0,runs/spec_rnoise/off_rambo_hopper_rshift_seed3407/r_r_hopper_eval.json
offline,RAMBO,RAMBO,theta_r,m=shift,l3_out,3407,0,1096.1342,660.0290389274913,20,34.3027,0,runs/spec_rnoise/off_rambo_hopper_rshift_seed3407/r_r_hopper_eval.json
offline,RAMBO,RAMBO,theta_r,m=shift,l1_anchor,3407,0,793.2436,17.448312926179856,20,24.9960,0,runs/spec_rnoise/off_rambo_hopper_rshift_seed3407/r_r_hopper_eval.json
offline,RAMBO,RAMBO,theta_r,m=shift,l2_anchor,3407,0,462.6992,2.3761018600688817,20,14.8397,0,runs/spec_rnoise/off_rambo_hopper_rshift_seed3407/r_r_hopper_eval.json
offline,RAMBO,RAMBO,theta_r,m=shift,l3_anchor,3407,0,363.9583,53.850830295917014,20,11.8058,0,runs/spec_rnoise/off_rambo_hopper_rshift_seed3407/r_r_hopper_eval.json
offline,RAMBO,RAMBO,theta_r,m=shift,nominal,42,1,3476.3761,361.57277600323675,20,107.4380,0,runs/spec_rnoise/off_rambo_hopper_rshift_seed42/r_r_hopper_eval.json
offline,RAMBO,RAMBO,theta_r,m=shift,l1_in,42,0,2259.3061,1221.6280345647751,20,70.0423,0,runs/spec_rnoise/off_rambo_hopper_rshift_seed42/r_r_hopper_eval.json
offline,RAMBO,RAMBO,theta_r,m=shift,l1_out,42,0,1513.0772,1207.4239391414942,20,47.1137,0,runs/spec_rnoise/off_rambo_hopper_rshift_seed42/r_r_hopper_eval.json
offline,RAMBO,RAMBO,theta_r,m=shift,l2_in,42,0,1795.2540,1231.6386666412543,20,55.7838,0,runs/spec_rnoise/off_rambo_hopper_rshift_seed42/r_r_hopper_eval.json
offline,RAMBO,RAMBO,theta_r,m=shift,l2_out,42,0,980.4162,721.7995654416378,20,30.7471,0,runs/spec_rnoise/off_rambo_hopper_rshift_seed42/r_r_hopper_eval.json
offline,RAMBO,RAMBO,theta_r,m=shift,l3_in,42,0,1603.0369,785.3498694602359,20,49.8778,0,runs/spec_rnoise/off_rambo_hopper_rshift_seed42/r_r_hopper_eval.json
offline,RAMBO,RAMBO,theta_r,m=shift,l3_out,42,0,947.7975,591.8474210332623,20,29.7449,0,runs/spec_rnoise/off_rambo_hopper_rshift_seed42/r_r_hopper_eval.json
offline,RAMBO,RAMBO,theta_r,m=shift,l1_anchor,42,0,762.6347,15.9864468407068,20,24.0555,0,runs/spec_rnoise/off_rambo_hopper_rshift_seed42/r_r_hopper_eval.json
offline,RAMBO,RAMBO,theta_r,m=shift,l2_anchor,42,0,410.5203,2.425705628866671,20,13.2365,0,runs/spec_rnoise/off_rambo_hopper_rshift_seed42/r_r_hopper_eval.json
offline,RAMBO,RAMBO,theta_r,m=shift,l3_anchor,42,0,275.8110,66.0044415011657,20,9.0974,0,runs/spec_rnoise/off_rambo_hopper_rshift_seed42/r_r_hopper_eval.json
offline,RAMBO,RAMBO,theta_tau_credit,k=4,nominal,0,1,3548.3772,340.39097138979025,20,109.6503,0,runs/spec_rdelay/off_rambo_hopper_k4_seed0/r_r_hopper_eval.json
offline,RAMBO,RAMBO,theta_tau_credit,k=4,l1_in,0,0,2376.6329,1229.3485711070546,20,73.6473,0,runs/spec_rdelay/off_rambo_hopper_k4_seed0/r_r_hopper_eval.json
offline,RAMBO,RAMBO,theta_tau_credit,k=4,l1_out,0,0,1718.2991,1356.6058094329967,20,53.4193,0,runs/spec_rdelay/off_rambo_hopper_k4_seed0/r_r_hopper_eval.json
offline,RAMBO,RAMBO,theta_tau_credit,k=4,l2_in,0,0,2011.9549,1321.4228559076296,20,62.4422,0,runs/spec_rdelay/off_rambo_hopper_k4_seed0/r_r_hopper_eval.json
offline,RAMBO,RAMBO,theta_tau_credit,k=4,l2_out,0,0,1335.7118,1165.5109054114098,20,41.6639,0,runs/spec_rdelay/off_rambo_hopper_k4_seed0/r_r_hopper_eval.json
offline,RAMBO,RAMBO,theta_tau_credit,k=4,l3_in,0,0,1239.5352,589.0464904181417,20,38.7088,0,runs/spec_rdelay/off_rambo_hopper_k4_seed0/r_r_hopper_eval.json
offline,RAMBO,RAMBO,theta_tau_credit,k=4,l3_out,0,0,818.3082,637.0058371418297,20,25.7662,0,runs/spec_rdelay/off_rambo_hopper_k4_seed0/r_r_hopper_eval.json
offline,RAMBO,RAMBO,theta_tau_credit,k=4,l1_anchor,0,0,693.2271,21.524343357129723,20,21.9229,0,runs/spec_rdelay/off_rambo_hopper_k4_seed0/r_r_hopper_eval.json
offline,RAMBO,RAMBO,theta_tau_credit,k=4,l2_anchor,0,0,447.8779,4.128059757269423,20,14.3843,0,runs/spec_rdelay/off_rambo_hopper_k4_seed0/r_r_hopper_eval.json
offline,RAMBO,RAMBO,theta_tau_credit,k=4,l3_anchor,0,0,269.6962,53.648034827857636,20,8.9095,0,runs/spec_rdelay/off_rambo_hopper_k4_seed0/r_r_hopper_eval.json
offline,RAMBO,RAMBO,theta_tau_credit,k=4,nominal,1,1,3399.7498,521.588849624991,20,105.0836,0,runs/spec_rdelay/off_rambo_hopper_k4_seed1/r_r_hopper_eval.json
offline,RAMBO,RAMBO,theta_tau_credit,k=4,l1_in,1,0,2026.7446,1164.7802353691777,20,62.8966,0,runs/spec_rdelay/off_rambo_hopper_k4_seed1/r_r_hopper_eval.json
offline,RAMBO,RAMBO,theta_tau_credit,k=4,l1_out,1,0,1459.5670,1283.561113281828,20,45.4695,0,runs/spec_rdelay/off_rambo_hopper_k4_seed1/r_r_hopper_eval.json
offline,RAMBO,RAMBO,theta_tau_credit,k=4,l2_in,1,0,1964.2262,1358.7352871923251,20,60.9757,0,runs/spec_rdelay/off_rambo_hopper_k4_seed1/r_r_hopper_eval.json
offline,RAMBO,RAMBO,theta_tau_credit,k=4,l2_out,1,0,1081.1804,958.9882334514533,20,33.8432,0,runs/spec_rdelay/off_rambo_hopper_k4_seed1/r_r_hopper_eval.json
offline,RAMBO,RAMBO,theta_tau_credit,k=4,l3_in,1,0,1482.6886,716.0804301659614,20,46.1799,0,runs/spec_rdelay/off_rambo_hopper_k4_seed1/r_r_hopper_eval.json
offline,RAMBO,RAMBO,theta_tau_credit,k=4,l3_out,1,0,1049.9456,639.9486739007443,20,32.8835,0,runs/spec_rdelay/off_rambo_hopper_k4_seed1/r_r_hopper_eval.json
offline,RAMBO,RAMBO,theta_tau_credit,k=4,l1_anchor,1,0,551.4347,33.000247379358136,20,17.5662,0,runs/spec_rdelay/off_rambo_hopper_k4_seed1/r_r_hopper_eval.json
offline,RAMBO,RAMBO,theta_tau_credit,k=4,l2_anchor,1,0,298.7348,1.651610549301041,20,9.8018,0,runs/spec_rdelay/off_rambo_hopper_k4_seed1/r_r_hopper_eval.json
offline,RAMBO,RAMBO,theta_tau_credit,k=4,l3_anchor,1,0,205.0387,32.535943837738024,20,6.9228,0,runs/spec_rdelay/off_rambo_hopper_k4_seed1/r_r_hopper_eval.json
offline,RAMBO,RAMBO,theta_tau_credit,k=4,nominal,2,1,1780.2128,175.35274204178228,20,55.3217,0,runs/spec_rdelay/off_rambo_hopper_k4_seed2/r_r_hopper_eval.json
offline,RAMBO,RAMBO,theta_tau_credit,k=4,l1_in,2,0,1992.4473,1187.5472981876298,20,61.8428,0,runs/spec_rdelay/off_rambo_hopper_k4_seed2/r_r_hopper_eval.json
offline,RAMBO,RAMBO,theta_tau_credit,k=4,l1_out,2,0,1367.5040,1189.9954932206406,20,42.6408,0,runs/spec_rdelay/off_rambo_hopper_k4_seed2/r_r_hopper_eval.json
offline,RAMBO,RAMBO,theta_tau_credit,k=4,l2_in,2,0,1990.5452,1365.2482095406574,20,61.7844,0,runs/spec_rdelay/off_rambo_hopper_k4_seed2/r_r_hopper_eval.json
offline,RAMBO,RAMBO,theta_tau_credit,k=4,l2_out,2,0,927.8842,820.6998146432397,20,29.1330,0,runs/spec_rdelay/off_rambo_hopper_k4_seed2/r_r_hopper_eval.json
offline,RAMBO,RAMBO,theta_tau_credit,k=4,l3_in,2,0,1394.9298,697.2004942789263,20,43.4835,0,runs/spec_rdelay/off_rambo_hopper_k4_seed2/r_r_hopper_eval.json
offline,RAMBO,RAMBO,theta_tau_credit,k=4,l3_out,2,0,1044.8987,868.8586137697195,20,32.7284,0,runs/spec_rdelay/off_rambo_hopper_k4_seed2/r_r_hopper_eval.json
offline,RAMBO,RAMBO,theta_tau_credit,k=4,l1_anchor,2,0,464.3593,1.4470460933280116,20,14.8907,0,runs/spec_rdelay/off_rambo_hopper_k4_seed2/r_r_hopper_eval.json
offline,RAMBO,RAMBO,theta_tau_credit,k=4,l2_anchor,2,0,228.7320,1.5916364112993626,20,7.6508,0,runs/spec_rdelay/off_rambo_hopper_k4_seed2/r_r_hopper_eval.json
offline,RAMBO,RAMBO,theta_tau_credit,k=4,l3_anchor,2,0,221.5420,11.363030158104905,20,7.4299,0,runs/spec_rdelay/off_rambo_hopper_k4_seed2/r_r_hopper_eval.json
offline,RAMBO,RAMBO,theta_tau_credit,k=4,nominal,3407,1,3613.8047,83.25261160325262,20,111.6607,0,runs/spec_rdelay/off_rambo_hopper_k4_seed3407/r_r_hopper_eval.json
offline,RAMBO,RAMBO,theta_tau_credit,k=4,l1_in,3407,0,2230.6448,1245.4829992329967,20,69.1617,0,runs/spec_rdelay/off_rambo_hopper_k4_seed3407/r_r_hopper_eval.json
offline,RAMBO,RAMBO,theta_tau_credit,k=4,l1_out,3407,0,1699.2053,1347.3649896080813,20,52.8326,0,runs/spec_rdelay/off_rambo_hopper_k4_seed3407/r_r_hopper_eval.json
offline,RAMBO,RAMBO,theta_tau_credit,k=4,l2_in,3407,0,1580.0349,1145.6170668818293,20,49.1710,0,runs/spec_rdelay/off_rambo_hopper_k4_seed3407/r_r_hopper_eval.json
offline,RAMBO,RAMBO,theta_tau_credit,k=4,l2_out,3407,0,791.4227,622.1340763809658,20,24.9401,0,runs/spec_rdelay/off_rambo_hopper_k4_seed3407/r_r_hopper_eval.json
offline,RAMBO,RAMBO,theta_tau_credit,k=4,l3_in,3407,0,1178.7612,414.87800363901783,20,36.8415,0,runs/spec_rdelay/off_rambo_hopper_k4_seed3407/r_r_hopper_eval.json
offline,RAMBO,RAMBO,theta_tau_credit,k=4,l3_out,3407,0,857.5299,529.4268673020795,20,26.9713,0,runs/spec_rdelay/off_rambo_hopper_k4_seed3407/r_r_hopper_eval.json
offline,RAMBO,RAMBO,theta_tau_credit,k=4,l1_anchor,3407,0,752.0182,18.425730481735354,20,23.7293,0,runs/spec_rdelay/off_rambo_hopper_k4_seed3407/r_r_hopper_eval.json
offline,RAMBO,RAMBO,theta_tau_credit,k=4,l2_anchor,3407,0,257.8091,1.4313572565054418,20,8.5443,0,runs/spec_rdelay/off_rambo_hopper_k4_seed3407/r_r_hopper_eval.json
offline,RAMBO,RAMBO,theta_tau_credit,k=4,l3_anchor,3407,0,251.5786,10.818001011264304,20,8.3528,0,runs/spec_rdelay/off_rambo_hopper_k4_seed3407/r_r_hopper_eval.json
offline,RAMBO,RAMBO,theta_tau_credit,k=4,nominal,42,1,3366.6974,512.0845284944269,20,104.0680,0,runs/spec_rdelay/off_rambo_hopper_k4_seed42/r_r_hopper_eval.json
offline,RAMBO,RAMBO,theta_tau_credit,k=4,l1_in,42,0,2160.9784,1165.2630876551416,20,67.0211,0,runs/spec_rdelay/off_rambo_hopper_k4_seed42/r_r_hopper_eval.json
offline,RAMBO,RAMBO,theta_tau_credit,k=4,l1_out,42,0,1720.4801,1356.1316232512777,20,53.4863,0,runs/spec_rdelay/off_rambo_hopper_k4_seed42/r_r_hopper_eval.json
offline,RAMBO,RAMBO,theta_tau_credit,k=4,l2_in,42,0,1916.7487,1273.9527062626516,20,59.5169,0,runs/spec_rdelay/off_rambo_hopper_k4_seed42/r_r_hopper_eval.json
offline,RAMBO,RAMBO,theta_tau_credit,k=4,l2_out,42,0,1048.2308,743.9881786126848,20,32.8308,0,runs/spec_rdelay/off_rambo_hopper_k4_seed42/r_r_hopper_eval.json
offline,RAMBO,RAMBO,theta_tau_credit,k=4,l3_in,42,0,1514.7683,701.4620715709661,20,47.1656,0,runs/spec_rdelay/off_rambo_hopper_k4_seed42/r_r_hopper_eval.json
offline,RAMBO,RAMBO,theta_tau_credit,k=4,l3_out,42,0,1123.4549,535.7725937070372,20,35.1421,0,runs/spec_rdelay/off_rambo_hopper_k4_seed42/r_r_hopper_eval.json
offline,RAMBO,RAMBO,theta_tau_credit,k=4,l1_anchor,42,0,768.1947,19.759043337838342,20,24.2264,0,runs/spec_rdelay/off_rambo_hopper_k4_seed42/r_r_hopper_eval.json
offline,RAMBO,RAMBO,theta_tau_credit,k=4,l2_anchor,42,0,239.8670,1.5882233697464563,20,7.9930,0,runs/spec_rdelay/off_rambo_hopper_k4_seed42/r_r_hopper_eval.json
offline,RAMBO,RAMBO,theta_tau_credit,k=4,l3_anchor,42,0,245.1459,27.704788080130697,20,8.1552,0,runs/spec_rdelay/off_rambo_hopper_k4_seed42/r_r_hopper_eval.json
offline,RAMBO,RAMBO,theta_tau_credit,k=16,nominal,0,1,3576.0911,19.10657398307807,20,110.5019,0,runs/spec_rdelay/off_rambo_hopper_k16_seed0/r_r_hopper_eval.json
offline,RAMBO,RAMBO,theta_tau_credit,k=16,l1_in,0,0,2411.8705,1227.4661389573282,20,74.7300,0,runs/spec_rdelay/off_rambo_hopper_k16_seed0/r_r_hopper_eval.json
offline,RAMBO,RAMBO,theta_tau_credit,k=16,l1_out,0,0,1713.4467,1384.6937028182206,20,53.2702,0,runs/spec_rdelay/off_rambo_hopper_k16_seed0/r_r_hopper_eval.json
offline,RAMBO,RAMBO,theta_tau_credit,k=16,l2_in,0,0,2092.1798,1345.8733504784695,20,64.9072,0,runs/spec_rdelay/off_rambo_hopper_k16_seed0/r_r_hopper_eval.json
offline,RAMBO,RAMBO,theta_tau_credit,k=16,l2_out,0,0,986.3444,921.967968795373,20,30.9293,0,runs/spec_rdelay/off_rambo_hopper_k16_seed0/r_r_hopper_eval.json
offline,RAMBO,RAMBO,theta_tau_credit,k=16,l3_in,0,0,1496.5289,702.4500170243523,20,46.6052,0,runs/spec_rdelay/off_rambo_hopper_k16_seed0/r_r_hopper_eval.json
offline,RAMBO,RAMBO,theta_tau_credit,k=16,l3_out,0,0,974.9277,579.4224886685661,20,30.5785,0,runs/spec_rdelay/off_rambo_hopper_k16_seed0/r_r_hopper_eval.json
offline,RAMBO,RAMBO,theta_tau_credit,k=16,l1_anchor,0,0,608.9330,11.734964963120374,20,19.3329,0,runs/spec_rdelay/off_rambo_hopper_k16_seed0/r_r_hopper_eval.json
offline,RAMBO,RAMBO,theta_tau_credit,k=16,l2_anchor,0,0,422.8302,2.6086472238996223,20,13.6147,0,runs/spec_rdelay/off_rambo_hopper_k16_seed0/r_r_hopper_eval.json
offline,RAMBO,RAMBO,theta_tau_credit,k=16,l3_anchor,0,0,357.3217,53.14837542869238,20,11.6019,0,runs/spec_rdelay/off_rambo_hopper_k16_seed0/r_r_hopper_eval.json
offline,RAMBO,RAMBO,theta_tau_credit,k=16,nominal,1,1,3526.9955,299.7416468253903,20,108.9934,0,runs/spec_rdelay/off_rambo_hopper_k16_seed1/r_r_hopper_eval.json
offline,RAMBO,RAMBO,theta_tau_credit,k=16,l1_in,1,0,2192.9956,1304.678508482711,20,68.0049,0,runs/spec_rdelay/off_rambo_hopper_k16_seed1/r_r_hopper_eval.json
offline,RAMBO,RAMBO,theta_tau_credit,k=16,l1_out,1,0,1618.5780,1391.0190736186123,20,50.3553,0,runs/spec_rdelay/off_rambo_hopper_k16_seed1/r_r_hopper_eval.json
offline,RAMBO,RAMBO,theta_tau_credit,k=16,l2_in,1,0,1407.1951,1289.3657043229637,20,43.8603,0,runs/spec_rdelay/off_rambo_hopper_k16_seed1/r_r_hopper_eval.json
offline,RAMBO,RAMBO,theta_tau_credit,k=16,l2_out,1,0,874.0600,962.532596955496,20,27.4792,0,runs/spec_rdelay/off_rambo_hopper_k16_seed1/r_r_hopper_eval.json
offline,RAMBO,RAMBO,theta_tau_credit,k=16,l3_in,1,0,1134.3424,713.14132635987,20,35.4767,0,runs/spec_rdelay/off_rambo_hopper_k16_seed1/r_r_hopper_eval.json
offline,RAMBO,RAMBO,theta_tau_credit,k=16,l3_out,1,0,510.9059,475.16984209827484,20,16.3209,0,runs/spec_rdelay/off_rambo_hopper_k16_seed1/r_r_hopper_eval.json
offline,RAMBO,RAMBO,theta_tau_credit,k=16,l1_anchor,1,0,526.8865,22.372184241076262,20,16.8119,0,runs/spec_rdelay/off_rambo_hopper_k16_seed1/r_r_hopper_eval.json
offline,RAMBO,RAMBO,theta_tau_credit,k=16,l2_anchor,1,0,385.7673,1.5374912311580262,20,12.4759,0,runs/spec_rdelay/off_rambo_hopper_k16_seed1/r_r_hopper_eval.json
offline,RAMBO,RAMBO,theta_tau_credit,k=16,l3_anchor,1,0,335.2159,15.757035354067456,20,10.9227,0,runs/spec_rdelay/off_rambo_hopper_k16_seed1/r_r_hopper_eval.json
offline,RAMBO,RAMBO,theta_tau_credit,k=16,nominal,2,1,2815.4185,818.0702735277833,20,87.1294,0,runs/spec_rdelay/off_rambo_hopper_k16_seed2/r_r_hopper_eval.json
offline,RAMBO,RAMBO,theta_tau_credit,k=16,l1_in,2,0,2244.8940,1262.858078673433,20,69.5995,0,runs/spec_rdelay/off_rambo_hopper_k16_seed2/r_r_hopper_eval.json
offline,RAMBO,RAMBO,theta_tau_credit,k=16,l1_out,2,0,1451.5772,1239.5886827024578,20,45.2240,0,runs/spec_rdelay/off_rambo_hopper_k16_seed2/r_r_hopper_eval.json
offline,RAMBO,RAMBO,theta_tau_credit,k=16,l2_in,2,0,1866.6614,1320.3315556853993,20,57.9779,0,runs/spec_rdelay/off_rambo_hopper_k16_seed2/r_r_hopper_eval.json
offline,RAMBO,RAMBO,theta_tau_credit,k=16,l2_out,2,0,966.7523,923.2607227921916,20,30.3273,0,runs/spec_rdelay/off_rambo_hopper_k16_seed2/r_r_hopper_eval.json
offline,RAMBO,RAMBO,theta_tau_credit,k=16,l3_in,2,0,1512.3686,697.0316458285444,20,47.0919,0,runs/spec_rdelay/off_rambo_hopper_k16_seed2/r_r_hopper_eval.json
offline,RAMBO,RAMBO,theta_tau_credit,k=16,l3_out,2,0,1088.0478,668.9933385586817,20,34.0542,0,runs/spec_rdelay/off_rambo_hopper_k16_seed2/r_r_hopper_eval.json
offline,RAMBO,RAMBO,theta_tau_credit,k=16,l1_anchor,2,0,626.7396,11.73793232747671,20,19.8800,0,runs/spec_rdelay/off_rambo_hopper_k16_seed2/r_r_hopper_eval.json
offline,RAMBO,RAMBO,theta_tau_credit,k=16,l2_anchor,2,0,388.2382,1.4716445493440218,20,12.5518,0,runs/spec_rdelay/off_rambo_hopper_k16_seed2/r_r_hopper_eval.json
offline,RAMBO,RAMBO,theta_tau_credit,k=16,l3_anchor,2,0,241.7989,10.436318169119273,20,8.0523,0,runs/spec_rdelay/off_rambo_hopper_k16_seed2/r_r_hopper_eval.json
offline,RAMBO,RAMBO,theta_tau_credit,k=16,nominal,3407,1,3583.0365,18.146857519340326,20,110.7153,0,runs/spec_rdelay/off_rambo_hopper_k16_seed3407/r_r_hopper_eval.json
offline,RAMBO,RAMBO,theta_tau_credit,k=16,l1_in,3407,0,2398.0669,1251.6154333089687,20,74.3059,0,runs/spec_rdelay/off_rambo_hopper_k16_seed3407/r_r_hopper_eval.json
offline,RAMBO,RAMBO,theta_tau_credit,k=16,l1_out,3407,0,1717.4417,1359.4446212809369,20,53.3930,0,runs/spec_rdelay/off_rambo_hopper_k16_seed3407/r_r_hopper_eval.json
offline,RAMBO,RAMBO,theta_tau_credit,k=16,l2_in,3407,0,2020.9611,1346.2223905965348,20,62.7189,0,runs/spec_rdelay/off_rambo_hopper_k16_seed3407/r_r_hopper_eval.json
offline,RAMBO,RAMBO,theta_tau_credit,k=16,l2_out,3407,0,1047.7344,945.3871398821841,20,32.8155,0,runs/spec_rdelay/off_rambo_hopper_k16_seed3407/r_r_hopper_eval.json
offline,RAMBO,RAMBO,theta_tau_credit,k=16,l3_in,3407,0,1504.1954,730.8074942619829,20,46.8408,0,runs/spec_rdelay/off_rambo_hopper_k16_seed3407/r_r_hopper_eval.json
offline,RAMBO,RAMBO,theta_tau_credit,k=16,l3_out,3407,0,1211.0676,796.106538675207,20,37.8341,0,runs/spec_rdelay/off_rambo_hopper_k16_seed3407/r_r_hopper_eval.json
offline,RAMBO,RAMBO,theta_tau_credit,k=16,l1_anchor,3407,0,737.1191,19.18538939461162,20,23.2716,0,runs/spec_rdelay/off_rambo_hopper_k16_seed3407/r_r_hopper_eval.json
offline,RAMBO,RAMBO,theta_tau_credit,k=16,l2_anchor,3407,0,457.7991,2.531723382030323,20,14.6892,0,runs/spec_rdelay/off_rambo_hopper_k16_seed3407/r_r_hopper_eval.json
offline,RAMBO,RAMBO,theta_tau_credit,k=16,l3_anchor,3407,0,391.9306,30.207797011448122,20,12.6653,0,runs/spec_rdelay/off_rambo_hopper_k16_seed3407/r_r_hopper_eval.json
offline,RAMBO,RAMBO,theta_tau_credit,k=16,nominal,42,1,3543.7801,18.546071360447037,20,109.5091,0,runs/spec_rdelay/off_rambo_hopper_k16_seed42/r_r_hopper_eval.json
offline,RAMBO,RAMBO,theta_tau_credit,k=16,l1_in,42,0,2525.4337,1217.7825426206398,20,78.2194,0,runs/spec_rdelay/off_rambo_hopper_k16_seed42/r_r_hopper_eval.json
offline,RAMBO,RAMBO,theta_tau_credit,k=16,l1_out,42,0,1687.1069,1381.8284401567755,20,52.4609,0,runs/spec_rdelay/off_rambo_hopper_k16_seed42/r_r_hopper_eval.json
offline,RAMBO,RAMBO,theta_tau_credit,k=16,l2_in,42,0,2046.0480,1328.9230766798948,20,63.4897,0,runs/spec_rdelay/off_rambo_hopper_k16_seed42/r_r_hopper_eval.json
offline,RAMBO,RAMBO,theta_tau_credit,k=16,l2_out,42,0,1146.7997,952.0050550840612,20,35.8594,0,runs/spec_rdelay/off_rambo_hopper_k16_seed42/r_r_hopper_eval.json
offline,RAMBO,RAMBO,theta_tau_credit,k=16,l3_in,42,0,1397.5211,680.093526499376,20,43.5631,0,runs/spec_rdelay/off_rambo_hopper_k16_seed42/r_r_hopper_eval.json
offline,RAMBO,RAMBO,theta_tau_credit,k=16,l3_out,42,0,1066.4598,576.4693100273727,20,33.3909,0,runs/spec_rdelay/off_rambo_hopper_k16_seed42/r_r_hopper_eval.json
offline,RAMBO,RAMBO,theta_tau_credit,k=16,l1_anchor,42,0,614.6766,3.2467430974199134,20,19.5094,0,runs/spec_rdelay/off_rambo_hopper_k16_seed42/r_r_hopper_eval.json
offline,RAMBO,RAMBO,theta_tau_credit,k=16,l2_anchor,42,0,411.1739,2.6672311281198575,20,13.2566,0,runs/spec_rdelay/off_rambo_hopper_k16_seed42/r_r_hopper_eval.json
offline,RAMBO,RAMBO,theta_tau_credit,k=16,l3_anchor,42,0,389.4873,10.172362830632261,20,12.5902,0,runs/spec_rdelay/off_rambo_hopper_k16_seed42/r_r_hopper_eval.json
offline,RAMBO,RAMBO,theta_tau_credit,k=32,nominal,0,1,3564.7503,9.951174846458978,20,110.1534,0,runs/spec_rdelay/off_rambo_hopper_k32_seed0/r_r_hopper_eval.json
offline,RAMBO,RAMBO,theta_tau_credit,k=32,l1_in,0,0,2234.9550,1258.3034453908374,20,69.2941,0,runs/spec_rdelay/off_rambo_hopper_k32_seed0/r_r_hopper_eval.json
offline,RAMBO,RAMBO,theta_tau_credit,k=32,l1_out,0,0,1686.1930,1382.5590621894648,20,52.4328,0,runs/spec_rdelay/off_rambo_hopper_k32_seed0/r_r_hopper_eval.json
offline,RAMBO,RAMBO,theta_tau_credit,k=32,l2_in,0,0,1703.7046,1408.6472177754504,20,52.9709,0,runs/spec_rdelay/off_rambo_hopper_k32_seed0/r_r_hopper_eval.json
offline,RAMBO,RAMBO,theta_tau_credit,k=32,l2_out,0,0,1078.0474,974.6310434744502,20,33.7469,0,runs/spec_rdelay/off_rambo_hopper_k32_seed0/r_r_hopper_eval.json
offline,RAMBO,RAMBO,theta_tau_credit,k=32,l3_in,0,0,1260.1019,821.7056905952833,20,39.3407,0,runs/spec_rdelay/off_rambo_hopper_k32_seed0/r_r_hopper_eval.json
offline,RAMBO,RAMBO,theta_tau_credit,k=32,l3_out,0,0,768.5087,471.75656152085986,20,24.2360,0,runs/spec_rdelay/off_rambo_hopper_k32_seed0/r_r_hopper_eval.json
offline,RAMBO,RAMBO,theta_tau_credit,k=32,l1_anchor,0,0,604.7394,74.69551926911122,20,19.2041,0,runs/spec_rdelay/off_rambo_hopper_k32_seed0/r_r_hopper_eval.json
offline,RAMBO,RAMBO,theta_tau_credit,k=32,l2_anchor,0,0,431.7667,1.8577215852577964,20,13.8893,0,runs/spec_rdelay/off_rambo_hopper_k32_seed0/r_r_hopper_eval.json
offline,RAMBO,RAMBO,theta_tau_credit,k=32,l3_anchor,0,0,255.7212,45.34261681599023,20,8.4801,0,runs/spec_rdelay/off_rambo_hopper_k32_seed0/r_r_hopper_eval.json
offline,RAMBO,RAMBO,theta_tau_credit,k=32,nominal,1,1,3546.2738,17.094455818611912,20,109.5857,0,runs/spec_rdelay/off_rambo_hopper_k32_seed1/r_r_hopper_eval.json
offline,RAMBO,RAMBO,theta_tau_credit,k=32,l1_in,1,0,1782.5044,1300.2945303972583,20,55.3921,0,runs/spec_rdelay/off_rambo_hopper_k32_seed1/r_r_hopper_eval.json
offline,RAMBO,RAMBO,theta_tau_credit,k=32,l1_out,1,0,1095.2185,1214.2752664074471,20,34.2745,0,runs/spec_rdelay/off_rambo_hopper_k32_seed1/r_r_hopper_eval.json
offline,RAMBO,RAMBO,theta_tau_credit,k=32,l2_in,1,0,1074.9983,1095.6426933963646,20,33.6532,0,runs/spec_rdelay/off_rambo_hopper_k32_seed1/r_r_hopper_eval.json
offline,RAMBO,RAMBO,theta_tau_credit,k=32,l2_out,1,0,723.2456,758.6714476760397,20,22.8453,0,runs/spec_rdelay/off_rambo_hopper_k32_seed1/r_r_hopper_eval.json
offline,RAMBO,RAMBO,theta_tau_credit,k=32,l3_in,1,0,580.9221,649.5268370694477,20,18.4722,0,runs/spec_rdelay/off_rambo_hopper_k32_seed1/r_r_hopper_eval.json
offline,RAMBO,RAMBO,theta_tau_credit,k=32,l3_out,1,0,268.9018,264.7084525586969,20,8.8851,0,runs/spec_rdelay/off_rambo_hopper_k32_seed1/r_r_hopper_eval.json
offline,RAMBO,RAMBO,theta_tau_credit,k=32,l1_anchor,1,0,547.5702,2.2278544007752394,20,17.4475,0,runs/spec_rdelay/off_rambo_hopper_k32_seed1/r_r_hopper_eval.json
offline,RAMBO,RAMBO,theta_tau_credit,k=32,l2_anchor,1,0,386.6274,1.514736960405926,20,12.5023,0,runs/spec_rdelay/off_rambo_hopper_k32_seed1/r_r_hopper_eval.json
offline,RAMBO,RAMBO,theta_tau_credit,k=32,l3_anchor,1,0,244.1177,74.95874547025242,20,8.1236,0,runs/spec_rdelay/off_rambo_hopper_k32_seed1/r_r_hopper_eval.json
offline,RAMBO,RAMBO,theta_tau_credit,k=32,nominal,2,1,1611.3703,111.09756471574778,20,50.1338,0,runs/spec_rdelay/off_rambo_hopper_k32_seed2/r_r_hopper_eval.json
offline,RAMBO,RAMBO,theta_tau_credit,k=32,l1_in,2,0,1368.6087,1167.3060492686195,20,42.6747,0,runs/spec_rdelay/off_rambo_hopper_k32_seed2/r_r_hopper_eval.json
offline,RAMBO,RAMBO,theta_tau_credit,k=32,l1_out,2,0,1096.2648,1255.7932439653487,20,34.3067,0,runs/spec_rdelay/off_rambo_hopper_k32_seed2/r_r_hopper_eval.json
offline,RAMBO,RAMBO,theta_tau_credit,k=32,l2_in,2,0,953.2855,948.3545919506569,20,29.9135,0,runs/spec_rdelay/off_rambo_hopper_k32_seed2/r_r_hopper_eval.json
offline,RAMBO,RAMBO,theta_tau_credit,k=32,l2_out,2,0,574.5410,388.09801882808966,20,18.2762,0,runs/spec_rdelay/off_rambo_hopper_k32_seed2/r_r_hopper_eval.json
offline,RAMBO,RAMBO,theta_tau_credit,k=32,l3_in,2,0,572.1189,577.5739755641982,20,18.2018,0,runs/spec_rdelay/off_rambo_hopper_k32_seed2/r_r_hopper_eval.json
offline,RAMBO,RAMBO,theta_tau_credit,k=32,l3_out,2,0,191.4896,221.2931624624784,20,6.5065,0,runs/spec_rdelay/off_rambo_hopper_k32_seed2/r_r_hopper_eval.json
offline,RAMBO,RAMBO,theta_tau_credit,k=32,l1_anchor,2,0,454.5687,29.66051002794154,20,14.5899,0,runs/spec_rdelay/off_rambo_hopper_k32_seed2/r_r_hopper_eval.json
offline,RAMBO,RAMBO,theta_tau_credit,k=32,l2_anchor,2,0,231.5263,1.4695326922063645,20,7.7367,0,runs/spec_rdelay/off_rambo_hopper_k32_seed2/r_r_hopper_eval.json
offline,RAMBO,RAMBO,theta_tau_credit,k=32,l3_anchor,2,0,223.9467,54.97624298802628,20,7.5038,0,runs/spec_rdelay/off_rambo_hopper_k32_seed2/r_r_hopper_eval.json
offline,RAMBO,RAMBO,theta_tau_credit,k=32,nominal,3407,1,3506.3536,328.8923862968797,20,108.3591,0,runs/spec_rdelay/off_rambo_hopper_k32_seed3407/r_r_hopper_eval.json
offline,RAMBO,RAMBO,theta_tau_credit,k=32,l1_in,3407,0,2068.8260,1252.9646998012395,20,64.1896,0,runs/spec_rdelay/off_rambo_hopper_k32_seed3407/r_r_hopper_eval.json
offline,RAMBO,RAMBO,theta_tau_credit,k=32,l1_out,3407,0,1231.0444,1022.5480924903402,20,38.4479,0,runs/spec_rdelay/off_rambo_hopper_k32_seed3407/r_r_hopper_eval.json
offline,RAMBO,RAMBO,theta_tau_credit,k=32,l2_in,3407,0,1474.2902,1252.253659768978,20,45.9219,0,runs/spec_rdelay/off_rambo_hopper_k32_seed3407/r_r_hopper_eval.json
offline,RAMBO,RAMBO,theta_tau_credit,k=32,l2_out,3407,0,853.4310,741.8462697031582,20,26.8454,0,runs/spec_rdelay/off_rambo_hopper_k32_seed3407/r_r_hopper_eval.json
offline,RAMBO,RAMBO,theta_tau_credit,k=32,l3_in,3407,0,886.5063,607.1458570205381,20,27.8616,0,runs/spec_rdelay/off_rambo_hopper_k32_seed3407/r_r_hopper_eval.json
offline,RAMBO,RAMBO,theta_tau_credit,k=32,l3_out,3407,0,656.3517,435.19819985182073,20,20.7899,0,runs/spec_rdelay/off_rambo_hopper_k32_seed3407/r_r_hopper_eval.json
offline,RAMBO,RAMBO,theta_tau_credit,k=32,l1_anchor,3407,0,645.8165,9.911398909597983,20,20.4662,0,runs/spec_rdelay/off_rambo_hopper_k32_seed3407/r_r_hopper_eval.json
offline,RAMBO,RAMBO,theta_tau_credit,k=32,l2_anchor,3407,0,431.8668,2.447519640608855,20,13.8924,0,runs/spec_rdelay/off_rambo_hopper_k32_seed3407/r_r_hopper_eval.json
offline,RAMBO,RAMBO,theta_tau_credit,k=32,l3_anchor,3407,0,378.3187,10.442701873966152,20,12.2470,0,runs/spec_rdelay/off_rambo_hopper_k32_seed3407/r_r_hopper_eval.json
offline,RAMBO,RAMBO,theta_tau_credit,k=32,nominal,42,1,1341.5087,55.99870722964201,20,41.8420,0,runs/spec_rdelay/off_rambo_hopper_k32_seed42/r_r_hopper_eval.json
offline,RAMBO,RAMBO,theta_tau_credit,k=32,l1_in,42,0,1145.8189,866.7592253770841,20,35.8293,0,runs/spec_rdelay/off_rambo_hopper_k32_seed42/r_r_hopper_eval.json
offline,RAMBO,RAMBO,theta_tau_credit,k=32,l1_out,42,0,742.3163,400.9203031856993,20,23.4312,0,runs/spec_rdelay/off_rambo_hopper_k32_seed42/r_r_hopper_eval.json
offline,RAMBO,RAMBO,theta_tau_credit,k=32,l2_in,42,0,849.3275,719.5791261317503,20,26.7193,0,runs/spec_rdelay/off_rambo_hopper_k32_seed42/r_r_hopper_eval.json
offline,RAMBO,RAMBO,theta_tau_credit,k=32,l2_out,42,0,596.8778,331.90149948121086,20,18.9625,0,runs/spec_rdelay/off_rambo_hopper_k32_seed42/r_r_hopper_eval.json
offline,RAMBO,RAMBO,theta_tau_credit,k=32,l3_in,42,0,598.0030,422.1435656100741,20,18.9971,0,runs/spec_rdelay/off_rambo_hopper_k32_seed42/r_r_hopper_eval.json
offline,RAMBO,RAMBO,theta_tau_credit,k=32,l3_out,42,0,486.8576,440.95395761496206,20,15.5820,0,runs/spec_rdelay/off_rambo_hopper_k32_seed42/r_r_hopper_eval.json
offline,RAMBO,RAMBO,theta_tau_credit,k=32,l1_anchor,42,0,612.2957,1.9143151889138093,20,19.4362,0,runs/spec_rdelay/off_rambo_hopper_k32_seed42/r_r_hopper_eval.json
offline,RAMBO,RAMBO,theta_tau_credit,k=32,l2_anchor,42,0,383.1896,2.227032810808943,20,12.3967,0,runs/spec_rdelay/off_rambo_hopper_k32_seed42/r_r_hopper_eval.json
offline,RAMBO,RAMBO,theta_tau_credit,k=32,l3_anchor,42,0,379.7254,28.734182885058104,20,12.2903,0,runs/spec_rdelay/off_rambo_hopper_k32_seed42/r_r_hopper_eval.json
offline,RAMBO,RAMBO,theta_tau_credit,k=64,nominal,0,1,1015.6823,13.037283535221832,20,31.8307,0,runs/spec_rdelay/off_rambo_hopper_k64_seed0/r_r_hopper_eval.json
offline,RAMBO,RAMBO,theta_tau_credit,k=64,l1_in,0,0,1302.0039,979.7571657292017,20,40.6282,0,runs/spec_rdelay/off_rambo_hopper_k64_seed0/r_r_hopper_eval.json
offline,RAMBO,RAMBO,theta_tau_credit,k=64,l1_out,0,0,933.5269,832.2517370492861,20,29.3064,0,runs/spec_rdelay/off_rambo_hopper_k64_seed0/r_r_hopper_eval.json
offline,RAMBO,RAMBO,theta_tau_credit,k=64,l2_in,0,0,753.7494,351.0624561692909,20,23.7825,0,runs/spec_rdelay/off_rambo_hopper_k64_seed0/r_r_hopper_eval.json
offline,RAMBO,RAMBO,theta_tau_credit,k=64,l2_out,0,0,548.4677,307.3185031675968,20,17.4750,0,runs/spec_rdelay/off_rambo_hopper_k64_seed0/r_r_hopper_eval.json
offline,RAMBO,RAMBO,theta_tau_credit,k=64,l3_in,0,0,549.7025,336.431067646792,20,17.5130,0,runs/spec_rdelay/off_rambo_hopper_k64_seed0/r_r_hopper_eval.json
offline,RAMBO,RAMBO,theta_tau_credit,k=64,l3_out,0,0,231.8463,260.0556692919646,20,7.7465,0,runs/spec_rdelay/off_rambo_hopper_k64_seed0/r_r_hopper_eval.json
offline,RAMBO,RAMBO,theta_tau_credit,k=64,l1_anchor,0,0,624.6341,7.3407277926403545,20,19.8153,0,runs/spec_rdelay/off_rambo_hopper_k64_seed0/r_r_hopper_eval.json
offline,RAMBO,RAMBO,theta_tau_credit,k=64,l2_anchor,0,0,360.0645,1.5337122910567669,20,11.6862,0,runs/spec_rdelay/off_rambo_hopper_k64_seed0/r_r_hopper_eval.json
offline,RAMBO,RAMBO,theta_tau_credit,k=64,l3_anchor,0,0,343.7969,12.829473147715435,20,11.1863,0,runs/spec_rdelay/off_rambo_hopper_k64_seed0/r_r_hopper_eval.json
offline,RAMBO,RAMBO,theta_tau_credit,k=64,nominal,1,1,3548.8454,10.115079514429864,20,109.6647,0,runs/spec_rdelay/off_rambo_hopper_k64_seed1/r_r_hopper_eval.json
offline,RAMBO,RAMBO,theta_tau_credit,k=64,l1_in,1,0,2006.6378,1351.7149193016764,20,62.2788,0,runs/spec_rdelay/off_rambo_hopper_k64_seed1/r_r_hopper_eval.json
offline,RAMBO,RAMBO,theta_tau_credit,k=64,l1_out,1,0,1133.3408,1188.3589827807332,20,35.4459,0,runs/spec_rdelay/off_rambo_hopper_k64_seed1/r_r_hopper_eval.json
offline,RAMBO,RAMBO,theta_tau_credit,k=64,l2_in,1,0,1527.5574,1381.8595007932272,20,47.5586,0,runs/spec_rdelay/off_rambo_hopper_k64_seed1/r_r_hopper_eval.json
offline,RAMBO,RAMBO,theta_tau_credit,k=64,l2_out,1,0,720.8749,732.0324435789898,20,22.7724,0,runs/spec_rdelay/off_rambo_hopper_k64_seed1/r_r_hopper_eval.json
offline,RAMBO,RAMBO,theta_tau_credit,k=64,l3_in,1,0,622.1746,649.5083157145662,20,19.7398,0,runs/spec_rdelay/off_rambo_hopper_k64_seed1/r_r_hopper_eval.json
offline,RAMBO,RAMBO,theta_tau_credit,k=64,l3_out,1,0,333.5032,255.33855640629665,20,10.8700,0,runs/spec_rdelay/off_rambo_hopper_k64_seed1/r_r_hopper_eval.json
offline,RAMBO,RAMBO,theta_tau_credit,k=64,l1_anchor,1,0,519.6065,39.46131230510922,20,16.5883,0,runs/spec_rdelay/off_rambo_hopper_k64_seed1/r_r_hopper_eval.json
offline,RAMBO,RAMBO,theta_tau_credit,k=64,l2_anchor,1,0,361.0029,1.4535081836803347,20,11.7150,0,runs/spec_rdelay/off_rambo_hopper_k64_seed1/r_r_hopper_eval.json
offline,RAMBO,RAMBO,theta_tau_credit,k=64,l3_anchor,1,0,370.6153,11.531853845891426,20,12.0104,0,runs/spec_rdelay/off_rambo_hopper_k64_seed1/r_r_hopper_eval.json
offline,RAMBO,RAMBO,theta_tau_credit,k=64,nominal,2,1,5.4788,0.0,1,0.7912,1,runs/spec_rdelay/off_rambo_hopper_k64_seed2/r_r_hopper_eval.json
offline,RAMBO,RAMBO,theta_tau_credit,k=64,nominal,3407,1,6.0132,0.0,1,0.8076,1,runs/spec_rdelay/off_rambo_hopper_k64_seed3407/r_r_hopper_eval.json
offline,RAMBO,RAMBO,theta_tau_credit,k=64,nominal,42,1,6.4908,0.0,1,0.8223,1,runs/spec_rdelay/off_rambo_hopper_k64_seed42/r_r_hopper_eval.json
offline,RFQI,RFQI,theta_r,m=gauss,nominal,0,1,3484.2862,144.5262203403693,20,107.6811,0,runs/spec_rnoise/off_rfqi_hopper_rgauss_seed0/r_r_hopper_eval.json
offline,RFQI,RFQI,theta_r,m=gauss,l1_in,0,0,2239.6843,1210.8938714425274,20,69.4394,0,runs/spec_rnoise/off_rfqi_hopper_rgauss_seed0/r_r_hopper_eval.json
offline,RFQI,RFQI,theta_r,m=gauss,l1_out,0,0,1421.2924,1203.4347445020924,20,44.2935,0,runs/spec_rnoise/off_rfqi_hopper_rgauss_seed0/r_r_hopper_eval.json
offline,RFQI,RFQI,theta_r,m=gauss,l2_in,0,0,1476.2052,1075.3547121733832,20,45.9807,0,runs/spec_rnoise/off_rfqi_hopper_rgauss_seed0/r_r_hopper_eval.json
offline,RFQI,RFQI,theta_r,m=gauss,l2_out,0,0,1019.8302,919.0539725510016,20,31.9581,0,runs/spec_rnoise/off_rfqi_hopper_rgauss_seed0/r_r_hopper_eval.json
offline,RFQI,RFQI,theta_r,m=gauss,l3_in,0,0,1360.6124,663.6793710799569,20,42.4290,0,runs/spec_rnoise/off_rfqi_hopper_rgauss_seed0/r_r_hopper_eval.json
offline,RFQI,RFQI,theta_r,m=gauss,l3_out,0,0,1113.7773,652.1635279872479,20,34.8448,0,runs/spec_rnoise/off_rfqi_hopper_rgauss_seed0/r_r_hopper_eval.json
offline,RFQI,RFQI,theta_r,m=gauss,l1_anchor,0,0,761.7455,10.837218591974388,20,24.0282,0,runs/spec_rnoise/off_rfqi_hopper_rgauss_seed0/r_r_hopper_eval.json
offline,RFQI,RFQI,theta_r,m=gauss,l2_anchor,0,0,447.8988,2.2654298197767826,20,14.3850,0,runs/spec_rnoise/off_rfqi_hopper_rgauss_seed0/r_r_hopper_eval.json
offline,RFQI,RFQI,theta_r,m=gauss,l3_anchor,0,0,325.1442,67.9605143001479,20,10.6132,0,runs/spec_rnoise/off_rfqi_hopper_rgauss_seed0/r_r_hopper_eval.json
offline,RFQI,RFQI,theta_r,m=gauss,nominal,100,1,3553.7008,17.039825536987404,20,109.8139,0,runs/spec_rnoise/off_rfqi_hopper_rgauss_seed100/r_r_hopper_eval.json
offline,RFQI,RFQI,theta_r,m=gauss,l1_in,100,0,2226.7239,1230.1225179699643,20,69.0412,0,runs/spec_rnoise/off_rfqi_hopper_rgauss_seed100/r_r_hopper_eval.json
offline,RFQI,RFQI,theta_r,m=gauss,l1_out,100,0,1543.2842,1323.5488874469115,20,48.0418,0,runs/spec_rnoise/off_rfqi_hopper_rgauss_seed100/r_r_hopper_eval.json
offline,RFQI,RFQI,theta_r,m=gauss,l2_in,100,0,1946.7489,1352.00404416418,20,60.4387,0,runs/spec_rnoise/off_rfqi_hopper_rgauss_seed100/r_r_hopper_eval.json
offline,RFQI,RFQI,theta_r,m=gauss,l2_out,100,0,942.4245,916.8162476043066,20,29.5798,0,runs/spec_rnoise/off_rfqi_hopper_rgauss_seed100/r_r_hopper_eval.json
offline,RFQI,RFQI,theta_r,m=gauss,l3_in,100,0,1262.7762,674.208622354269,20,39.4229,0,runs/spec_rnoise/off_rfqi_hopper_rgauss_seed100/r_r_hopper_eval.json
offline,RFQI,RFQI,theta_r,m=gauss,l3_out,100,0,994.2947,517.6427057685173,20,31.1735,0,runs/spec_rnoise/off_rfqi_hopper_rgauss_seed100/r_r_hopper_eval.json
offline,RFQI,RFQI,theta_r,m=gauss,l1_anchor,100,0,697.2979,5.928460313078766,20,22.0480,0,runs/spec_rnoise/off_rfqi_hopper_rgauss_seed100/r_r_hopper_eval.json
offline,RFQI,RFQI,theta_r,m=gauss,l2_anchor,100,0,432.6902,5.152327519365336,20,13.9177,0,runs/spec_rnoise/off_rfqi_hopper_rgauss_seed100/r_r_hopper_eval.json
offline,RFQI,RFQI,theta_r,m=gauss,l3_anchor,100,0,376.2200,11.46631707994668,20,12.1826,0,runs/spec_rnoise/off_rfqi_hopper_rgauss_seed100/r_r_hopper_eval.json
offline,RFQI,RFQI,theta_r,m=gauss,nominal,101,1,1480.1272,123.53202946113137,20,46.1012,0,runs/spec_rnoise/off_rfqi_hopper_rgauss_seed101/r_r_hopper_eval.json
offline,RFQI,RFQI,theta_r,m=gauss,l1_in,101,0,1486.1160,903.8437626708275,20,46.2853,0,runs/spec_rnoise/off_rfqi_hopper_rgauss_seed101/r_r_hopper_eval.json
offline,RFQI,RFQI,theta_r,m=gauss,l1_out,101,0,1192.1466,1016.2864920207068,20,37.2527,0,runs/spec_rnoise/off_rfqi_hopper_rgauss_seed101/r_r_hopper_eval.json
offline,RFQI,RFQI,theta_r,m=gauss,l2_in,101,0,1493.7757,1048.4525482979373,20,46.5206,0,runs/spec_rnoise/off_rfqi_hopper_rgauss_seed101/r_r_hopper_eval.json
offline,RFQI,RFQI,theta_r,m=gauss,l2_out,101,0,894.3635,700.8143245988689,20,28.1031,0,runs/spec_rnoise/off_rfqi_hopper_rgauss_seed101/r_r_hopper_eval.json
offline,RFQI,RFQI,theta_r,m=gauss,l3_in,101,0,1317.1703,647.9685615014131,20,41.0942,0,runs/spec_rnoise/off_rfqi_hopper_rgauss_seed101/r_r_hopper_eval.json
offline,RFQI,RFQI,theta_r,m=gauss,l3_out,101,0,916.0832,500.71259117739015,20,28.7704,0,runs/spec_rnoise/off_rfqi_hopper_rgauss_seed101/r_r_hopper_eval.json
offline,RFQI,RFQI,theta_r,m=gauss,l1_anchor,101,0,693.1172,16.157426053185954,20,21.9196,0,runs/spec_rnoise/off_rfqi_hopper_rgauss_seed101/r_r_hopper_eval.json
offline,RFQI,RFQI,theta_r,m=gauss,l2_anchor,101,0,403.9181,1.7832972653111425,20,13.0336,0,runs/spec_rnoise/off_rfqi_hopper_rgauss_seed101/r_r_hopper_eval.json
offline,RFQI,RFQI,theta_r,m=gauss,l3_anchor,101,0,346.5330,61.33879740233365,20,11.2704,0,runs/spec_rnoise/off_rfqi_hopper_rgauss_seed101/r_r_hopper_eval.json
offline,RFQI,RFQI,theta_r,m=gauss,nominal,2,1,3486.0857,248.01691448091032,20,107.7364,0,runs/spec_rnoise/off_rfqi_hopper_rgauss_seed2/r_r_hopper_eval.json
offline,RFQI,RFQI,theta_r,m=gauss,l1_in,2,0,2470.4428,1158.92134822291,20,76.5297,0,runs/spec_rnoise/off_rfqi_hopper_rgauss_seed2/r_r_hopper_eval.json
offline,RFQI,RFQI,theta_r,m=gauss,l1_out,2,0,1578.0559,1249.0929186996748,20,49.1102,0,runs/spec_rnoise/off_rfqi_hopper_rgauss_seed2/r_r_hopper_eval.json
offline,RFQI,RFQI,theta_r,m=gauss,l2_in,2,0,1637.2426,1292.697699571729,20,50.9288,0,runs/spec_rnoise/off_rfqi_hopper_rgauss_seed2/r_r_hopper_eval.json
offline,RFQI,RFQI,theta_r,m=gauss,l2_out,2,0,955.5153,969.1722849145937,20,29.9820,0,runs/spec_rnoise/off_rfqi_hopper_rgauss_seed2/r_r_hopper_eval.json
offline,RFQI,RFQI,theta_r,m=gauss,l3_in,2,0,1357.4243,648.8291034097119,20,42.3311,0,runs/spec_rnoise/off_rfqi_hopper_rgauss_seed2/r_r_hopper_eval.json
offline,RFQI,RFQI,theta_r,m=gauss,l3_out,2,0,893.8678,474.8701537552941,20,28.0878,0,runs/spec_rnoise/off_rfqi_hopper_rgauss_seed2/r_r_hopper_eval.json
offline,RFQI,RFQI,theta_r,m=gauss,l1_anchor,2,0,686.7495,148.07828553644325,20,21.7239,0,runs/spec_rnoise/off_rfqi_hopper_rgauss_seed2/r_r_hopper_eval.json
offline,RFQI,RFQI,theta_r,m=gauss,l2_anchor,2,0,409.5778,2.157060233136067,20,13.2075,0,runs/spec_rnoise/off_rfqi_hopper_rgauss_seed2/r_r_hopper_eval.json
offline,RFQI,RFQI,theta_r,m=gauss,l3_anchor,2,0,382.1206,74.11340398820386,20,12.3639,0,runs/spec_rnoise/off_rfqi_hopper_rgauss_seed2/r_r_hopper_eval.json
offline,RFQI,RFQI,theta_r,m=gauss,nominal,3407,1,3260.6872,726.451148844448,20,100.8108,0,runs/spec_rnoise/off_rfqi_hopper_rgauss_seed3407/r_r_hopper_eval.json
offline,RFQI,RFQI,theta_r,m=gauss,l1_in,3407,0,2030.7390,1174.2389817578996,20,63.0194,0,runs/spec_rnoise/off_rfqi_hopper_rgauss_seed3407/r_r_hopper_eval.json
offline,RFQI,RFQI,theta_r,m=gauss,l1_out,3407,0,1419.0278,1229.4880909286896,20,44.2239,0,runs/spec_rnoise/off_rfqi_hopper_rgauss_seed3407/r_r_hopper_eval.json
offline,RFQI,RFQI,theta_r,m=gauss,l2_in,3407,0,1576.8121,1172.030251187972,20,49.0720,0,runs/spec_rnoise/off_rfqi_hopper_rgauss_seed3407/r_r_hopper_eval.json
offline,RFQI,RFQI,theta_r,m=gauss,l2_out,3407,0,1012.0902,746.8587186171776,20,31.7203,0,runs/spec_rnoise/off_rfqi_hopper_rgauss_seed3407/r_r_hopper_eval.json
offline,RFQI,RFQI,theta_r,m=gauss,l3_in,3407,0,1133.5677,627.4272684237076,20,35.4528,0,runs/spec_rnoise/off_rfqi_hopper_rgauss_seed3407/r_r_hopper_eval.json
offline,RFQI,RFQI,theta_r,m=gauss,l3_out,3407,0,973.9105,629.6674581611397,20,30.5472,0,runs/spec_rnoise/off_rfqi_hopper_rgauss_seed3407/r_r_hopper_eval.json
offline,RFQI,RFQI,theta_r,m=gauss,l1_anchor,3407,0,643.5748,23.910334148306855,20,20.3973,0,runs/spec_rnoise/off_rfqi_hopper_rgauss_seed3407/r_r_hopper_eval.json
offline,RFQI,RFQI,theta_r,m=gauss,l2_anchor,3407,0,419.1766,4.41251983589314,20,13.5024,0,runs/spec_rnoise/off_rfqi_hopper_rgauss_seed3407/r_r_hopper_eval.json
offline,RFQI,RFQI,theta_r,m=gauss,l3_anchor,3407,0,354.1366,35.130095859552775,20,11.5040,0,runs/spec_rnoise/off_rfqi_hopper_rgauss_seed3407/r_r_hopper_eval.json
offline,RFQI,RFQI,theta_r,m=uniform,nominal,0,1,3439.4963,445.6395507554632,20,106.3049,0,runs/spec_rnoise/off_rfqi_hopper_runiform_seed0/r_r_hopper_eval.json
offline,RFQI,RFQI,theta_r,m=uniform,l1_in,0,0,2097.3391,1202.0377779060811,20,65.0657,0,runs/spec_rnoise/off_rfqi_hopper_runiform_seed0/r_r_hopper_eval.json
offline,RFQI,RFQI,theta_r,m=uniform,l1_out,0,0,1665.7477,1344.8975815322322,20,51.8046,0,runs/spec_rnoise/off_rfqi_hopper_runiform_seed0/r_r_hopper_eval.json
offline,RFQI,RFQI,theta_r,m=uniform,l2_in,0,0,1435.5861,1006.9673764918177,20,44.7327,0,runs/spec_rnoise/off_rfqi_hopper_runiform_seed0/r_r_hopper_eval.json
offline,RFQI,RFQI,theta_r,m=uniform,l2_out,0,0,977.0646,902.5742368660414,20,30.6441,0,runs/spec_rnoise/off_rfqi_hopper_runiform_seed0/r_r_hopper_eval.json
offline,RFQI,RFQI,theta_r,m=uniform,l3_in,0,0,1323.4462,760.1273686326799,20,41.2871,0,runs/spec_rnoise/off_rfqi_hopper_runiform_seed0/r_r_hopper_eval.json
offline,RFQI,RFQI,theta_r,m=uniform,l3_out,0,0,1084.1232,759.5045502150117,20,33.9336,0,runs/spec_rnoise/off_rfqi_hopper_runiform_seed0/r_r_hopper_eval.json
offline,RFQI,RFQI,theta_r,m=uniform,l1_anchor,0,0,641.8360,90.23057896689535,20,20.3439,0,runs/spec_rnoise/off_rfqi_hopper_runiform_seed0/r_r_hopper_eval.json
offline,RFQI,RFQI,theta_r,m=uniform,l2_anchor,0,0,403.5899,2.456394011260995,20,13.0235,0,runs/spec_rnoise/off_rfqi_hopper_runiform_seed0/r_r_hopper_eval.json
offline,RFQI,RFQI,theta_r,m=uniform,l3_anchor,0,0,288.9679,55.45336360626908,20,9.5017,0,runs/spec_rnoise/off_rfqi_hopper_runiform_seed0/r_r_hopper_eval.json
offline,RFQI,RFQI,theta_r,m=uniform,nominal,100,1,3561.2384,19.36981842397547,20,110.0455,0,runs/spec_rnoise/off_rfqi_hopper_runiform_seed100/r_r_hopper_eval.json
offline,RFQI,RFQI,theta_r,m=uniform,l1_in,100,0,1858.3842,1124.2215510430992,20,57.7236,0,runs/spec_rnoise/off_rfqi_hopper_runiform_seed100/r_r_hopper_eval.json
offline,RFQI,RFQI,theta_r,m=uniform,l1_out,100,0,1008.6450,847.8404190797481,20,31.6145,0,runs/spec_rnoise/off_rfqi_hopper_runiform_seed100/r_r_hopper_eval.json
offline,RFQI,RFQI,theta_r,m=uniform,l2_in,100,0,1324.8379,961.4123375418601,20,41.3298,0,runs/spec_rnoise/off_rfqi_hopper_runiform_seed100/r_r_hopper_eval.json
offline,RFQI,RFQI,theta_r,m=uniform,l2_out,100,0,946.9467,921.1104698885283,20,29.7187,0,runs/spec_rnoise/off_rfqi_hopper_runiform_seed100/r_r_hopper_eval.json
offline,RFQI,RFQI,theta_r,m=uniform,l3_in,100,0,1271.6533,677.954329102234,20,39.6957,0,runs/spec_rnoise/off_rfqi_hopper_runiform_seed100/r_r_hopper_eval.json
offline,RFQI,RFQI,theta_r,m=uniform,l3_out,100,0,902.4264,524.5951967763796,20,28.3508,0,runs/spec_rnoise/off_rfqi_hopper_runiform_seed100/r_r_hopper_eval.json
offline,RFQI,RFQI,theta_r,m=uniform,l1_anchor,100,0,691.6544,4.331869110194048,20,21.8746,0,runs/spec_rnoise/off_rfqi_hopper_runiform_seed100/r_r_hopper_eval.json
offline,RFQI,RFQI,theta_r,m=uniform,l2_anchor,100,0,407.7694,4.618259502842779,20,13.1519,0,runs/spec_rnoise/off_rfqi_hopper_runiform_seed100/r_r_hopper_eval.json
offline,RFQI,RFQI,theta_r,m=uniform,l3_anchor,100,0,339.6977,57.97921037552321,20,11.0604,0,runs/spec_rnoise/off_rfqi_hopper_runiform_seed100/r_r_hopper_eval.json
offline,RFQI,RFQI,theta_r,m=uniform,nominal,101,1,3116.8306,696.7629712059254,20,96.3906,0,runs/spec_rnoise/off_rfqi_hopper_runiform_seed101/r_r_hopper_eval.json
offline,RFQI,RFQI,theta_r,m=uniform,l1_in,101,0,1855.8927,1069.4897520366724,20,57.6470,0,runs/spec_rnoise/off_rfqi_hopper_runiform_seed101/r_r_hopper_eval.json
offline,RFQI,RFQI,theta_r,m=uniform,l1_out,101,0,1312.1845,1071.856665098611,20,40.9410,0,runs/spec_rnoise/off_rfqi_hopper_runiform_seed101/r_r_hopper_eval.json
offline,RFQI,RFQI,theta_r,m=uniform,l2_in,101,0,1526.7024,1135.4501172862178,20,47.5323,0,runs/spec_rnoise/off_rfqi_hopper_runiform_seed101/r_r_hopper_eval.json
offline,RFQI,RFQI,theta_r,m=uniform,l2_out,101,0,934.8228,929.2086680242755,20,29.3462,0,runs/spec_rnoise/off_rfqi_hopper_runiform_seed101/r_r_hopper_eval.json
offline,RFQI,RFQI,theta_r,m=uniform,l3_in,101,0,1282.8375,681.7704863844831,20,40.0393,0,runs/spec_rnoise/off_rfqi_hopper_runiform_seed101/r_r_hopper_eval.json
offline,RFQI,RFQI,theta_r,m=uniform,l3_out,101,0,818.6915,549.89736741132,20,25.7780,0,runs/spec_rnoise/off_rfqi_hopper_runiform_seed101/r_r_hopper_eval.json
offline,RFQI,RFQI,theta_r,m=uniform,l1_anchor,101,0,783.2504,86.58578321784412,20,24.6890,0,runs/spec_rnoise/off_rfqi_hopper_runiform_seed101/r_r_hopper_eval.json
offline,RFQI,RFQI,theta_r,m=uniform,l2_anchor,101,0,418.0753,1.2181811742030573,20,13.4686,0,runs/spec_rnoise/off_rfqi_hopper_runiform_seed101/r_r_hopper_eval.json
offline,RFQI,RFQI,theta_r,m=uniform,l3_anchor,101,0,392.3225,55.69917378700508,20,12.6773,0,runs/spec_rnoise/off_rfqi_hopper_runiform_seed101/r_r_hopper_eval.json
offline,RFQI,RFQI,theta_r,m=uniform,nominal,2,1,3500.4905,237.20209319697983,20,108.1790,0,runs/spec_rnoise/off_rfqi_hopper_runiform_seed2/r_r_hopper_eval.json
offline,RFQI,RFQI,theta_r,m=uniform,l1_in,2,0,1867.6976,1104.4765728623236,20,58.0097,0,runs/spec_rnoise/off_rfqi_hopper_runiform_seed2/r_r_hopper_eval.json
offline,RFQI,RFQI,theta_r,m=uniform,l1_out,2,0,1303.6862,1133.8280278810046,20,40.6799,0,runs/spec_rnoise/off_rfqi_hopper_runiform_seed2/r_r_hopper_eval.json
offline,RFQI,RFQI,theta_r,m=uniform,l2_in,2,0,1648.2836,1148.6399308916277,20,51.2680,0,runs/spec_rnoise/off_rfqi_hopper_runiform_seed2/r_r_hopper_eval.json
offline,RFQI,RFQI,theta_r,m=uniform,l2_out,2,0,1261.9813,1154.2330970583246,20,39.3985,0,runs/spec_rnoise/off_rfqi_hopper_runiform_seed2/r_r_hopper_eval.json
offline,RFQI,RFQI,theta_r,m=uniform,l3_in,2,0,1402.0301,673.3667182344702,20,43.7016,0,runs/spec_rnoise/off_rfqi_hopper_runiform_seed2/r_r_hopper_eval.json
offline,RFQI,RFQI,theta_r,m=uniform,l3_out,2,0,1112.1887,550.9853214821087,20,34.7960,0,runs/spec_rnoise/off_rfqi_hopper_runiform_seed2/r_r_hopper_eval.json
offline,RFQI,RFQI,theta_r,m=uniform,l1_anchor,2,0,774.7513,8.793171410876301,20,24.4278,0,runs/spec_rnoise/off_rfqi_hopper_runiform_seed2/r_r_hopper_eval.json
offline,RFQI,RFQI,theta_r,m=uniform,l2_anchor,2,0,436.8266,4.146536234756621,20,14.0448,0,runs/spec_rnoise/off_rfqi_hopper_runiform_seed2/r_r_hopper_eval.json
offline,RFQI,RFQI,theta_r,m=uniform,l3_anchor,2,0,343.6674,72.36710797245348,20,11.1823,0,runs/spec_rnoise/off_rfqi_hopper_runiform_seed2/r_r_hopper_eval.json
offline,RFQI,RFQI,theta_r,m=uniform,nominal,3407,1,3377.2924,564.6176117268233,20,104.3936,0,runs/spec_rnoise/off_rfqi_hopper_runiform_seed3407/r_r_hopper_eval.json
offline,RFQI,RFQI,theta_r,m=uniform,l1_in,3407,0,1867.0537,1117.0401117363187,20,57.9900,0,runs/spec_rnoise/off_rfqi_hopper_runiform_seed3407/r_r_hopper_eval.json
offline,RFQI,RFQI,theta_r,m=uniform,l1_out,3407,0,1322.6546,1106.1296806630173,20,41.2627,0,runs/spec_rnoise/off_rfqi_hopper_runiform_seed3407/r_r_hopper_eval.json
offline,RFQI,RFQI,theta_r,m=uniform,l2_in,3407,0,1624.4882,1156.385976335832,20,50.5369,0,runs/spec_rnoise/off_rfqi_hopper_runiform_seed3407/r_r_hopper_eval.json
offline,RFQI,RFQI,theta_r,m=uniform,l2_out,3407,0,921.7112,530.2344176111399,20,28.9433,0,runs/spec_rnoise/off_rfqi_hopper_runiform_seed3407/r_r_hopper_eval.json
offline,RFQI,RFQI,theta_r,m=uniform,l3_in,3407,0,1298.5929,685.1098019811548,20,40.5234,0,runs/spec_rnoise/off_rfqi_hopper_runiform_seed3407/r_r_hopper_eval.json
offline,RFQI,RFQI,theta_r,m=uniform,l3_out,3407,0,1020.5637,650.4645535562032,20,31.9807,0,runs/spec_rnoise/off_rfqi_hopper_runiform_seed3407/r_r_hopper_eval.json
offline,RFQI,RFQI,theta_r,m=uniform,l1_anchor,3407,0,689.5701,16.86240031997581,20,21.8106,0,runs/spec_rnoise/off_rfqi_hopper_runiform_seed3407/r_r_hopper_eval.json
offline,RFQI,RFQI,theta_r,m=uniform,l2_anchor,3407,0,450.1974,3.7597916291765183,20,14.4556,0,runs/spec_rnoise/off_rfqi_hopper_runiform_seed3407/r_r_hopper_eval.json
offline,RFQI,RFQI,theta_r,m=uniform,l3_anchor,3407,0,370.1351,16.849223773977453,20,11.9956,0,runs/spec_rnoise/off_rfqi_hopper_runiform_seed3407/r_r_hopper_eval.json
offline,RFQI,RFQI,theta_r,m=shift,nominal,0,1,1027.8700,39.97037055321896,20,32.2052,0,runs/spec_rnoise/off_rfqi_hopper_rshift_seed0/r_r_hopper_eval.json
offline,RFQI,RFQI,theta_r,m=shift,l1_in,0,0,880.1762,179.54350425544632,20,27.6671,0,runs/spec_rnoise/off_rfqi_hopper_rshift_seed0/r_r_hopper_eval.json
offline,RFQI,RFQI,theta_r,m=shift,l1_out,0,0,763.2474,339.98544673419315,20,24.0744,0,runs/spec_rnoise/off_rfqi_hopper_rshift_seed0/r_r_hopper_eval.json
offline,RFQI,RFQI,theta_r,m=shift,l2_in,0,0,1211.5241,1057.1571453823287,20,37.8481,0,runs/spec_rnoise/off_rfqi_hopper_rshift_seed0/r_r_hopper_eval.json
offline,RFQI,RFQI,theta_r,m=shift,l2_out,0,0,1073.9305,1137.2894201407485,20,33.6204,0,runs/spec_rnoise/off_rfqi_hopper_rshift_seed0/r_r_hopper_eval.json
offline,RFQI,RFQI,theta_r,m=shift,l3_in,0,0,991.4643,299.6524123708276,20,31.0866,0,runs/spec_rnoise/off_rfqi_hopper_rshift_seed0/r_r_hopper_eval.json
offline,RFQI,RFQI,theta_r,m=shift,l3_out,0,0,896.2633,438.84400611830165,20,28.1614,0,runs/spec_rnoise/off_rfqi_hopper_rshift_seed0/r_r_hopper_eval.json
offline,RFQI,RFQI,theta_r,m=shift,l1_anchor,0,0,437.5081,1.7593136417682085,20,14.0657,0,runs/spec_rnoise/off_rfqi_hopper_rshift_seed0/r_r_hopper_eval.json
offline,RFQI,RFQI,theta_r,m=shift,l2_anchor,0,0,345.0932,47.066065430153344,20,11.2262,0,runs/spec_rnoise/off_rfqi_hopper_rshift_seed0/r_r_hopper_eval.json
offline,RFQI,RFQI,theta_r,m=shift,l3_anchor,0,0,246.3774,7.637455520072653,20,8.1930,0,runs/spec_rnoise/off_rfqi_hopper_rshift_seed0/r_r_hopper_eval.json
offline,RFQI,RFQI,theta_r,m=shift,nominal,100,1,3567.3592,162.04016890883332,20,110.2336,0,runs/spec_rnoise/off_rfqi_hopper_rshift_seed100/r_r_hopper_eval.json
offline,RFQI,RFQI,theta_r,m=shift,l1_in,100,0,1596.7050,878.5306568050026,20,49.6832,0,runs/spec_rnoise/off_rfqi_hopper_rshift_seed100/r_r_hopper_eval.json
offline,RFQI,RFQI,theta_r,m=shift,l1_out,100,0,1230.5449,900.1980009619106,20,38.4326,0,runs/spec_rnoise/off_rfqi_hopper_rshift_seed100/r_r_hopper_eval.json
offline,RFQI,RFQI,theta_r,m=shift,l2_in,100,0,1396.3308,1130.2686737050226,20,43.5265,0,runs/spec_rnoise/off_rfqi_hopper_rshift_seed100/r_r_hopper_eval.json
offline,RFQI,RFQI,theta_r,m=shift,l2_out,100,0,793.7916,725.215440454211,20,25.0129,0,runs/spec_rnoise/off_rfqi_hopper_rshift_seed100/r_r_hopper_eval.json
offline,RFQI,RFQI,theta_r,m=shift,l3_in,100,0,1293.9605,561.7574589093373,20,40.3811,0,runs/spec_rnoise/off_rfqi_hopper_rshift_seed100/r_r_hopper_eval.json
offline,RFQI,RFQI,theta_r,m=shift,l3_out,100,0,894.6706,492.7086305431275,20,28.1125,0,runs/spec_rnoise/off_rfqi_hopper_rshift_seed100/r_r_hopper_eval.json
offline,RFQI,RFQI,theta_r,m=shift,l1_anchor,100,0,771.9972,17.28334775215025,20,24.3432,0,runs/spec_rnoise/off_rfqi_hopper_rshift_seed100/r_r_hopper_eval.json
offline,RFQI,RFQI,theta_r,m=shift,l2_anchor,100,0,440.7527,1.3451306587783411,20,14.1654,0,runs/spec_rnoise/off_rfqi_hopper_rshift_seed100/r_r_hopper_eval.json
offline,RFQI,RFQI,theta_r,m=shift,l3_anchor,100,0,388.5193,56.82865690586185,20,12.5605,0,runs/spec_rnoise/off_rfqi_hopper_rshift_seed100/r_r_hopper_eval.json
offline,RFQI,RFQI,theta_r,m=shift,nominal,101,1,3568.6777,345.4392428358863,20,110.2741,0,runs/spec_rnoise/off_rfqi_hopper_rshift_seed101/r_r_hopper_eval.json
offline,RFQI,RFQI,theta_r,m=shift,l1_in,101,0,1661.6317,866.8261233329002,20,51.6782,0,runs/spec_rnoise/off_rfqi_hopper_rshift_seed101/r_r_hopper_eval.json
offline,RFQI,RFQI,theta_r,m=shift,l1_out,101,0,1456.6932,1219.8879695044309,20,45.3812,0,runs/spec_rnoise/off_rfqi_hopper_rshift_seed101/r_r_hopper_eval.json
offline,RFQI,RFQI,theta_r,m=shift,l2_in,101,0,1366.3082,978.5258348655004,20,42.6040,0,runs/spec_rnoise/off_rfqi_hopper_rshift_seed101/r_r_hopper_eval.json
offline,RFQI,RFQI,theta_r,m=shift,l2_out,101,0,861.6336,715.6553379948027,20,27.0974,0,runs/spec_rnoise/off_rfqi_hopper_rshift_seed101/r_r_hopper_eval.json
offline,RFQI,RFQI,theta_r,m=shift,l3_in,101,0,1414.5631,668.1884107126101,20,44.0867,0,runs/spec_rnoise/off_rfqi_hopper_rshift_seed101/r_r_hopper_eval.json
offline,RFQI,RFQI,theta_r,m=shift,l3_out,101,0,869.3050,617.7239588840685,20,27.3331,0,runs/spec_rnoise/off_rfqi_hopper_rshift_seed101/r_r_hopper_eval.json
offline,RFQI,RFQI,theta_r,m=shift,l1_anchor,101,0,760.2086,9.405101105311973,20,23.9810,0,runs/spec_rnoise/off_rfqi_hopper_rshift_seed101/r_r_hopper_eval.json
offline,RFQI,RFQI,theta_r,m=shift,l2_anchor,101,0,433.0963,1.7228281335571582,20,13.9301,0,runs/spec_rnoise/off_rfqi_hopper_rshift_seed101/r_r_hopper_eval.json
offline,RFQI,RFQI,theta_r,m=shift,l3_anchor,101,0,289.1812,106.06567512790009,20,9.5082,0,runs/spec_rnoise/off_rfqi_hopper_rshift_seed101/r_r_hopper_eval.json
offline,RFQI,RFQI,theta_r,m=shift,nominal,2,1,3486.7106,185.1647424977602,20,107.7556,0,runs/spec_rnoise/off_rfqi_hopper_rshift_seed2/r_r_hopper_eval.json
offline,RFQI,RFQI,theta_r,m=shift,l1_in,2,0,2279.2994,1190.437592851677,20,70.6566,0,runs/spec_rnoise/off_rfqi_hopper_rshift_seed2/r_r_hopper_eval.json
offline,RFQI,RFQI,theta_r,m=shift,l1_out,2,0,1474.3275,1230.607440093031,20,45.9230,0,runs/spec_rnoise/off_rfqi_hopper_rshift_seed2/r_r_hopper_eval.json
offline,RFQI,RFQI,theta_r,m=shift,l2_in,2,0,1770.0996,1314.4466727353436,20,55.0109,0,runs/spec_rnoise/off_rfqi_hopper_rshift_seed2/r_r_hopper_eval.json
offline,RFQI,RFQI,theta_r,m=shift,l2_out,2,0,811.6912,741.4049402444784,20,25.5629,0,runs/spec_rnoise/off_rfqi_hopper_rshift_seed2/r_r_hopper_eval.json
offline,RFQI,RFQI,theta_r,m=shift,l3_in,2,0,1464.8127,689.8848262348188,20,45.6307,0,runs/spec_rnoise/off_rfqi_hopper_rshift_seed2/r_r_hopper_eval.json
offline,RFQI,RFQI,theta_r,m=shift,l3_out,2,0,956.9949,506.8427096891937,20,30.0275,0,runs/spec_rnoise/off_rfqi_hopper_rshift_seed2/r_r_hopper_eval.json
offline,RFQI,RFQI,theta_r,m=shift,l1_anchor,2,0,786.2964,12.5739396048085,20,24.7826,0,runs/spec_rnoise/off_rfqi_hopper_rshift_seed2/r_r_hopper_eval.json
offline,RFQI,RFQI,theta_r,m=shift,l2_anchor,2,0,417.7128,28.968226664211333,20,13.4575,0,runs/spec_rnoise/off_rfqi_hopper_rshift_seed2/r_r_hopper_eval.json
offline,RFQI,RFQI,theta_r,m=shift,l3_anchor,2,0,372.6781,82.5738572200372,20,12.0737,0,runs/spec_rnoise/off_rfqi_hopper_rshift_seed2/r_r_hopper_eval.json
offline,RFQI,RFQI,theta_r,m=shift,nominal,3407,1,3400.9016,539.0217114497927,20,105.1190,0,runs/spec_rnoise/off_rfqi_hopper_rshift_seed3407/r_r_hopper_eval.json
offline,RFQI,RFQI,theta_r,m=shift,l1_in,3407,0,1735.4319,1101.40865280797,20,53.9457,0,runs/spec_rnoise/off_rfqi_hopper_rshift_seed3407/r_r_hopper_eval.json
offline,RFQI,RFQI,theta_r,m=shift,l1_out,3407,0,1280.4592,1130.2134990318148,20,39.9662,0,runs/spec_rnoise/off_rfqi_hopper_rshift_seed3407/r_r_hopper_eval.json
offline,RFQI,RFQI,theta_r,m=shift,l2_in,3407,0,1421.8273,1008.2902398959499,20,44.3099,0,runs/spec_rnoise/off_rfqi_hopper_rshift_seed3407/r_r_hopper_eval.json
offline,RFQI,RFQI,theta_r,m=shift,l2_out,3407,0,815.4962,716.759984927518,20,25.6798,0,runs/spec_rnoise/off_rfqi_hopper_rshift_seed3407/r_r_hopper_eval.json
offline,RFQI,RFQI,theta_r,m=shift,l3_in,3407,0,1322.6891,770.0195974999398,20,41.2638,0,runs/spec_rnoise/off_rfqi_hopper_rshift_seed3407/r_r_hopper_eval.json
offline,RFQI,RFQI,theta_r,m=shift,l3_out,3407,0,802.2754,529.6224187836839,20,25.2736,0,runs/spec_rnoise/off_rfqi_hopper_rshift_seed3407/r_r_hopper_eval.json
offline,RFQI,RFQI,theta_r,m=shift,l1_anchor,3407,0,691.8481,12.781547863450234,20,21.8806,0,runs/spec_rnoise/off_rfqi_hopper_rshift_seed3407/r_r_hopper_eval.json
offline,RFQI,RFQI,theta_r,m=shift,l2_anchor,3407,0,263.7479,1.917832815137308,20,8.7267,0,runs/spec_rnoise/off_rfqi_hopper_rshift_seed3407/r_r_hopper_eval.json
offline,RFQI,RFQI,theta_r,m=shift,l3_anchor,3407,0,261.5558,11.872039109996571,20,8.6594,0,runs/spec_rnoise/off_rfqi_hopper_rshift_seed3407/r_r_hopper_eval.json
offline,RFQI,RFQI,theta_tau_credit,k=4,nominal,0,1,1086.9722,28.94447108599802,20,34.0212,0,runs/spec_rdelay/off_rfqi_hopper_k4_seed0/r_r_hopper_eval.json
offline,RFQI,RFQI,theta_tau_credit,k=4,l1_in,0,0,1215.7809,627.7997931521137,20,37.9789,0,runs/spec_rdelay/off_rfqi_hopper_k4_seed0/r_r_hopper_eval.json
offline,RFQI,RFQI,theta_tau_credit,k=4,l1_out,0,0,1196.9555,1029.037509336854,20,37.4005,0,runs/spec_rdelay/off_rfqi_hopper_k4_seed0/r_r_hopper_eval.json
offline,RFQI,RFQI,theta_tau_credit,k=4,l2_in,0,0,988.8957,439.38615138379106,20,31.0077,0,runs/spec_rdelay/off_rfqi_hopper_k4_seed0/r_r_hopper_eval.json
offline,RFQI,RFQI,theta_tau_credit,k=4,l2_out,0,0,768.8574,693.4362844207892,20,24.2467,0,runs/spec_rdelay/off_rfqi_hopper_k4_seed0/r_r_hopper_eval.json
offline,RFQI,RFQI,theta_tau_credit,k=4,l3_in,0,0,1106.1548,302.0958307622729,20,34.6106,0,runs/spec_rdelay/off_rfqi_hopper_k4_seed0/r_r_hopper_eval.json
offline,RFQI,RFQI,theta_tau_credit,k=4,l3_out,0,0,741.8504,501.6991514452103,20,23.4169,0,runs/spec_rdelay/off_rfqi_hopper_k4_seed0/r_r_hopper_eval.json
offline,RFQI,RFQI,theta_tau_credit,k=4,l1_anchor,0,0,506.9453,2.031160065578178,20,16.1992,0,runs/spec_rdelay/off_rfqi_hopper_k4_seed0/r_r_hopper_eval.json
offline,RFQI,RFQI,theta_tau_credit,k=4,l2_anchor,0,0,411.5038,2.4958386479789265,20,13.2667,0,runs/spec_rdelay/off_rfqi_hopper_k4_seed0/r_r_hopper_eval.json
offline,RFQI,RFQI,theta_tau_credit,k=4,l3_anchor,0,0,261.9683,66.36163029331657,20,8.6721,0,runs/spec_rdelay/off_rfqi_hopper_k4_seed0/r_r_hopper_eval.json
offline,RFQI,RFQI,theta_tau_credit,k=4,nominal,100,1,1848.3200,614.0615390270885,20,57.4143,0,runs/spec_rdelay/off_rfqi_hopper_k4_seed100/r_r_hopper_eval.json
offline,RFQI,RFQI,theta_tau_credit,k=4,l1_in,100,0,1297.6469,829.2148955484714,20,40.4943,0,runs/spec_rdelay/off_rfqi_hopper_k4_seed100/r_r_hopper_eval.json
offline,RFQI,RFQI,theta_tau_credit,k=4,l1_out,100,0,961.0372,801.6786440352315,20,30.1517,0,runs/spec_rdelay/off_rfqi_hopper_k4_seed100/r_r_hopper_eval.json
offline,RFQI,RFQI,theta_tau_credit,k=4,l2_in,100,0,1040.9938,740.8198986057206,20,32.6084,0,runs/spec_rdelay/off_rfqi_hopper_k4_seed100/r_r_hopper_eval.json
offline,RFQI,RFQI,theta_tau_credit,k=4,l2_out,100,0,629.0966,343.30512923120335,20,19.9525,0,runs/spec_rdelay/off_rfqi_hopper_k4_seed100/r_r_hopper_eval.json
offline,RFQI,RFQI,theta_tau_credit,k=4,l3_in,100,0,1115.0534,460.21848013627476,20,34.8840,0,runs/spec_rdelay/off_rfqi_hopper_k4_seed100/r_r_hopper_eval.json
offline,RFQI,RFQI,theta_tau_credit,k=4,l3_out,100,0,813.8723,545.8809486977509,20,25.6299,0,runs/spec_rdelay/off_rfqi_hopper_k4_seed100/r_r_hopper_eval.json
offline,RFQI,RFQI,theta_tau_credit,k=4,l1_anchor,100,0,474.7692,17.604185842330544,20,15.2106,0,runs/spec_rdelay/off_rfqi_hopper_k4_seed100/r_r_hopper_eval.json
offline,RFQI,RFQI,theta_tau_credit,k=4,l2_anchor,100,0,379.9123,1.7931133780000126,20,12.2960,0,runs/spec_rdelay/off_rfqi_hopper_k4_seed100/r_r_hopper_eval.json
offline,RFQI,RFQI,theta_tau_credit,k=4,l3_anchor,100,0,332.9313,58.807691535982656,20,10.8525,0,runs/spec_rdelay/off_rfqi_hopper_k4_seed100/r_r_hopper_eval.json
offline,RFQI,RFQI,theta_tau_credit,k=4,nominal,101,1,995.7614,16.961683006613526,20,31.2186,0,runs/spec_rdelay/off_rfqi_hopper_k4_seed101/r_r_hopper_eval.json
offline,RFQI,RFQI,theta_tau_credit,k=4,l1_in,101,0,1349.1667,956.069296276098,20,42.0773,0,runs/spec_rdelay/off_rfqi_hopper_k4_seed101/r_r_hopper_eval.json
offline,RFQI,RFQI,theta_tau_credit,k=4,l1_out,101,0,822.7356,420.6641659855767,20,25.9022,0,runs/spec_rdelay/off_rfqi_hopper_k4_seed101/r_r_hopper_eval.json
offline,RFQI,RFQI,theta_tau_credit,k=4,l2_in,101,0,860.9191,344.0584462115787,20,27.0754,0,runs/spec_rdelay/off_rfqi_hopper_k4_seed101/r_r_hopper_eval.json
offline,RFQI,RFQI,theta_tau_credit,k=4,l2_out,101,0,667.3187,629.2628817885332,20,21.1269,0,runs/spec_rdelay/off_rfqi_hopper_k4_seed101/r_r_hopper_eval.json
offline,RFQI,RFQI,theta_tau_credit,k=4,l3_in,101,0,1100.7814,374.1536613065227,20,34.4455,0,runs/spec_rdelay/off_rfqi_hopper_k4_seed101/r_r_hopper_eval.json
offline,RFQI,RFQI,theta_tau_credit,k=4,l3_out,101,0,990.7104,511.31381157924795,20,31.0634,0,runs/spec_rdelay/off_rfqi_hopper_k4_seed101/r_r_hopper_eval.json
offline,RFQI,RFQI,theta_tau_credit,k=4,l1_anchor,101,0,458.5261,16.022744198740558,20,14.7115,0,runs/spec_rdelay/off_rfqi_hopper_k4_seed101/r_r_hopper_eval.json
offline,RFQI,RFQI,theta_tau_credit,k=4,l2_anchor,101,0,370.2205,1.8295687234534541,20,11.9982,0,runs/spec_rdelay/off_rfqi_hopper_k4_seed101/r_r_hopper_eval.json
offline,RFQI,RFQI,theta_tau_credit,k=4,l3_anchor,101,0,329.9190,49.51405290773414,20,10.7599,0,runs/spec_rdelay/off_rfqi_hopper_k4_seed101/r_r_hopper_eval.json
offline,RFQI,RFQI,theta_tau_credit,k=4,nominal,2,1,971.6441,18.719809126746515,20,30.4776,0,runs/spec_rdelay/off_rfqi_hopper_k4_seed2/r_r_hopper_eval.json
offline,RFQI,RFQI,theta_tau_credit,k=4,l1_in,2,0,1569.3178,1172.4312326663614,20,48.8417,0,runs/spec_rdelay/off_rfqi_hopper_k4_seed2/r_r_hopper_eval.json
offline,RFQI,RFQI,theta_tau_credit,k=4,l1_out,2,0,1168.6999,1016.6937470556433,20,36.5323,0,runs/spec_rdelay/off_rfqi_hopper_k4_seed2/r_r_hopper_eval.json
offline,RFQI,RFQI,theta_tau_credit,k=4,l2_in,2,0,1411.0675,1163.1401196729662,20,43.9793,0,runs/spec_rdelay/off_rfqi_hopper_k4_seed2/r_r_hopper_eval.json
offline,RFQI,RFQI,theta_tau_credit,k=4,l2_out,2,0,1032.0625,982.5846319110431,20,32.3340,0,runs/spec_rdelay/off_rfqi_hopper_k4_seed2/r_r_hopper_eval.json
offline,RFQI,RFQI,theta_tau_credit,k=4,l3_in,2,0,1297.7922,644.4632039315971,20,40.4988,0,runs/spec_rdelay/off_rfqi_hopper_k4_seed2/r_r_hopper_eval.json
offline,RFQI,RFQI,theta_tau_credit,k=4,l3_out,2,0,1147.4063,423.945255252272,20,35.8781,0,runs/spec_rdelay/off_rfqi_hopper_k4_seed2/r_r_hopper_eval.json
offline,RFQI,RFQI,theta_tau_credit,k=4,l1_anchor,2,0,565.6992,7.891906709865758,20,18.0045,0,runs/spec_rdelay/off_rfqi_hopper_k4_seed2/r_r_hopper_eval.json
offline,RFQI,RFQI,theta_tau_credit,k=4,l2_anchor,2,0,375.9105,1.4977333651364968,20,12.1731,0,runs/spec_rdelay/off_rfqi_hopper_k4_seed2/r_r_hopper_eval.json
offline,RFQI,RFQI,theta_tau_credit,k=4,l3_anchor,2,0,356.8812,8.025336518627975,20,11.5884,0,runs/spec_rdelay/off_rfqi_hopper_k4_seed2/r_r_hopper_eval.json
offline,RFQI,RFQI,theta_tau_credit,k=4,nominal,3407,1,1031.1660,43.46152095467897,20,32.3064,0,runs/spec_rdelay/off_rfqi_hopper_k4_seed3407/r_r_hopper_eval.json
offline,RFQI,RFQI,theta_tau_credit,k=4,l1_in,3407,0,1554.8784,1025.1705871335869,20,48.3980,0,runs/spec_rdelay/off_rfqi_hopper_k4_seed3407/r_r_hopper_eval.json
offline,RFQI,RFQI,theta_tau_credit,k=4,l1_out,3407,0,1229.5487,1041.254573419021,20,38.4020,0,runs/spec_rdelay/off_rfqi_hopper_k4_seed3407/r_r_hopper_eval.json
offline,RFQI,RFQI,theta_tau_credit,k=4,l2_in,3407,0,1498.1802,1145.5735619115699,20,46.6559,0,runs/spec_rdelay/off_rfqi_hopper_k4_seed3407/r_r_hopper_eval.json
offline,RFQI,RFQI,theta_tau_credit,k=4,l2_out,3407,0,1161.5297,1092.521351143031,20,36.3120,0,runs/spec_rdelay/off_rfqi_hopper_k4_seed3407/r_r_hopper_eval.json
offline,RFQI,RFQI,theta_tau_credit,k=4,l3_in,3407,0,1309.0716,516.0480894633554,20,40.8454,0,runs/spec_rdelay/off_rfqi_hopper_k4_seed3407/r_r_hopper_eval.json
offline,RFQI,RFQI,theta_tau_credit,k=4,l3_out,3407,0,1099.6664,563.5310736847424,20,34.4112,0,runs/spec_rdelay/off_rfqi_hopper_k4_seed3407/r_r_hopper_eval.json
offline,RFQI,RFQI,theta_tau_credit,k=4,l1_anchor,3407,0,571.1161,3.2028681718318888,20,18.1709,0,runs/spec_rdelay/off_rfqi_hopper_k4_seed3407/r_r_hopper_eval.json
offline,RFQI,RFQI,theta_tau_credit,k=4,l2_anchor,3407,0,374.5202,3.994874311900488,20,12.1303,0,runs/spec_rdelay/off_rfqi_hopper_k4_seed3407/r_r_hopper_eval.json
offline,RFQI,RFQI,theta_tau_credit,k=4,l3_anchor,3407,0,354.0529,13.511256143590778,20,11.5015,0,runs/spec_rdelay/off_rfqi_hopper_k4_seed3407/r_r_hopper_eval.json
offline,RFQI,RFQI,theta_tau_credit,k=16,nominal,0,1,3557.7642,366.7317078961055,20,109.9388,0,runs/spec_rdelay/off_rfqi_hopper_k16_seed0/r_r_hopper_eval.json
offline,RFQI,RFQI,theta_tau_credit,k=16,l1_in,0,0,2311.7064,1245.5736749900782,20,71.6524,0,runs/spec_rdelay/off_rfqi_hopper_k16_seed0/r_r_hopper_eval.json
offline,RFQI,RFQI,theta_tau_credit,k=16,l1_out,0,0,1613.7887,1312.1878280593735,20,50.2081,0,runs/spec_rdelay/off_rfqi_hopper_k16_seed0/r_r_hopper_eval.json
offline,RFQI,RFQI,theta_tau_credit,k=16,l2_in,0,0,1648.6649,1180.4721136294881,20,51.2797,0,runs/spec_rdelay/off_rfqi_hopper_k16_seed0/r_r_hopper_eval.json
offline,RFQI,RFQI,theta_tau_credit,k=16,l2_out,0,0,960.0182,842.0498820360867,20,30.1204,0,runs/spec_rdelay/off_rfqi_hopper_k16_seed0/r_r_hopper_eval.json
offline,RFQI,RFQI,theta_tau_credit,k=16,l3_in,0,0,1378.6321,651.9610112314225,20,42.9827,0,runs/spec_rdelay/off_rfqi_hopper_k16_seed0/r_r_hopper_eval.json
offline,RFQI,RFQI,theta_tau_credit,k=16,l3_out,0,0,1051.7786,647.1113521903991,20,32.9398,0,runs/spec_rdelay/off_rfqi_hopper_k16_seed0/r_r_hopper_eval.json
offline,RFQI,RFQI,theta_tau_credit,k=16,l1_anchor,0,0,727.1201,18.212811330817946,20,22.9643,0,runs/spec_rdelay/off_rfqi_hopper_k16_seed0/r_r_hopper_eval.json
offline,RFQI,RFQI,theta_tau_credit,k=16,l2_anchor,0,0,408.9166,6.488524563798797,20,13.1872,0,runs/spec_rdelay/off_rfqi_hopper_k16_seed0/r_r_hopper_eval.json
offline,RFQI,RFQI,theta_tau_credit,k=16,l3_anchor,0,0,355.1191,57.91560376773106,20,11.5342,0,runs/spec_rdelay/off_rfqi_hopper_k16_seed0/r_r_hopper_eval.json
offline,RFQI,RFQI,theta_tau_credit,k=16,nominal,100,1,2016.4086,795.2971859492814,20,62.5790,0,runs/spec_rdelay/off_rfqi_hopper_k16_seed100/r_r_hopper_eval.json
offline,RFQI,RFQI,theta_tau_credit,k=16,l1_in,100,0,1846.3713,1160.2514232404203,20,57.3545,0,runs/spec_rdelay/off_rfqi_hopper_k16_seed100/r_r_hopper_eval.json
offline,RFQI,RFQI,theta_tau_credit,k=16,l1_out,100,0,1342.1449,1103.7210906058176,20,41.8616,0,runs/spec_rdelay/off_rfqi_hopper_k16_seed100/r_r_hopper_eval.json
offline,RFQI,RFQI,theta_tau_credit,k=16,l2_in,100,0,1614.8939,1144.3569517321666,20,50.2421,0,runs/spec_rdelay/off_rfqi_hopper_k16_seed100/r_r_hopper_eval.json
offline,RFQI,RFQI,theta_tau_credit,k=16,l2_out,100,0,864.4538,708.6398866624836,20,27.1840,0,runs/spec_rdelay/off_rfqi_hopper_k16_seed100/r_r_hopper_eval.json
offline,RFQI,RFQI,theta_tau_credit,k=16,l3_in,100,0,1349.5202,722.4283419598415,20,42.0882,0,runs/spec_rdelay/off_rfqi_hopper_k16_seed100/r_r_hopper_eval.json
offline,RFQI,RFQI,theta_tau_credit,k=16,l3_out,100,0,900.4197,565.7387549089865,20,28.2891,0,runs/spec_rdelay/off_rfqi_hopper_k16_seed100/r_r_hopper_eval.json
offline,RFQI,RFQI,theta_tau_credit,k=16,l1_anchor,100,0,670.9733,24.264703467770605,20,21.2392,0,runs/spec_rdelay/off_rfqi_hopper_k16_seed100/r_r_hopper_eval.json
offline,RFQI,RFQI,theta_tau_credit,k=16,l2_anchor,100,0,420.3218,3.71880218677101,20,13.5376,0,runs/spec_rdelay/off_rfqi_hopper_k16_seed100/r_r_hopper_eval.json
offline,RFQI,RFQI,theta_tau_credit,k=16,l3_anchor,100,0,371.0397,30.427707396323186,20,12.0234,0,runs/spec_rdelay/off_rfqi_hopper_k16_seed100/r_r_hopper_eval.json
offline,RFQI,RFQI,theta_tau_credit,k=16,nominal,101,1,2626.8452,1024.6694385044348,20,81.3353,0,runs/spec_rdelay/off_rfqi_hopper_k16_seed101/r_r_hopper_eval.json
offline,RFQI,RFQI,theta_tau_credit,k=16,l1_in,101,0,2229.0740,1376.858258326567,20,69.1134,0,runs/spec_rdelay/off_rfqi_hopper_k16_seed101/r_r_hopper_eval.json
offline,RFQI,RFQI,theta_tau_credit,k=16,l1_out,101,0,1599.9793,1418.2575588475058,20,49.7838,0,runs/spec_rdelay/off_rfqi_hopper_k16_seed101/r_r_hopper_eval.json
offline,RFQI,RFQI,theta_tau_credit,k=16,l2_in,101,0,1862.8513,1448.5566808979474,20,57.8608,0,runs/spec_rdelay/off_rfqi_hopper_k16_seed101/r_r_hopper_eval.json
offline,RFQI,RFQI,theta_tau_credit,k=16,l2_out,101,0,718.3240,712.7000801634821,20,22.6941,0,runs/spec_rdelay/off_rfqi_hopper_k16_seed101/r_r_hopper_eval.json
offline,RFQI,RFQI,theta_tau_credit,k=16,l3_in,101,0,1365.2521,744.596184922412,20,42.5716,0,runs/spec_rdelay/off_rfqi_hopper_k16_seed101/r_r_hopper_eval.json
offline,RFQI,RFQI,theta_tau_credit,k=16,l3_out,101,0,1045.1542,548.9187311800124,20,32.7363,0,runs/spec_rdelay/off_rfqi_hopper_k16_seed101/r_r_hopper_eval.json
offline,RFQI,RFQI,theta_tau_credit,k=16,l1_anchor,101,0,427.2533,1.4963405127656462,20,13.7506,0,runs/spec_rdelay/off_rfqi_hopper_k16_seed101/r_r_hopper_eval.json
offline,RFQI,RFQI,theta_tau_credit,k=16,l2_anchor,101,0,405.6331,7.281979637730916,20,13.0863,0,runs/spec_rdelay/off_rfqi_hopper_k16_seed101/r_r_hopper_eval.json
offline,RFQI,RFQI,theta_tau_credit,k=16,l3_anchor,101,0,319.6696,61.05575201938548,20,10.4450,0,runs/spec_rdelay/off_rfqi_hopper_k16_seed101/r_r_hopper_eval.json
offline,RFQI,RFQI,theta_tau_credit,k=16,nominal,2,1,992.6294,9.688895251642753,20,31.1224,0,runs/spec_rdelay/off_rfqi_hopper_k16_seed2/r_r_hopper_eval.json
offline,RFQI,RFQI,theta_tau_credit,k=16,l1_in,2,0,1324.8153,1035.1367799174254,20,41.3291,0,runs/spec_rdelay/off_rfqi_hopper_k16_seed2/r_r_hopper_eval.json
offline,RFQI,RFQI,theta_tau_credit,k=16,l1_out,2,0,1003.7300,910.3767582006731,20,31.4635,0,runs/spec_rdelay/off_rfqi_hopper_k16_seed2/r_r_hopper_eval.json
offline,RFQI,RFQI,theta_tau_credit,k=16,l2_in,2,0,1227.4392,1092.0876714247286,20,38.3371,0,runs/spec_rdelay/off_rfqi_hopper_k16_seed2/r_r_hopper_eval.json
offline,RFQI,RFQI,theta_tau_credit,k=16,l2_out,2,0,797.8932,979.7374666745278,20,25.1389,0,runs/spec_rdelay/off_rfqi_hopper_k16_seed2/r_r_hopper_eval.json
offline,RFQI,RFQI,theta_tau_credit,k=16,l3_in,2,0,1188.4610,542.8397701110882,20,37.1395,0,runs/spec_rdelay/off_rfqi_hopper_k16_seed2/r_r_hopper_eval.json
offline,RFQI,RFQI,theta_tau_credit,k=16,l3_out,2,0,958.9881,628.2074991389997,20,30.0887,0,runs/spec_rdelay/off_rfqi_hopper_k16_seed2/r_r_hopper_eval.json
offline,RFQI,RFQI,theta_tau_credit,k=16,l1_anchor,2,0,420.9172,2.014209884956982,20,13.5559,0,runs/spec_rdelay/off_rfqi_hopper_k16_seed2/r_r_hopper_eval.json
offline,RFQI,RFQI,theta_tau_credit,k=16,l2_anchor,2,0,396.2873,10.936783215723267,20,12.7992,0,runs/spec_rdelay/off_rfqi_hopper_k16_seed2/r_r_hopper_eval.json
offline,RFQI,RFQI,theta_tau_credit,k=16,l3_anchor,2,0,235.6831,48.192450383076384,20,7.8644,0,runs/spec_rdelay/off_rfqi_hopper_k16_seed2/r_r_hopper_eval.json
offline,RFQI,RFQI,theta_tau_credit,k=16,nominal,3407,1,3447.6259,511.4261739509223,20,106.5547,0,runs/spec_rdelay/off_rfqi_hopper_k16_seed3407/r_r_hopper_eval.json
offline,RFQI,RFQI,theta_tau_credit,k=16,l1_in,3407,0,2359.3078,1260.6001517537607,20,73.1150,0,runs/spec_rdelay/off_rfqi_hopper_k16_seed3407/r_r_hopper_eval.json
offline,RFQI,RFQI,theta_tau_credit,k=16,l1_out,3407,0,1679.1668,1373.2315262545806,20,52.2169,0,runs/spec_rdelay/off_rfqi_hopper_k16_seed3407/r_r_hopper_eval.json
offline,RFQI,RFQI,theta_tau_credit,k=16,l2_in,3407,0,2030.7088,1353.167498754991,20,63.0184,0,runs/spec_rdelay/off_rfqi_hopper_k16_seed3407/r_r_hopper_eval.json
offline,RFQI,RFQI,theta_tau_credit,k=16,l2_out,3407,0,1086.2262,913.3157991251106,20,33.9982,0,runs/spec_rdelay/off_rfqi_hopper_k16_seed3407/r_r_hopper_eval.json
offline,RFQI,RFQI,theta_tau_credit,k=16,l3_in,3407,0,1482.3955,738.1584401754266,20,46.1709,0,runs/spec_rdelay/off_rfqi_hopper_k16_seed3407/r_r_hopper_eval.json
offline,RFQI,RFQI,theta_tau_credit,k=16,l3_out,3407,0,1102.4586,562.9523715968095,20,34.4970,0,runs/spec_rdelay/off_rfqi_hopper_k16_seed3407/r_r_hopper_eval.json
offline,RFQI,RFQI,theta_tau_credit,k=16,l1_anchor,3407,0,688.1322,21.114869780858537,20,21.7664,0,runs/spec_rdelay/off_rfqi_hopper_k16_seed3407/r_r_hopper_eval.json
offline,RFQI,RFQI,theta_tau_credit,k=16,l2_anchor,3407,0,459.3183,3.428489359550169,20,14.7358,0,runs/spec_rdelay/off_rfqi_hopper_k16_seed3407/r_r_hopper_eval.json
offline,RFQI,RFQI,theta_tau_credit,k=16,l3_anchor,3407,0,383.5547,30.78254821730044,20,12.4079,0,runs/spec_rdelay/off_rfqi_hopper_k16_seed3407/r_r_hopper_eval.json
offline,RFQI,RFQI,theta_tau_credit,k=32,nominal,0,1,3618.1255,56.69838092821216,20,111.7934,0,runs/spec_rdelay/off_rfqi_hopper_k32_seed0/r_r_hopper_eval.json
offline,RFQI,RFQI,theta_tau_credit,k=32,l1_in,0,0,2064.2978,1277.0633353050198,20,64.0505,0,runs/spec_rdelay/off_rfqi_hopper_k32_seed0/r_r_hopper_eval.json
offline,RFQI,RFQI,theta_tau_credit,k=32,l1_out,0,0,1555.3579,1321.7572463388772,20,48.4128,0,runs/spec_rdelay/off_rfqi_hopper_k32_seed0/r_r_hopper_eval.json
offline,RFQI,RFQI,theta_tau_credit,k=32,l2_in,0,0,1613.1309,1222.424718961204,20,50.1879,0,runs/spec_rdelay/off_rfqi_hopper_k32_seed0/r_r_hopper_eval.json
offline,RFQI,RFQI,theta_tau_credit,k=32,l2_out,0,0,1050.8804,896.7705781318947,20,32.9122,0,runs/spec_rdelay/off_rfqi_hopper_k32_seed0/r_r_hopper_eval.json
offline,RFQI,RFQI,theta_tau_credit,k=32,l3_in,0,0,1539.5770,802.3656651203394,20,47.9279,0,runs/spec_rdelay/off_rfqi_hopper_k32_seed0/r_r_hopper_eval.json
offline,RFQI,RFQI,theta_tau_credit,k=32,l3_out,0,0,1061.2702,490.52523535971756,20,33.2314,0,runs/spec_rdelay/off_rfqi_hopper_k32_seed0/r_r_hopper_eval.json
offline,RFQI,RFQI,theta_tau_credit,k=32,l1_anchor,0,0,622.2509,5.221530448717954,20,19.7421,0,runs/spec_rdelay/off_rfqi_hopper_k32_seed0/r_r_hopper_eval.json
offline,RFQI,RFQI,theta_tau_credit,k=32,l2_anchor,0,0,450.1710,5.731093382517301,20,14.4548,0,runs/spec_rdelay/off_rfqi_hopper_k32_seed0/r_r_hopper_eval.json
offline,RFQI,RFQI,theta_tau_credit,k=32,l3_anchor,0,0,388.7016,40.06630242558582,20,12.5661,0,runs/spec_rdelay/off_rfqi_hopper_k32_seed0/r_r_hopper_eval.json
offline,RFQI,RFQI,theta_tau_credit,k=32,nominal,100,1,3585.0222,16.450594419053644,20,110.7763,0,runs/spec_rdelay/off_rfqi_hopper_k32_seed100/r_r_hopper_eval.json
offline,RFQI,RFQI,theta_tau_credit,k=32,l1_in,100,0,2222.0520,1237.120191691516,20,68.8976,0,runs/spec_rdelay/off_rfqi_hopper_k32_seed100/r_r_hopper_eval.json
offline,RFQI,RFQI,theta_tau_credit,k=32,l1_out,100,0,1678.3942,1356.6228597698266,20,52.1932,0,runs/spec_rdelay/off_rfqi_hopper_k32_seed100/r_r_hopper_eval.json
offline,RFQI,RFQI,theta_tau_credit,k=32,l2_in,100,0,1868.9706,1324.6482878030283,20,58.0489,0,runs/spec_rdelay/off_rfqi_hopper_k32_seed100/r_r_hopper_eval.json
offline,RFQI,RFQI,theta_tau_credit,k=32,l2_out,100,0,1062.3088,963.8450046860772,20,33.2633,0,runs/spec_rdelay/off_rfqi_hopper_k32_seed100/r_r_hopper_eval.json
offline,RFQI,RFQI,theta_tau_credit,k=32,l3_in,100,0,1673.2733,989.6731096845539,20,52.0359,0,runs/spec_rdelay/off_rfqi_hopper_k32_seed100/r_r_hopper_eval.json
offline,RFQI,RFQI,theta_tau_credit,k=32,l3_out,100,0,901.8079,562.3745284502295,20,28.3318,0,runs/spec_rdelay/off_rfqi_hopper_k32_seed100/r_r_hopper_eval.json
offline,RFQI,RFQI,theta_tau_credit,k=32,l1_anchor,100,0,692.0971,13.275544841807278,20,21.8882,0,runs/spec_rdelay/off_rfqi_hopper_k32_seed100/r_r_hopper_eval.json
offline,RFQI,RFQI,theta_tau_credit,k=32,l2_anchor,100,0,418.5134,5.570155413798591,20,13.4821,0,runs/spec_rdelay/off_rfqi_hopper_k32_seed100/r_r_hopper_eval.json
offline,RFQI,RFQI,theta_tau_credit,k=32,l3_anchor,100,0,362.7011,47.184529544995755,20,11.7672,0,runs/spec_rdelay/off_rfqi_hopper_k32_seed100/r_r_hopper_eval.json
offline,RFQI,RFQI,theta_tau_credit,k=32,nominal,101,1,3289.0601,618.2734879739469,20,101.6826,0,runs/spec_rdelay/off_rfqi_hopper_k32_seed101/r_r_hopper_eval.json
offline,RFQI,RFQI,theta_tau_credit,k=32,l1_in,101,0,2247.2734,1266.3100149925922,20,69.6726,0,runs/spec_rdelay/off_rfqi_hopper_k32_seed101/r_r_hopper_eval.json
offline,RFQI,RFQI,theta_tau_credit,k=32,l1_out,101,0,1514.9830,1331.165849297761,20,47.1722,0,runs/spec_rdelay/off_rfqi_hopper_k32_seed101/r_r_hopper_eval.json
offline,RFQI,RFQI,theta_tau_credit,k=32,l2_in,101,0,2144.1381,1463.9903788698982,20,66.5037,0,runs/spec_rdelay/off_rfqi_hopper_k32_seed101/r_r_hopper_eval.json
offline,RFQI,RFQI,theta_tau_credit,k=32,l2_out,101,0,1079.1518,1087.255542994803,20,33.7809,0,runs/spec_rdelay/off_rfqi_hopper_k32_seed101/r_r_hopper_eval.json
offline,RFQI,RFQI,theta_tau_credit,k=32,l3_in,101,0,1558.4512,771.5665071943029,20,48.5078,0,runs/spec_rdelay/off_rfqi_hopper_k32_seed101/r_r_hopper_eval.json
offline,RFQI,RFQI,theta_tau_credit,k=32,l3_out,101,0,900.4959,673.1398799624675,20,28.2915,0,runs/spec_rdelay/off_rfqi_hopper_k32_seed101/r_r_hopper_eval.json
offline,RFQI,RFQI,theta_tau_credit,k=32,l1_anchor,101,0,646.9177,9.389291806658807,20,20.5000,0,runs/spec_rdelay/off_rfqi_hopper_k32_seed101/r_r_hopper_eval.json
offline,RFQI,RFQI,theta_tau_credit,k=32,l2_anchor,101,0,401.9459,1.8326263899985409,20,12.9730,0,runs/spec_rdelay/off_rfqi_hopper_k32_seed101/r_r_hopper_eval.json
offline,RFQI,RFQI,theta_tau_credit,k=32,l3_anchor,101,0,371.3093,8.493221880965736,20,12.0317,0,runs/spec_rdelay/off_rfqi_hopper_k32_seed101/r_r_hopper_eval.json
offline,RFQI,RFQI,theta_tau_credit,k=32,nominal,2,1,3513.1548,371.92982654600013,20,108.5681,0,runs/spec_rdelay/off_rfqi_hopper_k32_seed2/r_r_hopper_eval.json
offline,RFQI,RFQI,theta_tau_credit,k=32,l1_in,2,0,2210.2016,1278.5494670424566,20,68.5335,0,runs/spec_rdelay/off_rfqi_hopper_k32_seed2/r_r_hopper_eval.json
offline,RFQI,RFQI,theta_tau_credit,k=32,l1_out,2,0,1442.2440,1236.442970292246,20,44.9372,0,runs/spec_rdelay/off_rfqi_hopper_k32_seed2/r_r_hopper_eval.json
offline,RFQI,RFQI,theta_tau_credit,k=32,l2_in,2,0,1909.2454,1336.8308565232603,20,59.2863,0,runs/spec_rdelay/off_rfqi_hopper_k32_seed2/r_r_hopper_eval.json
offline,RFQI,RFQI,theta_tau_credit,k=32,l2_out,2,0,934.8948,685.2660102557633,20,29.3484,0,runs/spec_rdelay/off_rfqi_hopper_k32_seed2/r_r_hopper_eval.json
offline,RFQI,RFQI,theta_tau_credit,k=32,l3_in,2,0,1295.4246,729.0741960158638,20,40.4261,0,runs/spec_rdelay/off_rfqi_hopper_k32_seed2/r_r_hopper_eval.json
offline,RFQI,RFQI,theta_tau_credit,k=32,l3_out,2,0,1086.1951,458.41507463580655,20,33.9973,0,runs/spec_rdelay/off_rfqi_hopper_k32_seed2/r_r_hopper_eval.json
offline,RFQI,RFQI,theta_tau_credit,k=32,l1_anchor,2,0,614.2747,4.173796151809816,20,19.4970,0,runs/spec_rdelay/off_rfqi_hopper_k32_seed2/r_r_hopper_eval.json
offline,RFQI,RFQI,theta_tau_credit,k=32,l2_anchor,2,0,388.9726,2.4717565801612316,20,12.5744,0,runs/spec_rdelay/off_rfqi_hopper_k32_seed2/r_r_hopper_eval.json
offline,RFQI,RFQI,theta_tau_credit,k=32,l3_anchor,2,0,365.1230,8.243152546083337,20,11.8416,0,runs/spec_rdelay/off_rfqi_hopper_k32_seed2/r_r_hopper_eval.json
offline,RFQI,RFQI,theta_tau_credit,k=32,nominal,3407,1,3563.8167,210.43375338718167,20,110.1247,0,runs/spec_rdelay/off_rfqi_hopper_k32_seed3407/r_r_hopper_eval.json
offline,RFQI,RFQI,theta_tau_credit,k=32,l1_in,3407,0,2326.7579,1233.238569240768,20,72.1148,0,runs/spec_rdelay/off_rfqi_hopper_k32_seed3407/r_r_hopper_eval.json
offline,RFQI,RFQI,theta_tau_credit,k=32,l1_out,3407,0,1563.2440,1313.5567289016524,20,48.6551,0,runs/spec_rdelay/off_rfqi_hopper_k32_seed3407/r_r_hopper_eval.json
offline,RFQI,RFQI,theta_tau_credit,k=32,l2_in,3407,0,1755.8344,1253.7072994321172,20,54.5726,0,runs/spec_rdelay/off_rfqi_hopper_k32_seed3407/r_r_hopper_eval.json
offline,RFQI,RFQI,theta_tau_credit,k=32,l2_out,3407,0,880.6496,722.9165318669287,20,27.6817,0,runs/spec_rdelay/off_rfqi_hopper_k32_seed3407/r_r_hopper_eval.json
offline,RFQI,RFQI,theta_tau_credit,k=32,l3_in,3407,0,1488.7304,752.7352889767359,20,46.3656,0,runs/spec_rdelay/off_rfqi_hopper_k32_seed3407/r_r_hopper_eval.json
offline,RFQI,RFQI,theta_tau_credit,k=32,l3_out,3407,0,1085.4988,598.029245782446,20,33.9759,0,runs/spec_rdelay/off_rfqi_hopper_k32_seed3407/r_r_hopper_eval.json
offline,RFQI,RFQI,theta_tau_credit,k=32,l1_anchor,3407,0,791.7260,8.017256447628261,20,24.9494,0,runs/spec_rdelay/off_rfqi_hopper_k32_seed3407/r_r_hopper_eval.json
offline,RFQI,RFQI,theta_tau_credit,k=32,l2_anchor,3407,0,450.4247,5.030035677135087,20,14.4626,0,runs/spec_rdelay/off_rfqi_hopper_k32_seed3407/r_r_hopper_eval.json
offline,RFQI,RFQI,theta_tau_credit,k=32,l3_anchor,3407,0,388.7656,22.53991488497255,20,12.5680,0,runs/spec_rdelay/off_rfqi_hopper_k32_seed3407/r_r_hopper_eval.json
offline,RFQI,RFQI,theta_tau_credit,k=64,nominal,0,1,3429.2519,569.4119446979527,20,105.9901,0,runs/spec_rdelay/off_rfqi_hopper_k64_seed0/r_r_hopper_eval.json
offline,RFQI,RFQI,theta_tau_credit,k=64,l1_in,0,0,2144.7659,1296.3373322481123,20,66.5229,0,runs/spec_rdelay/off_rfqi_hopper_k64_seed0/r_r_hopper_eval.json
offline,RFQI,RFQI,theta_tau_credit,k=64,l1_out,0,0,1290.5322,1071.1837739251773,20,40.2757,0,runs/spec_rdelay/off_rfqi_hopper_k64_seed0/r_r_hopper_eval.json
offline,RFQI,RFQI,theta_tau_credit,k=64,l2_in,0,0,1635.6351,1196.2111305455835,20,50.8794,0,runs/spec_rdelay/off_rfqi_hopper_k64_seed0/r_r_hopper_eval.json
offline,RFQI,RFQI,theta_tau_credit,k=64,l2_out,0,0,981.5998,757.7425580120592,20,30.7835,0,runs/spec_rdelay/off_rfqi_hopper_k64_seed0/r_r_hopper_eval.json
offline,RFQI,RFQI,theta_tau_credit,k=64,l3_in,0,0,1351.2627,687.1344573499113,20,42.1417,0,runs/spec_rdelay/off_rfqi_hopper_k64_seed0/r_r_hopper_eval.json
offline,RFQI,RFQI,theta_tau_credit,k=64,l3_out,0,0,1163.4256,940.5567965254794,20,36.3703,0,runs/spec_rdelay/off_rfqi_hopper_k64_seed0/r_r_hopper_eval.json
offline,RFQI,RFQI,theta_tau_credit,k=64,l1_anchor,0,0,600.8024,8.220525287180587,20,19.0831,0,runs/spec_rdelay/off_rfqi_hopper_k64_seed0/r_r_hopper_eval.json
offline,RFQI,RFQI,theta_tau_credit,k=64,l2_anchor,0,0,395.5108,6.911177521214417,20,12.7753,0,runs/spec_rdelay/off_rfqi_hopper_k64_seed0/r_r_hopper_eval.json
offline,RFQI,RFQI,theta_tau_credit,k=64,l3_anchor,0,0,366.4214,12.456811734607689,20,11.8815,0,runs/spec_rdelay/off_rfqi_hopper_k64_seed0/r_r_hopper_eval.json
offline,RFQI,RFQI,theta_tau_credit,k=64,nominal,100,1,3568.2324,34.72408469837362,20,110.2604,0,runs/spec_rdelay/off_rfqi_hopper_k64_seed100/r_r_hopper_eval.json
offline,RFQI,RFQI,theta_tau_credit,k=64,l1_in,100,0,2392.1371,1270.688519400088,20,74.1237,0,runs/spec_rdelay/off_rfqi_hopper_k64_seed100/r_r_hopper_eval.json
offline,RFQI,RFQI,theta_tau_credit,k=64,l1_out,100,0,1623.8014,1309.1309775610891,20,50.5158,0,runs/spec_rdelay/off_rfqi_hopper_k64_seed100/r_r_hopper_eval.json
offline,RFQI,RFQI,theta_tau_credit,k=64,l2_in,100,0,1957.0259,1375.992643838196,20,60.7544,0,runs/spec_rdelay/off_rfqi_hopper_k64_seed100/r_r_hopper_eval.json
offline,RFQI,RFQI,theta_tau_credit,k=64,l2_out,100,0,935.7777,929.5079338282242,20,29.3755,0,runs/spec_rdelay/off_rfqi_hopper_k64_seed100/r_r_hopper_eval.json
offline,RFQI,RFQI,theta_tau_credit,k=64,l3_in,100,0,1498.7712,758.1127874690266,20,46.6741,0,runs/spec_rdelay/off_rfqi_hopper_k64_seed100/r_r_hopper_eval.json
offline,RFQI,RFQI,theta_tau_credit,k=64,l3_out,100,0,879.3816,486.2525828978965,20,27.6427,0,runs/spec_rdelay/off_rfqi_hopper_k64_seed100/r_r_hopper_eval.json
offline,RFQI,RFQI,theta_tau_credit,k=64,l1_anchor,100,0,700.9061,10.200318734423357,20,22.1589,0,runs/spec_rdelay/off_rfqi_hopper_k64_seed100/r_r_hopper_eval.json
offline,RFQI,RFQI,theta_tau_credit,k=64,l2_anchor,100,0,421.3981,2.9905885360491995,20,13.5707,0,runs/spec_rdelay/off_rfqi_hopper_k64_seed100/r_r_hopper_eval.json
offline,RFQI,RFQI,theta_tau_credit,k=64,l3_anchor,100,0,369.2313,39.44598906663626,20,11.9678,0,runs/spec_rdelay/off_rfqi_hopper_k64_seed100/r_r_hopper_eval.json
offline,RFQI,RFQI,theta_tau_credit,k=64,nominal,101,1,2172.0257,838.3648365976527,20,67.3605,0,runs/spec_rdelay/off_rfqi_hopper_k64_seed101/r_r_hopper_eval.json
offline,RFQI,RFQI,theta_tau_credit,k=64,l1_in,101,0,1922.2846,1220.93164184588,20,59.6870,0,runs/spec_rdelay/off_rfqi_hopper_k64_seed101/r_r_hopper_eval.json
offline,RFQI,RFQI,theta_tau_credit,k=64,l1_out,101,0,1403.1157,1219.4844488077035,20,43.7350,0,runs/spec_rdelay/off_rfqi_hopper_k64_seed101/r_r_hopper_eval.json
offline,RFQI,RFQI,theta_tau_credit,k=64,l2_in,101,0,1772.4759,1254.2389816650136,20,55.0840,0,runs/spec_rdelay/off_rfqi_hopper_k64_seed101/r_r_hopper_eval.json
offline,RFQI,RFQI,theta_tau_credit,k=64,l2_out,101,0,990.3074,763.9675168192931,20,31.0510,0,runs/spec_rdelay/off_rfqi_hopper_k64_seed101/r_r_hopper_eval.json
offline,RFQI,RFQI,theta_tau_credit,k=64,l3_in,101,0,1451.1516,638.2851292632546,20,45.2109,0,runs/spec_rdelay/off_rfqi_hopper_k64_seed101/r_r_hopper_eval.json
offline,RFQI,RFQI,theta_tau_credit,k=64,l3_out,101,0,1093.4913,617.0689839403522,20,34.2215,0,runs/spec_rdelay/off_rfqi_hopper_k64_seed101/r_r_hopper_eval.json
offline,RFQI,RFQI,theta_tau_credit,k=64,l1_anchor,101,0,627.3756,18.72202880579423,20,19.8996,0,runs/spec_rdelay/off_rfqi_hopper_k64_seed101/r_r_hopper_eval.json
offline,RFQI,RFQI,theta_tau_credit,k=64,l2_anchor,101,0,405.0400,2.426271038815521,20,13.0681,0,runs/spec_rdelay/off_rfqi_hopper_k64_seed101/r_r_hopper_eval.json
offline,RFQI,RFQI,theta_tau_credit,k=64,l3_anchor,101,0,374.1805,8.876742121385497,20,12.1199,0,runs/spec_rdelay/off_rfqi_hopper_k64_seed101/r_r_hopper_eval.json
offline,RFQI,RFQI,theta_tau_credit,k=64,nominal,2,1,3562.8816,22.338969594780504,20,110.0960,0,runs/spec_rdelay/off_rfqi_hopper_k64_seed2/r_r_hopper_eval.json
offline,RFQI,RFQI,theta_tau_credit,k=64,l1_in,2,0,2349.5136,1282.7396575529267,20,72.8140,0,runs/spec_rdelay/off_rfqi_hopper_k64_seed2/r_r_hopper_eval.json
offline,RFQI,RFQI,theta_tau_credit,k=64,l1_out,2,0,1708.1828,1384.7945568445723,20,53.1085,0,runs/spec_rdelay/off_rfqi_hopper_k64_seed2/r_r_hopper_eval.json
offline,RFQI,RFQI,theta_tau_credit,k=64,l2_in,2,0,1972.0460,1362.3742112842997,20,61.2160,0,runs/spec_rdelay/off_rfqi_hopper_k64_seed2/r_r_hopper_eval.json
offline,RFQI,RFQI,theta_tau_credit,k=64,l2_out,2,0,1054.6979,1095.8070275671041,20,33.0295,0,runs/spec_rdelay/off_rfqi_hopper_k64_seed2/r_r_hopper_eval.json
offline,RFQI,RFQI,theta_tau_credit,k=64,l3_in,2,0,1394.9322,689.0659016810887,20,43.4835,0,runs/spec_rdelay/off_rfqi_hopper_k64_seed2/r_r_hopper_eval.json
offline,RFQI,RFQI,theta_tau_credit,k=64,l3_out,2,0,1071.0579,542.1715466175741,20,33.5322,0,runs/spec_rdelay/off_rfqi_hopper_k64_seed2/r_r_hopper_eval.json
offline,RFQI,RFQI,theta_tau_credit,k=64,l1_anchor,2,0,686.5684,8.580064717003472,20,21.7183,0,runs/spec_rdelay/off_rfqi_hopper_k64_seed2/r_r_hopper_eval.json
offline,RFQI,RFQI,theta_tau_credit,k=64,l2_anchor,2,0,399.7591,2.9677374496717137,20,12.9058,0,runs/spec_rdelay/off_rfqi_hopper_k64_seed2/r_r_hopper_eval.json
offline,RFQI,RFQI,theta_tau_credit,k=64,l3_anchor,2,0,368.9405,10.72283069412311,20,11.9589,0,runs/spec_rdelay/off_rfqi_hopper_k64_seed2/r_r_hopper_eval.json
offline,RFQI,RFQI,theta_tau_credit,k=64,nominal,3407,1,3123.6002,745.1495014450476,20,96.5986,0,runs/spec_rdelay/off_rfqi_hopper_k64_seed3407/r_r_hopper_eval.json
offline,RFQI,RFQI,theta_tau_credit,k=64,l1_in,3407,0,2372.4497,1253.5823120919988,20,73.5188,0,runs/spec_rdelay/off_rfqi_hopper_k64_seed3407/r_r_hopper_eval.json
offline,RFQI,RFQI,theta_tau_credit,k=64,l1_out,3407,0,1643.7227,1337.3057255266124,20,51.1279,0,runs/spec_rdelay/off_rfqi_hopper_k64_seed3407/r_r_hopper_eval.json
offline,RFQI,RFQI,theta_tau_credit,k=64,l2_in,3407,0,1849.8227,1245.256124883894,20,57.4605,0,runs/spec_rdelay/off_rfqi_hopper_k64_seed3407/r_r_hopper_eval.json
offline,RFQI,RFQI,theta_tau_credit,k=64,l2_out,3407,0,1190.7298,968.8599773424094,20,37.2092,0,runs/spec_rdelay/off_rfqi_hopper_k64_seed3407/r_r_hopper_eval.json
offline,RFQI,RFQI,theta_tau_credit,k=64,l3_in,3407,0,1450.9868,755.4600500382843,20,45.2059,0,runs/spec_rdelay/off_rfqi_hopper_k64_seed3407/r_r_hopper_eval.json
offline,RFQI,RFQI,theta_tau_credit,k=64,l3_out,3407,0,1081.0920,505.690275049439,20,33.8405,0,runs/spec_rdelay/off_rfqi_hopper_k64_seed3407/r_r_hopper_eval.json
offline,RFQI,RFQI,theta_tau_credit,k=64,l1_anchor,3407,0,657.2057,17.660064329948437,20,20.8161,0,runs/spec_rdelay/off_rfqi_hopper_k64_seed3407/r_r_hopper_eval.json
offline,RFQI,RFQI,theta_tau_credit,k=64,l2_anchor,3407,0,434.2229,11.634168281278871,20,13.9648,0,runs/spec_rdelay/off_rfqi_hopper_k64_seed3407/r_r_hopper_eval.json
offline,RFQI,RFQI,theta_tau_credit,k=64,l3_anchor,3407,0,383.3446,24.263770292983345,20,12.4015,0,runs/spec_rdelay/off_rfqi_hopper_k64_seed3407/r_r_hopper_eval.json
offline,RORL,RORL,theta_r,m=gauss,nominal,0,1,3604.9572,23.634783222865693,20,111.3888,0,runs/spec_rnoise/off_rorl_hopper_rgauss_seed0/r_r_hopper_eval.json
offline,RORL,RORL,theta_r,m=gauss,l1_in,0,0,2449.5521,1184.151160465718,20,75.8878,0,runs/spec_rnoise/off_rorl_hopper_rgauss_seed0/r_r_hopper_eval.json
offline,RORL,RORL,theta_r,m=gauss,l1_out,0,0,1700.7745,1387.1595562952266,20,52.8809,0,runs/spec_rnoise/off_rorl_hopper_rgauss_seed0/r_r_hopper_eval.json
offline,RORL,RORL,theta_r,m=gauss,l2_in,0,0,1733.1245,1174.5159044125385,20,53.8748,0,runs/spec_rnoise/off_rorl_hopper_rgauss_seed0/r_r_hopper_eval.json
offline,RORL,RORL,theta_r,m=gauss,l2_out,0,0,1154.7041,996.5931845582857,20,36.1023,0,runs/spec_rnoise/off_rorl_hopper_rgauss_seed0/r_r_hopper_eval.json
offline,RORL,RORL,theta_r,m=gauss,l3_in,0,0,1527.6817,732.3626849300797,20,47.5624,0,runs/spec_rnoise/off_rorl_hopper_rgauss_seed0/r_r_hopper_eval.json
offline,RORL,RORL,theta_r,m=gauss,l3_out,0,0,1053.1948,657.144365864542,20,32.9833,0,runs/spec_rnoise/off_rorl_hopper_rgauss_seed0/r_r_hopper_eval.json
offline,RORL,RORL,theta_r,m=gauss,l1_anchor,0,0,737.0532,11.108196633299215,20,23.2695,0,runs/spec_rnoise/off_rorl_hopper_rgauss_seed0/r_r_hopper_eval.json
offline,RORL,RORL,theta_r,m=gauss,l2_anchor,0,0,415.8013,2.5385862014534473,20,13.3987,0,runs/spec_rnoise/off_rorl_hopper_rgauss_seed0/r_r_hopper_eval.json
offline,RORL,RORL,theta_r,m=gauss,l3_anchor,0,0,342.5651,53.10382529976552,20,11.1485,0,runs/spec_rnoise/off_rorl_hopper_rgauss_seed0/r_r_hopper_eval.json
offline,RORL,RORL,theta_r,m=gauss,nominal,1,1,3600.7595,20.92369192311698,20,111.2598,0,runs/spec_rnoise/off_rorl_hopper_rgauss_seed1/r_r_hopper_eval.json
offline,RORL,RORL,theta_r,m=gauss,l1_in,1,0,2418.7377,1217.2017022818284,20,74.9410,0,runs/spec_rnoise/off_rorl_hopper_rgauss_seed1/r_r_hopper_eval.json
offline,RORL,RORL,theta_r,m=gauss,l1_out,1,0,1641.5805,1307.1403479590942,20,51.0621,0,runs/spec_rnoise/off_rorl_hopper_rgauss_seed1/r_r_hopper_eval.json
offline,RORL,RORL,theta_r,m=gauss,l2_in,1,0,2001.9180,1282.7867269061564,20,62.1338,0,runs/spec_rnoise/off_rorl_hopper_rgauss_seed1/r_r_hopper_eval.json
offline,RORL,RORL,theta_r,m=gauss,l2_out,1,0,1033.3736,777.5219973316283,20,32.3743,0,runs/spec_rnoise/off_rorl_hopper_rgauss_seed1/r_r_hopper_eval.json
offline,RORL,RORL,theta_r,m=gauss,l3_in,1,0,1634.4072,725.4452057609727,20,50.8417,0,runs/spec_rnoise/off_rorl_hopper_rgauss_seed1/r_r_hopper_eval.json
offline,RORL,RORL,theta_r,m=gauss,l3_out,1,0,1191.3291,605.6387770130435,20,37.2276,0,runs/spec_rnoise/off_rorl_hopper_rgauss_seed1/r_r_hopper_eval.json
offline,RORL,RORL,theta_r,m=gauss,l1_anchor,1,0,734.7628,11.02279132299589,20,23.1992,0,runs/spec_rnoise/off_rorl_hopper_rgauss_seed1/r_r_hopper_eval.json
offline,RORL,RORL,theta_r,m=gauss,l2_anchor,1,0,443.1907,3.9249309251409197,20,14.2403,0,runs/spec_rnoise/off_rorl_hopper_rgauss_seed1/r_r_hopper_eval.json
offline,RORL,RORL,theta_r,m=gauss,l3_anchor,1,0,382.7585,14.88373465071176,20,12.3835,0,runs/spec_rnoise/off_rorl_hopper_rgauss_seed1/r_r_hopper_eval.json
offline,RORL,RORL,theta_r,m=gauss,nominal,2,1,3162.1238,659.3026815670997,20,97.7823,0,runs/spec_rnoise/off_rorl_hopper_rgauss_seed2/r_r_hopper_eval.json
offline,RORL,RORL,theta_r,m=gauss,l1_in,2,0,2187.7095,1185.2591230645194,20,67.8424,0,runs/spec_rnoise/off_rorl_hopper_rgauss_seed2/r_r_hopper_eval.json
offline,RORL,RORL,theta_r,m=gauss,l1_out,2,0,1481.3816,1259.9541172818188,20,46.1398,0,runs/spec_rnoise/off_rorl_hopper_rgauss_seed2/r_r_hopper_eval.json
offline,RORL,RORL,theta_r,m=gauss,l2_in,2,0,1831.2233,1252.599135394907,20,56.8890,0,runs/spec_rnoise/off_rorl_hopper_rgauss_seed2/r_r_hopper_eval.json
offline,RORL,RORL,theta_r,m=gauss,l2_out,2,0,1062.3676,904.6573258588711,20,33.2651,0,runs/spec_rnoise/off_rorl_hopper_rgauss_seed2/r_r_hopper_eval.json
offline,RORL,RORL,theta_r,m=gauss,l3_in,2,0,1406.6001,650.4185202340767,20,43.8420,0,runs/spec_rnoise/off_rorl_hopper_rgauss_seed2/r_r_hopper_eval.json
offline,RORL,RORL,theta_r,m=gauss,l3_out,2,0,1040.6352,600.2743588477906,20,32.5974,0,runs/spec_rnoise/off_rorl_hopper_rgauss_seed2/r_r_hopper_eval.json
offline,RORL,RORL,theta_r,m=gauss,l1_anchor,2,0,617.1289,2.3474248936912576,20,19.5847,0,runs/spec_rnoise/off_rorl_hopper_rgauss_seed2/r_r_hopper_eval.json
offline,RORL,RORL,theta_r,m=gauss,l2_anchor,2,0,399.3484,1.9530382554057795,20,12.8932,0,runs/spec_rnoise/off_rorl_hopper_rgauss_seed2/r_r_hopper_eval.json
offline,RORL,RORL,theta_r,m=gauss,l3_anchor,2,0,349.5773,63.963574656059386,20,11.3639,0,runs/spec_rnoise/off_rorl_hopper_rgauss_seed2/r_r_hopper_eval.json
offline,RORL,RORL,theta_r,m=gauss,nominal,3407,1,3517.6632,315.9587417636206,20,108.7066,0,runs/spec_rnoise/off_rorl_hopper_rgauss_seed3407/r_r_hopper_eval.json
offline,RORL,RORL,theta_r,m=gauss,l1_in,3407,0,2313.5151,1190.7774834355876,20,71.7079,0,runs/spec_rnoise/off_rorl_hopper_rgauss_seed3407/r_r_hopper_eval.json
offline,RORL,RORL,theta_r,m=gauss,l1_out,3407,0,1647.7739,1372.2972338205475,20,51.2524,0,runs/spec_rnoise/off_rorl_hopper_rgauss_seed3407/r_r_hopper_eval.json
offline,RORL,RORL,theta_r,m=gauss,l2_in,3407,0,2056.0032,1303.2290164259728,20,63.7956,0,runs/spec_rnoise/off_rorl_hopper_rgauss_seed3407/r_r_hopper_eval.json
offline,RORL,RORL,theta_r,m=gauss,l2_out,3407,0,1019.9570,929.0657062322562,20,31.9620,0,runs/spec_rnoise/off_rorl_hopper_rgauss_seed3407/r_r_hopper_eval.json
offline,RORL,RORL,theta_r,m=gauss,l3_in,3407,0,1402.9417,526.8439177394864,20,43.7296,0,runs/spec_rnoise/off_rorl_hopper_rgauss_seed3407/r_r_hopper_eval.json
offline,RORL,RORL,theta_r,m=gauss,l3_out,3407,0,1156.0108,534.6374378163524,20,36.1424,0,runs/spec_rnoise/off_rorl_hopper_rgauss_seed3407/r_r_hopper_eval.json
offline,RORL,RORL,theta_r,m=gauss,l1_anchor,3407,0,655.8043,8.51072872306031,20,20.7731,0,runs/spec_rnoise/off_rorl_hopper_rgauss_seed3407/r_r_hopper_eval.json
offline,RORL,RORL,theta_r,m=gauss,l2_anchor,3407,0,313.9290,1.8572859349343076,20,10.2686,0,runs/spec_rnoise/off_rorl_hopper_rgauss_seed3407/r_r_hopper_eval.json
offline,RORL,RORL,theta_r,m=gauss,l3_anchor,3407,0,285.7271,31.26231135152235,20,9.4021,0,runs/spec_rnoise/off_rorl_hopper_rgauss_seed3407/r_r_hopper_eval.json
offline,RORL,RORL,theta_r,m=gauss,nominal,42,1,3556.8272,320.08017927726166,20,109.9100,0,runs/spec_rnoise/off_rorl_hopper_rgauss_seed42/r_r_hopper_eval.json
offline,RORL,RORL,theta_r,m=gauss,l1_in,42,0,2248.8542,1150.2114071597587,20,69.7212,0,runs/spec_rnoise/off_rorl_hopper_rgauss_seed42/r_r_hopper_eval.json
offline,RORL,RORL,theta_r,m=gauss,l1_out,42,0,1691.4108,1388.09642672502,20,52.5931,0,runs/spec_rnoise/off_rorl_hopper_rgauss_seed42/r_r_hopper_eval.json
offline,RORL,RORL,theta_r,m=gauss,l2_in,42,0,2091.9913,1335.225815554467,20,64.9014,0,runs/spec_rnoise/off_rorl_hopper_rgauss_seed42/r_r_hopper_eval.json
offline,RORL,RORL,theta_r,m=gauss,l2_out,42,0,1136.3087,900.0439479463723,20,35.5371,0,runs/spec_rnoise/off_rorl_hopper_rgauss_seed42/r_r_hopper_eval.json
offline,RORL,RORL,theta_r,m=gauss,l3_in,42,0,1578.3462,802.7641200335918,20,49.1191,0,runs/spec_rnoise/off_rorl_hopper_rgauss_seed42/r_r_hopper_eval.json
offline,RORL,RORL,theta_r,m=gauss,l3_out,42,0,1209.0256,584.4409057788558,20,37.7714,0,runs/spec_rnoise/off_rorl_hopper_rgauss_seed42/r_r_hopper_eval.json
offline,RORL,RORL,theta_r,m=gauss,l1_anchor,42,0,596.7889,19.189548615281822,20,18.9598,0,runs/spec_rnoise/off_rorl_hopper_rgauss_seed42/r_r_hopper_eval.json
offline,RORL,RORL,theta_r,m=gauss,l2_anchor,42,0,394.1367,2.1039107434337017,20,12.7331,0,runs/spec_rnoise/off_rorl_hopper_rgauss_seed42/r_r_hopper_eval.json
offline,RORL,RORL,theta_r,m=gauss,l3_anchor,42,0,365.8984,30.237359269578267,20,11.8654,0,runs/spec_rnoise/off_rorl_hopper_rgauss_seed42/r_r_hopper_eval.json
offline,RORL,RORL,theta_r,m=uniform,nominal,0,1,3606.4458,25.966360633447298,20,111.4346,0,runs/spec_rnoise/off_rorl_hopper_runiform_seed0/r_r_hopper_eval.json
offline,RORL,RORL,theta_r,m=uniform,l1_in,0,0,2333.3358,1184.8224926204566,20,72.3170,0,runs/spec_rnoise/off_rorl_hopper_runiform_seed0/r_r_hopper_eval.json
offline,RORL,RORL,theta_r,m=uniform,l1_out,0,0,1708.2837,1390.2641244009822,20,53.1116,0,runs/spec_rnoise/off_rorl_hopper_runiform_seed0/r_r_hopper_eval.json
offline,RORL,RORL,theta_r,m=uniform,l2_in,0,0,1902.7955,1239.4476454503535,20,59.0882,0,runs/spec_rnoise/off_rorl_hopper_runiform_seed0/r_r_hopper_eval.json
offline,RORL,RORL,theta_r,m=uniform,l2_out,0,0,1124.3034,910.2011254270229,20,35.1682,0,runs/spec_rnoise/off_rorl_hopper_runiform_seed0/r_r_hopper_eval.json
offline,RORL,RORL,theta_r,m=uniform,l3_in,0,0,1389.6936,614.1453025885525,20,43.3226,0,runs/spec_rnoise/off_rorl_hopper_runiform_seed0/r_r_hopper_eval.json
offline,RORL,RORL,theta_r,m=uniform,l3_out,0,0,988.3149,650.2047378251461,20,30.9898,0,runs/spec_rnoise/off_rorl_hopper_runiform_seed0/r_r_hopper_eval.json
offline,RORL,RORL,theta_r,m=uniform,l1_anchor,0,0,629.1466,3.290281287076592,20,19.9540,0,runs/spec_rnoise/off_rorl_hopper_runiform_seed0/r_r_hopper_eval.json
offline,RORL,RORL,theta_r,m=uniform,l2_anchor,0,0,390.7299,1.5068936359918172,20,12.6284,0,runs/spec_rnoise/off_rorl_hopper_runiform_seed0/r_r_hopper_eval.json
offline,RORL,RORL,theta_r,m=uniform,l3_anchor,0,0,377.1750,7.377592000309932,20,12.2119,0,runs/spec_rnoise/off_rorl_hopper_runiform_seed0/r_r_hopper_eval.json
offline,RORL,RORL,theta_r,m=uniform,nominal,1,1,3609.6052,24.453193785731646,20,111.5316,0,runs/spec_rnoise/off_rorl_hopper_runiform_seed1/r_r_hopper_eval.json
offline,RORL,RORL,theta_r,m=uniform,l1_in,1,0,2309.1909,1196.4579304502734,20,71.5751,0,runs/spec_rnoise/off_rorl_hopper_runiform_seed1/r_r_hopper_eval.json
offline,RORL,RORL,theta_r,m=uniform,l1_out,1,0,1718.0363,1365.0854719600916,20,53.4112,0,runs/spec_rnoise/off_rorl_hopper_runiform_seed1/r_r_hopper_eval.json
offline,RORL,RORL,theta_r,m=uniform,l2_in,1,0,2001.7270,1262.8195307048966,20,62.1279,0,runs/spec_rnoise/off_rorl_hopper_runiform_seed1/r_r_hopper_eval.json
offline,RORL,RORL,theta_r,m=uniform,l2_out,1,0,1087.5197,915.5195016691231,20,34.0380,0,runs/spec_rnoise/off_rorl_hopper_runiform_seed1/r_r_hopper_eval.json
offline,RORL,RORL,theta_r,m=uniform,l3_in,1,0,1629.3128,721.5023470075458,20,50.6851,0,runs/spec_rnoise/off_rorl_hopper_runiform_seed1/r_r_hopper_eval.json
offline,RORL,RORL,theta_r,m=uniform,l3_out,1,0,1049.9125,622.4258449835881,20,32.8825,0,runs/spec_rnoise/off_rorl_hopper_runiform_seed1/r_r_hopper_eval.json
offline,RORL,RORL,theta_r,m=uniform,l1_anchor,1,0,726.5194,11.737356980854088,20,22.9459,0,runs/spec_rnoise/off_rorl_hopper_runiform_seed1/r_r_hopper_eval.json
offline,RORL,RORL,theta_r,m=uniform,l2_anchor,1,0,467.2887,2.340313881686748,20,14.9807,0,runs/spec_rnoise/off_rorl_hopper_runiform_seed1/r_r_hopper_eval.json
offline,RORL,RORL,theta_r,m=uniform,l3_anchor,1,0,396.3100,53.12574528673965,20,12.7998,0,runs/spec_rnoise/off_rorl_hopper_runiform_seed1/r_r_hopper_eval.json
offline,RORL,RORL,theta_r,m=uniform,nominal,2,1,3262.7167,651.8742096298926,20,100.8731,0,runs/spec_rnoise/off_rorl_hopper_runiform_seed2/r_r_hopper_eval.json
offline,RORL,RORL,theta_r,m=uniform,l1_in,2,0,2204.4286,1143.3428355177912,20,68.3561,0,runs/spec_rnoise/off_rorl_hopper_runiform_seed2/r_r_hopper_eval.json
offline,RORL,RORL,theta_r,m=uniform,l1_out,2,0,1614.4443,1318.3614602020891,20,50.2283,0,runs/spec_rnoise/off_rorl_hopper_runiform_seed2/r_r_hopper_eval.json
offline,RORL,RORL,theta_r,m=uniform,l2_in,2,0,1913.4265,1232.5642167024807,20,59.4148,0,runs/spec_rnoise/off_rorl_hopper_runiform_seed2/r_r_hopper_eval.json
offline,RORL,RORL,theta_r,m=uniform,l2_out,2,0,1069.5972,763.344604515117,20,33.4873,0,runs/spec_rnoise/off_rorl_hopper_runiform_seed2/r_r_hopper_eval.json
offline,RORL,RORL,theta_r,m=uniform,l3_in,2,0,1521.2696,616.7880421320787,20,47.3654,0,runs/spec_rnoise/off_rorl_hopper_runiform_seed2/r_r_hopper_eval.json
offline,RORL,RORL,theta_r,m=uniform,l3_out,2,0,1128.0935,596.7872648558049,20,35.2846,0,runs/spec_rnoise/off_rorl_hopper_runiform_seed2/r_r_hopper_eval.json
offline,RORL,RORL,theta_r,m=uniform,l1_anchor,2,0,673.2684,10.109963009873887,20,21.3097,0,runs/spec_rnoise/off_rorl_hopper_runiform_seed2/r_r_hopper_eval.json
offline,RORL,RORL,theta_r,m=uniform,l2_anchor,2,0,391.9411,1.4793279975997202,20,12.6656,0,runs/spec_rnoise/off_rorl_hopper_runiform_seed2/r_r_hopper_eval.json
offline,RORL,RORL,theta_r,m=uniform,l3_anchor,2,0,376.1166,8.807012028046802,20,12.1794,0,runs/spec_rnoise/off_rorl_hopper_runiform_seed2/r_r_hopper_eval.json
offline,RORL,RORL,theta_r,m=uniform,nominal,3407,1,3609.3743,109.55990106048222,20,111.5245,0,runs/spec_rnoise/off_rorl_hopper_runiform_seed3407/r_r_hopper_eval.json
offline,RORL,RORL,theta_r,m=uniform,l1_in,3407,0,2191.8544,1180.7821106329582,20,67.9698,0,runs/spec_rnoise/off_rorl_hopper_runiform_seed3407/r_r_hopper_eval.json
offline,RORL,RORL,theta_r,m=uniform,l1_out,3407,0,1579.2362,1347.7187844276434,20,49.1465,0,runs/spec_rnoise/off_rorl_hopper_runiform_seed3407/r_r_hopper_eval.json
offline,RORL,RORL,theta_r,m=uniform,l2_in,3407,0,2078.2395,1346.9005090960159,20,64.4789,0,runs/spec_rnoise/off_rorl_hopper_runiform_seed3407/r_r_hopper_eval.json
offline,RORL,RORL,theta_r,m=uniform,l2_out,3407,0,1044.8484,930.1426749343119,20,32.7269,0,runs/spec_rnoise/off_rorl_hopper_runiform_seed3407/r_r_hopper_eval.json
offline,RORL,RORL,theta_r,m=uniform,l3_in,3407,0,1421.1187,582.3458429159225,20,44.2881,0,runs/spec_rnoise/off_rorl_hopper_runiform_seed3407/r_r_hopper_eval.json
offline,RORL,RORL,theta_r,m=uniform,l3_out,3407,0,1042.9582,646.3987088063669,20,32.6688,0,runs/spec_rnoise/off_rorl_hopper_runiform_seed3407/r_r_hopper_eval.json
offline,RORL,RORL,theta_r,m=uniform,l1_anchor,3407,0,626.1976,1.7656527623540514,20,19.8634,0,runs/spec_rnoise/off_rorl_hopper_runiform_seed3407/r_r_hopper_eval.json
offline,RORL,RORL,theta_r,m=uniform,l2_anchor,3407,0,377.6509,1.436559298274071,20,12.2265,0,runs/spec_rnoise/off_rorl_hopper_runiform_seed3407/r_r_hopper_eval.json
offline,RORL,RORL,theta_r,m=uniform,l3_anchor,3407,0,365.1488,29.129560570625724,20,11.8424,0,runs/spec_rnoise/off_rorl_hopper_runiform_seed3407/r_r_hopper_eval.json
offline,RORL,RORL,theta_r,m=uniform,nominal,42,1,3631.6906,27.94060313931511,20,112.2102,0,runs/spec_rnoise/off_rorl_hopper_runiform_seed42/r_r_hopper_eval.json
offline,RORL,RORL,theta_r,m=uniform,l1_in,42,0,2209.2523,1173.5838057856663,20,68.5044,0,runs/spec_rnoise/off_rorl_hopper_runiform_seed42/r_r_hopper_eval.json
offline,RORL,RORL,theta_r,m=uniform,l1_out,42,0,1701.6988,1381.840709858111,20,52.9093,0,runs/spec_rnoise/off_rorl_hopper_runiform_seed42/r_r_hopper_eval.json
offline,RORL,RORL,theta_r,m=uniform,l2_in,42,0,1959.8988,1293.8263680990167,20,60.8427,0,runs/spec_rnoise/off_rorl_hopper_runiform_seed42/r_r_hopper_eval.json
offline,RORL,RORL,theta_r,m=uniform,l2_out,42,0,1274.5002,1136.5999782449753,20,39.7831,0,runs/spec_rnoise/off_rorl_hopper_runiform_seed42/r_r_hopper_eval.json
offline,RORL,RORL,theta_r,m=uniform,l3_in,42,0,1436.1543,773.9987847094766,20,44.7501,0,runs/spec_rnoise/off_rorl_hopper_runiform_seed42/r_r_hopper_eval.json
offline,RORL,RORL,theta_r,m=uniform,l3_out,42,0,1096.4896,547.7154859808359,20,34.3136,0,runs/spec_rnoise/off_rorl_hopper_runiform_seed42/r_r_hopper_eval.json
offline,RORL,RORL,theta_r,m=uniform,l1_anchor,42,0,672.7474,12.585008594224272,20,21.2937,0,runs/spec_rnoise/off_rorl_hopper_runiform_seed42/r_r_hopper_eval.json
offline,RORL,RORL,theta_r,m=uniform,l2_anchor,42,0,254.6204,2.1320913450991767,20,8.4463,0,runs/spec_rnoise/off_rorl_hopper_runiform_seed42/r_r_hopper_eval.json
offline,RORL,RORL,theta_r,m=uniform,l3_anchor,42,0,261.6136,29.924924556156633,20,8.6612,0,runs/spec_rnoise/off_rorl_hopper_runiform_seed42/r_r_hopper_eval.json
offline,RORL,RORL,theta_r,m=shift,nominal,0,1,3559.5818,202.01858079818487,20,109.9946,0,runs/spec_rnoise/off_rorl_hopper_rshift_seed0/r_r_hopper_eval.json
offline,RORL,RORL,theta_r,m=shift,l1_in,0,0,2240.6561,1143.94586017945,20,69.4693,0,runs/spec_rnoise/off_rorl_hopper_rshift_seed0/r_r_hopper_eval.json
offline,RORL,RORL,theta_r,m=shift,l1_out,0,0,1597.2008,1247.396594461352,20,49.6985,0,runs/spec_rnoise/off_rorl_hopper_rshift_seed0/r_r_hopper_eval.json
offline,RORL,RORL,theta_r,m=shift,l2_in,0,0,2009.6079,1249.1745345427782,20,62.3701,0,runs/spec_rnoise/off_rorl_hopper_rshift_seed0/r_r_hopper_eval.json
offline,RORL,RORL,theta_r,m=shift,l2_out,0,0,1244.6995,998.2624020949818,20,38.8675,0,runs/spec_rnoise/off_rorl_hopper_rshift_seed0/r_r_hopper_eval.json
offline,RORL,RORL,theta_r,m=shift,l3_in,0,0,1534.4901,758.2384235326906,20,47.7716,0,runs/spec_rnoise/off_rorl_hopper_rshift_seed0/r_r_hopper_eval.json
offline,RORL,RORL,theta_r,m=shift,l3_out,0,0,1192.1223,600.4493636905573,20,37.2520,0,runs/spec_rnoise/off_rorl_hopper_rshift_seed0/r_r_hopper_eval.json
offline,RORL,RORL,theta_r,m=shift,l1_anchor,0,0,776.8235,13.258311047687815,20,24.4915,0,runs/spec_rnoise/off_rorl_hopper_rshift_seed0/r_r_hopper_eval.json
offline,RORL,RORL,theta_r,m=shift,l2_anchor,0,0,460.8998,2.770746987084083,20,14.7844,0,runs/spec_rnoise/off_rorl_hopper_rshift_seed0/r_r_hopper_eval.json
offline,RORL,RORL,theta_r,m=shift,l3_anchor,0,0,369.9044,28.270606054393113,20,11.9885,0,runs/spec_rnoise/off_rorl_hopper_rshift_seed0/r_r_hopper_eval.json
offline,RORL,RORL,theta_r,m=shift,nominal,1,1,3612.5842,42.524411322797974,20,111.6232,0,runs/spec_rnoise/off_rorl_hopper_rshift_seed1/r_r_hopper_eval.json
offline,RORL,RORL,theta_r,m=shift,l1_in,1,0,2221.2931,1158.3103228559712,20,68.8743,0,runs/spec_rnoise/off_rorl_hopper_rshift_seed1/r_r_hopper_eval.json
offline,RORL,RORL,theta_r,m=shift,l1_out,1,0,1633.3326,1311.6800761449356,20,50.8086,0,runs/spec_rnoise/off_rorl_hopper_rshift_seed1/r_r_hopper_eval.json
offline,RORL,RORL,theta_r,m=shift,l2_in,1,0,2145.0849,1304.0076437874206,20,66.5327,0,runs/spec_rnoise/off_rorl_hopper_rshift_seed1/r_r_hopper_eval.json
offline,RORL,RORL,theta_r,m=shift,l2_out,1,0,1088.4872,914.8632199914206,20,34.0677,0,runs/spec_rnoise/off_rorl_hopper_rshift_seed1/r_r_hopper_eval.json
offline,RORL,RORL,theta_r,m=shift,l3_in,1,0,1558.8958,652.8434691641247,20,48.5215,0,runs/spec_rnoise/off_rorl_hopper_rshift_seed1/r_r_hopper_eval.json
offline,RORL,RORL,theta_r,m=shift,l3_out,1,0,997.7573,591.000113981487,20,31.2799,0,runs/spec_rnoise/off_rorl_hopper_rshift_seed1/r_r_hopper_eval.json
offline,RORL,RORL,theta_r,m=shift,l1_anchor,1,0,776.3522,14.413816245877463,20,24.4770,0,runs/spec_rnoise/off_rorl_hopper_rshift_seed1/r_r_hopper_eval.json
offline,RORL,RORL,theta_r,m=shift,l2_anchor,1,0,430.5864,5.870950393613183,20,13.8530,0,runs/spec_rnoise/off_rorl_hopper_rshift_seed1/r_r_hopper_eval.json
offline,RORL,RORL,theta_r,m=shift,l3_anchor,1,0,371.5225,40.43943203386577,20,12.0382,0,runs/spec_rnoise/off_rorl_hopper_rshift_seed1/r_r_hopper_eval.json
offline,RORL,RORL,theta_r,m=shift,nominal,2,1,3014.9220,779.935007016675,20,93.2594,0,runs/spec_rnoise/off_rorl_hopper_rshift_seed2/r_r_hopper_eval.json
offline,RORL,RORL,theta_r,m=shift,l1_in,2,0,2194.8677,1197.1482337318841,20,68.0624,0,runs/spec_rnoise/off_rorl_hopper_rshift_seed2/r_r_hopper_eval.json
offline,RORL,RORL,theta_r,m=shift,l1_out,2,0,1610.6394,1377.3983826263927,20,50.1114,0,runs/spec_rnoise/off_rorl_hopper_rshift_seed2/r_r_hopper_eval.json
offline,RORL,RORL,theta_r,m=shift,l2_in,2,0,1723.5578,1185.0872538248411,20,53.5809,0,runs/spec_rnoise/off_rorl_hopper_rshift_seed2/r_r_hopper_eval.json
offline,RORL,RORL,theta_r,m=shift,l2_out,2,0,1047.1103,921.6279763393223,20,32.7964,0,runs/spec_rnoise/off_rorl_hopper_rshift_seed2/r_r_hopper_eval.json
offline,RORL,RORL,theta_r,m=shift,l3_in,2,0,1432.0333,671.8080729342093,20,44.6235,0,runs/spec_rnoise/off_rorl_hopper_rshift_seed2/r_r_hopper_eval.json
offline,RORL,RORL,theta_r,m=shift,l3_out,2,0,1128.3639,642.659647909629,20,35.2930,0,runs/spec_rnoise/off_rorl_hopper_rshift_seed2/r_r_hopper_eval.json
offline,RORL,RORL,theta_r,m=shift,l1_anchor,2,0,577.7491,6.957442628826731,20,18.3747,0,runs/spec_rnoise/off_rorl_hopper_rshift_seed2/r_r_hopper_eval.json
offline,RORL,RORL,theta_r,m=shift,l2_anchor,2,0,373.3201,1.4471786975229881,20,12.0935,0,runs/spec_rnoise/off_rorl_hopper_rshift_seed2/r_r_hopper_eval.json
offline,RORL,RORL,theta_r,m=shift,l3_anchor,2,0,386.4704,9.790284537417259,20,12.4975,0,runs/spec_rnoise/off_rorl_hopper_rshift_seed2/r_r_hopper_eval.json
offline,RORL,RORL,theta_r,m=shift,nominal,3407,1,3548.7642,280.2103982738181,20,109.6622,0,runs/spec_rnoise/off_rorl_hopper_rshift_seed3407/r_r_hopper_eval.json
offline,RORL,RORL,theta_r,m=shift,l1_in,3407,0,2178.8483,1189.1750921947303,20,67.5702,0,runs/spec_rnoise/off_rorl_hopper_rshift_seed3407/r_r_hopper_eval.json
offline,RORL,RORL,theta_r,m=shift,l1_out,3407,0,1737.3754,1400.4324590642866,20,54.0055,0,runs/spec_rnoise/off_rorl_hopper_rshift_seed3407/r_r_hopper_eval.json
offline,RORL,RORL,theta_r,m=shift,l2_in,3407,0,2077.7196,1346.5488058549322,20,64.4629,0,runs/spec_rnoise/off_rorl_hopper_rshift_seed3407/r_r_hopper_eval.json
offline,RORL,RORL,theta_r,m=shift,l2_out,3407,0,1000.9332,937.8306833746867,20,31.3775,0,runs/spec_rnoise/off_rorl_hopper_rshift_seed3407/r_r_hopper_eval.json
offline,RORL,RORL,theta_r,m=shift,l3_in,3407,0,1467.2221,532.1314595739091,20,45.7047,0,runs/spec_rnoise/off_rorl_hopper_rshift_seed3407/r_r_hopper_eval.json
offline,RORL,RORL,theta_r,m=shift,l3_out,3407,0,1029.1398,631.783811560261,20,32.2442,0,runs/spec_rnoise/off_rorl_hopper_rshift_seed3407/r_r_hopper_eval.json
offline,RORL,RORL,theta_r,m=shift,l1_anchor,3407,0,738.6547,9.041081988005068,20,23.3187,0,runs/spec_rnoise/off_rorl_hopper_rshift_seed3407/r_r_hopper_eval.json
offline,RORL,RORL,theta_r,m=shift,l2_anchor,3407,0,393.6058,1.692406207038574,20,12.7168,0,runs/spec_rnoise/off_rorl_hopper_rshift_seed3407/r_r_hopper_eval.json
offline,RORL,RORL,theta_r,m=shift,l3_anchor,3407,0,240.1905,7.245362842132168,20,8.0029,0,runs/spec_rnoise/off_rorl_hopper_rshift_seed3407/r_r_hopper_eval.json
offline,RORL,RORL,theta_r,m=shift,nominal,42,1,3615.8108,17.440782877382272,20,111.7223,0,runs/spec_rnoise/off_rorl_hopper_rshift_seed42/r_r_hopper_eval.json
offline,RORL,RORL,theta_r,m=shift,l1_in,42,0,2371.5198,1155.5102760902666,20,73.4902,0,runs/spec_rnoise/off_rorl_hopper_rshift_seed42/r_r_hopper_eval.json
offline,RORL,RORL,theta_r,m=shift,l1_out,42,0,1713.7983,1387.8792878953436,20,53.2810,0,runs/spec_rnoise/off_rorl_hopper_rshift_seed42/r_r_hopper_eval.json
offline,RORL,RORL,theta_r,m=shift,l2_in,42,0,2052.0233,1336.114904645521,20,63.6733,0,runs/spec_rnoise/off_rorl_hopper_rshift_seed42/r_r_hopper_eval.json
offline,RORL,RORL,theta_r,m=shift,l2_out,42,0,1160.1651,939.0044080927989,20,36.2701,0,runs/spec_rnoise/off_rorl_hopper_rshift_seed42/r_r_hopper_eval.json
offline,RORL,RORL,theta_r,m=shift,l3_in,42,0,1557.8749,726.0343425243875,20,48.4901,0,runs/spec_rnoise/off_rorl_hopper_rshift_seed42/r_r_hopper_eval.json
offline,RORL,RORL,theta_r,m=shift,l3_out,42,0,1133.7122,670.3703966557568,20,35.4573,0,runs/spec_rnoise/off_rorl_hopper_rshift_seed42/r_r_hopper_eval.json
offline,RORL,RORL,theta_r,m=shift,l1_anchor,42,0,656.5726,8.91831006464203,20,20.7967,0,runs/spec_rnoise/off_rorl_hopper_rshift_seed42/r_r_hopper_eval.json
offline,RORL,RORL,theta_r,m=shift,l2_anchor,42,0,389.8687,1.2067896805666098,20,12.6019,0,runs/spec_rnoise/off_rorl_hopper_rshift_seed42/r_r_hopper_eval.json
offline,RORL,RORL,theta_r,m=shift,l3_anchor,42,0,299.2812,38.72914025450257,20,9.8185,0,runs/spec_rnoise/off_rorl_hopper_rshift_seed42/r_r_hopper_eval.json
offline,RORL,RORL,theta_tau_credit,k=4,nominal,0,1,3596.1603,23.300802793544122,20,111.1185,0,runs/spec_rdelay/off_rorl_hopper_k4_seed0/r_r_hopper_eval.json
offline,RORL,RORL,theta_tau_credit,k=4,l1_in,0,0,2096.1842,1140.2429135478446,20,65.0302,0,runs/spec_rdelay/off_rorl_hopper_k4_seed0/r_r_hopper_eval.json
offline,RORL,RORL,theta_tau_credit,k=4,l1_out,0,0,1652.9647,1333.8944609946734,20,51.4119,0,runs/spec_rdelay/off_rorl_hopper_k4_seed0/r_r_hopper_eval.json
offline,RORL,RORL,theta_tau_credit,k=4,l2_in,0,0,1955.8294,1307.2541212268975,20,60.7177,0,runs/spec_rdelay/off_rorl_hopper_k4_seed0/r_r_hopper_eval.json
offline,RORL,RORL,theta_tau_credit,k=4,l2_out,0,0,1244.4657,1103.9617538874697,20,38.8603,0,runs/spec_rdelay/off_rorl_hopper_k4_seed0/r_r_hopper_eval.json
offline,RORL,RORL,theta_tau_credit,k=4,l3_in,0,0,1520.8702,670.7759018517934,20,47.3531,0,runs/spec_rdelay/off_rorl_hopper_k4_seed0/r_r_hopper_eval.json
offline,RORL,RORL,theta_tau_credit,k=4,l3_out,0,0,1221.3439,810.3145753185039,20,38.1499,0,runs/spec_rdelay/off_rorl_hopper_k4_seed0/r_r_hopper_eval.json
offline,RORL,RORL,theta_tau_credit,k=4,l1_anchor,0,0,661.9347,8.825966131779111,20,20.9614,0,runs/spec_rdelay/off_rorl_hopper_k4_seed0/r_r_hopper_eval.json
offline,RORL,RORL,theta_tau_credit,k=4,l2_anchor,0,0,425.8897,1.6585609758185862,20,13.7087,0,runs/spec_rdelay/off_rorl_hopper_k4_seed0/r_r_hopper_eval.json
offline,RORL,RORL,theta_tau_credit,k=4,l3_anchor,0,0,393.8545,13.661796992130135,20,12.7244,0,runs/spec_rdelay/off_rorl_hopper_k4_seed0/r_r_hopper_eval.json
offline,RORL,RORL,theta_tau_credit,k=4,nominal,1,1,3589.7075,19.99716691424128,20,110.9203,0,runs/spec_rdelay/off_rorl_hopper_k4_seed1/r_r_hopper_eval.json
offline,RORL,RORL,theta_tau_credit,k=4,l1_in,1,0,2150.4621,1225.27053962706,20,66.6980,0,runs/spec_rdelay/off_rorl_hopper_k4_seed1/r_r_hopper_eval.json
offline,RORL,RORL,theta_tau_credit,k=4,l1_out,1,0,1640.7077,1404.1694311595445,20,51.0352,0,runs/spec_rdelay/off_rorl_hopper_k4_seed1/r_r_hopper_eval.json
offline,RORL,RORL,theta_tau_credit,k=4,l2_in,1,0,2052.3165,1383.4672040405417,20,63.6823,0,runs/spec_rdelay/off_rorl_hopper_k4_seed1/r_r_hopper_eval.json
offline,RORL,RORL,theta_tau_credit,k=4,l2_out,1,0,1136.7924,1100.9273877101916,20,35.5519,0,runs/spec_rdelay/off_rorl_hopper_k4_seed1/r_r_hopper_eval.json
offline,RORL,RORL,theta_tau_credit,k=4,l3_in,1,0,1459.4414,527.6295849267108,20,45.4657,0,runs/spec_rdelay/off_rorl_hopper_k4_seed1/r_r_hopper_eval.json
offline,RORL,RORL,theta_tau_credit,k=4,l3_out,1,0,1160.0903,610.6602169451664,20,36.2678,0,runs/spec_rdelay/off_rorl_hopper_k4_seed1/r_r_hopper_eval.json
offline,RORL,RORL,theta_tau_credit,k=4,l1_anchor,1,0,609.8175,4.1980620583551955,20,19.3601,0,runs/spec_rdelay/off_rorl_hopper_k4_seed1/r_r_hopper_eval.json
offline,RORL,RORL,theta_tau_credit,k=4,l2_anchor,1,0,391.4984,1.9771355393633536,20,12.6520,0,runs/spec_rdelay/off_rorl_hopper_k4_seed1/r_r_hopper_eval.json
offline,RORL,RORL,theta_tau_credit,k=4,l3_anchor,1,0,367.9164,8.735781976905546,20,11.9274,0,runs/spec_rdelay/off_rorl_hopper_k4_seed1/r_r_hopper_eval.json
offline,RORL,RORL,theta_tau_credit,k=4,nominal,2,1,2929.1132,735.1084587071542,20,90.6228,0,runs/spec_rdelay/off_rorl_hopper_k4_seed2/r_r_hopper_eval.json
offline,RORL,RORL,theta_tau_credit,k=4,l1_in,2,0,2108.9025,1248.5746637095626,20,65.4210,0,runs/spec_rdelay/off_rorl_hopper_k4_seed2/r_r_hopper_eval.json
offline,RORL,RORL,theta_tau_credit,k=4,l1_out,2,0,1642.8117,1443.102142039853,20,51.0999,0,runs/spec_rdelay/off_rorl_hopper_k4_seed2/r_r_hopper_eval.json
offline,RORL,RORL,theta_tau_credit,k=4,l2_in,2,0,1945.9789,1380.6864238650774,20,60.4150,0,runs/spec_rdelay/off_rorl_hopper_k4_seed2/r_r_hopper_eval.json
offline,RORL,RORL,theta_tau_credit,k=4,l2_out,2,0,1196.7775,1126.9391453545943,20,37.3950,0,runs/spec_rdelay/off_rorl_hopper_k4_seed2/r_r_hopper_eval.json
offline,RORL,RORL,theta_tau_credit,k=4,l3_in,2,0,1580.2248,712.1808274916233,20,49.1768,0,runs/spec_rdelay/off_rorl_hopper_k4_seed2/r_r_hopper_eval.json
offline,RORL,RORL,theta_tau_credit,k=4,l3_out,2,0,1155.1008,475.9695902693803,20,36.1145,0,runs/spec_rdelay/off_rorl_hopper_k4_seed2/r_r_hopper_eval.json
offline,RORL,RORL,theta_tau_credit,k=4,l1_anchor,2,0,464.2714,2.129535516119408,20,14.8880,0,runs/spec_rdelay/off_rorl_hopper_k4_seed2/r_r_hopper_eval.json
offline,RORL,RORL,theta_tau_credit,k=4,l2_anchor,2,0,390.1625,1.506008254458362,20,12.6110,0,runs/spec_rdelay/off_rorl_hopper_k4_seed2/r_r_hopper_eval.json
offline,RORL,RORL,theta_tau_credit,k=4,l3_anchor,2,0,375.7878,10.978151077010452,20,12.1693,0,runs/spec_rdelay/off_rorl_hopper_k4_seed2/r_r_hopper_eval.json
offline,RORL,RORL,theta_tau_credit,k=4,nominal,3407,1,3478.9589,420.3630245283973,20,107.5174,0,runs/spec_rdelay/off_rorl_hopper_k4_seed3407/r_r_hopper_eval.json
offline,RORL,RORL,theta_tau_credit,k=4,l1_in,3407,0,2124.5050,1231.8527229094664,20,65.9004,0,runs/spec_rdelay/off_rorl_hopper_k4_seed3407/r_r_hopper_eval.json
offline,RORL,RORL,theta_tau_credit,k=4,l1_out,3407,0,1650.5470,1371.5209854395537,20,51.3376,0,runs/spec_rdelay/off_rorl_hopper_k4_seed3407/r_r_hopper_eval.json
offline,RORL,RORL,theta_tau_credit,k=4,l2_in,3407,0,2000.8291,1367.067745939541,20,62.1003,0,runs/spec_rdelay/off_rorl_hopper_k4_seed3407/r_r_hopper_eval.json
offline,RORL,RORL,theta_tau_credit,k=4,l2_out,3407,0,1242.9253,1118.5413968566518,20,38.8130,0,runs/spec_rdelay/off_rorl_hopper_k4_seed3407/r_r_hopper_eval.json
offline,RORL,RORL,theta_tau_credit,k=4,l3_in,3407,0,1451.2952,486.81782994833696,20,45.2153,0,runs/spec_rdelay/off_rorl_hopper_k4_seed3407/r_r_hopper_eval.json
offline,RORL,RORL,theta_tau_credit,k=4,l3_out,3407,0,1055.8056,645.3213386620645,20,33.0635,0,runs/spec_rdelay/off_rorl_hopper_k4_seed3407/r_r_hopper_eval.json
offline,RORL,RORL,theta_tau_credit,k=4,l1_anchor,3407,0,580.3904,4.875065812376426,20,18.4559,0,runs/spec_rdelay/off_rorl_hopper_k4_seed3407/r_r_hopper_eval.json
offline,RORL,RORL,theta_tau_credit,k=4,l2_anchor,3407,0,402.1671,1.8573207940888772,20,12.9798,0,runs/spec_rdelay/off_rorl_hopper_k4_seed3407/r_r_hopper_eval.json
offline,RORL,RORL,theta_tau_credit,k=4,l3_anchor,3407,0,375.9440,8.321020629465398,20,12.1741,0,runs/spec_rdelay/off_rorl_hopper_k4_seed3407/r_r_hopper_eval.json
offline,RORL,RORL,theta_tau_credit,k=4,nominal,42,1,3617.7276,21.989658783479875,20,111.7812,0,runs/spec_rdelay/off_rorl_hopper_k4_seed42/r_r_hopper_eval.json
offline,RORL,RORL,theta_tau_credit,k=4,l1_in,42,0,2369.4405,1269.0353867424774,20,73.4263,0,runs/spec_rdelay/off_rorl_hopper_k4_seed42/r_r_hopper_eval.json
offline,RORL,RORL,theta_tau_credit,k=4,l1_out,42,0,1623.4934,1440.9638783029336,20,50.5063,0,runs/spec_rdelay/off_rorl_hopper_k4_seed42/r_r_hopper_eval.json
offline,RORL,RORL,theta_tau_credit,k=4,l2_in,42,0,1994.4216,1412.9455050639638,20,61.9035,0,runs/spec_rdelay/off_rorl_hopper_k4_seed42/r_r_hopper_eval.json
offline,RORL,RORL,theta_tau_credit,k=4,l2_out,42,0,1181.1459,1114.9958905829742,20,36.9147,0,runs/spec_rdelay/off_rorl_hopper_k4_seed42/r_r_hopper_eval.json
offline,RORL,RORL,theta_tau_credit,k=4,l3_in,42,0,1441.4681,784.5622991559538,20,44.9134,0,runs/spec_rdelay/off_rorl_hopper_k4_seed42/r_r_hopper_eval.json
offline,RORL,RORL,theta_tau_credit,k=4,l3_out,42,0,1137.2058,529.9940748454515,20,35.5646,0,runs/spec_rdelay/off_rorl_hopper_k4_seed42/r_r_hopper_eval.json
offline,RORL,RORL,theta_tau_credit,k=4,l1_anchor,42,0,540.2005,9.858839733649654,20,17.2210,0,runs/spec_rdelay/off_rorl_hopper_k4_seed42/r_r_hopper_eval.json
offline,RORL,RORL,theta_tau_credit,k=4,l2_anchor,42,0,360.6590,2.779675261317481,20,11.7044,0,runs/spec_rdelay/off_rorl_hopper_k4_seed42/r_r_hopper_eval.json
offline,RORL,RORL,theta_tau_credit,k=4,l3_anchor,42,0,352.8743,24.771143862368742,20,11.4652,0,runs/spec_rdelay/off_rorl_hopper_k4_seed42/r_r_hopper_eval.json
offline,RORL,RORL,theta_tau_credit,k=16,nominal,0,1,3452.9375,440.7186123715909,20,106.7179,0,runs/spec_rdelay/off_rorl_hopper_k16_seed0/r_r_hopper_eval.json
offline,RORL,RORL,theta_tau_credit,k=16,l1_in,0,0,2013.3137,1187.974507781019,20,62.4839,0,runs/spec_rdelay/off_rorl_hopper_k16_seed0/r_r_hopper_eval.json
offline,RORL,RORL,theta_tau_credit,k=16,l1_out,0,0,1373.7120,1176.7349047484001,20,42.8315,0,runs/spec_rdelay/off_rorl_hopper_k16_seed0/r_r_hopper_eval.json
offline,RORL,RORL,theta_tau_credit,k=16,l2_in,0,0,1823.2144,1278.0528592700134,20,56.6429,0,runs/spec_rdelay/off_rorl_hopper_k16_seed0/r_r_hopper_eval.json
offline,RORL,RORL,theta_tau_credit,k=16,l2_out,0,0,1219.5394,1112.0940946927337,20,38.0944,0,runs/spec_rdelay/off_rorl_hopper_k16_seed0/r_r_hopper_eval.json
offline,RORL,RORL,theta_tau_credit,k=16,l3_in,0,0,1377.8311,830.1972387307845,20,42.9581,0,runs/spec_rdelay/off_rorl_hopper_k16_seed0/r_r_hopper_eval.json
offline,RORL,RORL,theta_tau_credit,k=16,l3_out,0,0,997.0505,681.9426412422881,20,31.2582,0,runs/spec_rdelay/off_rorl_hopper_k16_seed0/r_r_hopper_eval.json
offline,RORL,RORL,theta_tau_credit,k=16,l1_anchor,0,0,592.2601,11.498459235935519,20,18.8206,0,runs/spec_rdelay/off_rorl_hopper_k16_seed0/r_r_hopper_eval.json
offline,RORL,RORL,theta_tau_credit,k=16,l2_anchor,0,0,380.4529,3.085506581731301,20,12.3126,0,runs/spec_rdelay/off_rorl_hopper_k16_seed0/r_r_hopper_eval.json
offline,RORL,RORL,theta_tau_credit,k=16,l3_anchor,0,0,371.9591,9.072123208254256,20,12.0516,0,runs/spec_rdelay/off_rorl_hopper_k16_seed0/r_r_hopper_eval.json
offline,RORL,RORL,theta_tau_credit,k=16,nominal,1,1,3621.4868,44.47971347718681,20,111.8967,0,runs/spec_rdelay/off_rorl_hopper_k16_seed1/r_r_hopper_eval.json
offline,RORL,RORL,theta_tau_credit,k=16,l1_in,1,0,2248.2737,1269.5137450244763,20,69.7033,0,runs/spec_rdelay/off_rorl_hopper_k16_seed1/r_r_hopper_eval.json
offline,RORL,RORL,theta_tau_credit,k=16,l1_out,1,0,1551.5944,1362.5221142912987,20,48.2971,0,runs/spec_rdelay/off_rorl_hopper_k16_seed1/r_r_hopper_eval.json
offline,RORL,RORL,theta_tau_credit,k=16,l2_in,1,0,1952.6792,1356.0186721409539,20,60.6209,0,runs/spec_rdelay/off_rorl_hopper_k16_seed1/r_r_hopper_eval.json
offline,RORL,RORL,theta_tau_credit,k=16,l2_out,1,0,1255.3570,1147.7278897726023,20,39.1949,0,runs/spec_rdelay/off_rorl_hopper_k16_seed1/r_r_hopper_eval.json
offline,RORL,RORL,theta_tau_credit,k=16,l3_in,1,0,1488.2771,818.1484505119579,20,46.3517,0,runs/spec_rdelay/off_rorl_hopper_k16_seed1/r_r_hopper_eval.json
offline,RORL,RORL,theta_tau_credit,k=16,l3_out,1,0,1026.9911,627.6277685757298,20,32.1782,0,runs/spec_rdelay/off_rorl_hopper_k16_seed1/r_r_hopper_eval.json
offline,RORL,RORL,theta_tau_credit,k=16,l1_anchor,1,0,543.8729,44.45248920464998,20,17.3339,0,runs/spec_rdelay/off_rorl_hopper_k16_seed1/r_r_hopper_eval.json
offline,RORL,RORL,theta_tau_credit,k=16,l2_anchor,1,0,370.1493,1.2901997075515488,20,11.9960,0,runs/spec_rdelay/off_rorl_hopper_k16_seed1/r_r_hopper_eval.json
offline,RORL,RORL,theta_tau_credit,k=16,l3_anchor,1,0,341.0568,55.20211674858701,20,11.1021,0,runs/spec_rdelay/off_rorl_hopper_k16_seed1/r_r_hopper_eval.json
offline,RORL,RORL,theta_tau_credit,k=16,nominal,2,1,2997.3765,821.2939589019724,20,92.7203,0,runs/spec_rdelay/off_rorl_hopper_k16_seed2/r_r_hopper_eval.json
offline,RORL,RORL,theta_tau_credit,k=16,l1_in,2,0,2226.8511,1294.613496428844,20,69.0451,0,runs/spec_rdelay/off_rorl_hopper_k16_seed2/r_r_hopper_eval.json
offline,RORL,RORL,theta_tau_credit,k=16,l1_out,2,0,1448.4373,1287.5548955464892,20,45.1275,0,runs/spec_rdelay/off_rorl_hopper_k16_seed2/r_r_hopper_eval.json
offline,RORL,RORL,theta_tau_credit,k=16,l2_in,2,0,1855.6763,1344.8730608961164,20,57.6404,0,runs/spec_rdelay/off_rorl_hopper_k16_seed2/r_r_hopper_eval.json
offline,RORL,RORL,theta_tau_credit,k=16,l2_out,2,0,1389.4887,1299.5478225253098,20,43.3163,0,runs/spec_rdelay/off_rorl_hopper_k16_seed2/r_r_hopper_eval.json
offline,RORL,RORL,theta_tau_credit,k=16,l3_in,2,0,1349.4941,829.7711647899905,20,42.0874,0,runs/spec_rdelay/off_rorl_hopper_k16_seed2/r_r_hopper_eval.json
offline,RORL,RORL,theta_tau_credit,k=16,l3_out,2,0,1008.1835,560.7035980789383,20,31.6003,0,runs/spec_rdelay/off_rorl_hopper_k16_seed2/r_r_hopper_eval.json
offline,RORL,RORL,theta_tau_credit,k=16,l1_anchor,2,0,611.9571,7.272787039215136,20,19.4258,0,runs/spec_rdelay/off_rorl_hopper_k16_seed2/r_r_hopper_eval.json
offline,RORL,RORL,theta_tau_credit,k=16,l2_anchor,2,0,402.3862,1.726812735047554,20,12.9865,0,runs/spec_rdelay/off_rorl_hopper_k16_seed2/r_r_hopper_eval.json
offline,RORL,RORL,theta_tau_credit,k=16,l3_anchor,2,0,380.0031,8.984884524578726,20,12.2988,0,runs/spec_rdelay/off_rorl_hopper_k16_seed2/r_r_hopper_eval.json
offline,RORL,RORL,theta_tau_credit,k=16,nominal,3407,1,3298.1805,532.0536555190886,20,101.9628,0,runs/spec_rdelay/off_rorl_hopper_k16_seed3407/r_r_hopper_eval.json
offline,RORL,RORL,theta_tau_credit,k=16,l1_in,3407,0,2333.6809,1306.1397932383093,20,72.3276,0,runs/spec_rdelay/off_rorl_hopper_k16_seed3407/r_r_hopper_eval.json
offline,RORL,RORL,theta_tau_credit,k=16,l1_out,3407,0,1432.4093,1322.1336427149577,20,44.6351,0,runs/spec_rdelay/off_rorl_hopper_k16_seed3407/r_r_hopper_eval.json
offline,RORL,RORL,theta_tau_credit,k=16,l2_in,3407,0,1995.5253,1418.9438590492387,20,61.9374,0,runs/spec_rdelay/off_rorl_hopper_k16_seed3407/r_r_hopper_eval.json
offline,RORL,RORL,theta_tau_credit,k=16,l2_out,3407,0,970.5694,823.9144204275261,20,30.4446,0,runs/spec_rdelay/off_rorl_hopper_k16_seed3407/r_r_hopper_eval.json
offline,RORL,RORL,theta_tau_credit,k=16,l3_in,3407,0,1372.0053,713.762152853173,20,42.7791,0,runs/spec_rdelay/off_rorl_hopper_k16_seed3407/r_r_hopper_eval.json
offline,RORL,RORL,theta_tau_credit,k=16,l3_out,3407,0,1087.2588,492.6145194320523,20,34.0300,0,runs/spec_rdelay/off_rorl_hopper_k16_seed3407/r_r_hopper_eval.json
offline,RORL,RORL,theta_tau_credit,k=16,l1_anchor,3407,0,383.1120,1.4987481242847802,20,12.3943,0,runs/spec_rdelay/off_rorl_hopper_k16_seed3407/r_r_hopper_eval.json
offline,RORL,RORL,theta_tau_credit,k=16,l2_anchor,3407,0,372.7567,1.426127393673785,20,12.0761,0,runs/spec_rdelay/off_rorl_hopper_k16_seed3407/r_r_hopper_eval.json
offline,RORL,RORL,theta_tau_credit,k=16,l3_anchor,3407,0,369.9339,9.099797122984844,20,11.9894,0,runs/spec_rdelay/off_rorl_hopper_k16_seed3407/r_r_hopper_eval.json
offline,RORL,RORL,theta_tau_credit,k=16,nominal,42,1,3086.8827,769.1909439155803,20,95.4705,0,runs/spec_rdelay/off_rorl_hopper_k16_seed42/r_r_hopper_eval.json
offline,RORL,RORL,theta_tau_credit,k=16,l1_in,42,0,2168.8188,1311.9219944976476,20,67.2620,0,runs/spec_rdelay/off_rorl_hopper_k16_seed42/r_r_hopper_eval.json
offline,RORL,RORL,theta_tau_credit,k=16,l1_out,42,0,1284.4675,1158.0923828702148,20,40.0894,0,runs/spec_rdelay/off_rorl_hopper_k16_seed42/r_r_hopper_eval.json
offline,RORL,RORL,theta_tau_credit,k=16,l2_in,42,0,1960.6254,1463.9474746855115,20,60.8650,0,runs/spec_rdelay/off_rorl_hopper_k16_seed42/r_r_hopper_eval.json
offline,RORL,RORL,theta_tau_credit,k=16,l2_out,42,0,1017.0011,991.3371454704005,20,31.8712,0,runs/spec_rdelay/off_rorl_hopper_k16_seed42/r_r_hopper_eval.json
offline,RORL,RORL,theta_tau_credit,k=16,l3_in,42,0,1325.1161,784.3131336625106,20,41.3384,0,runs/spec_rdelay/off_rorl_hopper_k16_seed42/r_r_hopper_eval.json
offline,RORL,RORL,theta_tau_credit,k=16,l3_out,42,0,997.6611,620.3229774559524,20,31.2770,0,runs/spec_rdelay/off_rorl_hopper_k16_seed42/r_r_hopper_eval.json
offline,RORL,RORL,theta_tau_credit,k=16,l1_anchor,42,0,365.9265,2.447737117651514,20,11.8663,0,runs/spec_rdelay/off_rorl_hopper_k16_seed42/r_r_hopper_eval.json
offline,RORL,RORL,theta_tau_credit,k=16,l2_anchor,42,0,377.4547,1.4898621867635773,20,12.2205,0,runs/spec_rdelay/off_rorl_hopper_k16_seed42/r_r_hopper_eval.json
offline,RORL,RORL,theta_tau_credit,k=16,l3_anchor,42,0,368.6228,7.41337050502164,20,11.9491,0,runs/spec_rdelay/off_rorl_hopper_k16_seed42/r_r_hopper_eval.json
offline,RORL,RORL,theta_tau_credit,k=32,nominal,0,1,3053.9193,733.348340776607,20,94.4576,0,runs/spec_rdelay/off_rorl_hopper_k32_seed0/r_r_hopper_eval.json
offline,RORL,RORL,theta_tau_credit,k=32,l1_in,0,0,2119.4474,1262.4072478146545,20,65.7450,0,runs/spec_rdelay/off_rorl_hopper_k32_seed0/r_r_hopper_eval.json
offline,RORL,RORL,theta_tau_credit,k=32,l1_out,0,0,1338.5724,1154.9164387199353,20,41.7518,0,runs/spec_rdelay/off_rorl_hopper_k32_seed0/r_r_hopper_eval.json
offline,RORL,RORL,theta_tau_credit,k=32,l2_in,0,0,1897.0290,1384.1162531245766,20,58.9110,0,runs/spec_rdelay/off_rorl_hopper_k32_seed0/r_r_hopper_eval.json
offline,RORL,RORL,theta_tau_credit,k=32,l2_out,0,0,884.8321,796.0705740406721,20,27.8102,0,runs/spec_rdelay/off_rorl_hopper_k32_seed0/r_r_hopper_eval.json
offline,RORL,RORL,theta_tau_credit,k=32,l3_in,0,0,1344.4781,717.764486149687,20,41.9333,0,runs/spec_rdelay/off_rorl_hopper_k32_seed0/r_r_hopper_eval.json
offline,RORL,RORL,theta_tau_credit,k=32,l3_out,0,0,1072.6905,751.866116506594,20,33.5823,0,runs/spec_rdelay/off_rorl_hopper_k32_seed0/r_r_hopper_eval.json
offline,RORL,RORL,theta_tau_credit,k=32,l1_anchor,0,0,454.4848,19.834672498711264,20,14.5873,0,runs/spec_rdelay/off_rorl_hopper_k32_seed0/r_r_hopper_eval.json
offline,RORL,RORL,theta_tau_credit,k=32,l2_anchor,0,0,371.8132,1.4496524657128733,20,12.0472,0,runs/spec_rdelay/off_rorl_hopper_k32_seed0/r_r_hopper_eval.json
offline,RORL,RORL,theta_tau_credit,k=32,l3_anchor,0,0,371.9504,8.061398517475176,20,12.0514,0,runs/spec_rdelay/off_rorl_hopper_k32_seed0/r_r_hopper_eval.json
offline,RORL,RORL,theta_tau_credit,k=32,nominal,1,1,3474.4331,322.6690364752908,20,107.3783,0,runs/spec_rdelay/off_rorl_hopper_k32_seed1/r_r_hopper_eval.json
offline,RORL,RORL,theta_tau_credit,k=32,l1_in,1,0,2237.7308,1335.9496650215333,20,69.3794,0,runs/spec_rdelay/off_rorl_hopper_k32_seed1/r_r_hopper_eval.json
offline,RORL,RORL,theta_tau_credit,k=32,l1_out,1,0,1352.5501,1180.21769753554,20,42.1813,0,runs/spec_rdelay/off_rorl_hopper_k32_seed1/r_r_hopper_eval.json
offline,RORL,RORL,theta_tau_credit,k=32,l2_in,1,0,1812.5898,1325.129500175958,20,56.3165,0,runs/spec_rdelay/off_rorl_hopper_k32_seed1/r_r_hopper_eval.json
offline,RORL,RORL,theta_tau_credit,k=32,l2_out,1,0,998.8002,956.9178704305971,20,31.3120,0,runs/spec_rdelay/off_rorl_hopper_k32_seed1/r_r_hopper_eval.json
offline,RORL,RORL,theta_tau_credit,k=32,l3_in,1,0,1377.3261,755.1662774335697,20,42.9426,0,runs/spec_rdelay/off_rorl_hopper_k32_seed1/r_r_hopper_eval.json
offline,RORL,RORL,theta_tau_credit,k=32,l3_out,1,0,1083.4803,515.1012624411695,20,33.9139,0,runs/spec_rdelay/off_rorl_hopper_k32_seed1/r_r_hopper_eval.json
offline,RORL,RORL,theta_tau_credit,k=32,l1_anchor,1,0,477.7464,4.040714319318996,20,15.3021,0,runs/spec_rdelay/off_rorl_hopper_k32_seed1/r_r_hopper_eval.json
offline,RORL,RORL,theta_tau_credit,k=32,l2_anchor,1,0,389.9789,1.2859385772999898,20,12.6053,0,runs/spec_rdelay/off_rorl_hopper_k32_seed1/r_r_hopper_eval.json
offline,RORL,RORL,theta_tau_credit,k=32,l3_anchor,1,0,377.9867,6.861981858427668,20,12.2368,0,runs/spec_rdelay/off_rorl_hopper_k32_seed1/r_r_hopper_eval.json
offline,RORL,RORL,theta_tau_credit,k=32,nominal,2,1,2984.7289,607.0181910462279,20,92.3317,0,runs/spec_rdelay/off_rorl_hopper_k32_seed2/r_r_hopper_eval.json
offline,RORL,RORL,theta_tau_credit,k=32,l1_in,2,0,2248.0099,1349.149405121478,20,69.6952,0,runs/spec_rdelay/off_rorl_hopper_k32_seed2/r_r_hopper_eval.json
offline,RORL,RORL,theta_tau_credit,k=32,l1_out,2,0,1429.2032,1314.4708058572737,20,44.5366,0,runs/spec_rdelay/off_rorl_hopper_k32_seed2/r_r_hopper_eval.json
offline,RORL,RORL,theta_tau_credit,k=32,l2_in,2,0,1955.4482,1452.2121344120806,20,60.7060,0,runs/spec_rdelay/off_rorl_hopper_k32_seed2/r_r_hopper_eval.json
offline,RORL,RORL,theta_tau_credit,k=32,l2_out,2,0,1266.0371,1252.143376951483,20,39.5231,0,runs/spec_rdelay/off_rorl_hopper_k32_seed2/r_r_hopper_eval.json
offline,RORL,RORL,theta_tau_credit,k=32,l3_in,2,0,1381.6682,742.0249664973844,20,43.0760,0,runs/spec_rdelay/off_rorl_hopper_k32_seed2/r_r_hopper_eval.json
offline,RORL,RORL,theta_tau_credit,k=32,l3_out,2,0,1018.1825,488.6483832807006,20,31.9075,0,runs/spec_rdelay/off_rorl_hopper_k32_seed2/r_r_hopper_eval.json
offline,RORL,RORL,theta_tau_credit,k=32,l1_anchor,2,0,462.2027,15.053551985071334,20,14.8245,0,runs/spec_rdelay/off_rorl_hopper_k32_seed2/r_r_hopper_eval.json
offline,RORL,RORL,theta_tau_credit,k=32,l2_anchor,2,0,400.4370,2.766729312597312,20,12.9267,0,runs/spec_rdelay/off_rorl_hopper_k32_seed2/r_r_hopper_eval.json
offline,RORL,RORL,theta_tau_credit,k=32,l3_anchor,2,0,369.4554,13.302466220862964,20,11.9747,0,runs/spec_rdelay/off_rorl_hopper_k32_seed2/r_r_hopper_eval.json
offline,RORL,RORL,theta_tau_credit,k=32,nominal,3407,1,3344.8675,569.519618773495,20,103.3973,0,runs/spec_rdelay/off_rorl_hopper_k32_seed3407/r_r_hopper_eval.json
offline,RORL,RORL,theta_tau_credit,k=32,l1_in,3407,0,2118.7457,1297.4837924414887,20,65.7235,0,runs/spec_rdelay/off_rorl_hopper_k32_seed3407/r_r_hopper_eval.json
offline,RORL,RORL,theta_tau_credit,k=32,l1_out,3407,0,1488.9227,1331.148808778981,20,46.3715,0,runs/spec_rdelay/off_rorl_hopper_k32_seed3407/r_r_hopper_eval.json
offline,RORL,RORL,theta_tau_credit,k=32,l2_in,3407,0,1802.1606,1281.882704994871,20,55.9960,0,runs/spec_rdelay/off_rorl_hopper_k32_seed3407/r_r_hopper_eval.json
offline,RORL,RORL,theta_tau_credit,k=32,l2_out,3407,0,1166.0073,1116.5229492892965,20,36.4496,0,runs/spec_rdelay/off_rorl_hopper_k32_seed3407/r_r_hopper_eval.json
offline,RORL,RORL,theta_tau_credit,k=32,l3_in,3407,0,1280.3953,746.3442096314621,20,39.9643,0,runs/spec_rdelay/off_rorl_hopper_k32_seed3407/r_r_hopper_eval.json
offline,RORL,RORL,theta_tau_credit,k=32,l3_out,3407,0,1021.3441,487.9351713252239,20,32.0047,0,runs/spec_rdelay/off_rorl_hopper_k32_seed3407/r_r_hopper_eval.json
offline,RORL,RORL,theta_tau_credit,k=32,l1_anchor,3407,0,595.6598,4.013996022729338,20,18.9251,0,runs/spec_rdelay/off_rorl_hopper_k32_seed3407/r_r_hopper_eval.json
offline,RORL,RORL,theta_tau_credit,k=32,l2_anchor,3407,0,390.4168,2.1576726895538476,20,12.6188,0,runs/spec_rdelay/off_rorl_hopper_k32_seed3407/r_r_hopper_eval.json
offline,RORL,RORL,theta_tau_credit,k=32,l3_anchor,3407,0,365.7335,8.221004960459025,20,11.8604,0,runs/spec_rdelay/off_rorl_hopper_k32_seed3407/r_r_hopper_eval.json
offline,RORL,RORL,theta_tau_credit,k=32,nominal,42,1,3385.0012,600.1067153932206,20,104.6304,0,runs/spec_rdelay/off_rorl_hopper_k32_seed42/r_r_hopper_eval.json
offline,RORL,RORL,theta_tau_credit,k=32,l1_in,42,0,1930.0230,1237.14883683784,20,59.9248,0,runs/spec_rdelay/off_rorl_hopper_k32_seed42/r_r_hopper_eval.json
offline,RORL,RORL,theta_tau_credit,k=32,l1_out,42,0,1106.7032,961.8192090960814,20,34.6274,0,runs/spec_rdelay/off_rorl_hopper_k32_seed42/r_r_hopper_eval.json
offline,RORL,RORL,theta_tau_credit,k=32,l2_in,42,0,1768.5239,1312.0529160028088,20,54.9625,0,runs/spec_rdelay/off_rorl_hopper_k32_seed42/r_r_hopper_eval.json
offline,RORL,RORL,theta_tau_credit,k=32,l2_out,42,0,1042.6637,968.7793390840234,20,32.6597,0,runs/spec_rdelay/off_rorl_hopper_k32_seed42/r_r_hopper_eval.json
offline,RORL,RORL,theta_tau_credit,k=32,l3_in,42,0,1218.3969,579.5306426773849,20,38.0593,0,runs/spec_rdelay/off_rorl_hopper_k32_seed42/r_r_hopper_eval.json
offline,RORL,RORL,theta_tau_credit,k=32,l3_out,42,0,941.1103,550.2835492519046,20,29.5394,0,runs/spec_rdelay/off_rorl_hopper_k32_seed42/r_r_hopper_eval.json
offline,RORL,RORL,theta_tau_credit,k=32,l1_anchor,42,0,407.5511,6.024208999673833,20,13.1452,0,runs/spec_rdelay/off_rorl_hopper_k32_seed42/r_r_hopper_eval.json
offline,RORL,RORL,theta_tau_credit,k=32,l2_anchor,42,0,395.0809,2.7267890320914723,20,12.7621,0,runs/spec_rdelay/off_rorl_hopper_k32_seed42/r_r_hopper_eval.json
offline,RORL,RORL,theta_tau_credit,k=32,l3_anchor,42,0,363.9402,11.125593638622421,20,11.8053,0,runs/spec_rdelay/off_rorl_hopper_k32_seed42/r_r_hopper_eval.json
offline,RORL,RORL,theta_tau_credit,k=64,nominal,0,1,3079.6002,567.5698159622308,20,95.2467,0,runs/spec_rdelay/off_rorl_hopper_k64_seed0/r_r_hopper_eval.json
offline,RORL,RORL,theta_tau_credit,k=64,l1_in,0,0,1758.4493,1106.775695689452,20,54.6530,0,runs/spec_rdelay/off_rorl_hopper_k64_seed0/r_r_hopper_eval.json
offline,RORL,RORL,theta_tau_credit,k=64,l1_out,0,0,1038.1111,742.1732579593794,20,32.5198,0,runs/spec_rdelay/off_rorl_hopper_k64_seed0/r_r_hopper_eval.json
offline,RORL,RORL,theta_tau_credit,k=64,l2_in,0,0,1899.4025,1308.6344359973507,20,58.9839,0,runs/spec_rdelay/off_rorl_hopper_k64_seed0/r_r_hopper_eval.json
offline,RORL,RORL,theta_tau_credit,k=64,l2_out,0,0,1070.4597,989.0622086396186,20,33.5138,0,runs/spec_rdelay/off_rorl_hopper_k64_seed0/r_r_hopper_eval.json
offline,RORL,RORL,theta_tau_credit,k=64,l3_in,0,0,1180.6418,452.08692557769916,20,36.8992,0,runs/spec_rdelay/off_rorl_hopper_k64_seed0/r_r_hopper_eval.json
offline,RORL,RORL,theta_tau_credit,k=64,l3_out,0,0,929.0252,581.5182514720827,20,29.1681,0,runs/spec_rdelay/off_rorl_hopper_k64_seed0/r_r_hopper_eval.json
offline,RORL,RORL,theta_tau_credit,k=64,l1_anchor,0,0,575.7595,2.734518230063852,20,18.3136,0,runs/spec_rdelay/off_rorl_hopper_k64_seed0/r_r_hopper_eval.json
offline,RORL,RORL,theta_tau_credit,k=64,l2_anchor,0,0,401.2672,2.4542417313482967,20,12.9522,0,runs/spec_rdelay/off_rorl_hopper_k64_seed0/r_r_hopper_eval.json
offline,RORL,RORL,theta_tau_credit,k=64,l3_anchor,0,0,374.0414,10.212052392367365,20,12.1156,0,runs/spec_rdelay/off_rorl_hopper_k64_seed0/r_r_hopper_eval.json
offline,RORL,RORL,theta_tau_credit,k=64,nominal,1,1,2090.3001,328.5491526509187,20,64.8494,0,runs/spec_rdelay/off_rorl_hopper_k64_seed1/r_r_hopper_eval.json
offline,RORL,RORL,theta_tau_credit,k=64,l1_in,1,0,1473.9110,823.4155276812393,20,45.9102,0,runs/spec_rdelay/off_rorl_hopper_k64_seed1/r_r_hopper_eval.json
offline,RORL,RORL,theta_tau_credit,k=64,l1_out,1,0,933.2745,744.1141215954364,20,29.2986,0,runs/spec_rdelay/off_rorl_hopper_k64_seed1/r_r_hopper_eval.json
offline,RORL,RORL,theta_tau_credit,k=64,l2_in,1,0,1605.0349,1217.5443382015937,20,49.9392,0,runs/spec_rdelay/off_rorl_hopper_k64_seed1/r_r_hopper_eval.json
offline,RORL,RORL,theta_tau_credit,k=64,l2_out,1,0,976.3265,773.6260555461458,20,30.6214,0,runs/spec_rdelay/off_rorl_hopper_k64_seed1/r_r_hopper_eval.json
offline,RORL,RORL,theta_tau_credit,k=64,l3_in,1,0,1099.0525,335.3829294788035,20,34.3923,0,runs/spec_rdelay/off_rorl_hopper_k64_seed1/r_r_hopper_eval.json
offline,RORL,RORL,theta_tau_credit,k=64,l3_out,1,0,919.9786,518.3277719505498,20,28.8901,0,runs/spec_rdelay/off_rorl_hopper_k64_seed1/r_r_hopper_eval.json
offline,RORL,RORL,theta_tau_credit,k=64,l1_anchor,1,0,547.8635,25.27026436577234,20,17.4565,0,runs/spec_rdelay/off_rorl_hopper_k64_seed1/r_r_hopper_eval.json
offline,RORL,RORL,theta_tau_credit,k=64,l2_anchor,1,0,372.7945,1.7304959441902528,20,12.0773,0,runs/spec_rdelay/off_rorl_hopper_k64_seed1/r_r_hopper_eval.json
offline,RORL,RORL,theta_tau_credit,k=64,l3_anchor,1,0,365.3630,15.860355899404308,20,11.8490,0,runs/spec_rdelay/off_rorl_hopper_k64_seed1/r_r_hopper_eval.json
offline,RORL,RORL,theta_tau_credit,k=64,nominal,2,1,2334.8852,594.8470563740344,20,72.3646,0,runs/spec_rdelay/off_rorl_hopper_k64_seed2/r_r_hopper_eval.json
offline,RORL,RORL,theta_tau_credit,k=64,l1_in,2,0,1821.6921,1031.2796395342953,20,56.5962,0,runs/spec_rdelay/off_rorl_hopper_k64_seed2/r_r_hopper_eval.json
offline,RORL,RORL,theta_tau_credit,k=64,l1_out,2,0,1116.7448,887.7253523119056,20,34.9359,0,runs/spec_rdelay/off_rorl_hopper_k64_seed2/r_r_hopper_eval.json
offline,RORL,RORL,theta_tau_credit,k=64,l2_in,2,0,1706.1961,1151.6735871932988,20,53.0474,0,runs/spec_rdelay/off_rorl_hopper_k64_seed2/r_r_hopper_eval.json
offline,RORL,RORL,theta_tau_credit,k=64,l2_out,2,0,1232.9569,1114.071468127945,20,38.5067,0,runs/spec_rdelay/off_rorl_hopper_k64_seed2/r_r_hopper_eval.json
offline,RORL,RORL,theta_tau_credit,k=64,l3_in,2,0,1154.6934,436.6091317292771,20,36.1020,0,runs/spec_rdelay/off_rorl_hopper_k64_seed2/r_r_hopper_eval.json
offline,RORL,RORL,theta_tau_credit,k=64,l3_out,2,0,995.1106,441.50834810359623,20,31.1986,0,runs/spec_rdelay/off_rorl_hopper_k64_seed2/r_r_hopper_eval.json
offline,RORL,RORL,theta_tau_credit,k=64,l1_anchor,2,0,599.3235,3.6450377438228476,20,19.0376,0,runs/spec_rdelay/off_rorl_hopper_k64_seed2/r_r_hopper_eval.json
offline,RORL,RORL,theta_tau_credit,k=64,l2_anchor,2,0,391.0569,2.6532965441064547,20,12.6384,0,runs/spec_rdelay/off_rorl_hopper_k64_seed2/r_r_hopper_eval.json
offline,RORL,RORL,theta_tau_credit,k=64,l3_anchor,2,0,373.0003,9.581625919504988,20,12.0836,0,runs/spec_rdelay/off_rorl_hopper_k64_seed2/r_r_hopper_eval.json
offline,RORL,RORL,theta_tau_credit,k=64,nominal,3407,1,1924.2100,224.61483185142845,20,59.7461,0,runs/spec_rdelay/off_rorl_hopper_k64_seed3407/r_r_hopper_eval.json
offline,RORL,RORL,theta_tau_credit,k=64,l1_in,3407,0,1564.7966,962.0445060513028,20,48.7028,0,runs/spec_rdelay/off_rorl_hopper_k64_seed3407/r_r_hopper_eval.json
offline,RORL,RORL,theta_tau_credit,k=64,l1_out,3407,0,1076.6537,925.4506553315246,20,33.7041,0,runs/spec_rdelay/off_rorl_hopper_k64_seed3407/r_r_hopper_eval.json
offline,RORL,RORL,theta_tau_credit,k=64,l2_in,3407,0,1310.7946,918.1989623760729,20,40.8983,0,runs/spec_rdelay/off_rorl_hopper_k64_seed3407/r_r_hopper_eval.json
offline,RORL,RORL,theta_tau_credit,k=64,l2_out,3407,0,821.2586,471.8279683999853,20,25.8568,0,runs/spec_rdelay/off_rorl_hopper_k64_seed3407/r_r_hopper_eval.json
offline,RORL,RORL,theta_tau_credit,k=64,l3_in,3407,0,1202.7783,482.4572357406187,20,37.5794,0,runs/spec_rdelay/off_rorl_hopper_k64_seed3407/r_r_hopper_eval.json
offline,RORL,RORL,theta_tau_credit,k=64,l3_out,3407,0,1048.9163,499.53998446064605,20,32.8518,0,runs/spec_rdelay/off_rorl_hopper_k64_seed3407/r_r_hopper_eval.json
offline,RORL,RORL,theta_tau_credit,k=64,l1_anchor,3407,0,442.4394,2.8239487002660497,20,14.2172,0,runs/spec_rdelay/off_rorl_hopper_k64_seed3407/r_r_hopper_eval.json
offline,RORL,RORL,theta_tau_credit,k=64,l2_anchor,3407,0,364.6075,1.7511117244385357,20,11.8258,0,runs/spec_rdelay/off_rorl_hopper_k64_seed3407/r_r_hopper_eval.json
offline,RORL,RORL,theta_tau_credit,k=64,l3_anchor,3407,0,358.1813,11.087395970877543,20,11.6283,0,runs/spec_rdelay/off_rorl_hopper_k64_seed3407/r_r_hopper_eval.json
offline,RORL,RORL,theta_tau_credit,k=64,nominal,42,1,1988.9524,554.8880205829861,20,61.7354,0,runs/spec_rdelay/off_rorl_hopper_k64_seed42/r_r_hopper_eval.json
offline,RORL,RORL,theta_tau_credit,k=64,l1_in,42,0,1411.1914,754.3297907087651,20,43.9831,0,runs/spec_rdelay/off_rorl_hopper_k64_seed42/r_r_hopper_eval.json
offline,RORL,RORL,theta_tau_credit,k=64,l1_out,42,0,1121.6977,873.927650704597,20,35.0881,0,runs/spec_rdelay/off_rorl_hopper_k64_seed42/r_r_hopper_eval.json
offline,RORL,RORL,theta_tau_credit,k=64,l2_in,42,0,1585.1486,1169.3221865746054,20,49.3281,0,runs/spec_rdelay/off_rorl_hopper_k64_seed42/r_r_hopper_eval.json
offline,RORL,RORL,theta_tau_credit,k=64,l2_out,42,0,1230.2481,1115.7190868975965,20,38.4235,0,runs/spec_rdelay/off_rorl_hopper_k64_seed42/r_r_hopper_eval.json
offline,RORL,RORL,theta_tau_credit,k=64,l3_in,42,0,1291.7138,676.588890561404,20,40.3120,0,runs/spec_rdelay/off_rorl_hopper_k64_seed42/r_r_hopper_eval.json
offline,RORL,RORL,theta_tau_credit,k=64,l3_out,42,0,946.2160,505.3136160983876,20,29.6963,0,runs/spec_rdelay/off_rorl_hopper_k64_seed42/r_r_hopper_eval.json
offline,RORL,RORL,theta_tau_credit,k=64,l1_anchor,42,0,552.0903,8.597586830007229,20,17.5864,0,runs/spec_rdelay/off_rorl_hopper_k64_seed42/r_r_hopper_eval.json
offline,RORL,RORL,theta_tau_credit,k=64,l2_anchor,42,0,386.1731,2.0538568639578227,20,12.4884,0,runs/spec_rdelay/off_rorl_hopper_k64_seed42/r_r_hopper_eval.json
offline,RORL,RORL,theta_tau_credit,k=64,l3_anchor,42,0,370.9990,9.855558035382106,20,12.0221,0,runs/spec_rdelay/off_rorl_hopper_k64_seed42/r_r_hopper_eval.json
