regime,method,display,channel,grid,cell,seed,in_selection,return_mean,return_std,return_min,cvar,episode_length_mean,n_episodes,score,eval_seed,ckpt_select,diverged,source
online,RARL-PPO,RARL-PPO,theta_o,spec_obsadv_hopper,nominal,0,0,3666.7707,2.8031110714337397,3662.843501861915,3663.7022411955854,1000.0,20,113.2881,10000,last,0,runs/spec_p2_online/RARL-PPO/hopper_seed0/r_spec_obsadv_hopper_eval.json
online,RARL-PPO,RARL-PPO,theta_o,spec_obsadv_hopper,obs_uni_0.05,0,0,3206.5077,636.0299746181681,1657.0836927340856,2193.371894178677,873.75,20,99.1461,10000,last,0,runs/spec_p2_online/RARL-PPO/hopper_seed0/r_spec_obsadv_hopper_eval.json
online,RARL-PPO,RARL-PPO,theta_o,spec_obsadv_hopper,obs_uni_0.10,0,1,1320.9665,228.98818832445068,939.1767234426272,1026.335879644404,350.8,20,41.2109,10000,last,0,runs/spec_p2_online/RARL-PPO/hopper_seed0/r_spec_obsadv_hopper_eval.json
online,RARL-PPO,RARL-PPO,theta_o,spec_obsadv_hopper,obs_uni_0.15,0,0,633.0988,365.82367120891854,51.54658844114401,82.05170382838885,192.6,20,20.0754,10000,last,0,runs/spec_p2_online/RARL-PPO/hopper_seed0/r_spec_obsadv_hopper_eval.json
online,RARL-PPO,RARL-PPO,theta_o,spec_obsadv_hopper,obs_rel_0.05,0,0,3652.9629,11.830550782765506,3614.0176071929,3637.0735007741996,1000.0,20,112.8638,10000,last,0,runs/spec_p2_online/RARL-PPO/hopper_seed0/r_spec_obsadv_hopper_eval.json
online,RARL-PPO,RARL-PPO,theta_o,spec_obsadv_hopper,obs_rel_0.10,0,1,3639.9332,25.877460232325312,3600.3616884324765,3616.47494138128,1000.0,20,112.4635,10000,last,0,runs/spec_p2_online/RARL-PPO/hopper_seed0/r_spec_obsadv_hopper_eval.json
online,RARL-PPO,RARL-PPO,theta_o,spec_obsadv_hopper,obs_bias_0.05,0,0,2907.3782,998.7689796183865,1022.4176584942339,1290.939587043153,808.9,20,89.9550,10000,last,0,runs/spec_p2_online/RARL-PPO/hopper_seed0/r_spec_obsadv_hopper_eval.json
online,RARL-PPO,RARL-PPO,theta_o,spec_obsadv_hopper,obs_gauss_0.05,0,0,1576.9371,418.76738123132475,847.8490638397213,1065.573029371308,418.95,20,49.0758,10000,last,0,runs/spec_p2_online/RARL-PPO/hopper_seed0/r_spec_obsadv_hopper_eval.json
online,RARL-PPO,RARL-PPO,theta_o,spec_obsadv_hopper,obs_gauss_0.10,0,1,351.8618,302.22379727507035,53.99312901877987,62.373110454027184,120.65,20,11.4341,10000,last,0,runs/spec_p2_online/RARL-PPO/hopper_seed0/r_spec_obsadv_hopper_eval.json
online,RARL-PPO,RARL-PPO,theta_o,spec_obsadv_hopper,obs_shift_0.01,0,0,3668.6410,2.6023002000098545,3661.9924740610495,3664.7780402260614,1000.0,20,113.3456,10000,last,0,runs/spec_p2_online/RARL-PPO/hopper_seed0/r_spec_obsadv_hopper_eval.json
online,RARL-PPO,RARL-PPO,theta_o,spec_obsadv_hopper,obs_shift_0.02,0,0,3660.3672,8.115769094124206,3639.364281240535,3648.3629969319836,1000.0,20,113.0914,10000,last,0,runs/spec_p2_online/RARL-PPO/hopper_seed0/r_spec_obsadv_hopper_eval.json
online,RARL-PPO,RARL-PPO,theta_o,spec_obsadv_hopper,nominal,1,0,988.4826,7.295977996837509,971.7432210273898,978.534084951207,263.55,20,30.9950,10000,last,0,runs/spec_p2_online/RARL-PPO/hopper_seed1/r_spec_obsadv_hopper_eval.json
online,RARL-PPO,RARL-PPO,theta_o,spec_obsadv_hopper,obs_uni_0.05,1,0,927.3378,188.44051117527638,116.05896476196709,766.1705969103517,251.95,20,29.1162,10000,last,0,runs/spec_p2_online/RARL-PPO/hopper_seed1/r_spec_obsadv_hopper_eval.json
online,RARL-PPO,RARL-PPO,theta_o,spec_obsadv_hopper,obs_uni_0.10,1,1,451.5998,312.51570351502966,42.381100245934846,54.69515470908409,146.45,20,14.4987,10000,last,0,runs/spec_p2_online/RARL-PPO/hopper_seed1/r_spec_obsadv_hopper_eval.json
online,RARL-PPO,RARL-PPO,theta_o,spec_obsadv_hopper,obs_uni_0.15,1,0,120.2531,169.8303057006335,41.563726392385725,45.57392552836512,53.7,20,4.3177,10000,last,0,runs/spec_p2_online/RARL-PPO/hopper_seed1/r_spec_obsadv_hopper_eval.json
online,RARL-PPO,RARL-PPO,theta_o,spec_obsadv_hopper,obs_rel_0.05,1,0,995.7680,11.99286928880527,973.806070964464,981.090478942697,265.45,20,31.2188,10000,last,0,runs/spec_p2_online/RARL-PPO/hopper_seed1/r_spec_obsadv_hopper_eval.json
online,RARL-PPO,RARL-PPO,theta_o,spec_obsadv_hopper,obs_rel_0.10,1,1,1004.5567,20.071398630587545,963.006554971391,977.7126990137536,268.65,20,31.4889,10000,last,0,runs/spec_p2_online/RARL-PPO/hopper_seed1/r_spec_obsadv_hopper_eval.json
online,RARL-PPO,RARL-PPO,theta_o,spec_obsadv_hopper,obs_bias_0.05,1,0,615.2570,436.164816106944,49.070646024494366,67.13732636226686,175.85,20,19.5272,10000,last,0,runs/spec_p2_online/RARL-PPO/hopper_seed1/r_spec_obsadv_hopper_eval.json
online,RARL-PPO,RARL-PPO,theta_o,spec_obsadv_hopper,obs_gauss_0.05,1,0,408.1916,392.4767604353871,46.94318914690913,52.907308642612485,128.8,20,13.1649,10000,last,0,runs/spec_p2_online/RARL-PPO/hopper_seed1/r_spec_obsadv_hopper_eval.json
online,RARL-PPO,RARL-PPO,theta_o,spec_obsadv_hopper,obs_gauss_0.10,1,1,61.1743,21.119315607549836,41.06597641942466,44.930292699927044,36.05,20,2.5025,10000,last,0,runs/spec_p2_online/RARL-PPO/hopper_seed1/r_spec_obsadv_hopper_eval.json
online,RARL-PPO,RARL-PPO,theta_o,spec_obsadv_hopper,obs_shift_0.01,1,0,996.6788,7.705149999159554,984.1343329160537,987.1842945591409,266.1,20,31.2468,10000,last,0,runs/spec_p2_online/RARL-PPO/hopper_seed1/r_spec_obsadv_hopper_eval.json
online,RARL-PPO,RARL-PPO,theta_o,spec_obsadv_hopper,obs_shift_0.02,1,0,1001.7046,6.426388993878672,989.228465107307,992.5618562346565,268.15,20,31.4012,10000,last,0,runs/spec_p2_online/RARL-PPO/hopper_seed1/r_spec_obsadv_hopper_eval.json
online,RARL-PPO,RARL-PPO,theta_o,spec_obsadv_hopper,nominal,2,0,1055.6194,390.9483118033546,920.9368110649455,923.5173646575146,333.7,20,33.0578,10000,last,0,runs/spec_p2_online/RARL-PPO/hopper_seed2/r_spec_obsadv_hopper_eval.json
online,RARL-PPO,RARL-PPO,theta_o,spec_obsadv_hopper,obs_uni_0.05,2,0,938.7300,348.87258618585827,618.6862761985873,625.4328766941959,298.5,20,29.4663,10000,last,0,runs/spec_p2_online/RARL-PPO/hopper_seed2/r_spec_obsadv_hopper_eval.json
online,RARL-PPO,RARL-PPO,theta_o,spec_obsadv_hopper,obs_uni_0.10,2,1,895.6443,361.48492700452533,608.9683791420456,613.7975408085525,284.5,20,28.1424,10000,last,0,runs/spec_p2_online/RARL-PPO/hopper_seed2/r_spec_obsadv_hopper_eval.json
online,RARL-PPO,RARL-PPO,theta_o,spec_obsadv_hopper,obs_uni_0.15,2,0,833.4273,352.6126908456371,130.59086034981397,510.63870896959054,264.8,20,26.2307,10000,last,0,runs/spec_p2_online/RARL-PPO/hopper_seed2/r_spec_obsadv_hopper_eval.json
online,RARL-PPO,RARL-PPO,theta_o,spec_obsadv_hopper,obs_rel_0.05,2,0,1009.9393,481.42610922757746,621.0175158749067,631.4872246933975,319.1,20,31.6542,10000,last,0,runs/spec_p2_online/RARL-PPO/hopper_seed2/r_spec_obsadv_hopper_eval.json
online,RARL-PPO,RARL-PPO,theta_o,spec_obsadv_hopper,obs_rel_0.10,2,1,895.6257,412.4259767334198,601.7707661608575,618.6442261254857,289.75,20,28.1418,10000,last,0,runs/spec_p2_online/RARL-PPO/hopper_seed2/r_spec_obsadv_hopper_eval.json
online,RARL-PPO,RARL-PPO,theta_o,spec_obsadv_hopper,obs_bias_0.05,2,0,889.2094,809.5261580542351,153.54991507495527,303.74694834912304,276.35,20,27.9447,10000,last,0,runs/spec_p2_online/RARL-PPO/hopper_seed2/r_spec_obsadv_hopper_eval.json
online,RARL-PPO,RARL-PPO,theta_o,spec_obsadv_hopper,obs_gauss_0.05,2,0,773.6133,261.670189702762,604.4440891728505,612.438679799669,254.25,20,24.3929,10000,last,0,runs/spec_p2_online/RARL-PPO/hopper_seed2/r_spec_obsadv_hopper_eval.json
online,RARL-PPO,RARL-PPO,theta_o,spec_obsadv_hopper,obs_gauss_0.10,2,1,743.4533,428.88643472064064,62.79908652677836,195.6186158149181,240.0,20,23.4662,10000,last,0,runs/spec_p2_online/RARL-PPO/hopper_seed2/r_spec_obsadv_hopper_eval.json
online,RARL-PPO,RARL-PPO,theta_o,spec_obsadv_hopper,obs_shift_0.01,2,0,618.5693,2.6477446167269445,614.1292180948118,615.2694994370188,214.0,20,19.6290,10000,last,0,runs/spec_p2_online/RARL-PPO/hopper_seed2/r_spec_obsadv_hopper_eval.json
online,RARL-PPO,RARL-PPO,theta_o,spec_obsadv_hopper,obs_shift_0.02,2,0,618.5242,2.1319156809897324,614.2339017754438,615.7788835890372,212.15,20,19.6276,10000,last,0,runs/spec_p2_online/RARL-PPO/hopper_seed2/r_spec_obsadv_hopper_eval.json
online,RARL-PPO,RARL-PPO,theta_o,spec_obsadv_hopper,nominal,3407,0,3641.3864,8.154842397828846,3629.8103391379746,3631.5472158848183,1000.0,20,112.5081,10000,last,0,runs/spec_p2_online/RARL-PPO/hopper_seed3407/r_spec_obsadv_hopper_eval.json
online,RARL-PPO,RARL-PPO,theta_o,spec_obsadv_hopper,obs_uni_0.05,3407,0,3147.0409,1118.6081421744996,46.93001526568479,1710.805274888305,869.25,20,97.3189,10000,last,0,runs/spec_p2_online/RARL-PPO/hopper_seed3407/r_spec_obsadv_hopper_eval.json
online,RARL-PPO,RARL-PPO,theta_o,spec_obsadv_hopper,obs_uni_0.10,3407,1,1268.7429,1433.1639497616648,45.50814896176054,46.95609493584503,364.5,20,39.6062,10000,last,0,runs/spec_p2_online/RARL-PPO/hopper_seed3407/r_spec_obsadv_hopper_eval.json
online,RARL-PPO,RARL-PPO,theta_o,spec_obsadv_hopper,obs_uni_0.15,3407,0,296.8925,573.2269296275816,43.99607843925545,45.44186317513097,102.1,20,9.7451,10000,last,0,runs/spec_p2_online/RARL-PPO/hopper_seed3407/r_spec_obsadv_hopper_eval.json
online,RARL-PPO,RARL-PPO,theta_o,spec_obsadv_hopper,obs_rel_0.05,3407,0,3643.6997,13.142136089980266,3622.867878565484,3625.09820044855,1000.0,20,112.5792,10000,last,0,runs/spec_p2_online/RARL-PPO/hopper_seed3407/r_spec_obsadv_hopper_eval.json
online,RARL-PPO,RARL-PPO,theta_o,spec_obsadv_hopper,obs_rel_0.10,3407,1,3634.8165,25.25908848413664,3597.602050839579,3605.678420129391,999.25,20,112.3063,10000,last,0,runs/spec_p2_online/RARL-PPO/hopper_seed3407/r_spec_obsadv_hopper_eval.json
online,RARL-PPO,RARL-PPO,theta_o,spec_obsadv_hopper,obs_bias_0.05,3407,0,1434.2410,1441.9263176588315,44.11573400893284,44.84846889528278,418.2,20,44.6913,10000,last,0,runs/spec_p2_online/RARL-PPO/hopper_seed3407/r_spec_obsadv_hopper_eval.json
online,RARL-PPO,RARL-PPO,theta_o,spec_obsadv_hopper,obs_gauss_0.05,3407,0,1968.2213,1617.1904729627843,44.5248994231733,48.20842095734573,549.1,20,61.0984,10000,last,0,runs/spec_p2_online/RARL-PPO/hopper_seed3407/r_spec_obsadv_hopper_eval.json
online,RARL-PPO,RARL-PPO,theta_o,spec_obsadv_hopper,obs_gauss_0.10,3407,1,170.7781,350.34982193087535,44.48254622115986,47.363135530109126,67.0,20,5.8701,10000,last,0,runs/spec_p2_online/RARL-PPO/hopper_seed3407/r_spec_obsadv_hopper_eval.json
online,RARL-PPO,RARL-PPO,theta_o,spec_obsadv_hopper,obs_shift_0.01,3407,0,1055.6733,438.6071094737039,680.8141039620366,681.6342475737723,315.6,20,33.0595,10000,last,0,runs/spec_p2_online/RARL-PPO/hopper_seed3407/r_spec_obsadv_hopper_eval.json
online,RARL-PPO,RARL-PPO,theta_o,spec_obsadv_hopper,obs_shift_0.02,3407,0,692.1834,71.12346985684495,673.5328735513511,673.7242884951812,219.85,20,21.8909,10000,last,0,runs/spec_p2_online/RARL-PPO/hopper_seed3407/r_spec_obsadv_hopper_eval.json
online,RARL-PPO,RARL-PPO,theta_o,spec_obsadv_hopper,nominal,42,0,2873.3752,727.4890945957694,1844.5570276706399,1975.8966866831202,767.0,20,88.9102,10000,last,0,runs/spec_p2_online/RARL-PPO/hopper_seed42/r_spec_obsadv_hopper_eval.json
online,RARL-PPO,RARL-PPO,theta_o,spec_obsadv_hopper,obs_uni_0.05,42,0,2359.8955,756.3494795148474,597.7894145741548,1457.3702590203454,639.55,20,73.1330,10000,last,0,runs/spec_p2_online/RARL-PPO/hopper_seed42/r_spec_obsadv_hopper_eval.json
online,RARL-PPO,RARL-PPO,theta_o,spec_obsadv_hopper,obs_uni_0.10,42,1,566.2172,348.6861568561075,107.99951862517968,164.5678808992659,182.6,20,18.0204,10000,last,0,runs/spec_p2_online/RARL-PPO/hopper_seed42/r_spec_obsadv_hopper_eval.json
online,RARL-PPO,RARL-PPO,theta_o,spec_obsadv_hopper,obs_uni_0.15,42,0,169.8684,134.57604705590734,46.218973523117945,48.12431519195534,73.45,20,5.8422,10000,last,0,runs/spec_p2_online/RARL-PPO/hopper_seed42/r_spec_obsadv_hopper_eval.json
online,RARL-PPO,RARL-PPO,theta_o,spec_obsadv_hopper,obs_rel_0.05,42,0,3073.4173,706.127990925101,1686.6880524185024,2050.5418812488124,822.3,20,95.0567,10000,last,0,runs/spec_p2_online/RARL-PPO/hopper_seed42/r_spec_obsadv_hopper_eval.json
online,RARL-PPO,RARL-PPO,theta_o,spec_obsadv_hopper,obs_rel_0.10,42,1,3096.7935,654.8907803853778,1673.3952281112372,2095.6670280465055,834.0,20,95.7750,10000,last,0,runs/spec_p2_online/RARL-PPO/hopper_seed42/r_spec_obsadv_hopper_eval.json
online,RARL-PPO,RARL-PPO,theta_o,spec_obsadv_hopper,obs_bias_0.05,42,0,1684.5249,1214.3453249824088,41.36295118417475,218.30594752219076,478.0,20,52.3816,10000,last,0,runs/spec_p2_online/RARL-PPO/hopper_seed42/r_spec_obsadv_hopper_eval.json
online,RARL-PPO,RARL-PPO,theta_o,spec_obsadv_hopper,obs_gauss_0.05,42,0,980.0799,458.3886215229988,112.71298483043417,334.4516155179601,286.7,20,30.7368,10000,last,0,runs/spec_p2_online/RARL-PPO/hopper_seed42/r_spec_obsadv_hopper_eval.json
online,RARL-PPO,RARL-PPO,theta_o,spec_obsadv_hopper,obs_gauss_0.10,42,1,117.5656,93.86376196546524,43.56007826289271,50.377181703232594,57.55,20,4.2351,10000,last,0,runs/spec_p2_online/RARL-PPO/hopper_seed42/r_spec_obsadv_hopper_eval.json
online,RARL-PPO,RARL-PPO,theta_o,spec_obsadv_hopper,obs_shift_0.01,42,0,2927.4648,843.3431703157743,1709.8454197328783,1845.2137634977796,767.05,20,90.5722,10000,last,0,runs/spec_p2_online/RARL-PPO/hopper_seed42/r_spec_obsadv_hopper_eval.json
online,RARL-PPO,RARL-PPO,theta_o,spec_obsadv_hopper,obs_shift_0.02,42,0,3488.6507,488.64072697259184,2159.3946444780718,2850.4965633736856,935.8,20,107.8152,10000,last,0,runs/spec_p2_online/RARL-PPO/hopper_seed42/r_spec_obsadv_hopper_eval.json
online,RARL-PPO,RARL-PPO,theta_o,spec_obsadv_mad_hopper,nominal,0,0,3665.5689,2.560372776531193,3660.91184302465,3662.1207008915435,,20,113.2512,10000,,0,runs/spec_p2_online/RARL-PPO/hopper_seed0/r_spec_obsadv_mad_hopper_eval.json
online,RARL-PPO,RARL-PPO,theta_o,spec_obsadv_mad_hopper,mad_0.02,0,1,3138.1416,820.6797879205343,985.7542590899773,1852.4056689586334,,20,97.0454,10000,,0,runs/spec_p2_online/RARL-PPO/hopper_seed0/r_spec_obsadv_mad_hopper_eval.json
online,RARL-PPO,RARL-PPO,theta_o,spec_obsadv_mad_hopper,mad_0.035,0,0,1466.0546,380.10072804416393,852.540903772411,1048.0192513265981,,20,45.6688,10000,,0,runs/spec_p2_online/RARL-PPO/hopper_seed0/r_spec_obsadv_mad_hopper_eval.json
online,RARL-PPO,RARL-PPO,theta_o,spec_obsadv_mad_hopper,mad_0.05,0,1,910.9425,246.63886956331103,600.6340879820447,646.2245989789277,,20,28.6125,10000,,0,runs/spec_p2_online/RARL-PPO/hopper_seed0/r_spec_obsadv_mad_hopper_eval.json
online,RARL-PPO,RARL-PPO,theta_o,spec_obsadv_mad_hopper,mad_0.075,0,0,550.5799,310.3152512973779,47.42492363521096,71.63934690685414,,20,17.5399,10000,,0,runs/spec_p2_online/RARL-PPO/hopper_seed0/r_spec_obsadv_mad_hopper_eval.json
online,RARL-PPO,RARL-PPO,theta_o,spec_obsadv_mad_hopper,mad_0.10,0,0,172.1082,152.1289686967133,42.78375747668761,54.5313411137801,,20,5.9110,10000,,0,runs/spec_p2_online/RARL-PPO/hopper_seed0/r_spec_obsadv_mad_hopper_eval.json
online,RARL-PPO,RARL-PPO,theta_o,spec_obsadv_mad_hopper,nominal,1,0,988.2220,7.299330305960506,971.4721097246188,978.2680039481456,,20,30.9870,10000,,0,runs/spec_p2_online/RARL-PPO/hopper_seed1/r_spec_obsadv_mad_hopper_eval.json
online,RARL-PPO,RARL-PPO,theta_o,spec_obsadv_mad_hopper,mad_0.02,1,1,880.2639,257.53338108554766,108.39021824589102,596.9847398121544,,20,27.6698,10000,,0,runs/spec_p2_online/RARL-PPO/hopper_seed1/r_spec_obsadv_mad_hopper_eval.json
online,RARL-PPO,RARL-PPO,theta_o,spec_obsadv_mad_hopper,mad_0.035,1,0,512.1586,270.0295435199131,98.25959601687723,108.92407525043609,,20,16.3594,10000,,0,runs/spec_p2_online/RARL-PPO/hopper_seed1/r_spec_obsadv_mad_hopper_eval.json
online,RARL-PPO,RARL-PPO,theta_o,spec_obsadv_mad_hopper,mad_0.05,1,1,222.0271,233.93362627053762,40.03419660756868,49.1884363020291,,20,7.4448,10000,,0,runs/spec_p2_online/RARL-PPO/hopper_seed1/r_spec_obsadv_mad_hopper_eval.json
online,RARL-PPO,RARL-PPO,theta_o,spec_obsadv_mad_hopper,mad_0.075,1,0,86.9917,108.32765004451247,38.19908492971608,44.073746618902874,,20,3.2957,10000,,0,runs/spec_p2_online/RARL-PPO/hopper_seed1/r_spec_obsadv_mad_hopper_eval.json
online,RARL-PPO,RARL-PPO,theta_o,spec_obsadv_mad_hopper,mad_0.10,1,0,78.5642,114.5818350910611,36.60406022849187,39.2320732872086,,20,3.0368,10000,,0,runs/spec_p2_online/RARL-PPO/hopper_seed1/r_spec_obsadv_mad_hopper_eval.json
online,RARL-PPO,RARL-PPO,theta_o,spec_obsadv_mad_hopper,nominal,2,0,1054.9330,390.63510953537684,920.3745945677717,922.9443991616887,,20,33.0367,10000,,0,runs/spec_p2_online/RARL-PPO/hopper_seed2/r_spec_obsadv_mad_hopper_eval.json
online,RARL-PPO,RARL-PPO,theta_o,spec_obsadv_mad_hopper,mad_0.02,2,1,1005.1289,462.8823759718853,365.5148030157914,565.2699247974505,,20,31.5064,10000,,0,runs/spec_p2_online/RARL-PPO/hopper_seed2/r_spec_obsadv_mad_hopper_eval.json
online,RARL-PPO,RARL-PPO,theta_o,spec_obsadv_mad_hopper,mad_0.035,2,0,847.2396,216.120257593239,599.887781295818,606.6468789489575,,20,26.6551,10000,,0,runs/spec_p2_online/RARL-PPO/hopper_seed2/r_spec_obsadv_mad_hopper_eval.json
online,RARL-PPO,RARL-PPO,theta_o,spec_obsadv_mad_hopper,mad_0.05,2,1,743.8487,170.58096660861173,585.3363799768874,600.2072403778392,,20,23.4783,10000,,0,runs/spec_p2_online/RARL-PPO/hopper_seed2/r_spec_obsadv_mad_hopper_eval.json
online,RARL-PPO,RARL-PPO,theta_o,spec_obsadv_mad_hopper,mad_0.075,2,0,575.3487,198.24964300570446,124.53991930267868,292.2004439128598,,20,18.3010,10000,,0,runs/spec_p2_online/RARL-PPO/hopper_seed2/r_spec_obsadv_mad_hopper_eval.json
online,RARL-PPO,RARL-PPO,theta_o,spec_obsadv_mad_hopper,mad_0.10,2,0,313.2156,203.36734965865628,70.10674536529105,94.72050703398072,,20,10.2467,10000,,0,runs/spec_p2_online/RARL-PPO/hopper_seed2/r_spec_obsadv_mad_hopper_eval.json
online,RARL-PPO,RARL-PPO,theta_o,spec_obsadv_mad_hopper,nominal,3407,0,3640.5847,8.431186043513597,3627.0227107766586,3629.6034628009206,,20,112.4835,10000,,0,runs/spec_p2_online/RARL-PPO/hopper_seed3407/r_spec_obsadv_mad_hopper_eval.json
online,RARL-PPO,RARL-PPO,theta_o,spec_obsadv_mad_hopper,mad_0.02,3407,1,2774.5430,1376.3279802830168,43.78899116998777,564.8130707415421,,20,85.8735,10000,,0,runs/spec_p2_online/RARL-PPO/hopper_seed3407/r_spec_obsadv_mad_hopper_eval.json
online,RARL-PPO,RARL-PPO,theta_o,spec_obsadv_mad_hopper,mad_0.035,3407,0,1213.6438,1353.1945793587984,45.71467743182801,47.38676514139898,,20,37.9133,10000,,0,runs/spec_p2_online/RARL-PPO/hopper_seed3407/r_spec_obsadv_mad_hopper_eval.json
online,RARL-PPO,RARL-PPO,theta_o,spec_obsadv_mad_hopper,mad_0.05,3407,1,293.3779,621.129234470751,43.95074222520995,45.93054805897111,,20,9.6372,10000,,0,runs/spec_p2_online/RARL-PPO/hopper_seed3407/r_spec_obsadv_mad_hopper_eval.json
online,RARL-PPO,RARL-PPO,theta_o,spec_obsadv_mad_hopper,mad_0.075,3407,0,606.2435,635.0420824115496,52.533900124688486,56.538550516383,,20,19.2503,10000,,0,runs/spec_p2_online/RARL-PPO/hopper_seed3407/r_spec_obsadv_mad_hopper_eval.json
online,RARL-PPO,RARL-PPO,theta_o,spec_obsadv_mad_hopper,mad_0.10,3407,0,514.1431,379.08059490082775,81.89556213686247,86.31321354153863,,20,16.4204,10000,,0,runs/spec_p2_online/RARL-PPO/hopper_seed3407/r_spec_obsadv_mad_hopper_eval.json
online,RARL-PPO,RARL-PPO,theta_o,spec_obsadv_mad_hopper,nominal,42,0,2886.4209,741.9006257547408,1844.0269675766142,1975.1519806876283,,20,89.3111,10000,,0,runs/spec_p2_online/RARL-PPO/hopper_seed42/r_spec_obsadv_mad_hopper_eval.json
online,RARL-PPO,RARL-PPO,theta_o,spec_obsadv_mad_hopper,mad_0.02,42,1,2246.2024,916.4238729313738,605.2009551712608,988.5846948308492,,20,69.6397,10000,,0,runs/spec_p2_online/RARL-PPO/hopper_seed42/r_spec_obsadv_mad_hopper_eval.json
online,RARL-PPO,RARL-PPO,theta_o,spec_obsadv_mad_hopper,mad_0.035,42,0,997.8268,463.9326534762902,47.12746631364442,457.10609967695507,,20,31.2821,10000,,0,runs/spec_p2_online/RARL-PPO/hopper_seed42/r_spec_obsadv_mad_hopper_eval.json
online,RARL-PPO,RARL-PPO,theta_o,spec_obsadv_mad_hopper,mad_0.05,42,1,339.5837,215.98838776960727,42.74889473678805,89.49991178132153,,20,11.0569,10000,,0,runs/spec_p2_online/RARL-PPO/hopper_seed42/r_spec_obsadv_mad_hopper_eval.json
online,RARL-PPO,RARL-PPO,theta_o,spec_obsadv_mad_hopper,mad_0.075,42,0,111.7191,80.97872378509298,41.8226064536529,47.136739035686546,,20,4.0555,10000,,0,runs/spec_p2_online/RARL-PPO/hopper_seed42/r_spec_obsadv_mad_hopper_eval.json
online,RARL-PPO,RARL-PPO,theta_o,spec_obsadv_mad_hopper,mad_0.10,42,0,119.1333,72.56720268865759,40.4497593172006,51.077453949119594,,20,4.2833,10000,,0,runs/spec_p2_online/RARL-PPO/hopper_seed42/r_spec_obsadv_mad_hopper_eval.json
online,RARL-PPO,RARL-PPO,theta_a,spec_action_hopper,nominal,0,0,3666.7707,2.8031110714337397,3662.843501861915,3663.7022411955854,1000.0,20,113.2881,10000,last,0,runs/spec_p2_online/RARL-PPO/hopper_seed0/r_spec_action_hopper_eval.json
online,RARL-PPO,RARL-PPO,theta_a,spec_action_hopper,act_gauss_0.05,0,0,3634.7325,4.847991787615544,3627.1030262166287,3628.920031497054,1000.0,20,112.3037,10000,last,0,runs/spec_p2_online/RARL-PPO/hopper_seed0/r_spec_action_hopper_eval.json
online,RARL-PPO,RARL-PPO,theta_a,spec_action_hopper,act_gauss_0.10,0,1,3494.7063,334.1697320382597,2430.5045740473797,3150.6008909543693,964.15,20,108.0013,10000,last,0,runs/spec_p2_online/RARL-PPO/hopper_seed0/r_spec_action_hopper_eval.json
online,RARL-PPO,RARL-PPO,theta_a,spec_action_hopper,act_gauss_0.20,0,0,1488.3132,733.849139781682,640.2224370673235,799.5238358298981,403.85,20,46.3528,10000,last,0,runs/spec_p2_online/RARL-PPO/hopper_seed0/r_spec_action_hopper_eval.json
online,RARL-PPO,RARL-PPO,theta_a,spec_action_hopper,act_uni_0.10,0,1,3623.6484,6.217181995795126,3613.5973471006578,3616.374410931693,1000.0,20,111.9631,10000,last,0,runs/spec_p2_online/RARL-PPO/hopper_seed0/r_spec_action_hopper_eval.json
online,RARL-PPO,RARL-PPO,theta_a,spec_action_hopper,act_offset_0.05,0,1,1748.8435,221.82110581054633,1434.6223155242299,1522.3738194881155,451.4,20,54.3578,10000,last,0,runs/spec_p2_online/RARL-PPO/hopper_seed0/r_spec_action_hopper_eval.json
online,RARL-PPO,RARL-PPO,theta_a,spec_action_hopper,act_oppose_0.10,0,1,1763.3461,190.15973286549587,1576.0787175320552,1590.581357484097,474.0,20,54.8034,10000,last,0,runs/spec_p2_online/RARL-PPO/hopper_seed0/r_spec_action_hopper_eval.json
online,RARL-PPO,RARL-PPO,theta_a,spec_action_hopper,act_oppose_0.20,0,0,665.3238,13.937960129005132,652.8273124092043,656.8430443063814,202.8,20,21.0656,10000,last,0,runs/spec_p2_online/RARL-PPO/hopper_seed0/r_spec_action_hopper_eval.json
online,RARL-PPO,RARL-PPO,theta_a,spec_action_hopper,cmd_gauss_0.20,0,0,1488.3132,733.849139781682,640.2224370673235,799.5238358298981,403.85,20,46.3528,10000,last,0,runs/spec_p2_online/RARL-PPO/hopper_seed0/r_spec_action_hopper_eval.json
online,RARL-PPO,RARL-PPO,theta_a,spec_action_hopper,cmd_oppose_0.20,0,1,665.3238,13.937960129005132,652.8273124092043,656.8430443063814,202.8,20,21.0656,10000,last,0,runs/spec_p2_online/RARL-PPO/hopper_seed0/r_spec_action_hopper_eval.json
online,RARL-PPO,RARL-PPO,theta_a,spec_action_hopper,nominal,1,0,988.4826,7.295977996837509,971.7432210273898,978.534084951207,263.55,20,30.9950,10000,last,0,runs/spec_p2_online/RARL-PPO/hopper_seed1/r_spec_action_hopper_eval.json
online,RARL-PPO,RARL-PPO,theta_a,spec_action_hopper,act_gauss_0.05,1,0,987.7084,14.612739279817866,948.853329920445,967.6892580477048,265.55,20,30.9712,10000,last,0,runs/spec_p2_online/RARL-PPO/hopper_seed1/r_spec_action_hopper_eval.json
online,RARL-PPO,RARL-PPO,theta_a,spec_action_hopper,act_gauss_0.10,1,1,978.9738,16.29371945921901,944.224194177294,955.7632241698968,265.85,20,30.7028,10000,last,0,runs/spec_p2_online/RARL-PPO/hopper_seed1/r_spec_action_hopper_eval.json
online,RARL-PPO,RARL-PPO,theta_a,spec_action_hopper,act_gauss_0.20,1,0,763.9326,153.66793887626162,370.8900739717356,562.4446228251084,225.8,20,24.0954,10000,last,0,runs/spec_p2_online/RARL-PPO/hopper_seed1/r_spec_action_hopper_eval.json
online,RARL-PPO,RARL-PPO,theta_a,spec_action_hopper,act_uni_0.10,1,1,985.2242,12.404630751150851,965.1640479833222,971.8031959175316,265.3,20,30.8948,10000,last,0,runs/spec_p2_online/RARL-PPO/hopper_seed1/r_spec_action_hopper_eval.json
online,RARL-PPO,RARL-PPO,theta_a,spec_action_hopper,act_offset_0.05,1,1,968.8519,4.453990958357275,962.0889928011525,963.7690952478497,263.35,20,30.3918,10000,last,0,runs/spec_p2_online/RARL-PPO/hopper_seed1/r_spec_action_hopper_eval.json
online,RARL-PPO,RARL-PPO,theta_a,spec_action_hopper,act_oppose_0.10,1,1,881.0618,16.81462509666485,849.6442730964473,860.6819381139215,248.6,20,27.6943,10000,last,0,runs/spec_p2_online/RARL-PPO/hopper_seed1/r_spec_action_hopper_eval.json
online,RARL-PPO,RARL-PPO,theta_a,spec_action_hopper,act_oppose_0.20,1,0,606.6795,14.494775407199066,566.8916826324155,586.17492446738,193.6,20,19.2637,10000,last,0,runs/spec_p2_online/RARL-PPO/hopper_seed1/r_spec_action_hopper_eval.json
online,RARL-PPO,RARL-PPO,theta_a,spec_action_hopper,cmd_gauss_0.20,1,0,763.9326,153.66793887626162,370.8900739717356,562.4446228251084,225.8,20,24.0954,10000,last,0,runs/spec_p2_online/RARL-PPO/hopper_seed1/r_spec_action_hopper_eval.json
online,RARL-PPO,RARL-PPO,theta_a,spec_action_hopper,cmd_oppose_0.20,1,1,606.6795,14.494775407199066,566.8916826324155,586.17492446738,193.6,20,19.2637,10000,last,0,runs/spec_p2_online/RARL-PPO/hopper_seed1/r_spec_action_hopper_eval.json
online,RARL-PPO,RARL-PPO,theta_a,spec_action_hopper,nominal,2,0,1055.6194,390.9483118033546,920.9368110649455,923.5173646575146,333.7,20,33.0578,10000,last,0,runs/spec_p2_online/RARL-PPO/hopper_seed2/r_spec_action_hopper_eval.json
online,RARL-PPO,RARL-PPO,theta_a,spec_action_hopper,act_gauss_0.05,2,0,2998.2929,849.32954221959,923.3682237562634,1628.4260739331055,857.65,20,92.7484,10000,last,0,runs/spec_p2_online/RARL-PPO/hopper_seed2/r_spec_action_hopper_eval.json
online,RARL-PPO,RARL-PPO,theta_a,spec_action_hopper,act_gauss_0.10,2,1,3121.9392,562.9863026077792,1670.1738344008995,2235.695940367935,886.6,20,96.5476,10000,last,0,runs/spec_p2_online/RARL-PPO/hopper_seed2/r_spec_action_hopper_eval.json
online,RARL-PPO,RARL-PPO,theta_a,spec_action_hopper,act_gauss_0.20,2,0,1479.8150,531.0633114768572,881.603378125603,969.4329625188382,431.75,20,46.0916,10000,last,0,runs/spec_p2_online/RARL-PPO/hopper_seed2/r_spec_action_hopper_eval.json
online,RARL-PPO,RARL-PPO,theta_a,spec_action_hopper,act_uni_0.10,2,1,3336.5493,428.1090880403991,2047.69208449782,2887.85955518234,954.1,20,103.1417,10000,last,0,runs/spec_p2_online/RARL-PPO/hopper_seed2/r_spec_action_hopper_eval.json
online,RARL-PPO,RARL-PPO,theta_a,spec_action_hopper,act_offset_0.05,2,1,3123.3423,613.5699900695033,1438.7992809294228,2199.9942229435587,891.35,20,96.5907,10000,last,0,runs/spec_p2_online/RARL-PPO/hopper_seed2/r_spec_action_hopper_eval.json
online,RARL-PPO,RARL-PPO,theta_a,spec_action_hopper,act_oppose_0.10,2,1,2158.1921,225.8008929834325,1822.825278004115,1847.1018190391078,621.3,20,66.9355,10000,last,0,runs/spec_p2_online/RARL-PPO/hopper_seed2/r_spec_action_hopper_eval.json
online,RARL-PPO,RARL-PPO,theta_a,spec_action_hopper,act_oppose_0.20,2,0,759.6845,12.083260086038417,737.4834352520465,741.6705486370496,240.15,20,23.9649,10000,last,0,runs/spec_p2_online/RARL-PPO/hopper_seed2/r_spec_action_hopper_eval.json
online,RARL-PPO,RARL-PPO,theta_a,spec_action_hopper,cmd_gauss_0.20,2,0,1479.8150,531.0633114768572,881.603378125603,969.4329625188382,431.75,20,46.0916,10000,last,0,runs/spec_p2_online/RARL-PPO/hopper_seed2/r_spec_action_hopper_eval.json
online,RARL-PPO,RARL-PPO,theta_a,spec_action_hopper,cmd_oppose_0.20,2,1,759.6845,12.083260086038417,737.4834352520465,741.6705486370496,240.15,20,23.9649,10000,last,0,runs/spec_p2_online/RARL-PPO/hopper_seed2/r_spec_action_hopper_eval.json
online,RARL-PPO,RARL-PPO,theta_a,spec_action_hopper,nominal,3407,0,3641.3864,8.154842397828846,3629.8103391379746,3631.5472158848183,1000.0,20,112.5081,10000,last,0,runs/spec_p2_online/RARL-PPO/hopper_seed3407/r_spec_action_hopper_eval.json
online,RARL-PPO,RARL-PPO,theta_a,spec_action_hopper,act_gauss_0.05,3407,0,3666.0672,11.54261645412366,3642.6404112505293,3651.147558764647,1000.0,20,113.2665,10000,last,0,runs/spec_p2_online/RARL-PPO/hopper_seed3407/r_spec_action_hopper_eval.json
online,RARL-PPO,RARL-PPO,theta_a,spec_action_hopper,act_gauss_0.10,3407,1,3676.5864,15.014337919678104,3630.1077877833836,3658.065235400742,1000.0,20,113.5897,10000,last,0,runs/spec_p2_online/RARL-PPO/hopper_seed3407/r_spec_action_hopper_eval.json
online,RARL-PPO,RARL-PPO,theta_a,spec_action_hopper,act_gauss_0.20,3407,0,2771.9705,1000.9720688559698,47.26544389453253,1308.4123816571487,762.7,20,85.7945,10000,last,0,runs/spec_p2_online/RARL-PPO/hopper_seed3407/r_spec_action_hopper_eval.json
online,RARL-PPO,RARL-PPO,theta_a,spec_action_hopper,act_uni_0.10,3407,1,3675.8550,10.450605467318436,3658.2255254505762,3661.8253732735366,1000.0,20,113.5672,10000,last,0,runs/spec_p2_online/RARL-PPO/hopper_seed3407/r_spec_action_hopper_eval.json
online,RARL-PPO,RARL-PPO,theta_a,spec_action_hopper,act_offset_0.05,3407,1,3730.4207,5.272864459826906,3720.702546806628,3724.216205019071,1000.0,20,115.2438,10000,last,0,runs/spec_p2_online/RARL-PPO/hopper_seed3407/r_spec_action_hopper_eval.json
online,RARL-PPO,RARL-PPO,theta_a,spec_action_hopper,act_oppose_0.10,3407,1,3700.4999,2.9288814564297683,3695.0544236023425,3696.8018395174777,1000.0,20,114.3245,10000,last,0,runs/spec_p2_online/RARL-PPO/hopper_seed3407/r_spec_action_hopper_eval.json
online,RARL-PPO,RARL-PPO,theta_a,spec_action_hopper,act_oppose_0.20,3407,0,913.7106,171.9897226753834,741.1024902269504,745.2374215677473,264.7,20,28.6975,10000,last,0,runs/spec_p2_online/RARL-PPO/hopper_seed3407/r_spec_action_hopper_eval.json
online,RARL-PPO,RARL-PPO,theta_a,spec_action_hopper,cmd_gauss_0.20,3407,0,2771.9705,1000.9720688559698,47.26544389453253,1308.4123816571487,762.7,20,85.7945,10000,last,0,runs/spec_p2_online/RARL-PPO/hopper_seed3407/r_spec_action_hopper_eval.json
online,RARL-PPO,RARL-PPO,theta_a,spec_action_hopper,cmd_oppose_0.20,3407,1,913.7106,171.9897226753834,741.1024902269504,745.2374215677473,264.7,20,28.6975,10000,last,0,runs/spec_p2_online/RARL-PPO/hopper_seed3407/r_spec_action_hopper_eval.json
online,RARL-PPO,RARL-PPO,theta_a,spec_action_hopper,nominal,42,0,2873.3752,727.4890945957694,1844.5570276706399,1975.8966866831202,767.0,20,88.9102,10000,last,0,runs/spec_p2_online/RARL-PPO/hopper_seed42/r_spec_action_hopper_eval.json
online,RARL-PPO,RARL-PPO,theta_a,spec_action_hopper,act_gauss_0.05,42,0,2729.6077,871.7455452835214,1571.0753375748636,1676.031270246406,717.8,20,84.4928,10000,last,0,runs/spec_p2_online/RARL-PPO/hopper_seed42/r_spec_action_hopper_eval.json
online,RARL-PPO,RARL-PPO,theta_a,spec_action_hopper,act_gauss_0.10,42,1,2806.8591,750.8101337276636,1640.8584021279335,1868.3569390764442,751.45,20,86.8664,10000,last,0,runs/spec_p2_online/RARL-PPO/hopper_seed42/r_spec_action_hopper_eval.json
online,RARL-PPO,RARL-PPO,theta_a,spec_action_hopper,act_gauss_0.20,42,0,2286.8649,974.1710143928151,936.2568524532014,1065.598603466818,620.65,20,70.8891,10000,last,0,runs/spec_p2_online/RARL-PPO/hopper_seed42/r_spec_action_hopper_eval.json
online,RARL-PPO,RARL-PPO,theta_a,spec_action_hopper,act_uni_0.10,42,1,3089.9593,716.4325563038763,1899.6523801071694,2016.0919935572042,825.45,20,95.5650,10000,last,0,runs/spec_p2_online/RARL-PPO/hopper_seed42/r_spec_action_hopper_eval.json
online,RARL-PPO,RARL-PPO,theta_a,spec_action_hopper,act_offset_0.05,42,1,3557.5703,321.5023664280787,2159.8054265241517,3326.326733923853,977.8,20,109.9328,10000,last,0,runs/spec_p2_online/RARL-PPO/hopper_seed42/r_spec_action_hopper_eval.json
online,RARL-PPO,RARL-PPO,theta_a,spec_action_hopper,act_oppose_0.10,42,1,3019.9646,1007.537900454308,1119.3998588384384,1276.8052109348573,833.9,20,93.4143,10000,last,0,runs/spec_p2_online/RARL-PPO/hopper_seed42/r_spec_action_hopper_eval.json
online,RARL-PPO,RARL-PPO,theta_a,spec_action_hopper,act_oppose_0.20,42,0,701.5694,34.38913187102646,660.8009421896603,666.7413883831823,209.4,20,22.1793,10000,last,0,runs/spec_p2_online/RARL-PPO/hopper_seed42/r_spec_action_hopper_eval.json
online,RARL-PPO,RARL-PPO,theta_a,spec_action_hopper,cmd_gauss_0.20,42,0,2286.8649,974.1710143928151,936.2568524532014,1065.598603466818,620.65,20,70.8891,10000,last,0,runs/spec_p2_online/RARL-PPO/hopper_seed42/r_spec_action_hopper_eval.json
online,RARL-PPO,RARL-PPO,theta_a,spec_action_hopper,cmd_oppose_0.20,42,1,701.5694,34.38913187102646,660.8009421896603,666.7413883831823,209.4,20,22.1793,10000,last,0,runs/spec_p2_online/RARL-PPO/hopper_seed42/r_spec_action_hopper_eval.json
online,RARL-PPO,RARL-PPO,theta_p,spec_transition_hopper,nominal,0,0,3666.7707,2.8031110714337397,3662.843501861915,3663.7022411955854,1000.0,20,113.2881,10000,last,0,runs/spec_p2_online/RARL-PPO/hopper_seed0/r_spec_transition_hopper_eval.json
online,RARL-PPO,RARL-PPO,theta_p,spec_transition_hopper,trans_t1,0,1,3379.9444,610.0219484716073,1244.8423721550625,2607.100265217417,920.85,20,104.4751,10000,last,0,runs/spec_p2_online/RARL-PPO/hopper_seed0/r_spec_transition_hopper_eval.json
online,RARL-PPO,RARL-PPO,theta_p,spec_transition_hopper,trans_t2,0,0,1710.9911,694.6019645756088,769.1845685759757,939.5721811275046,457.45,20,53.1948,10000,last,0,runs/spec_p2_online/RARL-PPO/hopper_seed0/r_spec_transition_hopper_eval.json
online,RARL-PPO,RARL-PPO,theta_p,spec_transition_hopper,trans_t3,0,0,1011.5276,289.04210359652916,405.33780109763205,664.3620386954783,281.6,20,31.7030,10000,last,0,runs/spec_p2_online/RARL-PPO/hopper_seed0/r_spec_transition_hopper_eval.json
online,RARL-PPO,RARL-PPO,theta_p,spec_transition_hopper,nominal,1,0,988.4826,7.295977996837509,971.7432210273898,978.534084951207,263.55,20,30.9950,10000,last,0,runs/spec_p2_online/RARL-PPO/hopper_seed1/r_spec_transition_hopper_eval.json
online,RARL-PPO,RARL-PPO,theta_p,spec_transition_hopper,trans_t1,1,1,907.9386,117.62097442712874,616.2071458384786,748.4124499601763,251.05,20,28.5202,10000,last,0,runs/spec_p2_online/RARL-PPO/hopper_seed1/r_spec_transition_hopper_eval.json
online,RARL-PPO,RARL-PPO,theta_p,spec_transition_hopper,trans_t2,1,0,798.3673,133.2936171671834,584.197226657545,642.1007071996845,231.25,20,25.1535,10000,last,0,runs/spec_p2_online/RARL-PPO/hopper_seed1/r_spec_transition_hopper_eval.json
online,RARL-PPO,RARL-PPO,theta_p,spec_transition_hopper,trans_t3,1,0,403.0995,278.21287814835335,74.76537566973732,91.09651534912396,137.55,20,13.0085,10000,last,0,runs/spec_p2_online/RARL-PPO/hopper_seed1/r_spec_transition_hopper_eval.json
online,RARL-PPO,RARL-PPO,theta_p,spec_transition_hopper,nominal,2,0,1055.6194,390.9483118033546,920.9368110649455,923.5173646575146,333.7,20,33.0578,10000,last,0,runs/spec_p2_online/RARL-PPO/hopper_seed2/r_spec_transition_hopper_eval.json
online,RARL-PPO,RARL-PPO,theta_p,spec_transition_hopper,trans_t1,2,1,1291.3163,527.8132712856736,361.3100574604584,532.2194221225043,376.6,20,40.2998,10000,last,0,runs/spec_p2_online/RARL-PPO/hopper_seed2/r_spec_transition_hopper_eval.json
online,RARL-PPO,RARL-PPO,theta_p,spec_transition_hopper,trans_t2,2,0,877.2833,365.23255017070153,344.20682974209853,354.52098194625853,266.75,20,27.5782,10000,last,0,runs/spec_p2_online/RARL-PPO/hopper_seed2/r_spec_transition_hopper_eval.json
online,RARL-PPO,RARL-PPO,theta_p,spec_transition_hopper,trans_t3,2,0,638.5325,294.4876430731536,136.0063069672245,232.7771127446378,204.35,20,20.2424,10000,last,0,runs/spec_p2_online/RARL-PPO/hopper_seed2/r_spec_transition_hopper_eval.json
online,RARL-PPO,RARL-PPO,theta_p,spec_transition_hopper,nominal,3407,0,3641.3864,8.154842397828846,3629.8103391379746,3631.5472158848183,1000.0,20,112.5081,10000,last,0,runs/spec_p2_online/RARL-PPO/hopper_seed3407/r_spec_transition_hopper_eval.json
online,RARL-PPO,RARL-PPO,theta_p,spec_transition_hopper,trans_t1,3407,1,2053.7031,1016.6229267476757,675.6720693513072,871.9855588542753,579.45,20,63.7250,10000,last,0,runs/spec_p2_online/RARL-PPO/hopper_seed3407/r_spec_transition_hopper_eval.json
online,RARL-PPO,RARL-PPO,theta_p,spec_transition_hopper,trans_t2,3407,0,1197.8509,1057.8976066252749,39.76559215427091,140.5394980379795,346.2,20,37.4280,10000,last,0,runs/spec_p2_online/RARL-PPO/hopper_seed3407/r_spec_transition_hopper_eval.json
online,RARL-PPO,RARL-PPO,theta_p,spec_transition_hopper,trans_t3,3407,0,393.0122,317.86656529465085,33.56412583880231,37.60012923652401,132.1,20,12.6985,10000,last,0,runs/spec_p2_online/RARL-PPO/hopper_seed3407/r_spec_transition_hopper_eval.json
online,RARL-PPO,RARL-PPO,theta_p,spec_transition_hopper,nominal,42,0,2873.3752,727.4890945957694,1844.5570276706399,1975.8966866831202,767.0,20,88.9102,10000,last,0,runs/spec_p2_online/RARL-PPO/hopper_seed42/r_spec_transition_hopper_eval.json
online,RARL-PPO,RARL-PPO,theta_p,spec_transition_hopper,trans_t1,42,1,3115.2557,736.1338756690692,1351.552073377823,1943.4428269282848,843.0,20,96.3422,10000,last,0,runs/spec_p2_online/RARL-PPO/hopper_seed42/r_spec_transition_hopper_eval.json
online,RARL-PPO,RARL-PPO,theta_p,spec_transition_hopper,trans_t2,42,0,1702.3794,755.3947741969312,617.4548410997942,1039.665055735694,467.65,20,52.9302,10000,last,0,runs/spec_p2_online/RARL-PPO/hopper_seed42/r_spec_transition_hopper_eval.json
online,RARL-PPO,RARL-PPO,theta_p,spec_transition_hopper,trans_t3,42,0,905.4797,403.7142886299157,53.907586003288394,468.09198525184974,255.5,20,28.4446,10000,last,0,runs/spec_p2_online/RARL-PPO/hopper_seed42/r_spec_transition_hopper_eval.json
online,RARL-PPO,RARL-PPO,theta_p,spec_push_hopper,nominal,0,0,3666.7707,2.8031110714337397,3662.843501861915,3663.7022411955854,1000.0,20,113.2881,10000,last,0,runs/spec_p2_online/RARL-PPO/hopper_seed0/r_spec_push_hopper_eval.json
online,RARL-PPO,RARL-PPO,theta_p,spec_push_hopper,push_30,0,0,2150.7886,802.28375339698,992.9480086453107,1151.8102928399458,562.65,20,66.7080,10000,last,0,runs/spec_p2_online/RARL-PPO/hopper_seed0/r_spec_push_hopper_eval.json
online,RARL-PPO,RARL-PPO,theta_p,spec_push_hopper,push_60,0,1,1395.4074,799.6013764294393,546.3300446540403,700.8596282560604,370.65,20,43.4981,10000,last,0,runs/spec_p2_online/RARL-PPO/hopper_seed0/r_spec_push_hopper_eval.json
online,RARL-PPO,RARL-PPO,theta_p,spec_push_hopper,push_100,0,0,983.1160,562.564570499166,391.5674633787011,483.838655069726,273.2,20,30.8301,10000,last,0,runs/spec_p2_online/RARL-PPO/hopper_seed0/r_spec_push_hopper_eval.json
online,RARL-PPO,RARL-PPO,theta_p,spec_push_hopper,push_150,0,0,784.4964,547.9034811387949,41.83473350844744,316.9378768461823,220.7,20,24.7273,10000,last,0,runs/spec_p2_online/RARL-PPO/hopper_seed0/r_spec_push_hopper_eval.json
online,RARL-PPO,RARL-PPO,theta_p,spec_push_hopper,nominal,1,0,988.4826,7.295977996837509,971.7432210273898,978.534084951207,263.55,20,30.9950,10000,last,0,runs/spec_p2_online/RARL-PPO/hopper_seed1/r_spec_push_hopper_eval.json
online,RARL-PPO,RARL-PPO,theta_p,spec_push_hopper,push_30,1,0,866.6516,142.18518385616247,608.5580010875013,682.555144036147,241.9,20,27.2516,10000,last,0,runs/spec_p2_online/RARL-PPO/hopper_seed1/r_spec_push_hopper_eval.json
online,RARL-PPO,RARL-PPO,theta_p,spec_push_hopper,push_60,1,1,831.4756,178.23710787199562,542.5134675740572,608.7469819582769,231.8,20,26.1708,10000,last,0,runs/spec_p2_online/RARL-PPO/hopper_seed1/r_spec_push_hopper_eval.json
online,RARL-PPO,RARL-PPO,theta_p,spec_push_hopper,push_100,1,0,691.6696,302.9471413652933,310.6719937119529,376.15424392408477,205.05,20,21.8751,10000,last,0,runs/spec_p2_online/RARL-PPO/hopper_seed1/r_spec_push_hopper_eval.json
online,RARL-PPO,RARL-PPO,theta_p,spec_push_hopper,push_150,1,0,522.2015,301.29065823161784,45.647914885043896,221.5743567546897,163.2,20,16.6680,10000,last,0,runs/spec_p2_online/RARL-PPO/hopper_seed1/r_spec_push_hopper_eval.json
online,RARL-PPO,RARL-PPO,theta_p,spec_push_hopper,nominal,2,0,1055.6194,390.9483118033546,920.9368110649455,923.5173646575146,333.7,20,33.0578,10000,last,0,runs/spec_p2_online/RARL-PPO/hopper_seed2/r_spec_push_hopper_eval.json
online,RARL-PPO,RARL-PPO,theta_p,spec_push_hopper,push_30,2,0,926.9656,316.9614400704836,340.50229420330544,572.3589002771304,283.15,20,29.1048,10000,last,0,runs/spec_p2_online/RARL-PPO/hopper_seed2/r_spec_push_hopper_eval.json
online,RARL-PPO,RARL-PPO,theta_p,spec_push_hopper,push_60,2,1,785.4597,455.21548247260097,157.38323839719138,396.02091110832544,238.7,20,24.7569,10000,last,0,runs/spec_p2_online/RARL-PPO/hopper_seed2/r_spec_push_hopper_eval.json
online,RARL-PPO,RARL-PPO,theta_p,spec_push_hopper,push_100,2,0,643.0785,409.78061377752834,254.28005521945673,313.4428344970503,202.75,20,20.3821,10000,last,0,runs/spec_p2_online/RARL-PPO/hopper_seed2/r_spec_push_hopper_eval.json
online,RARL-PPO,RARL-PPO,theta_p,spec_push_hopper,push_150,2,0,542.4935,309.46944618294776,86.60690295867762,226.1793245757667,177.2,20,17.2915,10000,last,0,runs/spec_p2_online/RARL-PPO/hopper_seed2/r_spec_push_hopper_eval.json
online,RARL-PPO,RARL-PPO,theta_p,spec_push_hopper,nominal,3407,0,3641.3864,8.154842397828846,3629.8103391379746,3631.5472158848183,1000.0,20,112.5081,10000,last,0,runs/spec_p2_online/RARL-PPO/hopper_seed3407/r_spec_push_hopper_eval.json
online,RARL-PPO,RARL-PPO,theta_p,spec_push_hopper,push_30,3407,0,2110.2010,921.8989380796426,654.8485530234066,988.6955002868235,587.2,20,65.4609,10000,last,0,runs/spec_p2_online/RARL-PPO/hopper_seed3407/r_spec_push_hopper_eval.json
online,RARL-PPO,RARL-PPO,theta_p,spec_push_hopper,push_60,3407,1,793.4930,307.28091022788277,64.27887532810752,445.5587920793722,233.5,20,25.0037,10000,last,0,runs/spec_p2_online/RARL-PPO/hopper_seed3407/r_spec_push_hopper_eval.json
online,RARL-PPO,RARL-PPO,theta_p,spec_push_hopper,push_100,3407,0,680.7471,441.89460535626233,335.5570737882863,359.0677529587416,212.9,20,21.5395,10000,last,0,runs/spec_p2_online/RARL-PPO/hopper_seed3407/r_spec_push_hopper_eval.json
online,RARL-PPO,RARL-PPO,theta_p,spec_push_hopper,push_150,3407,0,534.4447,315.90991481359305,42.06947439362298,226.78089984411818,167.45,20,17.0442,10000,last,0,runs/spec_p2_online/RARL-PPO/hopper_seed3407/r_spec_push_hopper_eval.json
online,RARL-PPO,RARL-PPO,theta_p,spec_push_hopper,nominal,42,0,2873.3752,727.4890945957694,1844.5570276706399,1975.8966866831202,767.0,20,88.9102,10000,last,0,runs/spec_p2_online/RARL-PPO/hopper_seed42/r_spec_push_hopper_eval.json
online,RARL-PPO,RARL-PPO,theta_p,spec_push_hopper,push_30,42,0,1713.7915,686.2452726297046,1081.9630348474375,1162.417144542765,462.3,20,53.2808,10000,last,0,runs/spec_p2_online/RARL-PPO/hopper_seed42/r_spec_push_hopper_eval.json
online,RARL-PPO,RARL-PPO,theta_p,spec_push_hopper,push_60,42,1,1274.6500,599.730263325384,613.0114410293944,743.737536988707,348.0,20,39.7877,10000,last,0,runs/spec_p2_online/RARL-PPO/hopper_seed42/r_spec_push_hopper_eval.json
online,RARL-PPO,RARL-PPO,theta_p,spec_push_hopper,push_100,42,0,1094.0884,570.9231962048975,555.0633533906962,604.34499807923,307.2,20,34.2398,10000,last,0,runs/spec_p2_online/RARL-PPO/hopper_seed42/r_spec_push_hopper_eval.json
online,RARL-PPO,RARL-PPO,theta_p,spec_push_hopper,push_150,42,0,728.0498,482.48659114687825,46.86212596327042,329.50160686026567,209.95,20,22.9929,10000,last,0,runs/spec_p2_online/RARL-PPO/hopper_seed42/r_spec_push_hopper_eval.json
online,RARL-PPO,RARL-PPO,theta_p,spec_timevar_hopper,nominal,0,0,3666.7707,2.8031110714337397,3662.843501861915,3663.7022411955854,1000.0,20,113.2881,10000,last,0,runs/spec_p2_online/RARL-PPO/hopper_seed0/r_spec_timevar_hopper_eval.json
online,RARL-PPO,RARL-PPO,theta_p,spec_timevar_hopper,gear_static_0.8,0,1,560.7881,8.137628193530132,545.4262788187465,550.5782291718604,177.35,20,17.8536,10000,last,0,runs/spec_p2_online/RARL-PPO/hopper_seed0/r_spec_timevar_hopper_eval.json
online,RARL-PPO,RARL-PPO,theta_p,spec_timevar_hopper,gear_step_0.8,0,0,2301.3954,14.782947325434765,2272.0857038682043,2279.3696501098816,630.8,20,71.3355,10000,last,0,runs/spec_p2_online/RARL-PPO/hopper_seed0/r_spec_timevar_hopper_eval.json
online,RARL-PPO,RARL-PPO,theta_p,spec_timevar_hopper,gear_ramp_0.8,0,1,2524.5215,96.33479633427893,2307.565040088053,2394.1064821349937,682.3,20,78.1913,10000,last,0,runs/spec_p2_online/RARL-PPO/hopper_seed0/r_spec_timevar_hopper_eval.json
online,RARL-PPO,RARL-PPO,theta_p,spec_timevar_hopper,gear_sine_p200,0,0,1996.5938,395.9961740258709,1665.4261775743737,1775.8182749545238,517.85,20,61.9702,10000,last,0,runs/spec_p2_online/RARL-PPO/hopper_seed0/r_spec_timevar_hopper_eval.json
online,RARL-PPO,RARL-PPO,theta_p,spec_timevar_hopper,gear_sine_p500,0,1,1828.9807,15.16083228278995,1795.6595266561176,1807.1092591208057,503.45,20,56.8201,10000,last,0,runs/spec_p2_online/RARL-PPO/hopper_seed0/r_spec_timevar_hopper_eval.json
online,RARL-PPO,RARL-PPO,theta_p,spec_timevar_hopper,gravity_ramp_1.2,0,0,3645.2230,3.244854798003056,3639.7012441513184,3640.879255353012,1000.0,20,112.6260,10000,last,0,runs/spec_p2_online/RARL-PPO/hopper_seed0/r_spec_timevar_hopper_eval.json
online,RARL-PPO,RARL-PPO,theta_p,spec_timevar_hopper,nominal,1,0,988.4826,7.295977996837509,971.7432210273898,978.534084951207,263.55,20,30.9950,10000,last,0,runs/spec_p2_online/RARL-PPO/hopper_seed1/r_spec_timevar_hopper_eval.json
online,RARL-PPO,RARL-PPO,theta_p,spec_timevar_hopper,gear_static_0.8,1,1,609.4291,1.6106888135734125,607.1287381326192,607.4542225027111,193.5,20,19.3482,10000,last,0,runs/spec_p2_online/RARL-PPO/hopper_seed1/r_spec_timevar_hopper_eval.json
online,RARL-PPO,RARL-PPO,theta_p,spec_timevar_hopper,gear_step_0.8,1,0,988.4826,7.295977996837509,971.7432210273898,978.534084951207,263.55,20,30.9950,10000,last,0,runs/spec_p2_online/RARL-PPO/hopper_seed1/r_spec_timevar_hopper_eval.json
online,RARL-PPO,RARL-PPO,theta_p,spec_timevar_hopper,gear_ramp_0.8,1,1,965.2527,8.62580858393106,950.6485354247449,954.6807098391688,260.85,20,30.2812,10000,last,0,runs/spec_p2_online/RARL-PPO/hopper_seed1/r_spec_timevar_hopper_eval.json
online,RARL-PPO,RARL-PPO,theta_p,spec_timevar_hopper,gear_sine_p200,1,0,690.6311,2.7470375191389915,683.8332303992612,687.021189167289,211.15,20,21.8432,10000,last,0,runs/spec_p2_online/RARL-PPO/hopper_seed1/r_spec_timevar_hopper_eval.json
online,RARL-PPO,RARL-PPO,theta_p,spec_timevar_hopper,gear_sine_p500,1,1,872.3561,5.478501168427,859.5106087152335,866.5620710556798,242.0,20,27.4269,10000,last,0,runs/spec_p2_online/RARL-PPO/hopper_seed1/r_spec_timevar_hopper_eval.json
online,RARL-PPO,RARL-PPO,theta_p,spec_timevar_hopper,gravity_ramp_1.2,1,0,971.1559,6.539835145962203,958.6677322597258,962.1504027395297,260.15,20,30.4626,10000,last,0,runs/spec_p2_online/RARL-PPO/hopper_seed1/r_spec_timevar_hopper_eval.json
online,RARL-PPO,RARL-PPO,theta_p,spec_timevar_hopper,nominal,2,0,1055.6194,390.9483118033546,920.9368110649455,923.5173646575146,333.7,20,33.0578,10000,last,0,runs/spec_p2_online/RARL-PPO/hopper_seed2/r_spec_timevar_hopper_eval.json
online,RARL-PPO,RARL-PPO,theta_p,spec_timevar_hopper,gear_static_0.8,2,1,618.3125,3.4601635094494148,608.5382572065839,613.917913711783,204.0,20,19.6211,10000,last,0,runs/spec_p2_online/RARL-PPO/hopper_seed2/r_spec_timevar_hopper_eval.json
online,RARL-PPO,RARL-PPO,theta_p,spec_timevar_hopper,gear_step_0.8,2,0,1033.4932,302.3702031928956,920.9368110649455,923.5173646575146,327.0,20,32.3780,10000,last,0,runs/spec_p2_online/RARL-PPO/hopper_seed2/r_spec_timevar_hopper_eval.json
online,RARL-PPO,RARL-PPO,theta_p,spec_timevar_hopper,gear_ramp_0.8,2,1,2061.7914,86.10815230287578,1845.0087537951256,1962.9753961101717,593.15,20,63.9735,10000,last,0,runs/spec_p2_online/RARL-PPO/hopper_seed2/r_spec_timevar_hopper_eval.json
online,RARL-PPO,RARL-PPO,theta_p,spec_timevar_hopper,gear_sine_p200,2,0,347.8830,1.6173024652906896,344.3287743305222,346.2591061175024,139.4,20,11.3119,10000,last,0,runs/spec_p2_online/RARL-PPO/hopper_seed2/r_spec_timevar_hopper_eval.json
online,RARL-PPO,RARL-PPO,theta_p,spec_timevar_hopper,gear_sine_p500,2,1,343.8971,1.398482202361148,340.8243487882305,342.31993279785775,138.3,20,11.1894,10000,last,0,runs/spec_p2_online/RARL-PPO/hopper_seed2/r_spec_timevar_hopper_eval.json
online,RARL-PPO,RARL-PPO,theta_p,spec_timevar_hopper,gravity_ramp_1.2,2,0,2945.8093,526.9556117731611,1967.9315121157103,2158.4128542172975,826.55,20,91.1358,10000,last,0,runs/spec_p2_online/RARL-PPO/hopper_seed2/r_spec_timevar_hopper_eval.json
online,RARL-PPO,RARL-PPO,theta_p,spec_timevar_hopper,nominal,3407,0,3641.3864,8.154842397828846,3629.8103391379746,3631.5472158848183,1000.0,20,112.5081,10000,last,0,runs/spec_p2_online/RARL-PPO/hopper_seed3407/r_spec_timevar_hopper_eval.json
online,RARL-PPO,RARL-PPO,theta_p,spec_timevar_hopper,gear_static_0.8,3407,1,619.8461,4.882700127078824,610.6554477333643,612.9659297256027,189.1,20,19.6682,10000,last,0,runs/spec_p2_online/RARL-PPO/hopper_seed3407/r_spec_timevar_hopper_eval.json
online,RARL-PPO,RARL-PPO,theta_p,spec_timevar_hopper,gear_step_0.8,3407,0,2578.8573,143.9593177726701,1984.0482126688457,2454.2876454844313,703.95,20,79.8608,10000,last,0,runs/spec_p2_online/RARL-PPO/hopper_seed3407/r_spec_timevar_hopper_eval.json
online,RARL-PPO,RARL-PPO,theta_p,spec_timevar_hopper,gear_ramp_0.8,3407,1,3417.8261,263.53899990462367,2906.6569906367954,3057.2937731985676,927.65,20,105.6390,10000,last,0,runs/spec_p2_online/RARL-PPO/hopper_seed3407/r_spec_timevar_hopper_eval.json
online,RARL-PPO,RARL-PPO,theta_p,spec_timevar_hopper,gear_sine_p200,3407,0,1647.5941,817.8950587587665,1012.9609376682077,1014.1894775855928,493.15,20,51.2468,10000,last,0,runs/spec_p2_online/RARL-PPO/hopper_seed3407/r_spec_timevar_hopper_eval.json
online,RARL-PPO,RARL-PPO,theta_p,spec_timevar_hopper,gear_sine_p500,3407,1,1483.3185,315.01999429885973,1017.2670305409258,1018.6442488364413,427.05,20,46.1993,10000,last,0,runs/spec_p2_online/RARL-PPO/hopper_seed3407/r_spec_timevar_hopper_eval.json
online,RARL-PPO,RARL-PPO,theta_p,spec_timevar_hopper,gravity_ramp_1.2,3407,0,3215.1178,454.63619931380373,2212.628852051354,2568.510997838659,884.05,20,99.4106,10000,last,0,runs/spec_p2_online/RARL-PPO/hopper_seed3407/r_spec_timevar_hopper_eval.json
online,RARL-PPO,RARL-PPO,theta_p,spec_timevar_hopper,nominal,42,0,2873.3752,727.4890945957694,1844.5570276706399,1975.8966866831202,767.0,20,88.9102,10000,last,0,runs/spec_p2_online/RARL-PPO/hopper_seed42/r_spec_timevar_hopper_eval.json
online,RARL-PPO,RARL-PPO,theta_p,spec_timevar_hopper,gear_static_0.8,42,1,578.0116,3.6266899852648256,570.3934224629105,573.8056439458987,177.4,20,18.3828,10000,last,0,runs/spec_p2_online/RARL-PPO/hopper_seed42/r_spec_timevar_hopper_eval.json
online,RARL-PPO,RARL-PPO,theta_p,spec_timevar_hopper,gear_step_0.8,42,0,2261.6214,209.27298676627572,1844.5570276706399,1970.8487377854058,607.55,20,70.1135,10000,last,0,runs/spec_p2_online/RARL-PPO/hopper_seed42/r_spec_timevar_hopper_eval.json
online,RARL-PPO,RARL-PPO,theta_p,spec_timevar_hopper,gear_ramp_0.8,42,1,1632.7220,87.56692403225921,1477.186958128319,1533.8217019148535,423.7,20,50.7899,10000,last,0,runs/spec_p2_online/RARL-PPO/hopper_seed42/r_spec_timevar_hopper_eval.json
online,RARL-PPO,RARL-PPO,theta_p,spec_timevar_hopper,gear_sine_p200,42,0,998.0444,304.59309823887344,606.7199906111026,671.0933233270874,282.8,20,31.2888,10000,last,0,runs/spec_p2_online/RARL-PPO/hopper_seed42/r_spec_timevar_hopper_eval.json
online,RARL-PPO,RARL-PPO,theta_p,spec_timevar_hopper,gear_sine_p500,42,1,1015.4694,411.5853413218271,590.0203275029671,605.0996346881592,300.9,20,31.8242,10000,last,0,runs/spec_p2_online/RARL-PPO/hopper_seed42/r_spec_timevar_hopper_eval.json
online,RARL-PPO,RARL-PPO,theta_p,spec_timevar_hopper,gravity_ramp_1.2,42,0,2970.0120,730.2275553587858,1734.010603299403,1970.4977802596882,787.95,20,91.8795,10000,last,0,runs/spec_p2_online/RARL-PPO/hopper_seed42/r_spec_timevar_hopper_eval.json
online,RARL-PPO,RARL-PPO,theta_tau_exec,spec_timing_hopper,nominal,0,0,3666.7707,2.8031110714337397,3662.843501861915,3663.7022411955854,1000.0,20,113.2881,10000,last,0,runs/spec_p2_online/RARL-PPO/hopper_seed0/r_spec_timing_hopper_eval.json
online,RARL-PPO,RARL-PPO,theta_tau_exec,spec_timing_hopper,act_delay_8ms,0,1,1669.0778,592.3014498380973,740.7617248051553,1197.6051578792783,441.7,20,51.9069,10000,last,0,runs/spec_p2_online/RARL-PPO/hopper_seed0/r_spec_timing_hopper_eval.json
online,RARL-PPO,RARL-PPO,theta_tau_exec,spec_timing_hopper,act_delay_rand1,0,1,2817.8356,1069.3063700075359,740.7617248051553,1309.5385688868787,762.7,20,87.2037,10000,last,0,runs/spec_p2_online/RARL-PPO/hopper_seed0/r_spec_timing_hopper_eval.json
online,RARL-PPO,RARL-PPO,theta_tau_exec,spec_timing_hopper,act_delay_rand2,0,0,1875.7503,1276.0607619678606,425.92378613197207,428.95911597247107,512.75,20,58.2572,10000,last,0,runs/spec_p2_online/RARL-PPO/hopper_seed0/r_spec_timing_hopper_eval.json
online,RARL-PPO,RARL-PPO,theta_tau_exec,spec_timing_hopper,substep,0,0,3158.4971,1028.0107745189366,272.59674081827114,1586.1776348011513,855.95,20,97.6709,10000,last,0,runs/spec_p2_online/RARL-PPO/hopper_seed0/r_spec_timing_hopper_eval.json
online,RARL-PPO,RARL-PPO,theta_tau_exec,spec_timing_hopper,obs_delay_4ms,0,1,3670.6194,2.519269938154975,3666.7837083137215,3667.280009358902,1000.0,20,113.4064,10000,last,0,runs/spec_p2_online/RARL-PPO/hopper_seed0/r_spec_timing_hopper_eval.json
online,RARL-PPO,RARL-PPO,theta_tau_exec,spec_timing_hopper,obs_delay_8ms,0,1,2227.6480,1221.3689289052545,971.0998109463535,982.9552582472561,612.15,20,69.0696,10000,last,0,runs/spec_p2_online/RARL-PPO/hopper_seed0/r_spec_timing_hopper_eval.json
online,RARL-PPO,RARL-PPO,theta_tau_exec,spec_timing_hopper,obs_delay_16ms,0,1,925.5199,314.46887779160517,409.0795067004103,537.5948954521873,249.05,20,29.0604,10000,last,0,runs/spec_p2_online/RARL-PPO/hopper_seed0/r_spec_timing_hopper_eval.json
online,RARL-PPO,RARL-PPO,theta_tau_exec,spec_timing_hopper,nominal,1,0,988.4826,7.295977996837509,971.7432210273898,978.534084951207,263.55,20,30.9950,10000,last,0,runs/spec_p2_online/RARL-PPO/hopper_seed1/r_spec_timing_hopper_eval.json
online,RARL-PPO,RARL-PPO,theta_tau_exec,spec_timing_hopper,act_delay_8ms,1,1,104.0937,1.1073846034923471,101.57240819448181,102.97077370617896,59.2,20,3.8212,10000,last,0,runs/spec_p2_online/RARL-PPO/hopper_seed1/r_spec_timing_hopper_eval.json
online,RARL-PPO,RARL-PPO,theta_tau_exec,spec_timing_hopper,act_delay_rand1,1,1,635.5131,434.10026027221363,103.461066412483,103.54539147976502,182.0,20,20.1496,10000,last,0,runs/spec_p2_online/RARL-PPO/hopper_seed1/r_spec_timing_hopper_eval.json
online,RARL-PPO,RARL-PPO,theta_tau_exec,spec_timing_hopper,act_delay_rand2,1,0,355.9357,413.9547326980616,51.45956946428182,51.67109424635903,113.1,20,11.5593,10000,last,0,runs/spec_p2_online/RARL-PPO/hopper_seed1/r_spec_timing_hopper_eval.json
online,RARL-PPO,RARL-PPO,theta_tau_exec,spec_timing_hopper,substep,1,0,786.0996,89.7217535911978,638.0552370645524,659.8029246512272,209.65,20,24.7765,10000,last,0,runs/spec_p2_online/RARL-PPO/hopper_seed1/r_spec_timing_hopper_eval.json
online,RARL-PPO,RARL-PPO,theta_tau_exec,spec_timing_hopper,obs_delay_4ms,1,1,988.2099,9.994049745369635,966.2023074043865,975.0783909336982,262.55,20,30.9866,10000,last,0,runs/spec_p2_online/RARL-PPO/hopper_seed1/r_spec_timing_hopper_eval.json
online,RARL-PPO,RARL-PPO,theta_tau_exec,spec_timing_hopper,obs_delay_8ms,1,1,766.7975,384.52482964177756,98.92070286400967,100.89919658314975,212.0,20,24.1835,10000,last,0,runs/spec_p2_online/RARL-PPO/hopper_seed1/r_spec_timing_hopper_eval.json
online,RARL-PPO,RARL-PPO,theta_tau_exec,spec_timing_hopper,obs_delay_16ms,1,1,76.7988,21.2505446539923,51.25455585904427,51.44591423083041,44.55,20,2.9825,10000,last,0,runs/spec_p2_online/RARL-PPO/hopper_seed1/r_spec_timing_hopper_eval.json
online,RARL-PPO,RARL-PPO,theta_tau_exec,spec_timing_hopper,nominal,2,0,1055.6194,390.9483118033546,920.9368110649455,923.5173646575146,333.7,20,33.0578,10000,last,0,runs/spec_p2_online/RARL-PPO/hopper_seed2/r_spec_timing_hopper_eval.json
online,RARL-PPO,RARL-PPO,theta_tau_exec,spec_timing_hopper,act_delay_8ms,2,1,631.9335,1.9163605860675594,627.953432329513,629.4676442560576,217.3,20,20.0396,10000,last,0,runs/spec_p2_online/RARL-PPO/hopper_seed2/r_spec_timing_hopper_eval.json
online,RARL-PPO,RARL-PPO,theta_tau_exec,spec_timing_hopper,act_delay_rand1,2,1,909.6435,433.1757586393275,629.961750893968,631.2313808215779,293.5,20,28.5725,10000,last,0,runs/spec_p2_online/RARL-PPO/hopper_seed2/r_spec_timing_hopper_eval.json
online,RARL-PPO,RARL-PPO,theta_tau_exec,spec_timing_hopper,act_delay_rand2,2,0,792.7134,471.0341281429201,211.8518896783009,520.6150803385239,257.8,20,24.9797,10000,last,0,runs/spec_p2_online/RARL-PPO/hopper_seed2/r_spec_timing_hopper_eval.json
online,RARL-PPO,RARL-PPO,theta_tau_exec,spec_timing_hopper,substep,2,0,983.0970,416.9132961196546,426.5441545396517,546.8637112064304,303.4,20,30.8295,10000,last,0,runs/spec_p2_online/RARL-PPO/hopper_seed2/r_spec_timing_hopper_eval.json
online,RARL-PPO,RARL-PPO,theta_tau_exec,spec_timing_hopper,obs_delay_4ms,2,1,1010.7745,539.9666158833143,636.5158685514049,638.3481399644844,319.05,20,31.6799,10000,last,0,runs/spec_p2_online/RARL-PPO/hopper_seed2/r_spec_timing_hopper_eval.json
online,RARL-PPO,RARL-PPO,theta_tau_exec,spec_timing_hopper,obs_delay_8ms,2,1,838.0566,259.004454650305,624.8165284612948,633.4935167923338,273.45,20,26.3730,10000,last,0,runs/spec_p2_online/RARL-PPO/hopper_seed2/r_spec_timing_hopper_eval.json
online,RARL-PPO,RARL-PPO,theta_tau_exec,spec_timing_hopper,obs_delay_16ms,2,1,652.7785,98.92928411632198,526.7835734755714,577.2091142268071,212.4,20,20.6801,10000,last,0,runs/spec_p2_online/RARL-PPO/hopper_seed2/r_spec_timing_hopper_eval.json
online,RARL-PPO,RARL-PPO,theta_tau_exec,spec_timing_hopper,nominal,3407,0,3641.3864,8.154842397828846,3629.8103391379746,3631.5472158848183,1000.0,20,112.5081,10000,last,0,runs/spec_p2_online/RARL-PPO/hopper_seed3407/r_spec_timing_hopper_eval.json
online,RARL-PPO,RARL-PPO,theta_tau_exec,spec_timing_hopper,act_delay_8ms,3407,1,44.6350,1.2886167735131475,43.001354545822586,43.05783764535174,27.0,20,1.9943,10000,last,0,runs/spec_p2_online/RARL-PPO/hopper_seed3407/r_spec_timing_hopper_eval.json
online,RARL-PPO,RARL-PPO,theta_tau_exec,spec_timing_hopper,act_delay_rand1,3407,1,2203.3753,1762.7823428290633,43.047530928121795,43.971428083373,610.75,20,68.3238,10000,last,0,runs/spec_p2_online/RARL-PPO/hopper_seed3407/r_spec_timing_hopper_eval.json
online,RARL-PPO,RARL-PPO,theta_tau_exec,spec_timing_hopper,act_delay_rand2,3407,0,1121.8107,1648.193061560498,38.72816749902287,39.86687377941465,318.0,20,35.0916,10000,last,0,runs/spec_p2_online/RARL-PPO/hopper_seed3407/r_spec_timing_hopper_eval.json
online,RARL-PPO,RARL-PPO,theta_tau_exec,spec_timing_hopper,substep,3407,0,2689.0224,1384.485918047708,322.4098610639985,552.9099125937216,737.45,20,83.2458,10000,last,0,runs/spec_p2_online/RARL-PPO/hopper_seed3407/r_spec_timing_hopper_eval.json
online,RARL-PPO,RARL-PPO,theta_tau_exec,spec_timing_hopper,obs_delay_4ms,3407,1,3538.6708,653.7524407696742,689.6404771315458,3071.877443642047,960.9,20,109.3521,10000,last,0,runs/spec_p2_online/RARL-PPO/hopper_seed3407/r_spec_timing_hopper_eval.json
online,RARL-PPO,RARL-PPO,theta_tau_exec,spec_timing_hopper,obs_delay_8ms,3407,1,2858.1333,1454.3381252927468,44.595983168944734,398.6680327885981,771.5,20,88.4419,10000,last,0,runs/spec_p2_online/RARL-PPO/hopper_seed3407/r_spec_timing_hopper_eval.json
online,RARL-PPO,RARL-PPO,theta_tau_exec,spec_timing_hopper,obs_delay_16ms,3407,1,41.8745,1.4502218793857706,38.715281299524435,40.04679472983075,25.0,20,1.9095,10000,last,0,runs/spec_p2_online/RARL-PPO/hopper_seed3407/r_spec_timing_hopper_eval.json
online,RARL-PPO,RARL-PPO,theta_tau_exec,spec_timing_hopper,nominal,42,0,2873.3752,727.4890945957694,1844.5570276706399,1975.8966866831202,767.0,20,88.9102,10000,last,0,runs/spec_p2_online/RARL-PPO/hopper_seed42/r_spec_timing_hopper_eval.json
online,RARL-PPO,RARL-PPO,theta_tau_exec,spec_timing_hopper,act_delay_8ms,42,1,823.2300,396.7105882111068,393.8303264234197,398.6576462161728,257.2,20,25.9174,10000,last,0,runs/spec_p2_online/RARL-PPO/hopper_seed42/r_spec_timing_hopper_eval.json
online,RARL-PPO,RARL-PPO,theta_tau_exec,spec_timing_hopper,act_delay_rand1,42,1,2191.8978,1142.8688023484158,400.66313490322324,709.0138394904052,598.85,20,67.9711,10000,last,0,runs/spec_p2_online/RARL-PPO/hopper_seed42/r_spec_timing_hopper_eval.json
online,RARL-PPO,RARL-PPO,theta_tau_exec,spec_timing_hopper,act_delay_rand2,42,0,1299.0826,1328.6141833383804,119.0493324855115,122.70299099534483,374.35,20,40.5385,10000,last,0,runs/spec_p2_online/RARL-PPO/hopper_seed42/r_spec_timing_hopper_eval.json
online,RARL-PPO,RARL-PPO,theta_tau_exec,spec_timing_hopper,substep,42,0,2056.3258,850.1670856331223,680.2501296001867,1060.5640637950519,538.4,20,63.8055,10000,last,0,runs/spec_p2_online/RARL-PPO/hopper_seed42/r_spec_timing_hopper_eval.json
online,RARL-PPO,RARL-PPO,theta_tau_exec,spec_timing_hopper,obs_delay_4ms,42,1,2461.8855,892.9644591890435,1548.1174473605424,1595.4390028340315,646.25,20,76.2668,10000,last,0,runs/spec_p2_online/RARL-PPO/hopper_seed42/r_spec_timing_hopper_eval.json
online,RARL-PPO,RARL-PPO,theta_tau_exec,spec_timing_hopper,obs_delay_8ms,42,1,1753.1616,1176.4865426120896,395.166943978763,397.5680087661186,487.85,20,54.4905,10000,last,0,runs/spec_p2_online/RARL-PPO/hopper_seed42/r_spec_timing_hopper_eval.json
online,RARL-PPO,RARL-PPO,theta_tau_exec,spec_timing_hopper,obs_delay_16ms,42,1,517.3597,330.03046875489184,122.72161046283634,262.1852119333997,172.05,20,16.5192,10000,last,0,runs/spec_p2_online/RARL-PPO/hopper_seed42/r_spec_timing_hopper_eval.json
online,RARL-TRPO,RARL-TRPO,theta_o,spec_obsadv_hopper,nominal,0,0,2607.8930,858.8732461590922,1637.2618419861356,1794.796072988191,651.35,20,80.7530,10000,last,0,runs/spec_p2_online/RARL-TRPO/hopper_seed0/r_spec_obsadv_hopper_eval.json
online,RARL-TRPO,RARL-TRPO,theta_o,spec_obsadv_hopper,obs_uni_0.05,0,0,2451.7640,859.1540142326538,1203.1358337448335,1416.0257988352894,628.9,20,75.9558,10000,last,0,runs/spec_p2_online/RARL-TRPO/hopper_seed0/r_spec_obsadv_hopper_eval.json
online,RARL-TRPO,RARL-TRPO,theta_o,spec_obsadv_hopper,obs_uni_0.10,0,1,1507.6125,1089.7489040177604,80.64682779945018,338.42982388819223,399.6,20,46.9458,10000,last,0,runs/spec_p2_online/RARL-TRPO/hopper_seed0/r_spec_obsadv_hopper_eval.json
online,RARL-TRPO,RARL-TRPO,theta_o,spec_obsadv_hopper,obs_uni_0.15,0,0,316.6468,390.7214623247669,53.46724073438135,67.8325364760931,109.8,20,10.3521,10000,last,0,runs/spec_p2_online/RARL-TRPO/hopper_seed0/r_spec_obsadv_hopper_eval.json
online,RARL-TRPO,RARL-TRPO,theta_o,spec_obsadv_hopper,obs_rel_0.05,0,0,3288.5149,719.5498841498044,1521.6464423851176,2217.8142829825347,856.25,20,101.6658,10000,last,0,runs/spec_p2_online/RARL-TRPO/hopper_seed0/r_spec_obsadv_hopper_eval.json
online,RARL-TRPO,RARL-TRPO,theta_o,spec_obsadv_hopper,obs_rel_0.10,0,1,2868.4352,898.7824794856261,1150.126536709318,1634.4444191750365,728.85,20,88.7584,10000,last,0,runs/spec_p2_online/RARL-TRPO/hopper_seed0/r_spec_obsadv_hopper_eval.json
online,RARL-TRPO,RARL-TRPO,theta_o,spec_obsadv_hopper,obs_bias_0.05,0,0,2231.0664,1213.9697993076873,81.96046546531338,680.5217985531676,594.55,20,69.1746,10000,last,0,runs/spec_p2_online/RARL-TRPO/hopper_seed0/r_spec_obsadv_hopper_eval.json
online,RARL-TRPO,RARL-TRPO,theta_o,spec_obsadv_hopper,obs_gauss_0.05,0,0,1794.6515,894.9923048559925,94.60327398290997,668.1896319190221,469.95,20,55.7653,10000,last,0,runs/spec_p2_online/RARL-TRPO/hopper_seed0/r_spec_obsadv_hopper_eval.json
online,RARL-TRPO,RARL-TRPO,theta_o,spec_obsadv_hopper,obs_gauss_0.10,0,1,336.8337,404.0640687159031,60.845101619434466,65.75180694389678,111.35,20,10.9724,10000,last,0,runs/spec_p2_online/RARL-TRPO/hopper_seed0/r_spec_obsadv_hopper_eval.json
online,RARL-TRPO,RARL-TRPO,theta_o,spec_obsadv_hopper,obs_shift_0.01,0,0,2997.8034,767.7874217935413,1905.6821198591008,1978.0640716845942,746.9,20,92.7334,10000,last,0,runs/spec_p2_online/RARL-TRPO/hopper_seed0/r_spec_obsadv_hopper_eval.json
online,RARL-TRPO,RARL-TRPO,theta_o,spec_obsadv_hopper,obs_shift_0.02,0,0,2861.1628,745.2692889086429,1461.7719399802033,1888.8428610578835,727.55,20,88.5350,10000,last,0,runs/spec_p2_online/RARL-TRPO/hopper_seed0/r_spec_obsadv_hopper_eval.json
online,RARL-TRPO,RARL-TRPO,theta_o,spec_obsadv_hopper,nominal,1,0,2812.2611,1236.9355042807506,868.4964850237143,953.939493786841,761.1,20,87.0324,10000,last,0,runs/spec_p2_online/RARL-TRPO/hopper_seed1/r_spec_obsadv_hopper_eval.json
online,RARL-TRPO,RARL-TRPO,theta_o,spec_obsadv_hopper,obs_uni_0.05,1,0,1374.1189,668.9501110841082,142.2534151123983,544.1859275268426,358.8,20,42.8440,10000,last,0,runs/spec_p2_online/RARL-TRPO/hopper_seed1/r_spec_obsadv_hopper_eval.json
online,RARL-TRPO,RARL-TRPO,theta_o,spec_obsadv_hopper,obs_uni_0.10,1,1,166.4090,323.0985303420041,46.900933478054114,47.83782025617566,61.6,20,5.7359,10000,last,0,runs/spec_p2_online/RARL-TRPO/hopper_seed1/r_spec_obsadv_hopper_eval.json
online,RARL-TRPO,RARL-TRPO,theta_o,spec_obsadv_hopper,obs_uni_0.15,1,0,93.6958,162.08456125884095,42.10484548656655,44.706130987991386,43.25,20,3.5017,10000,last,0,runs/spec_p2_online/RARL-TRPO/hopper_seed1/r_spec_obsadv_hopper_eval.json
online,RARL-TRPO,RARL-TRPO,theta_o,spec_obsadv_hopper,obs_rel_0.05,1,0,3234.2561,863.3358492601967,892.111184153622,1862.6337855806873,843.0,20,99.9987,10000,last,0,runs/spec_p2_online/RARL-TRPO/hopper_seed1/r_spec_obsadv_hopper_eval.json
online,RARL-TRPO,RARL-TRPO,theta_o,spec_obsadv_hopper,obs_rel_0.10,1,1,2371.1138,956.2675688576217,946.3943141378021,1279.010095608087,585.0,20,73.4777,10000,last,0,runs/spec_p2_online/RARL-TRPO/hopper_seed1/r_spec_obsadv_hopper_eval.json
online,RARL-TRPO,RARL-TRPO,theta_o,spec_obsadv_hopper,obs_bias_0.05,1,0,2146.2740,1485.1633983312493,50.93173144576486,246.84486247126233,584.4,20,66.5693,10000,last,0,runs/spec_p2_online/RARL-TRPO/hopper_seed1/r_spec_obsadv_hopper_eval.json
online,RARL-TRPO,RARL-TRPO,theta_o,spec_obsadv_hopper,obs_gauss_0.05,1,0,184.6614,347.61432930509494,48.80837983688424,52.9886936518768,67.85,20,6.2967,10000,last,0,runs/spec_p2_online/RARL-TRPO/hopper_seed1/r_spec_obsadv_hopper_eval.json
online,RARL-TRPO,RARL-TRPO,theta_o,spec_obsadv_hopper,obs_gauss_0.10,1,1,54.5068,10.95842882993649,41.59092522939182,44.253952219860665,32.6,20,2.2976,10000,last,0,runs/spec_p2_online/RARL-TRPO/hopper_seed1/r_spec_obsadv_hopper_eval.json
online,RARL-TRPO,RARL-TRPO,theta_o,spec_obsadv_hopper,obs_shift_0.01,1,0,2686.4778,516.333966406247,2150.067288746265,2185.1331569912336,629.35,20,83.1676,10000,last,0,runs/spec_p2_online/RARL-TRPO/hopper_seed1/r_spec_obsadv_hopper_eval.json
online,RARL-TRPO,RARL-TRPO,theta_o,spec_obsadv_hopper,obs_shift_0.02,1,0,1334.3110,47.92059074196006,1236.0761645057707,1275.7668450838137,305.2,20,41.6209,10000,last,0,runs/spec_p2_online/RARL-TRPO/hopper_seed1/r_spec_obsadv_hopper_eval.json
online,RARL-TRPO,RARL-TRPO,theta_o,spec_obsadv_hopper,nominal,2,0,1792.3188,37.53019283901436,1712.733675848319,1747.3231234078562,389.2,20,55.6937,10000,last,0,runs/spec_p2_online/RARL-TRPO/hopper_seed2/r_spec_obsadv_hopper_eval.json
online,RARL-TRPO,RARL-TRPO,theta_o,spec_obsadv_hopper,obs_uni_0.05,2,0,1515.7460,186.5781152255907,1176.865136050798,1272.5705661137606,340.75,20,47.1957,10000,last,0,runs/spec_p2_online/RARL-TRPO/hopper_seed2/r_spec_obsadv_hopper_eval.json
online,RARL-TRPO,RARL-TRPO,theta_o,spec_obsadv_hopper,obs_uni_0.10,2,1,1093.5342,177.75938258539873,819.4971755754596,877.3980939555755,264.45,20,34.2228,10000,last,0,runs/spec_p2_online/RARL-TRPO/hopper_seed2/r_spec_obsadv_hopper_eval.json
online,RARL-TRPO,RARL-TRPO,theta_o,spec_obsadv_hopper,obs_uni_0.15,2,0,591.3799,395.13094611042163,55.42234566943123,65.87063265754598,161.75,20,18.7936,10000,last,0,runs/spec_p2_online/RARL-TRPO/hopper_seed2/r_spec_obsadv_hopper_eval.json
online,RARL-TRPO,RARL-TRPO,theta_o,spec_obsadv_hopper,obs_rel_0.05,2,0,1669.5109,113.20160581901406,1418.4971047893005,1492.6299853493213,367.65,20,51.9203,10000,last,0,runs/spec_p2_online/RARL-TRPO/hopper_seed2/r_spec_obsadv_hopper_eval.json
online,RARL-TRPO,RARL-TRPO,theta_o,spec_obsadv_hopper,obs_rel_0.10,2,1,1507.0154,87.21486412648237,1375.2739125366588,1406.4314306491574,337.0,20,46.9274,10000,last,0,runs/spec_p2_online/RARL-TRPO/hopper_seed2/r_spec_obsadv_hopper_eval.json
online,RARL-TRPO,RARL-TRPO,theta_o,spec_obsadv_hopper,obs_bias_0.05,2,0,1133.4343,269.1468724266619,667.874014439336,807.9084417173212,276.25,20,35.4487,10000,last,0,runs/spec_p2_online/RARL-TRPO/hopper_seed2/r_spec_obsadv_hopper_eval.json
online,RARL-TRPO,RARL-TRPO,theta_o,spec_obsadv_hopper,obs_gauss_0.05,2,0,1175.9705,133.20338972658394,880.3489552203736,1011.846793258311,273.6,20,36.7557,10000,last,0,runs/spec_p2_online/RARL-TRPO/hopper_seed2/r_spec_obsadv_hopper_eval.json
online,RARL-TRPO,RARL-TRPO,theta_o,spec_obsadv_hopper,obs_gauss_0.10,2,1,523.8761,312.9215601658478,59.41448255677022,63.3620072590238,148.7,20,16.7194,10000,last,0,runs/spec_p2_online/RARL-TRPO/hopper_seed2/r_spec_obsadv_hopper_eval.json
online,RARL-TRPO,RARL-TRPO,theta_o,spec_obsadv_hopper,obs_shift_0.01,2,0,1619.0710,27.236860501139393,1579.6444396386526,1586.9316042749115,357.8,20,50.3704,10000,last,0,runs/spec_p2_online/RARL-TRPO/hopper_seed2/r_spec_obsadv_hopper_eval.json
online,RARL-TRPO,RARL-TRPO,theta_o,spec_obsadv_hopper,obs_shift_0.02,2,0,1421.4139,17.461813457442748,1390.014435638112,1398.8901095973986,322.95,20,44.2972,10000,last,0,runs/spec_p2_online/RARL-TRPO/hopper_seed2/r_spec_obsadv_hopper_eval.json
online,RARL-TRPO,RARL-TRPO,theta_o,spec_obsadv_hopper,nominal,3407,0,3720.7117,19.371951445336038,3700.532692110137,3705.0538862318253,1000.0,20,114.9455,10000,last,0,runs/spec_p2_online/RARL-TRPO/hopper_seed3407/r_spec_obsadv_hopper_eval.json
online,RARL-TRPO,RARL-TRPO,theta_o,spec_obsadv_hopper,obs_uni_0.05,3407,0,2620.6394,885.5772640213427,86.29699646315997,1516.2798393685432,668.0,20,81.1446,10000,last,0,runs/spec_p2_online/RARL-TRPO/hopper_seed3407/r_spec_obsadv_hopper_eval.json
online,RARL-TRPO,RARL-TRPO,theta_o,spec_obsadv_hopper,obs_uni_0.10,3407,1,307.0557,458.7564858534388,43.76455986823223,51.98433170615626,97.25,20,10.0574,10000,last,0,runs/spec_p2_online/RARL-TRPO/hopper_seed3407/r_spec_obsadv_hopper_eval.json
online,RARL-TRPO,RARL-TRPO,theta_o,spec_obsadv_hopper,obs_uni_0.15,3407,0,154.1135,266.4549946268312,42.9773765733882,46.58012027389748,59.5,20,5.3581,10000,last,0,runs/spec_p2_online/RARL-TRPO/hopper_seed3407/r_spec_obsadv_hopper_eval.json
online,RARL-TRPO,RARL-TRPO,theta_o,spec_obsadv_hopper,obs_rel_0.05,3407,0,3746.1892,69.00993057999423,3493.405750431908,3672.7279182461148,991.3,20,115.7283,10000,last,0,runs/spec_p2_online/RARL-TRPO/hopper_seed3407/r_spec_obsadv_hopper_eval.json
online,RARL-TRPO,RARL-TRPO,theta_o,spec_obsadv_hopper,obs_rel_0.10,3407,1,2766.1355,825.9273899875867,1412.6039973754796,1595.2253637790134,708.4,20,85.6152,10000,last,0,runs/spec_p2_online/RARL-TRPO/hopper_seed3407/r_spec_obsadv_hopper_eval.json
online,RARL-TRPO,RARL-TRPO,theta_o,spec_obsadv_hopper,obs_bias_0.05,3407,0,2066.3058,1381.6748330560663,48.62644155400158,201.91206904868554,567.55,20,64.1122,10000,last,0,runs/spec_p2_online/RARL-TRPO/hopper_seed3407/r_spec_obsadv_hopper_eval.json
online,RARL-TRPO,RARL-TRPO,theta_o,spec_obsadv_hopper,obs_gauss_0.05,3407,0,499.4365,693.9914357183815,49.43285839038424,56.61199219859604,145.0,20,15.9685,10000,last,0,runs/spec_p2_online/RARL-TRPO/hopper_seed3407/r_spec_obsadv_hopper_eval.json
online,RARL-TRPO,RARL-TRPO,theta_o,spec_obsadv_hopper,obs_gauss_0.10,3407,1,60.7431,13.959083008191163,40.380681501713006,44.26255479061534,35.9,20,2.4892,10000,last,0,runs/spec_p2_online/RARL-TRPO/hopper_seed3407/r_spec_obsadv_hopper_eval.json
online,RARL-TRPO,RARL-TRPO,theta_o,spec_obsadv_hopper,obs_shift_0.01,3407,0,3637.1689,286.5006305239232,2882.033601896786,3189.000146703763,942.5,20,112.3786,10000,last,0,runs/spec_p2_online/RARL-TRPO/hopper_seed3407/r_spec_obsadv_hopper_eval.json
online,RARL-TRPO,RARL-TRPO,theta_o,spec_obsadv_hopper,obs_shift_0.02,3407,0,2713.8337,697.39496459042,1813.1491260815103,1948.0225672039426,693.8,20,84.0081,10000,last,0,runs/spec_p2_online/RARL-TRPO/hopper_seed3407/r_spec_obsadv_hopper_eval.json
online,RARL-TRPO,RARL-TRPO,theta_o,spec_obsadv_hopper,nominal,42,0,1736.5912,124.06979365759192,1626.9165920302473,1638.467302851821,420.85,20,53.9814,10000,last,0,runs/spec_p2_online/RARL-TRPO/hopper_seed42/r_spec_obsadv_hopper_eval.json
online,RARL-TRPO,RARL-TRPO,theta_o,spec_obsadv_hopper,obs_uni_0.05,42,0,1557.9480,970.5839371558527,53.47489240182738,137.4573782930248,398.05,20,48.4924,10000,last,0,runs/spec_p2_online/RARL-TRPO/hopper_seed42/r_spec_obsadv_hopper_eval.json
online,RARL-TRPO,RARL-TRPO,theta_o,spec_obsadv_hopper,obs_uni_0.10,42,1,264.6063,363.9991916771619,44.33101261238304,48.53786164619314,90.4,20,8.7531,10000,last,0,runs/spec_p2_online/RARL-TRPO/hopper_seed42/r_spec_obsadv_hopper_eval.json
online,RARL-TRPO,RARL-TRPO,theta_o,spec_obsadv_hopper,obs_uni_0.15,42,0,127.2359,170.89911376784576,42.68164991310934,46.60660422661133,55.4,20,4.5323,10000,last,0,runs/spec_p2_online/RARL-TRPO/hopper_seed42/r_spec_obsadv_hopper_eval.json
online,RARL-TRPO,RARL-TRPO,theta_o,spec_obsadv_hopper,obs_rel_0.05,42,0,2078.2425,515.154667024616,1551.515727913593,1620.1073453965369,500.9,20,64.4789,10000,last,0,runs/spec_p2_online/RARL-TRPO/hopper_seed42/r_spec_obsadv_hopper_eval.json
online,RARL-TRPO,RARL-TRPO,theta_o,spec_obsadv_hopper,obs_rel_0.10,42,1,2128.2185,686.1957817843229,1576.1385206698785,1605.6975859864501,514.45,20,66.0145,10000,last,0,runs/spec_p2_online/RARL-TRPO/hopper_seed42/r_spec_obsadv_hopper_eval.json
online,RARL-TRPO,RARL-TRPO,theta_o,spec_obsadv_hopper,obs_bias_0.05,42,0,1805.1805,1305.0624321500964,44.984345724017935,50.450253687829765,484.4,20,56.0888,10000,last,0,runs/spec_p2_online/RARL-TRPO/hopper_seed42/r_spec_obsadv_hopper_eval.json
online,RARL-TRPO,RARL-TRPO,theta_o,spec_obsadv_hopper,obs_gauss_0.05,42,0,268.8512,358.16051643265524,45.867247932328816,52.257317652333086,93.7,20,8.8835,10000,last,0,runs/spec_p2_online/RARL-TRPO/hopper_seed42/r_spec_obsadv_hopper_eval.json
online,RARL-TRPO,RARL-TRPO,theta_o,spec_obsadv_hopper,obs_gauss_0.10,42,1,78.7718,73.78874096710699,40.91639548739007,45.90800857391661,41.6,20,3.0432,10000,last,0,runs/spec_p2_online/RARL-TRPO/hopper_seed42/r_spec_obsadv_hopper_eval.json
online,RARL-TRPO,RARL-TRPO,theta_o,spec_obsadv_hopper,obs_shift_0.01,42,0,2446.7439,459.2895491651358,1955.665858065929,2029.2413109361346,581.75,20,75.8015,10000,last,0,runs/spec_p2_online/RARL-TRPO/hopper_seed42/r_spec_obsadv_hopper_eval.json
online,RARL-TRPO,RARL-TRPO,theta_o,spec_obsadv_hopper,obs_shift_0.02,42,0,1992.1843,529.3067783270775,1538.3339358028343,1576.289865957851,489.1,20,61.8347,10000,last,0,runs/spec_p2_online/RARL-TRPO/hopper_seed42/r_spec_obsadv_hopper_eval.json
online,RARL-TRPO,RARL-TRPO,theta_o,spec_obsadv_mad_hopper,nominal,0,0,2611.2120,843.3083535064326,1636.2105779808246,1793.6880002436083,,20,80.8550,10000,,0,runs/spec_p2_online/RARL-TRPO/hopper_seed0/r_spec_obsadv_mad_hopper_eval.json
online,RARL-TRPO,RARL-TRPO,theta_o,spec_obsadv_mad_hopper,mad_0.02,0,1,2661.0854,1019.7616477844141,1001.1287316305371,1307.1089077254135,,20,82.3874,10000,,0,runs/spec_p2_online/RARL-TRPO/hopper_seed0/r_spec_obsadv_mad_hopper_eval.json
online,RARL-TRPO,RARL-TRPO,theta_o,spec_obsadv_mad_hopper,mad_0.035,0,0,1773.7389,877.8457079222194,690.4585465102301,959.5419073606927,,20,55.1228,10000,,0,runs/spec_p2_online/RARL-TRPO/hopper_seed0/r_spec_obsadv_mad_hopper_eval.json
online,RARL-TRPO,RARL-TRPO,theta_o,spec_obsadv_mad_hopper,mad_0.05,0,1,1139.7436,646.0579214474449,80.55135680136353,218.3829232090779,,20,35.6426,10000,,0,runs/spec_p2_online/RARL-TRPO/hopper_seed0/r_spec_obsadv_mad_hopper_eval.json
online,RARL-TRPO,RARL-TRPO,theta_o,spec_obsadv_mad_hopper,mad_0.075,0,0,188.8717,208.55512709335548,55.491882180041685,72.59532666229026,,20,6.4261,10000,,0,runs/spec_p2_online/RARL-TRPO/hopper_seed0/r_spec_obsadv_mad_hopper_eval.json
online,RARL-TRPO,RARL-TRPO,theta_o,spec_obsadv_mad_hopper,mad_0.10,0,0,96.9481,78.28597313909702,47.1773333022144,57.23649619809014,,20,3.6016,10000,,0,runs/spec_p2_online/RARL-TRPO/hopper_seed0/r_spec_obsadv_mad_hopper_eval.json
online,RARL-TRPO,RARL-TRPO,theta_o,spec_obsadv_mad_hopper,nominal,1,0,2794.9657,1224.7024375073713,868.2541530037337,953.6466437198584,,20,86.5010,10000,,0,runs/spec_p2_online/RARL-TRPO/hopper_seed1/r_spec_obsadv_mad_hopper_eval.json
online,RARL-TRPO,RARL-TRPO,theta_o,spec_obsadv_mad_hopper,mad_0.02,1,1,1734.1616,564.6346113037629,838.1965636449978,1104.2591571721337,,20,53.9067,10000,,0,runs/spec_p2_online/RARL-TRPO/hopper_seed1/r_spec_obsadv_mad_hopper_eval.json
online,RARL-TRPO,RARL-TRPO,theta_o,spec_obsadv_mad_hopper,mad_0.035,1,0,496.3669,508.2927962487361,57.29477963569167,72.07143177978381,,20,15.8742,10000,,0,runs/spec_p2_online/RARL-TRPO/hopper_seed1/r_spec_obsadv_mad_hopper_eval.json
online,RARL-TRPO,RARL-TRPO,theta_o,spec_obsadv_mad_hopper,mad_0.05,1,1,58.1434,14.795329675585062,44.179931629630616,45.98267222681359,,20,2.4093,10000,,0,runs/spec_p2_online/RARL-TRPO/hopper_seed1/r_spec_obsadv_mad_hopper_eval.json
online,RARL-TRPO,RARL-TRPO,theta_o,spec_obsadv_mad_hopper,mad_0.075,1,0,55.9992,23.273084225318637,39.97847085238741,43.90688099191406,,20,2.3434,10000,,0,runs/spec_p2_online/RARL-TRPO/hopper_seed1/r_spec_obsadv_mad_hopper_eval.json
online,RARL-TRPO,RARL-TRPO,theta_o,spec_obsadv_mad_hopper,mad_0.10,1,0,58.0447,14.019896300499159,37.89257643024716,42.92982416556305,,20,2.4063,10000,,0,runs/spec_p2_online/RARL-TRPO/hopper_seed1/r_spec_obsadv_mad_hopper_eval.json
online,RARL-TRPO,RARL-TRPO,theta_o,spec_obsadv_mad_hopper,nominal,2,0,1789.7576,34.47089287986509,1711.9037225775344,1746.4783816579031,,20,55.6150,10000,,0,runs/spec_p2_online/RARL-TRPO/hopper_seed2/r_spec_obsadv_mad_hopper_eval.json
online,RARL-TRPO,RARL-TRPO,theta_o,spec_obsadv_mad_hopper,mad_0.02,2,1,1403.3238,178.13354803147183,883.5326531879641,1170.0215825400164,,20,43.7414,10000,,0,runs/spec_p2_online/RARL-TRPO/hopper_seed2/r_spec_obsadv_mad_hopper_eval.json
online,RARL-TRPO,RARL-TRPO,theta_o,spec_obsadv_mad_hopper,mad_0.035,2,0,1156.9505,163.6929888432054,719.6916128928916,949.6919097092305,,20,36.1713,10000,,0,runs/spec_p2_online/RARL-TRPO/hopper_seed2/r_spec_obsadv_mad_hopper_eval.json
online,RARL-TRPO,RARL-TRPO,theta_o,spec_obsadv_mad_hopper,mad_0.05,2,1,837.9514,229.98472852268026,73.45049144667288,567.1612663574318,,20,26.3697,10000,,0,runs/spec_p2_online/RARL-TRPO/hopper_seed2/r_spec_obsadv_mad_hopper_eval.json
online,RARL-TRPO,RARL-TRPO,theta_o,spec_obsadv_mad_hopper,mad_0.075,2,0,534.8282,290.9942526533278,47.747628697912255,62.68247426237821,,20,17.0560,10000,,0,runs/spec_p2_online/RARL-TRPO/hopper_seed2/r_spec_obsadv_mad_hopper_eval.json
online,RARL-TRPO,RARL-TRPO,theta_o,spec_obsadv_mad_hopper,mad_0.10,2,0,167.0701,185.2864374190935,56.047381887426866,59.09091242264278,,20,5.7562,10000,,0,runs/spec_p2_online/RARL-TRPO/hopper_seed2/r_spec_obsadv_mad_hopper_eval.json
online,RARL-TRPO,RARL-TRPO,theta_o,spec_obsadv_mad_hopper,nominal,3407,0,3719.4284,13.107555876659823,3691.809582783514,3703.521720080929,,20,114.9061,10000,,0,runs/spec_p2_online/RARL-TRPO/hopper_seed3407/r_spec_obsadv_mad_hopper_eval.json
online,RARL-TRPO,RARL-TRPO,theta_o,spec_obsadv_mad_hopper,mad_0.02,3407,1,2475.5351,917.4157569944115,85.99307428497183,1345.622890719857,,20,76.6862,10000,,0,runs/spec_p2_online/RARL-TRPO/hopper_seed3407/r_spec_obsadv_mad_hopper_eval.json
online,RARL-TRPO,RARL-TRPO,theta_o,spec_obsadv_mad_hopper,mad_0.035,3407,0,411.7590,542.4673341809017,64.9966691648206,68.80633820716189,,20,13.2745,10000,,0,runs/spec_p2_online/RARL-TRPO/hopper_seed3407/r_spec_obsadv_mad_hopper_eval.json
online,RARL-TRPO,RARL-TRPO,theta_o,spec_obsadv_mad_hopper,mad_0.05,3407,1,187.2875,329.9701415277813,48.32534024399481,55.89781781189693,,20,6.3774,10000,,0,runs/spec_p2_online/RARL-TRPO/hopper_seed3407/r_spec_obsadv_mad_hopper_eval.json
online,RARL-TRPO,RARL-TRPO,theta_o,spec_obsadv_mad_hopper,mad_0.075,3407,0,73.7863,29.982586556886783,39.95696211249869,44.24088904014583,,20,2.8900,10000,,0,runs/spec_p2_online/RARL-TRPO/hopper_seed3407/r_spec_obsadv_mad_hopper_eval.json
online,RARL-TRPO,RARL-TRPO,theta_o,spec_obsadv_mad_hopper,mad_0.10,3407,0,58.5393,28.795573777987954,38.72096324908067,40.45434446225322,,20,2.4215,10000,,0,runs/spec_p2_online/RARL-TRPO/hopper_seed3407/r_spec_obsadv_mad_hopper_eval.json
online,RARL-TRPO,RARL-TRPO,theta_o,spec_obsadv_mad_hopper,nominal,42,0,1736.4132,126.10210279343626,1626.1064506217167,1637.648744475214,,20,53.9759,10000,,0,runs/spec_p2_online/RARL-TRPO/hopper_seed42/r_spec_obsadv_mad_hopper_eval.json
online,RARL-TRPO,RARL-TRPO,theta_o,spec_obsadv_mad_hopper,mad_0.02,42,1,2000.4699,458.30955436012556,1472.216149355815,1529.9420445659275,,20,62.0893,10000,,0,runs/spec_p2_online/RARL-TRPO/hopper_seed42/r_spec_obsadv_mad_hopper_eval.json
online,RARL-TRPO,RARL-TRPO,theta_o,spec_obsadv_mad_hopper,mad_0.035,42,0,783.5426,623.3440041282598,49.64375229203212,55.42112857156606,,20,24.6980,10000,,0,runs/spec_p2_online/RARL-TRPO/hopper_seed42/r_spec_obsadv_mad_hopper_eval.json
online,RARL-TRPO,RARL-TRPO,theta_o,spec_obsadv_mad_hopper,mad_0.05,42,1,247.0131,384.7592918202495,45.709828004024786,48.03555446911427,,20,8.2125,10000,,0,runs/spec_p2_online/RARL-TRPO/hopper_seed42/r_spec_obsadv_mad_hopper_eval.json
online,RARL-TRPO,RARL-TRPO,theta_o,spec_obsadv_mad_hopper,mad_0.075,42,0,112.6907,143.9947646817782,40.663147214704395,45.03382609069962,,20,4.0854,10000,,0,runs/spec_p2_online/RARL-TRPO/hopper_seed42/r_spec_obsadv_mad_hopper_eval.json
online,RARL-TRPO,RARL-TRPO,theta_o,spec_obsadv_mad_hopper,mad_0.10,42,0,56.5433,12.55257914437513,43.811455358173866,46.11154640752195,,20,2.3602,10000,,0,runs/spec_p2_online/RARL-TRPO/hopper_seed42/r_spec_obsadv_mad_hopper_eval.json
online,RARL-TRPO,RARL-TRPO,theta_a,spec_action_hopper,nominal,0,0,2607.8930,858.8732461590922,1637.2618419861356,1794.796072988191,651.35,20,80.7530,10000,last,0,runs/spec_p2_online/RARL-TRPO/hopper_seed0/r_spec_action_hopper_eval.json
online,RARL-TRPO,RARL-TRPO,theta_a,spec_action_hopper,act_gauss_0.05,0,0,2730.5646,811.8660433394767,1620.6363453547779,1702.9803000426768,697.4,20,84.5222,10000,last,0,runs/spec_p2_online/RARL-TRPO/hopper_seed0/r_spec_action_hopper_eval.json
online,RARL-TRPO,RARL-TRPO,theta_a,spec_action_hopper,act_gauss_0.10,0,1,2511.4462,710.252145490856,1591.5925931891027,1681.5563127591886,628.05,20,77.7896,10000,last,0,runs/spec_p2_online/RARL-TRPO/hopper_seed0/r_spec_action_hopper_eval.json
online,RARL-TRPO,RARL-TRPO,theta_a,spec_action_hopper,act_gauss_0.20,0,0,1267.7133,512.1157353727203,835.6587067409438,881.5510370715037,326.1,20,39.5746,10000,last,0,runs/spec_p2_online/RARL-TRPO/hopper_seed0/r_spec_action_hopper_eval.json
online,RARL-TRPO,RARL-TRPO,theta_a,spec_action_hopper,act_uni_0.10,0,1,2638.3378,841.5366761835792,1616.5977008471766,1685.2908190714256,669.75,20,81.6884,10000,last,0,runs/spec_p2_online/RARL-TRPO/hopper_seed0/r_spec_action_hopper_eval.json
online,RARL-TRPO,RARL-TRPO,theta_a,spec_action_hopper,act_offset_0.05,0,1,3134.4138,774.7084112969086,1749.385247478377,2000.8731257336956,786.5,20,96.9309,10000,last,0,runs/spec_p2_online/RARL-TRPO/hopper_seed0/r_spec_action_hopper_eval.json
online,RARL-TRPO,RARL-TRPO,theta_a,spec_action_hopper,act_oppose_0.10,0,1,1043.8123,20.444228726305024,1019.1269241516007,1022.4736309435386,271.2,20,32.6950,10000,last,0,runs/spec_p2_online/RARL-TRPO/hopper_seed0/r_spec_action_hopper_eval.json
online,RARL-TRPO,RARL-TRPO,theta_a,spec_action_hopper,act_oppose_0.20,0,0,659.0274,2.2921025372931827,652.0207850936423,656.1856522317269,196.05,20,20.8721,10000,last,0,runs/spec_p2_online/RARL-TRPO/hopper_seed0/r_spec_action_hopper_eval.json
online,RARL-TRPO,RARL-TRPO,theta_a,spec_action_hopper,cmd_gauss_0.20,0,0,1267.7133,512.1157353727203,835.6587067409438,881.5510370715037,326.1,20,39.5746,10000,last,0,runs/spec_p2_online/RARL-TRPO/hopper_seed0/r_spec_action_hopper_eval.json
online,RARL-TRPO,RARL-TRPO,theta_a,spec_action_hopper,cmd_oppose_0.20,0,1,659.0274,2.2921025372931827,652.0207850936423,656.1856522317269,196.05,20,20.8721,10000,last,0,runs/spec_p2_online/RARL-TRPO/hopper_seed0/r_spec_action_hopper_eval.json
online,RARL-TRPO,RARL-TRPO,theta_a,spec_action_hopper,nominal,1,0,2812.2611,1236.9355042807506,868.4964850237143,953.939493786841,761.1,20,87.0324,10000,last,0,runs/spec_p2_online/RARL-TRPO/hopper_seed1/r_spec_action_hopper_eval.json
online,RARL-TRPO,RARL-TRPO,theta_a,spec_action_hopper,act_gauss_0.05,1,0,3094.7817,589.612193681073,1957.395362987805,2320.1610132746,769.7,20,95.7132,10000,last,0,runs/spec_p2_online/RARL-TRPO/hopper_seed1/r_spec_action_hopper_eval.json
online,RARL-TRPO,RARL-TRPO,theta_a,spec_action_hopper,act_gauss_0.10,1,1,1729.0039,429.18998971102405,1114.3725206567183,1261.6251689638143,400.4,20,53.7482,10000,last,0,runs/spec_p2_online/RARL-TRPO/hopper_seed1/r_spec_action_hopper_eval.json
online,RARL-TRPO,RARL-TRPO,theta_a,spec_action_hopper,act_gauss_0.20,1,0,961.8488,202.90328704947532,625.8673036929293,727.3063905359342,240.55,20,30.1766,10000,last,0,runs/spec_p2_online/RARL-TRPO/hopper_seed1/r_spec_action_hopper_eval.json
online,RARL-TRPO,RARL-TRPO,theta_a,spec_action_hopper,act_uni_0.10,1,1,2681.5063,502.47266327950246,1910.102841309272,2107.5859100092352,644.75,20,83.0148,10000,last,0,runs/spec_p2_online/RARL-TRPO/hopper_seed1/r_spec_action_hopper_eval.json
online,RARL-TRPO,RARL-TRPO,theta_a,spec_action_hopper,act_offset_0.05,1,1,1334.9574,46.381306222848494,1268.3204963218009,1288.1764650612683,303.45,20,41.6408,10000,last,0,runs/spec_p2_online/RARL-TRPO/hopper_seed1/r_spec_action_hopper_eval.json
online,RARL-TRPO,RARL-TRPO,theta_a,spec_action_hopper,act_oppose_0.10,1,1,907.5870,9.656389327699712,877.9821741141984,894.658737403015,229.05,20,28.5094,10000,last,0,runs/spec_p2_online/RARL-TRPO/hopper_seed1/r_spec_action_hopper_eval.json
online,RARL-TRPO,RARL-TRPO,theta_a,spec_action_hopper,act_oppose_0.20,1,0,584.8368,3.416854083077986,579.8535786536847,581.0430612207383,172.75,20,18.5925,10000,last,0,runs/spec_p2_online/RARL-TRPO/hopper_seed1/r_spec_action_hopper_eval.json
online,RARL-TRPO,RARL-TRPO,theta_a,spec_action_hopper,cmd_gauss_0.20,1,0,961.8488,202.90328704947532,625.8673036929293,727.3063905359342,240.55,20,30.1766,10000,last,0,runs/spec_p2_online/RARL-TRPO/hopper_seed1/r_spec_action_hopper_eval.json
online,RARL-TRPO,RARL-TRPO,theta_a,spec_action_hopper,cmd_oppose_0.20,1,1,584.8368,3.416854083077986,579.8535786536847,581.0430612207383,172.75,20,18.5925,10000,last,0,runs/spec_p2_online/RARL-TRPO/hopper_seed1/r_spec_action_hopper_eval.json
online,RARL-TRPO,RARL-TRPO,theta_a,spec_action_hopper,nominal,2,0,1792.3188,37.53019283901436,1712.733675848319,1747.3231234078562,389.2,20,55.6937,10000,last,0,runs/spec_p2_online/RARL-TRPO/hopper_seed2/r_spec_action_hopper_eval.json
online,RARL-TRPO,RARL-TRPO,theta_a,spec_action_hopper,act_gauss_0.05,2,0,1684.9796,47.21811811454887,1588.7749695541186,1618.217124004583,368.85,20,52.3955,10000,last,0,runs/spec_p2_online/RARL-TRPO/hopper_seed2/r_spec_action_hopper_eval.json
online,RARL-TRPO,RARL-TRPO,theta_a,spec_action_hopper,act_gauss_0.10,2,1,1480.2293,64.20057538057871,1384.7635738309425,1408.232100497566,331.2,20,46.1044,10000,last,0,runs/spec_p2_online/RARL-TRPO/hopper_seed2/r_spec_action_hopper_eval.json
online,RARL-TRPO,RARL-TRPO,theta_a,spec_action_hopper,act_gauss_0.20,2,0,1157.6100,166.70565272353883,870.8425163919369,927.4030591265221,270.5,20,36.1916,10000,last,0,runs/spec_p2_online/RARL-TRPO/hopper_seed2/r_spec_action_hopper_eval.json
online,RARL-TRPO,RARL-TRPO,theta_a,spec_action_hopper,act_uni_0.10,2,1,1651.6032,55.76045189284138,1513.877516469717,1582.0399058180506,361.6,20,51.3700,10000,last,0,runs/spec_p2_online/RARL-TRPO/hopper_seed2/r_spec_action_hopper_eval.json
online,RARL-TRPO,RARL-TRPO,theta_a,spec_action_hopper,act_offset_0.05,2,1,1456.7763,19.04768524002599,1431.3254419933812,1438.2036660806705,322.45,20,45.3838,10000,last,0,runs/spec_p2_online/RARL-TRPO/hopper_seed2/r_spec_action_hopper_eval.json
online,RARL-TRPO,RARL-TRPO,theta_a,spec_action_hopper,act_oppose_0.10,2,1,1143.9758,8.81256903921397,1126.1714237232372,1131.8916182155367,263.9,20,35.7726,10000,last,0,runs/spec_p2_online/RARL-TRPO/hopper_seed2/r_spec_action_hopper_eval.json
online,RARL-TRPO,RARL-TRPO,theta_a,spec_action_hopper,act_oppose_0.20,2,0,675.4308,7.954541166629557,662.8208566406296,664.6307020504021,186.05,20,21.3761,10000,last,0,runs/spec_p2_online/RARL-TRPO/hopper_seed2/r_spec_action_hopper_eval.json
online,RARL-TRPO,RARL-TRPO,theta_a,spec_action_hopper,cmd_gauss_0.20,2,0,1157.6100,166.70565272353883,870.8425163919369,927.4030591265221,270.5,20,36.1916,10000,last,0,runs/spec_p2_online/RARL-TRPO/hopper_seed2/r_spec_action_hopper_eval.json
online,RARL-TRPO,RARL-TRPO,theta_a,spec_action_hopper,cmd_oppose_0.20,2,1,675.4308,7.954541166629557,662.8208566406296,664.6307020504021,186.05,20,21.3761,10000,last,0,runs/spec_p2_online/RARL-TRPO/hopper_seed2/r_spec_action_hopper_eval.json
online,RARL-TRPO,RARL-TRPO,theta_a,spec_action_hopper,nominal,3407,0,3720.7117,19.371951445336038,3700.532692110137,3705.0538862318253,1000.0,20,114.9455,10000,last,0,runs/spec_p2_online/RARL-TRPO/hopper_seed3407/r_spec_action_hopper_eval.json
online,RARL-TRPO,RARL-TRPO,theta_a,spec_action_hopper,act_gauss_0.05,3407,0,3405.6728,440.9276133342605,2602.468211285129,2740.935757988051,893.85,20,105.2656,10000,last,0,runs/spec_p2_online/RARL-TRPO/hopper_seed3407/r_spec_action_hopper_eval.json
online,RARL-TRPO,RARL-TRPO,theta_a,spec_action_hopper,act_gauss_0.10,3407,1,2001.7120,726.2744029942837,1074.3426346341944,1260.1677722043232,500.75,20,62.1275,10000,last,0,runs/spec_p2_online/RARL-TRPO/hopper_seed3407/r_spec_action_hopper_eval.json
online,RARL-TRPO,RARL-TRPO,theta_a,spec_action_hopper,act_gauss_0.20,3407,0,950.8999,135.58192768855065,760.2661802876138,803.9263629455355,252.1,20,29.8402,10000,last,0,runs/spec_p2_online/RARL-TRPO/hopper_seed3407/r_spec_action_hopper_eval.json
online,RARL-TRPO,RARL-TRPO,theta_a,spec_action_hopper,act_uni_0.10,3407,1,3252.9856,510.96694661685143,2361.204821566662,2564.7604143040417,840.2,20,100.5741,10000,last,0,runs/spec_p2_online/RARL-TRPO/hopper_seed3407/r_spec_action_hopper_eval.json
online,RARL-TRPO,RARL-TRPO,theta_a,spec_action_hopper,act_offset_0.05,3407,1,1349.9711,65.94227075362856,1183.9610517458495,1275.1640267212745,329.1,20,42.1021,10000,last,0,runs/spec_p2_online/RARL-TRPO/hopper_seed3407/r_spec_action_hopper_eval.json
online,RARL-TRPO,RARL-TRPO,theta_a,spec_action_hopper,act_oppose_0.10,3407,1,1002.2872,12.467696319731129,982.2427926242909,986.8299787372383,260.05,20,31.4191,10000,last,0,runs/spec_p2_online/RARL-TRPO/hopper_seed3407/r_spec_action_hopper_eval.json
online,RARL-TRPO,RARL-TRPO,theta_a,spec_action_hopper,act_oppose_0.20,3407,0,699.6144,5.597487828931253,691.3728700736671,692.6869341586405,200.75,20,22.1192,10000,last,0,runs/spec_p2_online/RARL-TRPO/hopper_seed3407/r_spec_action_hopper_eval.json
online,RARL-TRPO,RARL-TRPO,theta_a,spec_action_hopper,cmd_gauss_0.20,3407,0,950.8999,135.58192768855065,760.2661802876138,803.9263629455355,252.1,20,29.8402,10000,last,0,runs/spec_p2_online/RARL-TRPO/hopper_seed3407/r_spec_action_hopper_eval.json
online,RARL-TRPO,RARL-TRPO,theta_a,spec_action_hopper,cmd_oppose_0.20,3407,1,699.6144,5.597487828931253,691.3728700736671,692.6869341586405,200.75,20,22.1192,10000,last,0,runs/spec_p2_online/RARL-TRPO/hopper_seed3407/r_spec_action_hopper_eval.json
online,RARL-TRPO,RARL-TRPO,theta_a,spec_action_hopper,nominal,42,0,1736.5912,124.06979365759192,1626.9165920302473,1638.467302851821,420.85,20,53.9814,10000,last,0,runs/spec_p2_online/RARL-TRPO/hopper_seed42/r_spec_action_hopper_eval.json
online,RARL-TRPO,RARL-TRPO,theta_a,spec_action_hopper,act_gauss_0.05,42,0,2200.8776,593.2857960214444,1597.3616086853651,1675.2487157915948,533.1,20,68.2470,10000,last,0,runs/spec_p2_online/RARL-TRPO/hopper_seed42/r_spec_action_hopper_eval.json
online,RARL-TRPO,RARL-TRPO,theta_a,spec_action_hopper,act_gauss_0.10,42,1,2018.5153,516.8673381454944,1488.5147874055986,1547.0642569331308,496.15,20,62.6438,10000,last,0,runs/spec_p2_online/RARL-TRPO/hopper_seed42/r_spec_action_hopper_eval.json
online,RARL-TRPO,RARL-TRPO,theta_a,spec_action_hopper,act_gauss_0.20,42,0,1222.7663,449.2794012170334,856.8526034428672,881.4431646839124,311.65,20,38.1936,10000,last,0,runs/spec_p2_online/RARL-TRPO/hopper_seed42/r_spec_action_hopper_eval.json
online,RARL-TRPO,RARL-TRPO,theta_a,spec_action_hopper,act_uni_0.10,42,1,1938.3400,527.2263559489124,1350.3446641342687,1554.2156252049672,472.85,20,60.1803,10000,last,0,runs/spec_p2_online/RARL-TRPO/hopper_seed42/r_spec_action_hopper_eval.json
online,RARL-TRPO,RARL-TRPO,theta_a,spec_action_hopper,act_offset_0.05,42,1,1591.5280,217.3653536086678,1340.777159980445,1351.6531689354301,381.5,20,49.5241,10000,last,0,runs/spec_p2_online/RARL-TRPO/hopper_seed42/r_spec_action_hopper_eval.json
online,RARL-TRPO,RARL-TRPO,theta_a,spec_action_hopper,act_oppose_0.10,42,1,1050.7681,19.881587668888166,1021.1932022076084,1025.4278740923185,271.85,20,32.9087,10000,last,0,runs/spec_p2_online/RARL-TRPO/hopper_seed42/r_spec_action_hopper_eval.json
online,RARL-TRPO,RARL-TRPO,theta_a,spec_action_hopper,act_oppose_0.20,42,0,702.3179,2.761633791462589,698.3694292856349,699.0186241067444,201.85,20,22.2023,10000,last,0,runs/spec_p2_online/RARL-TRPO/hopper_seed42/r_spec_action_hopper_eval.json
online,RARL-TRPO,RARL-TRPO,theta_a,spec_action_hopper,cmd_gauss_0.20,42,0,1222.7663,449.2794012170334,856.8526034428672,881.4431646839124,311.65,20,38.1936,10000,last,0,runs/spec_p2_online/RARL-TRPO/hopper_seed42/r_spec_action_hopper_eval.json
online,RARL-TRPO,RARL-TRPO,theta_a,spec_action_hopper,cmd_oppose_0.20,42,1,702.3179,2.761633791462589,698.3694292856349,699.0186241067444,201.85,20,22.2023,10000,last,0,runs/spec_p2_online/RARL-TRPO/hopper_seed42/r_spec_action_hopper_eval.json
online,RARL-TRPO,RARL-TRPO,theta_p,spec_transition_hopper,nominal,0,0,2607.8930,858.8732461590922,1637.2618419861356,1794.796072988191,651.35,20,80.7530,10000,last,0,runs/spec_p2_online/RARL-TRPO/hopper_seed0/r_spec_transition_hopper_eval.json
online,RARL-TRPO,RARL-TRPO,theta_p,spec_transition_hopper,trans_t1,0,1,2285.0214,894.049528183676,1078.8828926716676,1346.7490976070835,577.25,20,70.8324,10000,last,0,runs/spec_p2_online/RARL-TRPO/hopper_seed0/r_spec_transition_hopper_eval.json
online,RARL-TRPO,RARL-TRPO,theta_p,spec_transition_hopper,trans_t2,0,0,1488.9484,746.9043266592519,667.0686377409628,795.8287272403966,389.1,20,46.3723,10000,last,0,runs/spec_p2_online/RARL-TRPO/hopper_seed0/r_spec_transition_hopper_eval.json
online,RARL-TRPO,RARL-TRPO,theta_p,spec_transition_hopper,trans_t3,0,0,1164.1574,740.9777045917712,315.81767619558013,544.6267010520795,326.0,20,36.3927,10000,last,0,runs/spec_p2_online/RARL-TRPO/hopper_seed0/r_spec_transition_hopper_eval.json
online,RARL-TRPO,RARL-TRPO,theta_p,spec_transition_hopper,nominal,1,0,2812.2611,1236.9355042807506,868.4964850237143,953.939493786841,761.1,20,87.0324,10000,last,0,runs/spec_p2_online/RARL-TRPO/hopper_seed1/r_spec_transition_hopper_eval.json
online,RARL-TRPO,RARL-TRPO,theta_p,spec_transition_hopper,trans_t1,1,1,2541.5806,925.3917719239483,1093.9084866275855,1318.4234731460897,634.8,20,78.7155,10000,last,0,runs/spec_p2_online/RARL-TRPO/hopper_seed1/r_spec_transition_hopper_eval.json
online,RARL-TRPO,RARL-TRPO,theta_p,spec_transition_hopper,trans_t2,1,0,1511.2330,791.1993006924641,156.10343305231814,648.5658462922809,386.95,20,47.0570,10000,last,0,runs/spec_p2_online/RARL-TRPO/hopper_seed1/r_spec_transition_hopper_eval.json
online,RARL-TRPO,RARL-TRPO,theta_p,spec_transition_hopper,trans_t3,1,0,658.6921,591.9886205181789,56.31568080609319,76.67094527395666,190.85,20,20.8618,10000,last,0,runs/spec_p2_online/RARL-TRPO/hopper_seed1/r_spec_transition_hopper_eval.json
online,RARL-TRPO,RARL-TRPO,theta_p,spec_transition_hopper,nominal,2,0,1792.3188,37.53019283901436,1712.733675848319,1747.3231234078562,389.2,20,55.6937,10000,last,0,runs/spec_p2_online/RARL-TRPO/hopper_seed2/r_spec_transition_hopper_eval.json
online,RARL-TRPO,RARL-TRPO,theta_p,spec_transition_hopper,trans_t1,2,1,1562.4859,188.74228689288677,994.1697941235541,1297.159379182899,349.3,20,48.6318,10000,last,0,runs/spec_p2_online/RARL-TRPO/hopper_seed2/r_spec_transition_hopper_eval.json
online,RARL-TRPO,RARL-TRPO,theta_p,spec_transition_hopper,trans_t2,2,0,1327.0801,287.5964851081725,708.8244120902328,946.9832869555939,306.85,20,41.3987,10000,last,0,runs/spec_p2_online/RARL-TRPO/hopper_seed2/r_spec_transition_hopper_eval.json
online,RARL-TRPO,RARL-TRPO,theta_p,spec_transition_hopper,trans_t3,2,0,910.1457,360.8865718688646,451.4481535255833,517.6144899830986,235.0,20,28.5880,10000,last,0,runs/spec_p2_online/RARL-TRPO/hopper_seed2/r_spec_transition_hopper_eval.json
online,RARL-TRPO,RARL-TRPO,theta_p,spec_transition_hopper,nominal,3407,0,3720.7117,19.371951445336038,3700.532692110137,3705.0538862318253,1000.0,20,114.9455,10000,last,0,runs/spec_p2_online/RARL-TRPO/hopper_seed3407/r_spec_transition_hopper_eval.json
online,RARL-TRPO,RARL-TRPO,theta_p,spec_transition_hopper,trans_t1,3407,1,2823.5082,1012.5957142652849,888.4717841310301,1445.5191891145894,735.35,20,87.3780,10000,last,0,runs/spec_p2_online/RARL-TRPO/hopper_seed3407/r_spec_transition_hopper_eval.json
online,RARL-TRPO,RARL-TRPO,theta_p,spec_transition_hopper,trans_t2,3407,0,1775.6380,1036.5972878056361,462.9726050530861,769.1576499756724,465.5,20,55.1811,10000,last,0,runs/spec_p2_online/RARL-TRPO/hopper_seed3407/r_spec_transition_hopper_eval.json
online,RARL-TRPO,RARL-TRPO,theta_p,spec_transition_hopper,trans_t3,3407,0,729.2642,541.8262585365951,76.56566051327376,90.55603421439527,210.65,20,23.0302,10000,last,0,runs/spec_p2_online/RARL-TRPO/hopper_seed3407/r_spec_transition_hopper_eval.json
online,RARL-TRPO,RARL-TRPO,theta_p,spec_transition_hopper,nominal,42,0,1736.5912,124.06979365759192,1626.9165920302473,1638.467302851821,420.85,20,53.9814,10000,last,0,runs/spec_p2_online/RARL-TRPO/hopper_seed42/r_spec_transition_hopper_eval.json
online,RARL-TRPO,RARL-TRPO,theta_p,spec_transition_hopper,trans_t1,42,1,2061.1747,699.7506960733036,729.4969463540422,1262.1931217152755,505.55,20,63.9545,10000,last,0,runs/spec_p2_online/RARL-TRPO/hopper_seed42/r_spec_transition_hopper_eval.json
online,RARL-TRPO,RARL-TRPO,theta_p,spec_transition_hopper,trans_t2,42,0,1703.4635,870.627301021183,614.1922377087824,787.3214262948339,427.65,20,52.9635,10000,last,0,runs/spec_p2_online/RARL-TRPO/hopper_seed42/r_spec_transition_hopper_eval.json
online,RARL-TRPO,RARL-TRPO,theta_p,spec_transition_hopper,trans_t3,42,0,1001.9410,587.3396885831091,66.6211209012344,287.50524470432674,271.3,20,31.4085,10000,last,0,runs/spec_p2_online/RARL-TRPO/hopper_seed42/r_spec_transition_hopper_eval.json
online,RARL-TRPO,RARL-TRPO,theta_p,spec_push_hopper,nominal,0,0,2607.8930,858.8732461590922,1637.2618419861356,1794.796072988191,651.35,20,80.7530,10000,last,0,runs/spec_p2_online/RARL-TRPO/hopper_seed0/r_spec_push_hopper_eval.json
online,RARL-TRPO,RARL-TRPO,theta_p,spec_push_hopper,push_30,0,0,2045.8275,871.0604622110416,803.7267028707424,979.6894099792095,516.9,20,63.4830,10000,last,0,runs/spec_p2_online/RARL-TRPO/hopper_seed0/r_spec_push_hopper_eval.json
online,RARL-TRPO,RARL-TRPO,theta_p,spec_push_hopper,push_60,0,1,1286.3353,790.1053235574941,591.8108626607598,631.386778050867,340.55,20,40.1468,10000,last,0,runs/spec_p2_online/RARL-TRPO/hopper_seed0/r_spec_push_hopper_eval.json
online,RARL-TRPO,RARL-TRPO,theta_p,spec_push_hopper,push_100,0,0,941.3548,527.053560808852,455.8597467337621,520.0507817409818,264.7,20,29.5469,10000,last,0,runs/spec_p2_online/RARL-TRPO/hopper_seed0/r_spec_push_hopper_eval.json
online,RARL-TRPO,RARL-TRPO,theta_p,spec_push_hopper,push_150,0,0,711.7107,426.5675993878381,40.728332639832864,340.51466213964187,204.9,20,22.4909,10000,last,0,runs/spec_p2_online/RARL-TRPO/hopper_seed0/r_spec_push_hopper_eval.json
online,RARL-TRPO,RARL-TRPO,theta_p,spec_push_hopper,nominal,1,0,2812.2611,1236.9355042807506,868.4964850237143,953.939493786841,761.1,20,87.0324,10000,last,0,runs/spec_p2_online/RARL-TRPO/hopper_seed1/r_spec_push_hopper_eval.json
online,RARL-TRPO,RARL-TRPO,theta_p,spec_push_hopper,push_30,1,0,2070.1552,1029.7408457770637,814.1062665551043,1000.8948730738582,517.4,20,64.2305,10000,last,0,runs/spec_p2_online/RARL-TRPO/hopper_seed1/r_spec_push_hopper_eval.json
online,RARL-TRPO,RARL-TRPO,theta_p,spec_push_hopper,push_60,1,1,1241.9242,522.3538530939936,603.7325764120335,632.2800411090835,313.8,20,38.7822,10000,last,0,runs/spec_p2_online/RARL-TRPO/hopper_seed1/r_spec_push_hopper_eval.json
online,RARL-TRPO,RARL-TRPO,theta_p,spec_push_hopper,push_100,1,0,1206.9817,758.2052030120814,474.77688466300873,512.9637665577714,318.95,20,37.7086,10000,last,0,runs/spec_p2_online/RARL-TRPO/hopper_seed1/r_spec_push_hopper_eval.json
online,RARL-TRPO,RARL-TRPO,theta_p,spec_push_hopper,push_150,1,0,836.7773,528.1943680285667,49.001582584423936,373.27709445602807,228.0,20,26.3337,10000,last,0,runs/spec_p2_online/RARL-TRPO/hopper_seed1/r_spec_push_hopper_eval.json
online,RARL-TRPO,RARL-TRPO,theta_p,spec_push_hopper,nominal,2,0,1792.3188,37.53019283901436,1712.733675848319,1747.3231234078562,389.2,20,55.6937,10000,last,0,runs/spec_p2_online/RARL-TRPO/hopper_seed2/r_spec_push_hopper_eval.json
online,RARL-TRPO,RARL-TRPO,theta_p,spec_push_hopper,push_30,2,0,1299.4671,298.76137136114727,880.9616152524209,952.7315333073996,299.45,20,40.5503,10000,last,0,runs/spec_p2_online/RARL-TRPO/hopper_seed2/r_spec_push_hopper_eval.json
online,RARL-TRPO,RARL-TRPO,theta_p,spec_push_hopper,push_60,2,1,1002.0298,336.73794507561706,535.8699369960082,565.2191606740186,249.65,20,31.4112,10000,last,0,runs/spec_p2_online/RARL-TRPO/hopper_seed2/r_spec_push_hopper_eval.json
online,RARL-TRPO,RARL-TRPO,theta_p,spec_push_hopper,push_100,2,0,1020.0739,586.9447990091436,459.1192849093476,486.32885564001145,256.95,20,31.9656,10000,last,0,runs/spec_p2_online/RARL-TRPO/hopper_seed2/r_spec_push_hopper_eval.json
online,RARL-TRPO,RARL-TRPO,theta_p,spec_push_hopper,push_150,2,0,857.8810,525.3301882817384,47.27875060051156,361.26008873702915,218.35,20,26.9821,10000,last,0,runs/spec_p2_online/RARL-TRPO/hopper_seed2/r_spec_push_hopper_eval.json
online,RARL-TRPO,RARL-TRPO,theta_p,spec_push_hopper,nominal,3407,0,3720.7117,19.371951445336038,3700.532692110137,3705.0538862318253,1000.0,20,114.9455,10000,last,0,runs/spec_p2_online/RARL-TRPO/hopper_seed3407/r_spec_push_hopper_eval.json
online,RARL-TRPO,RARL-TRPO,theta_p,spec_push_hopper,push_30,3407,0,1967.0749,1076.8718920835665,778.9186432426535,879.5666517503014,510.05,20,61.0632,10000,last,0,runs/spec_p2_online/RARL-TRPO/hopper_seed3407/r_spec_push_hopper_eval.json
online,RARL-TRPO,RARL-TRPO,theta_p,spec_push_hopper,push_60,3407,1,1480.2883,872.2807500692826,562.6495219281202,631.3337728053539,383.65,20,46.1062,10000,last,0,runs/spec_p2_online/RARL-TRPO/hopper_seed3407/r_spec_push_hopper_eval.json
online,RARL-TRPO,RARL-TRPO,theta_p,spec_push_hopper,push_100,3407,0,916.4874,583.2507796996905,380.8744821531368,448.7098666894891,252.65,20,28.7828,10000,last,0,runs/spec_p2_online/RARL-TRPO/hopper_seed3407/r_spec_push_hopper_eval.json
online,RARL-TRPO,RARL-TRPO,theta_p,spec_push_hopper,push_150,3407,0,705.5786,434.4971412314549,39.716871138463645,289.47814824789293,202.4,20,22.3024,10000,last,0,runs/spec_p2_online/RARL-TRPO/hopper_seed3407/r_spec_push_hopper_eval.json
online,RARL-TRPO,RARL-TRPO,theta_p,spec_push_hopper,nominal,42,0,1736.5912,124.06979365759192,1626.9165920302473,1638.467302851821,420.85,20,53.9814,10000,last,0,runs/spec_p2_online/RARL-TRPO/hopper_seed42/r_spec_push_hopper_eval.json
online,RARL-TRPO,RARL-TRPO,theta_p,spec_push_hopper,push_30,42,0,1564.3238,601.7839947030084,695.2146001166593,896.8310179358789,386.15,20,48.6883,10000,last,0,runs/spec_p2_online/RARL-TRPO/hopper_seed42/r_spec_push_hopper_eval.json
online,RARL-TRPO,RARL-TRPO,theta_p,spec_push_hopper,push_60,42,1,1246.3218,544.3011427037271,585.5396783246182,639.4999702227076,313.95,20,38.9173,10000,last,0,runs/spec_p2_online/RARL-TRPO/hopper_seed42/r_spec_push_hopper_eval.json
online,RARL-TRPO,RARL-TRPO,theta_p,spec_push_hopper,push_100,42,0,972.0690,587.1300304173955,448.312797176756,491.4963507305911,260.55,20,30.4906,10000,last,0,runs/spec_p2_online/RARL-TRPO/hopper_seed42/r_spec_push_hopper_eval.json
online,RARL-TRPO,RARL-TRPO,theta_p,spec_push_hopper,push_150,42,0,721.4861,426.6011730633628,42.01566875793974,348.2407607207364,200.8,20,22.7912,10000,last,0,runs/spec_p2_online/RARL-TRPO/hopper_seed42/r_spec_push_hopper_eval.json
online,RARL-TRPO,RARL-TRPO,theta_p,spec_timevar_hopper,nominal,0,0,2607.8930,858.8732461590922,1637.2618419861356,1794.796072988191,651.35,20,80.7530,10000,last,0,runs/spec_p2_online/RARL-TRPO/hopper_seed0/r_spec_timevar_hopper_eval.json
online,RARL-TRPO,RARL-TRPO,theta_p,spec_timevar_hopper,gear_static_0.8,0,1,559.7378,5.299741485365087,552.4410328177383,553.5239790089183,175.75,20,17.8213,10000,last,0,runs/spec_p2_online/RARL-TRPO/hopper_seed0/r_spec_timevar_hopper_eval.json
online,RARL-TRPO,RARL-TRPO,theta_p,spec_timevar_hopper,gear_step_0.8,0,0,2169.6295,273.8020948245226,1637.2618419861356,1794.796072988191,539.65,20,67.2869,10000,last,0,runs/spec_p2_online/RARL-TRPO/hopper_seed0/r_spec_timevar_hopper_eval.json
online,RARL-TRPO,RARL-TRPO,theta_p,spec_timevar_hopper,gear_ramp_0.8,0,1,1888.7222,406.32798054245086,1487.1176845735795,1554.0145516247308,479.1,20,58.6557,10000,last,0,runs/spec_p2_online/RARL-TRPO/hopper_seed0/r_spec_timevar_hopper_eval.json
online,RARL-TRPO,RARL-TRPO,theta_p,spec_timevar_hopper,gear_sine_p200,0,0,1302.6877,71.33075012933604,1062.411996108901,1209.328314897637,326.45,20,40.6492,10000,last,0,runs/spec_p2_online/RARL-TRPO/hopper_seed0/r_spec_timevar_hopper_eval.json
online,RARL-TRPO,RARL-TRPO,theta_p,spec_timevar_hopper,gear_sine_p500,0,1,1680.8491,27.573075577070213,1611.545384935144,1646.6778322913597,464.25,20,52.2686,10000,last,0,runs/spec_p2_online/RARL-TRPO/hopper_seed0/r_spec_timevar_hopper_eval.json
online,RARL-TRPO,RARL-TRPO,theta_p,spec_timevar_hopper,gravity_ramp_1.2,0,0,2573.1458,770.7911647143159,1625.8592759256217,1692.1957220899826,651.6,20,79.6854,10000,last,0,runs/spec_p2_online/RARL-TRPO/hopper_seed0/r_spec_timevar_hopper_eval.json
online,RARL-TRPO,RARL-TRPO,theta_p,spec_timevar_hopper,nominal,1,0,2812.2611,1236.9355042807506,868.4964850237143,953.939493786841,761.1,20,87.0324,10000,last,0,runs/spec_p2_online/RARL-TRPO/hopper_seed1/r_spec_timevar_hopper_eval.json
online,RARL-TRPO,RARL-TRPO,theta_p,spec_timevar_hopper,gear_static_0.8,1,1,506.3148,2.410601330677219,501.22629923950615,503.16791264225884,156.25,20,16.1799,10000,last,0,runs/spec_p2_online/RARL-TRPO/hopper_seed1/r_spec_timevar_hopper_eval.json
online,RARL-TRPO,RARL-TRPO,theta_p,spec_timevar_hopper,gear_step_0.8,1,0,1976.3825,667.1773215517354,868.4964850237143,953.939493786841,530.05,20,61.3492,10000,last,0,runs/spec_p2_online/RARL-TRPO/hopper_seed1/r_spec_timevar_hopper_eval.json
online,RARL-TRPO,RARL-TRPO,theta_p,spec_timevar_hopper,gear_ramp_0.8,1,1,2122.1201,387.3183322544813,1845.3028898101188,1854.2475157358888,537.7,20,65.8271,10000,last,0,runs/spec_p2_online/RARL-TRPO/hopper_seed1/r_spec_timevar_hopper_eval.json
online,RARL-TRPO,RARL-TRPO,theta_p,spec_timevar_hopper,gear_sine_p200,1,0,877.9084,8.809154757812097,856.3107904894366,867.9703318567742,240.0,20,27.5975,10000,last,0,runs/spec_p2_online/RARL-TRPO/hopper_seed1/r_spec_timevar_hopper_eval.json
online,RARL-TRPO,RARL-TRPO,theta_p,spec_timevar_hopper,gear_sine_p500,1,1,1522.7777,72.59300408174113,1458.5937197871324,1466.1546461487526,386.7,20,47.4117,10000,last,0,runs/spec_p2_online/RARL-TRPO/hopper_seed1/r_spec_timevar_hopper_eval.json
online,RARL-TRPO,RARL-TRPO,theta_p,spec_timevar_hopper,gravity_ramp_1.2,1,0,3008.9077,909.4738419231662,993.2330022134134,1629.3763477881878,788.65,20,93.0746,10000,last,0,runs/spec_p2_online/RARL-TRPO/hopper_seed1/r_spec_timevar_hopper_eval.json
online,RARL-TRPO,RARL-TRPO,theta_p,spec_timevar_hopper,nominal,2,0,1792.3188,37.53019283901436,1712.733675848319,1747.3231234078562,389.2,20,55.6937,10000,last,0,runs/spec_p2_online/RARL-TRPO/hopper_seed2/r_spec_timevar_hopper_eval.json
online,RARL-TRPO,RARL-TRPO,theta_p,spec_timevar_hopper,gear_static_0.8,2,1,584.2129,2.6074944632810655,579.5846649004017,581.0395819492437,170.5,20,18.5734,10000,last,0,runs/spec_p2_online/RARL-TRPO/hopper_seed2/r_spec_timevar_hopper_eval.json
online,RARL-TRPO,RARL-TRPO,theta_p,spec_timevar_hopper,gear_step_0.8,2,0,1792.3188,37.53019283901436,1712.733675848319,1747.3231234078562,389.2,20,55.6937,10000,last,0,runs/spec_p2_online/RARL-TRPO/hopper_seed2/r_spec_timevar_hopper_eval.json
online,RARL-TRPO,RARL-TRPO,theta_p,spec_timevar_hopper,gear_ramp_0.8,2,1,1533.5357,30.121342324154078,1485.3149243015519,1490.9170433970194,344.9,20,47.7423,10000,last,0,runs/spec_p2_online/RARL-TRPO/hopper_seed2/r_spec_timevar_hopper_eval.json
online,RARL-TRPO,RARL-TRPO,theta_p,spec_timevar_hopper,gear_sine_p200,2,0,1082.2354,159.1952595783384,831.0878002787734,869.8717710391007,281.75,20,33.8756,10000,last,0,runs/spec_p2_online/RARL-TRPO/hopper_seed2/r_spec_timevar_hopper_eval.json
online,RARL-TRPO,RARL-TRPO,theta_p,spec_timevar_hopper,gear_sine_p500,2,1,1252.1466,318.4302309718529,668.4709519987507,722.667803510683,323.05,20,39.0963,10000,last,0,runs/spec_p2_online/RARL-TRPO/hopper_seed2/r_spec_timevar_hopper_eval.json
online,RARL-TRPO,RARL-TRPO,theta_p,spec_timevar_hopper,gravity_ramp_1.2,2,0,1655.3090,15.967810066567266,1631.5315548174865,1635.6951874535755,363.1,20,51.4839,10000,last,0,runs/spec_p2_online/RARL-TRPO/hopper_seed2/r_spec_timevar_hopper_eval.json
online,RARL-TRPO,RARL-TRPO,theta_p,spec_timevar_hopper,nominal,3407,0,3720.7117,19.371951445336038,3700.532692110137,3705.0538862318253,1000.0,20,114.9455,10000,last,0,runs/spec_p2_online/RARL-TRPO/hopper_seed3407/r_spec_timevar_hopper_eval.json
online,RARL-TRPO,RARL-TRPO,theta_p,spec_timevar_hopper,gear_static_0.8,3407,1,604.6643,2.2768858003643824,600.303747162231,601.8252728118371,181.9,20,19.2017,10000,last,0,runs/spec_p2_online/RARL-TRPO/hopper_seed3407/r_spec_timevar_hopper_eval.json
online,RARL-TRPO,RARL-TRPO,theta_p,spec_timevar_hopper,gear_step_0.8,3407,0,2462.3476,38.00883320549591,2406.644891053655,2424.1646915581396,653.25,20,76.2810,10000,last,0,runs/spec_p2_online/RARL-TRPO/hopper_seed3407/r_spec_timevar_hopper_eval.json
online,RARL-TRPO,RARL-TRPO,theta_p,spec_timevar_hopper,gear_ramp_0.8,3407,1,2153.3115,283.68021757821003,1775.1412456342393,1859.6699548640136,560.2,20,66.7855,10000,last,0,runs/spec_p2_online/RARL-TRPO/hopper_seed3407/r_spec_timevar_hopper_eval.json
online,RARL-TRPO,RARL-TRPO,theta_p,spec_timevar_hopper,gear_sine_p200,3407,0,947.2640,16.06552198330809,920.0859926893883,925.5743365797292,260.1,20,29.7285,10000,last,0,runs/spec_p2_online/RARL-TRPO/hopper_seed3407/r_spec_timevar_hopper_eval.json
online,RARL-TRPO,RARL-TRPO,theta_p,spec_timevar_hopper,gear_sine_p500,3407,1,1830.8987,24.290511483830176,1790.4575100612121,1797.1950610114698,488.9,20,56.8791,10000,last,0,runs/spec_p2_online/RARL-TRPO/hopper_seed3407/r_spec_timevar_hopper_eval.json
online,RARL-TRPO,RARL-TRPO,theta_p,spec_timevar_hopper,gravity_ramp_1.2,3407,0,3622.1641,273.5734474170721,2732.5497775760423,3266.5797454855806,958.3,20,111.9175,10000,last,0,runs/spec_p2_online/RARL-TRPO/hopper_seed3407/r_spec_timevar_hopper_eval.json
online,RARL-TRPO,RARL-TRPO,theta_p,spec_timevar_hopper,nominal,42,0,1736.5912,124.06979365759192,1626.9165920302473,1638.467302851821,420.85,20,53.9814,10000,last,0,runs/spec_p2_online/RARL-TRPO/hopper_seed42/r_spec_timevar_hopper_eval.json
online,RARL-TRPO,RARL-TRPO,theta_p,spec_timevar_hopper,gear_static_0.8,42,1,605.7628,3.2473810940895538,600.1143938637192,602.40974110439,184.5,20,19.2355,10000,last,0,runs/spec_p2_online/RARL-TRPO/hopper_seed42/r_spec_timevar_hopper_eval.json
online,RARL-TRPO,RARL-TRPO,theta_p,spec_timevar_hopper,gear_step_0.8,42,0,1736.5905,124.06749183841926,1626.9165920302473,1638.467302851821,420.85,20,53.9813,10000,last,0,runs/spec_p2_online/RARL-TRPO/hopper_seed42/r_spec_timevar_hopper_eval.json
online,RARL-TRPO,RARL-TRPO,theta_p,spec_timevar_hopper,gear_ramp_0.8,42,1,1620.2580,67.45278721041389,1515.1339751232686,1553.0504293725803,409.2,20,50.4069,10000,last,0,runs/spec_p2_online/RARL-TRPO/hopper_seed42/r_spec_timevar_hopper_eval.json
online,RARL-TRPO,RARL-TRPO,theta_p,spec_timevar_hopper,gear_sine_p200,42,0,932.6399,6.1749168145633275,919.561145430279,924.2881772156682,254.45,20,29.2791,10000,last,0,runs/spec_p2_online/RARL-TRPO/hopper_seed42/r_spec_timevar_hopper_eval.json
online,RARL-TRPO,RARL-TRPO,theta_p,spec_timevar_hopper,gear_sine_p500,42,1,1656.1505,29.615751284987574,1586.870313582395,1611.3480830001522,439.25,20,51.5097,10000,last,0,runs/spec_p2_online/RARL-TRPO/hopper_seed42/r_spec_timevar_hopper_eval.json
online,RARL-TRPO,RARL-TRPO,theta_p,spec_timevar_hopper,gravity_ramp_1.2,42,0,2245.1133,664.3260714116201,1683.8142592584156,1750.4892277256797,546.5,20,69.6062,10000,last,0,runs/spec_p2_online/RARL-TRPO/hopper_seed42/r_spec_timevar_hopper_eval.json
online,RARL-TRPO,RARL-TRPO,theta_tau_exec,spec_timing_hopper,nominal,0,0,2607.8930,858.8732461590922,1637.2618419861356,1794.796072988191,651.35,20,80.7530,10000,last,0,runs/spec_p2_online/RARL-TRPO/hopper_seed0/r_spec_timing_hopper_eval.json
online,RARL-TRPO,RARL-TRPO,theta_tau_exec,spec_timing_hopper,act_delay_8ms,0,1,813.4074,92.1624372933823,724.2687471640131,734.488190145366,220.05,20,25.6156,10000,last,0,runs/spec_p2_online/RARL-TRPO/hopper_seed0/r_spec_timing_hopper_eval.json
online,RARL-TRPO,RARL-TRPO,theta_tau_exec,spec_timing_hopper,act_delay_rand1,0,1,1809.3887,1076.1446130802503,739.1580883167621,746.8861073137841,459.4,20,56.2181,10000,last,0,runs/spec_p2_online/RARL-TRPO/hopper_seed0/r_spec_timing_hopper_eval.json
online,RARL-TRPO,RARL-TRPO,theta_tau_exec,spec_timing_hopper,act_delay_rand2,0,0,1205.6994,1150.0711756911562,85.75099566141175,87.53968363422565,317.0,20,37.6692,10000,last,0,runs/spec_p2_online/RARL-TRPO/hopper_seed0/r_spec_timing_hopper_eval.json
online,RARL-TRPO,RARL-TRPO,theta_tau_exec,spec_timing_hopper,substep,0,0,1781.8982,828.7642693236792,718.9263554162868,1064.541303390208,439.1,20,55.3735,10000,last,0,runs/spec_p2_online/RARL-TRPO/hopper_seed0/r_spec_timing_hopper_eval.json
online,RARL-TRPO,RARL-TRPO,theta_tau_exec,spec_timing_hopper,obs_delay_4ms,0,1,2253.1931,813.1720735979053,1473.284835736665,1546.2022634872078,553.7,20,69.8545,10000,last,0,runs/spec_p2_online/RARL-TRPO/hopper_seed0/r_spec_timing_hopper_eval.json
online,RARL-TRPO,RARL-TRPO,theta_tau_exec,spec_timing_hopper,obs_delay_8ms,0,1,1824.2163,830.6582052856444,877.0568611813625,982.0821484160075,452.55,20,56.6737,10000,last,0,runs/spec_p2_online/RARL-TRPO/hopper_seed0/r_spec_timing_hopper_eval.json
online,RARL-TRPO,RARL-TRPO,theta_tau_exec,spec_timing_hopper,obs_delay_16ms,0,1,282.6827,245.97783816459747,82.61058692112262,87.94962771871413,100.75,20,9.3085,10000,last,0,runs/spec_p2_online/RARL-TRPO/hopper_seed0/r_spec_timing_hopper_eval.json
online,RARL-TRPO,RARL-TRPO,theta_tau_exec,spec_timing_hopper,nominal,1,0,2812.2611,1236.9355042807506,868.4964850237143,953.939493786841,761.1,20,87.0324,10000,last,0,runs/spec_p2_online/RARL-TRPO/hopper_seed1/r_spec_timing_hopper_eval.json
online,RARL-TRPO,RARL-TRPO,theta_tau_exec,spec_timing_hopper,act_delay_8ms,1,1,503.5545,316.44806659666136,82.2145263274567,87.1580820385366,144.9,20,16.0950,10000,last,0,runs/spec_p2_online/RARL-TRPO/hopper_seed1/r_spec_timing_hopper_eval.json
online,RARL-TRPO,RARL-TRPO,theta_tau_exec,spec_timing_hopper,act_delay_rand1,1,1,1504.7600,1471.5396874802673,82.2145263274567,90.14524629726279,420.8,20,46.8581,10000,last,0,runs/spec_p2_online/RARL-TRPO/hopper_seed1/r_spec_timing_hopper_eval.json
online,RARL-TRPO,RARL-TRPO,theta_tau_exec,spec_timing_hopper,act_delay_rand2,1,0,1224.7131,1458.1151989274927,40.781299070388854,41.939884948554564,338.35,20,38.2534,10000,last,0,runs/spec_p2_online/RARL-TRPO/hopper_seed1/r_spec_timing_hopper_eval.json
online,RARL-TRPO,RARL-TRPO,theta_tau_exec,spec_timing_hopper,substep,1,0,1907.0251,1279.4156534271067,281.47886204023814,637.2376327478198,496.1,20,59.2181,10000,last,0,runs/spec_p2_online/RARL-TRPO/hopper_seed1/r_spec_timing_hopper_eval.json
online,RARL-TRPO,RARL-TRPO,theta_tau_exec,spec_timing_hopper,obs_delay_4ms,1,1,2789.6336,964.26579609439,951.5956769150856,1373.2517891951297,726.85,20,86.3372,10000,last,0,runs/spec_p2_online/RARL-TRPO/hopper_seed1/r_spec_timing_hopper_eval.json
online,RARL-TRPO,RARL-TRPO,theta_tau_exec,spec_timing_hopper,obs_delay_8ms,1,1,938.3063,768.9159790676932,87.92134569122541,350.2215829536952,254.8,20,29.4532,10000,last,0,runs/spec_p2_online/RARL-TRPO/hopper_seed1/r_spec_timing_hopper_eval.json
online,RARL-TRPO,RARL-TRPO,theta_tau_exec,spec_timing_hopper,obs_delay_16ms,1,1,57.1798,15.2506122736294,40.63102845252786,43.402031051674214,34.8,20,2.3797,10000,last,0,runs/spec_p2_online/RARL-TRPO/hopper_seed1/r_spec_timing_hopper_eval.json
online,RARL-TRPO,RARL-TRPO,theta_tau_exec,spec_timing_hopper,nominal,2,0,1792.3188,37.53019283901436,1712.733675848319,1747.3231234078562,389.2,20,55.6937,10000,last,0,runs/spec_p2_online/RARL-TRPO/hopper_seed2/r_spec_timing_hopper_eval.json
online,RARL-TRPO,RARL-TRPO,theta_tau_exec,spec_timing_hopper,act_delay_8ms,2,1,789.4924,84.62381727623978,604.7664499258661,676.199252139679,197.55,20,24.8808,10000,last,0,runs/spec_p2_online/RARL-TRPO/hopper_seed2/r_spec_timing_hopper_eval.json
online,RARL-TRPO,RARL-TRPO,theta_tau_exec,spec_timing_hopper,act_delay_rand1,2,1,1397.3049,484.25787587184107,693.873431895302,780.714622065627,313.45,20,43.5564,10000,last,0,runs/spec_p2_online/RARL-TRPO/hopper_seed2/r_spec_timing_hopper_eval.json
online,RARL-TRPO,RARL-TRPO,theta_tau_exec,spec_timing_hopper,act_delay_rand2,2,0,906.7004,642.2486618949573,83.43022014554107,85.32698887041626,216.4,20,28.4821,10000,last,0,runs/spec_p2_online/RARL-TRPO/hopper_seed2/r_spec_timing_hopper_eval.json
online,RARL-TRPO,RARL-TRPO,theta_tau_exec,spec_timing_hopper,substep,2,0,1314.1781,303.3150160092872,435.5928297938463,881.2446841553683,292.05,20,41.0023,10000,last,0,runs/spec_p2_online/RARL-TRPO/hopper_seed2/r_spec_timing_hopper_eval.json
online,RARL-TRPO,RARL-TRPO,theta_tau_exec,spec_timing_hopper,obs_delay_4ms,2,1,1447.2038,386.59000310165777,670.0990932724144,911.0074891301217,332.15,20,45.0896,10000,last,0,runs/spec_p2_online/RARL-TRPO/hopper_seed2/r_spec_timing_hopper_eval.json
online,RARL-TRPO,RARL-TRPO,theta_tau_exec,spec_timing_hopper,obs_delay_8ms,2,1,888.8934,214.67303090141198,629.872082116298,645.8261782660353,223.4,20,27.9350,10000,last,0,runs/spec_p2_online/RARL-TRPO/hopper_seed2/r_spec_timing_hopper_eval.json
online,RARL-TRPO,RARL-TRPO,theta_tau_exec,spec_timing_hopper,obs_delay_16ms,2,1,365.1025,205.86632928614188,77.41858813345867,80.03265323424401,116.55,20,11.8410,10000,last,0,runs/spec_p2_online/RARL-TRPO/hopper_seed2/r_spec_timing_hopper_eval.json
online,RARL-TRPO,RARL-TRPO,theta_tau_exec,spec_timing_hopper,nominal,3407,0,3720.7117,19.371951445336038,3700.532692110137,3705.0538862318253,1000.0,20,114.9455,10000,last,0,runs/spec_p2_online/RARL-TRPO/hopper_seed3407/r_spec_timing_hopper_eval.json
online,RARL-TRPO,RARL-TRPO,theta_tau_exec,spec_timing_hopper,act_delay_8ms,3407,1,428.7609,3.8214000826104053,421.6727183801237,424.4092887588511,151.05,20,13.7969,10000,last,0,runs/spec_p2_online/RARL-TRPO/hopper_seed3407/r_spec_timing_hopper_eval.json
online,RARL-TRPO,RARL-TRPO,theta_tau_exec,spec_timing_hopper,act_delay_rand1,3407,1,2403.2974,1613.1269621451675,423.49623173110547,425.9125200358191,660.3,20,74.4666,10000,last,0,runs/spec_p2_online/RARL-TRPO/hopper_seed3407/r_spec_timing_hopper_eval.json
online,RARL-TRPO,RARL-TRPO,theta_tau_exec,spec_timing_hopper,act_delay_rand2,3407,0,1329.1578,1575.5454369450244,70.49577688869955,73.38876880852452,378.35,20,41.4626,10000,last,0,runs/spec_p2_online/RARL-TRPO/hopper_seed3407/r_spec_timing_hopper_eval.json
online,RARL-TRPO,RARL-TRPO,theta_tau_exec,spec_timing_hopper,substep,3407,0,3397.5824,980.1210120089452,216.77047386688582,2332.5413116861246,907.5,20,105.0170,10000,last,0,runs/spec_p2_online/RARL-TRPO/hopper_seed3407/r_spec_timing_hopper_eval.json
online,RARL-TRPO,RARL-TRPO,theta_tau_exec,spec_timing_hopper,obs_delay_4ms,3407,1,3616.6952,314.5643932981481,2705.8925136749085,3203.957215564186,956.45,20,111.7495,10000,last,0,runs/spec_p2_online/RARL-TRPO/hopper_seed3407/r_spec_timing_hopper_eval.json
online,RARL-TRPO,RARL-TRPO,theta_tau_exec,spec_timing_hopper,obs_delay_8ms,3407,1,2192.7733,1491.571187906078,428.60585382597856,432.1373446209601,591.55,20,67.9980,10000,last,0,runs/spec_p2_online/RARL-TRPO/hopper_seed3407/r_spec_timing_hopper_eval.json
online,RARL-TRPO,RARL-TRPO,theta_tau_exec,spec_timing_hopper,obs_delay_16ms,3407,1,109.9120,90.03982233482233,68.07679175107407,69.77122362961018,54.6,20,4.0000,10000,last,0,runs/spec_p2_online/RARL-TRPO/hopper_seed3407/r_spec_timing_hopper_eval.json
online,RARL-TRPO,RARL-TRPO,theta_tau_exec,spec_timing_hopper,nominal,42,0,1736.5912,124.06979365759192,1626.9165920302473,1638.467302851821,420.85,20,53.9814,10000,last,0,runs/spec_p2_online/RARL-TRPO/hopper_seed42/r_spec_timing_hopper_eval.json
online,RARL-TRPO,RARL-TRPO,theta_tau_exec,spec_timing_hopper,act_delay_8ms,42,1,412.7566,1.1867703315651246,410.3112386606898,411.1284419762322,144.0,20,13.3052,10000,last,0,runs/spec_p2_online/RARL-TRPO/hopper_seed42/r_spec_timing_hopper_eval.json
online,RARL-TRPO,RARL-TRPO,theta_tau_exec,spec_timing_hopper,act_delay_rand1,42,1,1228.5594,675.9343018507334,410.3845345861868,411.91473048278533,314.55,20,38.3716,10000,last,0,runs/spec_p2_online/RARL-TRPO/hopper_seed42/r_spec_timing_hopper_eval.json
online,RARL-TRPO,RARL-TRPO,theta_tau_exec,spec_timing_hopper,act_delay_rand2,42,0,736.9288,720.6220893831797,41.72791171760182,42.15611571460939,201.3,20,23.2657,10000,last,0,runs/spec_p2_online/RARL-TRPO/hopper_seed42/r_spec_timing_hopper_eval.json
online,RARL-TRPO,RARL-TRPO,theta_tau_exec,spec_timing_hopper,substep,42,0,1357.3169,466.92647343599333,262.7004416694657,730.083465711871,330.7,20,42.3278,10000,last,0,runs/spec_p2_online/RARL-TRPO/hopper_seed42/r_spec_timing_hopper_eval.json
online,RARL-TRPO,RARL-TRPO,theta_tau_exec,spec_timing_hopper,obs_delay_4ms,42,1,1279.4411,915.3237288704462,402.0454402111421,404.45334311749167,325.85,20,39.9350,10000,last,0,runs/spec_p2_online/RARL-TRPO/hopper_seed42/r_spec_timing_hopper_eval.json
online,RARL-TRPO,RARL-TRPO,theta_tau_exec,spec_timing_hopper,obs_delay_8ms,42,1,405.9782,2.5707600107686357,402.7315062301501,403.21662535695197,143.65,20,13.0969,10000,last,0,runs/spec_p2_online/RARL-TRPO/hopper_seed42/r_spec_timing_hopper_eval.json
online,RARL-TRPO,RARL-TRPO,theta_tau_exec,spec_timing_hopper,obs_delay_16ms,42,1,211.1279,206.98947108907274,41.72807890159286,46.67514917876215,78.75,20,7.1099,10000,last,0,runs/spec_p2_online/RARL-TRPO/hopper_seed42/r_spec_timing_hopper_eval.json
online,ATLA-PPO,ATLA-PPO,theta_o,spec_obsadv_hopper,nominal,0,0,3144.1189,371.24732455777263,1525.9992394676422,2373.5370248029667,,20,97.2291,10000,,0,runs/spec_rdelay/atla_ppo_hopper_k0_seed0/r_spec_obsadv_hopper_eval.json
online,ATLA-PPO,ATLA-PPO,theta_o,spec_obsadv_hopper,obs_bias_0.05,0,0,2024.3591,1140.0783870996415,87.59498771895151,344.27612373486585,,20,62.8233,10000,,0,runs/spec_rdelay/atla_ppo_hopper_k0_seed0/r_spec_obsadv_hopper_eval.json
online,ATLA-PPO,ATLA-PPO,theta_o,spec_obsadv_hopper,obs_gauss_0.05,0,0,1034.3468,235.4999305808726,653.3604315284318,675.4002536870295,,20,32.4042,10000,,0,runs/spec_rdelay/atla_ppo_hopper_k0_seed0/r_spec_obsadv_hopper_eval.json
online,ATLA-PPO,ATLA-PPO,theta_o,spec_obsadv_hopper,obs_gauss_0.10,0,1,411.9347,122.03591642802189,273.1631155371514,290.10682678188437,,20,13.2799,10000,,0,runs/spec_rdelay/atla_ppo_hopper_k0_seed0/r_spec_obsadv_hopper_eval.json
online,ATLA-PPO,ATLA-PPO,theta_o,spec_obsadv_hopper,obs_rel_0.05,0,0,2632.0184,896.3665297545352,892.9061508366522,896.49090100853,,20,81.4943,10000,,0,runs/spec_rdelay/atla_ppo_hopper_k0_seed0/r_spec_obsadv_hopper_eval.json
online,ATLA-PPO,ATLA-PPO,theta_o,spec_obsadv_hopper,obs_rel_0.10,0,1,1616.8139,596.963053056735,989.0507494996547,998.4598362724216,,20,50.3011,10000,,0,runs/spec_rdelay/atla_ppo_hopper_k0_seed0/r_spec_obsadv_hopper_eval.json
online,ATLA-PPO,ATLA-PPO,theta_o,spec_obsadv_hopper,obs_shift_0.01,0,0,2113.0969,967.4611829838234,875.2148171042336,915.2017487860085,,20,65.5499,10000,,0,runs/spec_rdelay/atla_ppo_hopper_k0_seed0/r_spec_obsadv_hopper_eval.json
online,ATLA-PPO,ATLA-PPO,theta_o,spec_obsadv_hopper,obs_shift_0.02,0,0,838.7713,123.07451094967693,726.280868766668,729.5902998257162,,20,26.3949,10000,,0,runs/spec_rdelay/atla_ppo_hopper_k0_seed0/r_spec_obsadv_hopper_eval.json
online,ATLA-PPO,ATLA-PPO,theta_o,spec_obsadv_hopper,obs_uni_0.05,0,0,1247.3439,360.1074984755141,806.8830033140255,873.4819256434037,,20,38.9487,10000,,0,runs/spec_rdelay/atla_ppo_hopper_k0_seed0/r_spec_obsadv_hopper_eval.json
online,ATLA-PPO,ATLA-PPO,theta_o,spec_obsadv_hopper,obs_uni_0.10,0,1,733.3134,200.6940385738944,387.8612599238151,389.69022777711893,,20,23.1546,10000,,0,runs/spec_rdelay/atla_ppo_hopper_k0_seed0/r_spec_obsadv_hopper_eval.json
online,ATLA-PPO,ATLA-PPO,theta_o,spec_obsadv_hopper,obs_uni_0.15,0,0,435.0780,102.8129614271083,322.51820365257925,324.1243944886719,,20,13.9910,10000,,0,runs/spec_rdelay/atla_ppo_hopper_k0_seed0/r_spec_obsadv_hopper_eval.json
online,ATLA-PPO,ATLA-PPO,theta_o,spec_obsadv_hopper,nominal,1,0,1374.4902,220.09467484700724,997.8102493567199,1004.1184236130309,,20,42.8554,10000,,0,runs/spec_rdelay/atla_ppo_hopper_k0_seed1/r_spec_obsadv_hopper_eval.json
online,ATLA-PPO,ATLA-PPO,theta_o,spec_obsadv_hopper,obs_bias_0.05,1,0,680.4064,424.32044800352105,149.8246139981264,150.6858432601917,,20,21.5290,10000,,0,runs/spec_rdelay/atla_ppo_hopper_k0_seed1/r_spec_obsadv_hopper_eval.json
online,ATLA-PPO,ATLA-PPO,theta_o,spec_obsadv_hopper,obs_gauss_0.05,1,0,582.1911,539.2330070683339,7.768270363771086,7.939267440196984,,20,18.5112,10000,,0,runs/spec_rdelay/atla_ppo_hopper_k0_seed1/r_spec_obsadv_hopper_eval.json
online,ATLA-PPO,ATLA-PPO,theta_o,spec_obsadv_hopper,obs_gauss_0.10,1,1,114.0215,209.89649121069047,5.855702811568425,6.047663675661267,,20,4.1262,10000,,0,runs/spec_rdelay/atla_ppo_hopper_k0_seed1/r_spec_obsadv_hopper_eval.json
online,ATLA-PPO,ATLA-PPO,theta_o,spec_obsadv_hopper,obs_rel_0.05,1,0,1401.8337,186.53665817313532,975.681755269295,1103.1915170838995,,20,43.6956,10000,,0,runs/spec_rdelay/atla_ppo_hopper_k0_seed1/r_spec_obsadv_hopper_eval.json
online,ATLA-PPO,ATLA-PPO,theta_o,spec_obsadv_hopper,obs_rel_0.10,1,1,1371.3459,313.98162055433136,586.6656043313969,600.2111713944084,,20,42.7588,10000,,0,runs/spec_rdelay/atla_ppo_hopper_k0_seed1/r_spec_obsadv_hopper_eval.json
online,ATLA-PPO,ATLA-PPO,theta_o,spec_obsadv_hopper,obs_shift_0.01,1,0,1275.5515,290.38863900390066,370.1342037440606,602.7587616609401,,20,39.8154,10000,,0,runs/spec_rdelay/atla_ppo_hopper_k0_seed1/r_spec_obsadv_hopper_eval.json
online,ATLA-PPO,ATLA-PPO,theta_o,spec_obsadv_hopper,obs_shift_0.02,1,0,517.4601,205.9986546676531,364.7260445934708,365.6013149199763,,20,16.5223,10000,,0,runs/spec_rdelay/atla_ppo_hopper_k0_seed1/r_spec_obsadv_hopper_eval.json
online,ATLA-PPO,ATLA-PPO,theta_o,spec_obsadv_hopper,obs_uni_0.05,1,0,1076.9536,354.3028103945439,360.6453437481877,361.98999870358796,,20,33.7133,10000,,0,runs/spec_rdelay/atla_ppo_hopper_k0_seed1/r_spec_obsadv_hopper_eval.json
online,ATLA-PPO,ATLA-PPO,theta_o,spec_obsadv_hopper,obs_uni_0.10,1,1,285.0970,351.7563371695144,6.483878830516711,6.493321405130864,,20,9.3827,10000,,0,runs/spec_rdelay/atla_ppo_hopper_k0_seed1/r_spec_obsadv_hopper_eval.json
online,ATLA-PPO,ATLA-PPO,theta_o,spec_obsadv_hopper,obs_uni_0.15,1,0,119.2052,230.5373689688997,6.28957854200363,6.346999448189871,,20,4.2855,10000,,0,runs/spec_rdelay/atla_ppo_hopper_k0_seed1/r_spec_obsadv_hopper_eval.json
online,ATLA-PPO,ATLA-PPO,theta_o,spec_obsadv_hopper,nominal,2,0,907.1095,264.7719572744928,611.9196150581532,618.4521202493256,,20,28.4947,10000,,0,runs/spec_rdelay/atla_ppo_hopper_k0_seed2/r_spec_obsadv_hopper_eval.json
online,ATLA-PPO,ATLA-PPO,theta_o,spec_obsadv_hopper,obs_bias_0.05,2,0,1221.0878,818.8134729078433,594.5968417950605,618.5780811151506,,20,38.1420,10000,,0,runs/spec_rdelay/atla_ppo_hopper_k0_seed2/r_spec_obsadv_hopper_eval.json
online,ATLA-PPO,ATLA-PPO,theta_o,spec_obsadv_hopper,obs_gauss_0.05,2,0,1246.6515,385.6423128819392,413.4946529817028,544.2328093507737,,20,38.9275,10000,,0,runs/spec_rdelay/atla_ppo_hopper_k0_seed2/r_spec_obsadv_hopper_eval.json
online,ATLA-PPO,ATLA-PPO,theta_o,spec_obsadv_hopper,obs_gauss_0.10,2,1,647.0274,260.70142202875826,129.892124891747,255.12811669382756,,20,20.5034,10000,,0,runs/spec_rdelay/atla_ppo_hopper_k0_seed2/r_spec_obsadv_hopper_eval.json
online,ATLA-PPO,ATLA-PPO,theta_o,spec_obsadv_hopper,obs_rel_0.05,2,0,1333.3824,712.8834627628646,679.278955642601,692.3092853529995,,20,41.5924,10000,,0,runs/spec_rdelay/atla_ppo_hopper_k0_seed2/r_spec_obsadv_hopper_eval.json
online,ATLA-PPO,ATLA-PPO,theta_o,spec_obsadv_hopper,obs_rel_0.10,2,1,1273.5957,532.4923957370748,762.1557917912617,763.2558309890055,,20,39.7553,10000,,0,runs/spec_rdelay/atla_ppo_hopper_k0_seed2/r_spec_obsadv_hopper_eval.json
online,ATLA-PPO,ATLA-PPO,theta_o,spec_obsadv_hopper,obs_shift_0.01,2,0,1145.8605,465.6528845399584,675.6225285004763,697.8955148580242,,20,35.8306,10000,,0,runs/spec_rdelay/atla_ppo_hopper_k0_seed2/r_spec_obsadv_hopper_eval.json
online,ATLA-PPO,ATLA-PPO,theta_o,spec_obsadv_hopper,obs_shift_0.02,2,0,993.6036,83.71602927222551,793.1742996040468,802.6497123544801,,20,31.1523,10000,,0,runs/spec_rdelay/atla_ppo_hopper_k0_seed2/r_spec_obsadv_hopper_eval.json
online,ATLA-PPO,ATLA-PPO,theta_o,spec_obsadv_hopper,obs_uni_0.05,2,0,1409.8762,646.9411544834659,585.1219587673746,653.1814334050872,,20,43.9427,10000,,0,runs/spec_rdelay/atla_ppo_hopper_k0_seed2/r_spec_obsadv_hopper_eval.json
online,ATLA-PPO,ATLA-PPO,theta_o,spec_obsadv_hopper,obs_uni_0.10,2,1,1094.1268,401.206785863127,388.0227668567752,392.79105001321295,,20,34.2410,10000,,0,runs/spec_rdelay/atla_ppo_hopper_k0_seed2/r_spec_obsadv_hopper_eval.json
online,ATLA-PPO,ATLA-PPO,theta_o,spec_obsadv_hopper,obs_uni_0.15,2,0,718.2239,356.12502618087615,135.91333561431634,140.90887906253946,,20,22.6910,10000,,0,runs/spec_rdelay/atla_ppo_hopper_k0_seed2/r_spec_obsadv_hopper_eval.json
online,ATLA-PPO,ATLA-PPO,theta_o,spec_obsadv_hopper,nominal,3407,0,3718.9006,13.382408272766467,3674.08928617654,3688.346709169836,,20,114.8899,10000,,0,runs/spec_rdelay/atla_ppo_hopper_k0_seed3407/r_spec_obsadv_hopper_eval.json
online,ATLA-PPO,ATLA-PPO,theta_o,spec_obsadv_hopper,obs_bias_0.05,3407,0,3166.6259,694.3761719107914,1360.795456662014,1662.9647739927084,,20,97.9206,10000,,0,runs/spec_rdelay/atla_ppo_hopper_k0_seed3407/r_spec_obsadv_hopper_eval.json
online,ATLA-PPO,ATLA-PPO,theta_o,spec_obsadv_hopper,obs_gauss_0.05,3407,0,2098.1721,709.1523899620543,1308.1127370650652,1319.3587443330057,,20,65.0913,10000,,0,runs/spec_rdelay/atla_ppo_hopper_k0_seed3407/r_spec_obsadv_hopper_eval.json
online,ATLA-PPO,ATLA-PPO,theta_o,spec_obsadv_hopper,obs_gauss_0.10,3407,1,873.0218,405.8372065457727,137.60848663376396,138.3458685219139,,20,27.4473,10000,,0,runs/spec_rdelay/atla_ppo_hopper_k0_seed3407/r_spec_obsadv_hopper_eval.json
online,ATLA-PPO,ATLA-PPO,theta_o,spec_obsadv_hopper,obs_rel_0.05,3407,0,3635.8724,254.49328882914497,2530.4245707506902,3091.15271842137,,20,112.3387,10000,,0,runs/spec_rdelay/atla_ppo_hopper_k0_seed3407/r_spec_obsadv_hopper_eval.json
online,ATLA-PPO,ATLA-PPO,theta_o,spec_obsadv_hopper,obs_rel_0.10,3407,1,3587.2122,342.70691191209903,2097.4372395086025,2859.668275088983,,20,110.8436,10000,,0,runs/spec_rdelay/atla_ppo_hopper_k0_seed3407/r_spec_obsadv_hopper_eval.json
online,ATLA-PPO,ATLA-PPO,theta_o,spec_obsadv_hopper,obs_shift_0.01,3407,0,3720.8270,8.396714703509765,3693.1524804953146,3700.7708957540726,,20,114.9490,10000,,0,runs/spec_rdelay/atla_ppo_hopper_k0_seed3407/r_spec_obsadv_hopper_eval.json
online,ATLA-PPO,ATLA-PPO,theta_o,spec_obsadv_hopper,obs_shift_0.02,3407,0,3712.6905,8.547440191620531,3691.886800311761,3697.5228679888305,,20,114.6990,10000,,0,runs/spec_rdelay/atla_ppo_hopper_k0_seed3407/r_spec_obsadv_hopper_eval.json
online,ATLA-PPO,ATLA-PPO,theta_o,spec_obsadv_hopper,obs_uni_0.05,3407,0,3222.4948,582.9910814573019,2028.794180271501,2038.3437186549595,,20,99.6373,10000,,0,runs/spec_rdelay/atla_ppo_hopper_k0_seed3407/r_spec_obsadv_hopper_eval.json
online,ATLA-PPO,ATLA-PPO,theta_o,spec_obsadv_hopper,obs_uni_0.10,3407,1,1886.7917,773.5099226271291,980.2548141018531,996.7801881872176,,20,58.5964,10000,,0,runs/spec_rdelay/atla_ppo_hopper_k0_seed3407/r_spec_obsadv_hopper_eval.json
online,ATLA-PPO,ATLA-PPO,theta_o,spec_obsadv_hopper,obs_uni_0.15,3407,0,1163.6531,343.6060738123741,685.6008885490988,687.1864170528713,,20,36.3773,10000,,0,runs/spec_rdelay/atla_ppo_hopper_k0_seed3407/r_spec_obsadv_hopper_eval.json
online,ATLA-PPO,ATLA-PPO,theta_o,spec_obsadv_hopper,nominal,42,0,1053.7761,218.14973784556165,609.0496979895856,610.5512056743589,,20,33.0012,10000,,0,runs/spec_rdelay/atla_ppo_hopper_k0_seed42/r_spec_obsadv_hopper_eval.json
online,ATLA-PPO,ATLA-PPO,theta_o,spec_obsadv_hopper,obs_bias_0.05,42,0,947.4228,612.044270643162,341.69709312653947,361.99969499418427,,20,29.7334,10000,,0,runs/spec_rdelay/atla_ppo_hopper_k0_seed42/r_spec_obsadv_hopper_eval.json
online,ATLA-PPO,ATLA-PPO,theta_o,spec_obsadv_hopper,obs_gauss_0.05,42,0,701.8023,284.9110176015926,125.55147824568553,244.06148123705262,,20,22.1864,10000,,0,runs/spec_rdelay/atla_ppo_hopper_k0_seed42/r_spec_obsadv_hopper_eval.json
online,ATLA-PPO,ATLA-PPO,theta_o,spec_obsadv_hopper,obs_gauss_0.10,42,1,297.7456,278.60230010569427,5.17207751623786,5.472728897687613,,20,9.7714,10000,,0,runs/spec_rdelay/atla_ppo_hopper_k0_seed42/r_spec_obsadv_hopper_eval.json
online,ATLA-PPO,ATLA-PPO,theta_o,spec_obsadv_hopper,obs_rel_0.05,42,0,1063.2144,170.61334519897872,619.684083259259,620.5906123520315,,20,33.2912,10000,,0,runs/spec_rdelay/atla_ppo_hopper_k0_seed42/r_spec_obsadv_hopper_eval.json
online,ATLA-PPO,ATLA-PPO,theta_o,spec_obsadv_hopper,obs_rel_0.10,42,1,1020.3083,161.16036222758484,616.2661751464161,622.2685955970799,,20,31.9728,10000,,0,runs/spec_rdelay/atla_ppo_hopper_k0_seed42/r_spec_obsadv_hopper_eval.json
online,ATLA-PPO,ATLA-PPO,theta_o,spec_obsadv_hopper,obs_shift_0.01,42,0,1099.1948,26.091319260726294,1050.7970383500292,1051.8378392967547,,20,34.3967,10000,,0,runs/spec_rdelay/atla_ppo_hopper_k0_seed42/r_spec_obsadv_hopper_eval.json
online,ATLA-PPO,ATLA-PPO,theta_o,spec_obsadv_hopper,obs_shift_0.02,42,0,1031.3532,32.65578893724815,951.9201037783761,953.6142710729057,,20,32.3122,10000,,0,runs/spec_rdelay/atla_ppo_hopper_k0_seed42/r_spec_obsadv_hopper_eval.json
online,ATLA-PPO,ATLA-PPO,theta_o,spec_obsadv_hopper,obs_uni_0.05,42,0,936.0208,122.14789878394221,672.3329204594033,703.7655762196955,,20,29.3830,10000,,0,runs/spec_rdelay/atla_ppo_hopper_k0_seed42/r_spec_obsadv_hopper_eval.json
online,ATLA-PPO,ATLA-PPO,theta_o,spec_obsadv_hopper,obs_uni_0.10,42,1,603.6401,346.24769153432777,6.550027692074036,7.311254220968003,,20,19.1703,10000,,0,runs/spec_rdelay/atla_ppo_hopper_k0_seed42/r_spec_obsadv_hopper_eval.json
online,ATLA-PPO,ATLA-PPO,theta_o,spec_obsadv_hopper,obs_uni_0.15,42,0,444.6111,411.8490883653654,6.180131851379149,6.302179187950647,,20,14.2839,10000,,0,runs/spec_rdelay/atla_ppo_hopper_k0_seed42/r_spec_obsadv_hopper_eval.json
online,ATLA-PPO,ATLA-PPO,theta_a,spec_action_hopper,act_gauss_0.05,0,0,3225.6609,8.414211109896454,3209.221012298281,3210.2784125585445,,20,99.7346,10000,,0,runs/spec_rdelay/atla_ppo_hopper_k0_seed0/r_spec_action_hopper_eval.json
online,ATLA-PPO,ATLA-PPO,theta_a,spec_action_hopper,act_gauss_0.10,0,1,2533.5831,947.0507433438013,930.80767460352,956.6333220455147,,20,78.4698,10000,,0,runs/spec_rdelay/atla_ppo_hopper_k0_seed0/r_spec_action_hopper_eval.json
online,ATLA-PPO,ATLA-PPO,theta_a,spec_action_hopper,act_gauss_0.20,0,0,1571.4485,874.0438515220807,771.9942367880118,793.3017656265971,,20,48.9072,10000,,0,runs/spec_rdelay/atla_ppo_hopper_k0_seed0/r_spec_action_hopper_eval.json
online,ATLA-PPO,ATLA-PPO,theta_a,spec_action_hopper,act_offset_0.05,0,1,1857.7368,1093.2700582117945,823.0435165068112,840.8463950631984,,20,57.7037,10000,,0,runs/spec_rdelay/atla_ppo_hopper_k0_seed0/r_spec_action_hopper_eval.json
online,ATLA-PPO,ATLA-PPO,theta_a,spec_action_hopper,act_oppose_0.10,0,1,2064.0875,1045.1463518517244,896.2352899912569,906.8602545528008,,20,64.0440,10000,,0,runs/spec_rdelay/atla_ppo_hopper_k0_seed0/r_spec_action_hopper_eval.json
online,ATLA-PPO,ATLA-PPO,theta_a,spec_action_hopper,act_oppose_0.20,0,0,823.3797,55.202708147101326,729.9427672350362,731.6962220535022,,20,25.9220,10000,,0,runs/spec_rdelay/atla_ppo_hopper_k0_seed0/r_spec_action_hopper_eval.json
online,ATLA-PPO,ATLA-PPO,theta_a,spec_action_hopper,act_uni_0.10,0,1,3007.1666,643.0091980309508,1031.1510215944013,1078.7440543102352,,20,93.0211,10000,,0,runs/spec_rdelay/atla_ppo_hopper_k0_seed0/r_spec_action_hopper_eval.json
online,ATLA-PPO,ATLA-PPO,theta_a,spec_action_hopper,cmd_gauss_0.20,0,0,3242.8026,10.917582229337192,3225.7434035690962,3227.718359136564,,20,100.2612,10000,,0,runs/spec_rdelay/atla_ppo_hopper_k0_seed0/r_spec_action_hopper_eval.json
online,ATLA-PPO,ATLA-PPO,theta_a,spec_action_hopper,cmd_oppose_0.20,0,1,3249.6678,6.809830050764203,3238.3181470016534,3238.5470443085546,,20,100.4722,10000,,0,runs/spec_rdelay/atla_ppo_hopper_k0_seed0/r_spec_action_hopper_eval.json
online,ATLA-PPO,ATLA-PPO,theta_a,spec_action_hopper,nominal,0,0,3144.1189,371.24732455777263,1525.9992394676422,2373.5370248029667,,20,97.2291,10000,,0,runs/spec_rdelay/atla_ppo_hopper_k0_seed0/r_spec_action_hopper_eval.json
online,ATLA-PPO,ATLA-PPO,theta_a,spec_action_hopper,act_gauss_0.05,1,0,1352.4085,146.32163725763724,997.3774752156284,1090.5804447949447,,20,42.1770,10000,,0,runs/spec_rdelay/atla_ppo_hopper_k0_seed1/r_spec_action_hopper_eval.json
online,ATLA-PPO,ATLA-PPO,theta_a,spec_action_hopper,act_gauss_0.10,1,1,1322.7791,102.45354702697098,1174.9064829981571,1188.8524900352525,,20,41.2666,10000,,0,runs/spec_rdelay/atla_ppo_hopper_k0_seed1/r_spec_action_hopper_eval.json
online,ATLA-PPO,ATLA-PPO,theta_a,spec_action_hopper,act_gauss_0.20,1,0,1073.2274,94.28938032274809,917.8387576397372,920.8431669925956,,20,33.5988,10000,,0,runs/spec_rdelay/atla_ppo_hopper_k0_seed1/r_spec_action_hopper_eval.json
online,ATLA-PPO,ATLA-PPO,theta_a,spec_action_hopper,act_offset_0.05,1,1,1396.4614,83.89390408696265,1247.3406373323967,1256.7263158312353,,20,43.5305,10000,,0,runs/spec_rdelay/atla_ppo_hopper_k0_seed1/r_spec_action_hopper_eval.json
online,ATLA-PPO,ATLA-PPO,theta_a,spec_action_hopper,act_oppose_0.10,1,1,1194.7697,54.46011247058667,1069.8495506384327,1098.887228174291,,20,37.3333,10000,,0,runs/spec_rdelay/atla_ppo_hopper_k0_seed1/r_spec_action_hopper_eval.json
online,ATLA-PPO,ATLA-PPO,theta_a,spec_action_hopper,act_oppose_0.20,1,0,834.4420,19.728156244132297,814.1303891944729,814.525118255779,,20,26.2619,10000,,0,runs/spec_rdelay/atla_ppo_hopper_k0_seed1/r_spec_action_hopper_eval.json
online,ATLA-PPO,ATLA-PPO,theta_a,spec_action_hopper,act_uni_0.10,1,1,1451.4491,134.75490338065902,1194.5437443986823,1240.7430974149274,,20,45.2201,10000,,0,runs/spec_rdelay/atla_ppo_hopper_k0_seed1/r_spec_action_hopper_eval.json
online,ATLA-PPO,ATLA-PPO,theta_a,spec_action_hopper,cmd_gauss_0.20,1,0,1432.9656,191.6113249245652,996.0319121685453,1101.4891370843202,,20,44.6522,10000,,0,runs/spec_rdelay/atla_ppo_hopper_k0_seed1/r_spec_action_hopper_eval.json
online,ATLA-PPO,ATLA-PPO,theta_a,spec_action_hopper,cmd_oppose_0.20,1,1,1452.3325,211.32129698795646,1029.0653897556283,1071.9835778832453,,20,45.2472,10000,,0,runs/spec_rdelay/atla_ppo_hopper_k0_seed1/r_spec_action_hopper_eval.json
online,ATLA-PPO,ATLA-PPO,theta_a,spec_action_hopper,nominal,1,0,1374.4902,220.09467484700724,997.8102493567199,1004.1184236130309,,20,42.8554,10000,,0,runs/spec_rdelay/atla_ppo_hopper_k0_seed1/r_spec_action_hopper_eval.json
online,ATLA-PPO,ATLA-PPO,theta_a,spec_action_hopper,act_gauss_0.05,2,0,890.7825,182.43584273132754,649.402536046359,649.962994368426,,20,27.9930,10000,,0,runs/spec_rdelay/atla_ppo_hopper_k0_seed2/r_spec_action_hopper_eval.json
online,ATLA-PPO,ATLA-PPO,theta_a,spec_action_hopper,act_gauss_0.10,2,1,795.5537,78.09903257820669,639.2017557144766,665.3323348153925,,20,25.0670,10000,,0,runs/spec_rdelay/atla_ppo_hopper_k0_seed2/r_spec_action_hopper_eval.json
online,ATLA-PPO,ATLA-PPO,theta_a,spec_action_hopper,act_gauss_0.20,2,0,813.2669,89.65120296478179,580.7915132807253,610.377632624165,,20,25.6113,10000,,0,runs/spec_rdelay/atla_ppo_hopper_k0_seed2/r_spec_action_hopper_eval.json
online,ATLA-PPO,ATLA-PPO,theta_a,spec_action_hopper,act_offset_0.05,2,1,776.0805,122.28855150109337,610.5909723688602,612.4291706154395,,20,24.4687,10000,,0,runs/spec_rdelay/atla_ppo_hopper_k0_seed2/r_spec_action_hopper_eval.json
online,ATLA-PPO,ATLA-PPO,theta_a,spec_action_hopper,act_oppose_0.10,2,1,848.0006,108.83163838251677,638.9102336391558,666.5751276939952,,20,26.6785,10000,,0,runs/spec_rdelay/atla_ppo_hopper_k0_seed2/r_spec_action_hopper_eval.json
online,ATLA-PPO,ATLA-PPO,theta_a,spec_action_hopper,act_oppose_0.20,2,0,793.3092,39.50880849324837,702.3360006730212,711.366800476689,,20,24.9981,10000,,0,runs/spec_rdelay/atla_ppo_hopper_k0_seed2/r_spec_action_hopper_eval.json
online,ATLA-PPO,ATLA-PPO,theta_a,spec_action_hopper,act_uni_0.10,2,1,819.1341,131.0133738261859,617.7392087836322,621.35401307507,,20,25.7916,10000,,0,runs/spec_rdelay/atla_ppo_hopper_k0_seed2/r_spec_action_hopper_eval.json
online,ATLA-PPO,ATLA-PPO,theta_a,spec_action_hopper,cmd_gauss_0.20,2,0,943.8707,385.7299693026538,619.9018874462288,636.2897682462759,,20,29.6242,10000,,0,runs/spec_rdelay/atla_ppo_hopper_k0_seed2/r_spec_action_hopper_eval.json
online,ATLA-PPO,ATLA-PPO,theta_a,spec_action_hopper,cmd_oppose_0.20,2,1,1045.9112,409.0915773418794,627.4307788236863,637.5705200599522,,20,32.7595,10000,,0,runs/spec_rdelay/atla_ppo_hopper_k0_seed2/r_spec_action_hopper_eval.json
online,ATLA-PPO,ATLA-PPO,theta_a,spec_action_hopper,nominal,2,0,907.1095,264.7719572744928,611.9196150581532,618.4521202493256,,20,28.4947,10000,,0,runs/spec_rdelay/atla_ppo_hopper_k0_seed2/r_spec_action_hopper_eval.json
online,ATLA-PPO,ATLA-PPO,theta_a,spec_action_hopper,act_gauss_0.05,3407,0,3688.0087,17.67797190100837,3644.5715122156885,3653.413768555317,,20,113.9407,10000,,0,runs/spec_rdelay/atla_ppo_hopper_k0_seed3407/r_spec_action_hopper_eval.json
online,ATLA-PPO,ATLA-PPO,theta_a,spec_action_hopper,act_gauss_0.10,3407,1,3593.8337,28.031529830289905,3546.19601817876,3551.4934362529357,,20,111.0470,10000,,0,runs/spec_rdelay/atla_ppo_hopper_k0_seed3407/r_spec_action_hopper_eval.json
online,ATLA-PPO,ATLA-PPO,theta_a,spec_action_hopper,act_gauss_0.20,3407,0,3263.0790,494.77328963837823,1789.0632870283987,1912.6570973635385,,20,100.8843,10000,,0,runs/spec_rdelay/atla_ppo_hopper_k0_seed3407/r_spec_action_hopper_eval.json
online,ATLA-PPO,ATLA-PPO,theta_a,spec_action_hopper,act_offset_0.05,3407,1,3558.9784,16.280912956551308,3527.4315083235874,3531.651775019167,,20,109.9761,10000,,0,runs/spec_rdelay/atla_ppo_hopper_k0_seed3407/r_spec_action_hopper_eval.json
online,ATLA-PPO,ATLA-PPO,theta_a,spec_action_hopper,act_oppose_0.10,3407,1,3534.7337,21.700123319499575,3485.1789149973215,3491.9102311475253,,20,109.2311,10000,,0,runs/spec_rdelay/atla_ppo_hopper_k0_seed3407/r_spec_action_hopper_eval.json
online,ATLA-PPO,ATLA-PPO,theta_a,spec_action_hopper,act_oppose_0.20,3407,0,3230.7743,392.8718113612312,2061.5247639354893,2273.314576072912,,20,99.8917,10000,,0,runs/spec_rdelay/atla_ppo_hopper_k0_seed3407/r_spec_action_hopper_eval.json
online,ATLA-PPO,ATLA-PPO,theta_a,spec_action_hopper,act_uni_0.10,3407,1,3657.6074,26.063705240847035,3610.516195054316,3611.3920281217534,,20,113.0066,10000,,0,runs/spec_rdelay/atla_ppo_hopper_k0_seed3407/r_spec_action_hopper_eval.json
online,ATLA-PPO,ATLA-PPO,theta_a,spec_action_hopper,cmd_gauss_0.20,3407,0,3741.5349,14.358033239058555,3699.253957227229,3707.7304035984735,,20,115.5853,10000,,0,runs/spec_rdelay/atla_ppo_hopper_k0_seed3407/r_spec_action_hopper_eval.json
online,ATLA-PPO,ATLA-PPO,theta_a,spec_action_hopper,cmd_oppose_0.20,3407,1,3749.4237,8.164652008178532,3730.9279004811337,3731.8017110696464,,20,115.8277,10000,,0,runs/spec_rdelay/atla_ppo_hopper_k0_seed3407/r_spec_action_hopper_eval.json
online,ATLA-PPO,ATLA-PPO,theta_a,spec_action_hopper,nominal,3407,0,3718.9006,13.382408272766467,3674.08928617654,3688.346709169836,,20,114.8899,10000,,0,runs/spec_rdelay/atla_ppo_hopper_k0_seed3407/r_spec_action_hopper_eval.json
online,ATLA-PPO,ATLA-PPO,theta_a,spec_action_hopper,act_gauss_0.05,42,0,1076.2187,46.70244377596265,953.4001588418931,988.7345397740303,,20,33.6907,10000,,0,runs/spec_rdelay/atla_ppo_hopper_k0_seed42/r_spec_action_hopper_eval.json
online,ATLA-PPO,ATLA-PPO,theta_a,spec_action_hopper,act_gauss_0.10,42,1,994.6284,67.75447664751346,907.8872475298558,908.590021452191,,20,31.1838,10000,,0,runs/spec_rdelay/atla_ppo_hopper_k0_seed42/r_spec_action_hopper_eval.json
online,ATLA-PPO,ATLA-PPO,theta_a,spec_action_hopper,act_gauss_0.20,42,0,823.3632,59.62998354426886,702.1041879516551,719.6359760398109,,20,25.9215,10000,,0,runs/spec_rdelay/atla_ppo_hopper_k0_seed42/r_spec_action_hopper_eval.json
online,ATLA-PPO,ATLA-PPO,theta_a,spec_action_hopper,act_offset_0.05,42,1,979.1351,62.57390272133369,888.087784371578,904.2684527097022,,20,30.7077,10000,,0,runs/spec_rdelay/atla_ppo_hopper_k0_seed42/r_spec_action_hopper_eval.json
online,ATLA-PPO,ATLA-PPO,theta_a,spec_action_hopper,act_oppose_0.10,42,1,890.9768,34.46962976799223,807.7315293323958,820.8487092751255,,20,27.9990,10000,,0,runs/spec_rdelay/atla_ppo_hopper_k0_seed42/r_spec_action_hopper_eval.json
online,ATLA-PPO,ATLA-PPO,theta_a,spec_action_hopper,act_oppose_0.20,42,0,617.2789,22.49453669306469,575.1566047075735,576.9287382131845,,20,19.5893,10000,,0,runs/spec_rdelay/atla_ppo_hopper_k0_seed42/r_spec_action_hopper_eval.json
online,ATLA-PPO,ATLA-PPO,theta_a,spec_action_hopper,act_uni_0.10,42,1,1102.1117,40.11171721513227,996.4758535053958,1018.186842660745,,20,34.4863,10000,,0,runs/spec_rdelay/atla_ppo_hopper_k0_seed42/r_spec_action_hopper_eval.json
online,ATLA-PPO,ATLA-PPO,theta_a,spec_action_hopper,cmd_gauss_0.20,42,0,1016.0128,207.17204273481366,614.6256727931755,619.1846873245192,,20,31.8409,10000,,0,runs/spec_rdelay/atla_ppo_hopper_k0_seed42/r_spec_action_hopper_eval.json
online,ATLA-PPO,ATLA-PPO,theta_a,spec_action_hopper,cmd_oppose_0.20,42,1,1147.9073,28.277176734761184,1085.2315283010146,1095.604217863945,,20,35.8934,10000,,0,runs/spec_rdelay/atla_ppo_hopper_k0_seed42/r_spec_action_hopper_eval.json
online,ATLA-PPO,ATLA-PPO,theta_a,spec_action_hopper,nominal,42,0,1053.7761,218.14973784556165,609.0496979895856,610.5512056743589,,20,33.0012,10000,,0,runs/spec_rdelay/atla_ppo_hopper_k0_seed42/r_spec_action_hopper_eval.json
online,ATLA-PPO,ATLA-PPO,theta_p,spec_transition_hopper,nominal,0,0,3144.1189,371.24732455777263,1525.9992394676422,2373.5370248029667,,20,97.2291,10000,,0,runs/spec_rdelay/atla_ppo_hopper_k0_seed0/r_spec_transition_hopper_eval.json
online,ATLA-PPO,ATLA-PPO,theta_p,spec_transition_hopper,trans_t1,0,1,2522.2405,848.5069598136166,899.845480333978,909.1274352831334,,20,78.1212,10000,,0,runs/spec_rdelay/atla_ppo_hopper_k0_seed0/r_spec_transition_hopper_eval.json
online,ATLA-PPO,ATLA-PPO,theta_p,spec_transition_hopper,trans_t2,0,0,1539.8707,855.0450497254535,423.443752707096,522.8970571354837,,20,47.9369,10000,,0,runs/spec_rdelay/atla_ppo_hopper_k0_seed0/r_spec_transition_hopper_eval.json
online,ATLA-PPO,ATLA-PPO,theta_p,spec_transition_hopper,trans_t3,0,0,823.6229,279.4349468801375,554.3612520911189,554.4465227239994,,20,25.9295,10000,,0,runs/spec_rdelay/atla_ppo_hopper_k0_seed0/r_spec_transition_hopper_eval.json
online,ATLA-PPO,ATLA-PPO,theta_p,spec_transition_hopper,nominal,1,0,1374.4902,220.09467484700724,997.8102493567199,1004.1184236130309,,20,42.8554,10000,,0,runs/spec_rdelay/atla_ppo_hopper_k0_seed1/r_spec_transition_hopper_eval.json
online,ATLA-PPO,ATLA-PPO,theta_p,spec_transition_hopper,trans_t1,1,1,1306.4831,325.8421277369003,369.01846546178535,641.6649233869231,,20,40.7658,10000,,0,runs/spec_rdelay/atla_ppo_hopper_k0_seed1/r_spec_transition_hopper_eval.json
online,ATLA-PPO,ATLA-PPO,theta_p,spec_transition_hopper,trans_t2,1,0,931.0342,406.41164338043865,164.07338372263447,243.14125658041326,,20,29.2298,10000,,0,runs/spec_rdelay/atla_ppo_hopper_k0_seed1/r_spec_transition_hopper_eval.json
online,ATLA-PPO,ATLA-PPO,theta_p,spec_transition_hopper,trans_t3,1,0,613.1789,293.94562459324203,270.49184994318017,297.1813468903339,,20,19.4634,10000,,0,runs/spec_rdelay/atla_ppo_hopper_k0_seed1/r_spec_transition_hopper_eval.json
online,ATLA-PPO,ATLA-PPO,theta_p,spec_transition_hopper,nominal,2,0,907.1095,264.7719572744928,611.9196150581532,618.4521202493256,,20,28.4947,10000,,0,runs/spec_rdelay/atla_ppo_hopper_k0_seed2/r_spec_transition_hopper_eval.json
online,ATLA-PPO,ATLA-PPO,theta_p,spec_transition_hopper,trans_t1,2,1,951.8014,335.29671639302387,566.6929590494314,581.8099152542136,,20,29.8679,10000,,0,runs/spec_rdelay/atla_ppo_hopper_k0_seed2/r_spec_transition_hopper_eval.json
online,ATLA-PPO,ATLA-PPO,theta_p,spec_transition_hopper,trans_t2,2,0,921.1607,242.06064976151842,470.2732139084104,481.9654397823268,,20,28.9264,10000,,0,runs/spec_rdelay/atla_ppo_hopper_k0_seed2/r_spec_transition_hopper_eval.json
online,ATLA-PPO,ATLA-PPO,theta_p,spec_transition_hopper,trans_t3,2,0,614.0103,316.5817791613957,369.53856615574375,372.20658342143247,,20,19.4889,10000,,0,runs/spec_rdelay/atla_ppo_hopper_k0_seed2/r_spec_transition_hopper_eval.json
online,ATLA-PPO,ATLA-PPO,theta_p,spec_transition_hopper,nominal,3407,0,3718.9006,13.382408272766467,3674.08928617654,3688.346709169836,,20,114.8899,10000,,0,runs/spec_rdelay/atla_ppo_hopper_k0_seed3407/r_spec_transition_hopper_eval.json
online,ATLA-PPO,ATLA-PPO,theta_p,spec_transition_hopper,trans_t1,3407,1,3576.6705,392.5392836138679,1880.5892521785095,2706.869401248398,,20,110.5197,10000,,0,runs/spec_rdelay/atla_ppo_hopper_k0_seed3407/r_spec_transition_hopper_eval.json
online,ATLA-PPO,ATLA-PPO,theta_p,spec_transition_hopper,trans_t2,3407,0,2963.3298,663.6693691113882,1610.625250774694,1793.5511948164435,,20,91.6742,10000,,0,runs/spec_rdelay/atla_ppo_hopper_k0_seed3407/r_spec_transition_hopper_eval.json
online,ATLA-PPO,ATLA-PPO,theta_p,spec_transition_hopper,trans_t3,3407,0,1604.9003,729.0693743531956,848.9607563145686,857.2052915510825,,20,49.9350,10000,,0,runs/spec_rdelay/atla_ppo_hopper_k0_seed3407/r_spec_transition_hopper_eval.json
online,ATLA-PPO,ATLA-PPO,theta_p,spec_transition_hopper,nominal,42,0,1053.7761,218.14973784556165,609.0496979895856,610.5512056743589,,20,33.0012,10000,,0,runs/spec_rdelay/atla_ppo_hopper_k0_seed42/r_spec_transition_hopper_eval.json
online,ATLA-PPO,ATLA-PPO,theta_p,spec_transition_hopper,trans_t1,42,1,1029.6349,212.3112126992394,390.70159112774957,506.2882231514895,,20,32.2594,10000,,0,runs/spec_rdelay/atla_ppo_hopper_k0_seed42/r_spec_transition_hopper_eval.json
online,ATLA-PPO,ATLA-PPO,theta_p,spec_transition_hopper,trans_t2,42,0,871.8647,208.52666878825883,464.3900450423498,484.43326957412256,,20,27.4118,10000,,0,runs/spec_rdelay/atla_ppo_hopper_k0_seed42/r_spec_transition_hopper_eval.json
online,ATLA-PPO,ATLA-PPO,theta_p,spec_transition_hopper,trans_t3,42,0,711.3412,308.93320179011954,324.15940324812715,351.6377625002158,,20,22.4795,10000,,0,runs/spec_rdelay/atla_ppo_hopper_k0_seed42/r_spec_transition_hopper_eval.json
online,ATLA-PPO,ATLA-PPO,theta_p,spec_push_hopper,nominal,0,0,3144.1189,371.24732455777263,1525.9992394676422,2373.5370248029667,,20,97.2291,10000,,0,runs/spec_rdelay/atla_ppo_hopper_k0_seed0/r_spec_push_hopper_eval.json
online,ATLA-PPO,ATLA-PPO,theta_p,spec_push_hopper,push_100,0,0,850.5497,499.85855158550305,385.76208363132275,427.12100612025586,,20,26.7568,10000,,0,runs/spec_rdelay/atla_ppo_hopper_k0_seed0/r_spec_push_hopper_eval.json
online,ATLA-PPO,ATLA-PPO,theta_p,spec_push_hopper,push_150,0,0,548.1360,239.01218086823977,42.86357149192126,143.49698519519185,,20,17.4649,10000,,0,runs/spec_rdelay/atla_ppo_hopper_k0_seed0/r_spec_push_hopper_eval.json
online,ATLA-PPO,ATLA-PPO,theta_p,spec_push_hopper,push_30,0,0,1782.6735,888.9744204318665,731.6022588309089,738.9610876224251,,20,55.3973,10000,,0,runs/spec_rdelay/atla_ppo_hopper_k0_seed0/r_spec_push_hopper_eval.json
online,ATLA-PPO,ATLA-PPO,theta_p,spec_push_hopper,push_60,0,1,997.8284,465.7630847160491,295.9162588752137,421.6513727292878,,20,31.2821,10000,,0,runs/spec_rdelay/atla_ppo_hopper_k0_seed0/r_spec_push_hopper_eval.json
online,ATLA-PPO,ATLA-PPO,theta_p,spec_push_hopper,nominal,1,0,1374.4902,220.09467484700724,997.8102493567199,1004.1184236130309,,20,42.8554,10000,,0,runs/spec_rdelay/atla_ppo_hopper_k0_seed1/r_spec_push_hopper_eval.json
online,ATLA-PPO,ATLA-PPO,theta_p,spec_push_hopper,push_100,1,0,904.7531,537.1393328377316,341.36694837676504,353.21940024836977,,20,28.4223,10000,,0,runs/spec_rdelay/atla_ppo_hopper_k0_seed1/r_spec_push_hopper_eval.json
online,ATLA-PPO,ATLA-PPO,theta_p,spec_push_hopper,push_150,1,0,647.0970,557.7763959269412,35.51503697490416,178.7134745379975,,20,20.5055,10000,,0,runs/spec_rdelay/atla_ppo_hopper_k0_seed1/r_spec_push_hopper_eval.json
online,ATLA-PPO,ATLA-PPO,theta_p,spec_push_hopper,push_30,1,0,1272.6303,301.85352537875303,651.2946171468394,729.5426119086317,,20,39.7257,10000,,0,runs/spec_rdelay/atla_ppo_hopper_k0_seed1/r_spec_push_hopper_eval.json
online,ATLA-PPO,ATLA-PPO,theta_p,spec_push_hopper,push_60,1,1,1011.2119,363.9700240751746,387.5981521515672,505.0078917821881,,20,31.6933,10000,,0,runs/spec_rdelay/atla_ppo_hopper_k0_seed1/r_spec_push_hopper_eval.json
online,ATLA-PPO,ATLA-PPO,theta_p,spec_push_hopper,nominal,2,0,907.1095,264.7719572744928,611.9196150581532,618.4521202493256,,20,28.4947,10000,,0,runs/spec_rdelay/atla_ppo_hopper_k0_seed2/r_spec_push_hopper_eval.json
online,ATLA-PPO,ATLA-PPO,theta_p,spec_push_hopper,push_100,2,0,699.0478,269.88064763233047,341.1946001437855,379.4531839747101,,20,22.1018,10000,,0,runs/spec_rdelay/atla_ppo_hopper_k0_seed2/r_spec_push_hopper_eval.json
online,ATLA-PPO,ATLA-PPO,theta_p,spec_push_hopper,push_150,2,0,535.2331,261.5652884405693,37.23829899426877,175.40984329145877,,20,17.0684,10000,,0,runs/spec_rdelay/atla_ppo_hopper_k0_seed2/r_spec_push_hopper_eval.json
online,ATLA-PPO,ATLA-PPO,theta_p,spec_push_hopper,push_30,2,0,903.3819,347.4367724652535,559.8008678766807,577.1263442076066,,20,28.3802,10000,,0,runs/spec_rdelay/atla_ppo_hopper_k0_seed2/r_spec_push_hopper_eval.json
online,ATLA-PPO,ATLA-PPO,theta_p,spec_push_hopper,push_60,2,1,779.5347,246.24101730493348,475.69536792761863,488.5595336501702,,20,24.5748,10000,,0,runs/spec_rdelay/atla_ppo_hopper_k0_seed2/r_spec_push_hopper_eval.json
online,ATLA-PPO,ATLA-PPO,theta_p,spec_push_hopper,nominal,3407,0,3718.9006,13.382408272766467,3674.08928617654,3688.346709169836,,20,114.8899,10000,,0,runs/spec_rdelay/atla_ppo_hopper_k0_seed3407/r_spec_push_hopper_eval.json
online,ATLA-PPO,ATLA-PPO,theta_p,spec_push_hopper,push_100,3407,0,1065.5833,495.4334050229359,255.90450082979808,394.06067720736127,,20,33.3640,10000,,0,runs/spec_rdelay/atla_ppo_hopper_k0_seed3407/r_spec_push_hopper_eval.json
online,ATLA-PPO,ATLA-PPO,theta_p,spec_push_hopper,push_150,3407,0,618.5811,295.2022367544281,36.82316435933271,131.80586212134813,,20,19.6294,10000,,0,runs/spec_rdelay/atla_ppo_hopper_k0_seed3407/r_spec_push_hopper_eval.json
online,ATLA-PPO,ATLA-PPO,theta_p,spec_push_hopper,push_30,3407,0,2762.3662,952.1907468788351,1019.972394458953,1175.736312442274,,20,85.4993,10000,,0,runs/spec_rdelay/atla_ppo_hopper_k0_seed3407/r_spec_push_hopper_eval.json
online,ATLA-PPO,ATLA-PPO,theta_p,spec_push_hopper,push_60,3407,1,1532.3183,680.9342224877965,294.548953260609,440.24030726508136,,20,47.7049,10000,,0,runs/spec_rdelay/atla_ppo_hopper_k0_seed3407/r_spec_push_hopper_eval.json
online,ATLA-PPO,ATLA-PPO,theta_p,spec_push_hopper,nominal,42,0,1053.7761,218.14973784556165,609.0496979895856,610.5512056743589,,20,33.0012,10000,,0,runs/spec_rdelay/atla_ppo_hopper_k0_seed42/r_spec_push_hopper_eval.json
online,ATLA-PPO,ATLA-PPO,theta_p,spec_push_hopper,push_100,42,0,696.4153,338.0432313344675,302.3070745593795,307.4711177574027,,20,22.0209,10000,,0,runs/spec_rdelay/atla_ppo_hopper_k0_seed42/r_spec_push_hopper_eval.json
online,ATLA-PPO,ATLA-PPO,theta_p,spec_push_hopper,push_150,42,0,664.6047,359.52618652562927,258.5892771883321,276.36811932400974,,20,21.0435,10000,,0,runs/spec_rdelay/atla_ppo_hopper_k0_seed42/r_spec_push_hopper_eval.json
online,ATLA-PPO,ATLA-PPO,theta_p,spec_push_hopper,push_30,42,0,988.1849,194.49482956323772,622.8381963725524,638.9194671838623,,20,30.9858,10000,,0,runs/spec_rdelay/atla_ppo_hopper_k0_seed42/r_spec_push_hopper_eval.json
online,ATLA-PPO,ATLA-PPO,theta_p,spec_push_hopper,push_60,42,1,815.4763,314.5100456651209,357.77723324790776,377.50119787498704,,20,25.6792,10000,,0,runs/spec_rdelay/atla_ppo_hopper_k0_seed42/r_spec_push_hopper_eval.json
online,ATLA-PPO,ATLA-PPO,theta_p,spec_timevar_hopper,gear_ramp_0.8,0,1,2625.8992,594.5106550835684,1146.0556199075522,1167.3232760208189,,20,81.3063,10000,,0,runs/spec_rdelay/atla_ppo_hopper_k0_seed0/r_spec_timevar_hopper_eval.json
online,ATLA-PPO,ATLA-PPO,theta_p,spec_timevar_hopper,gear_sine_p200,0,0,1079.1354,71.29429415079603,970.8775075622133,973.2159801947814,,20,33.7804,10000,,0,runs/spec_rdelay/atla_ppo_hopper_k0_seed0/r_spec_timevar_hopper_eval.json
online,ATLA-PPO,ATLA-PPO,theta_p,spec_timevar_hopper,gear_sine_p500,0,1,1535.1944,296.3912592109333,959.6303916074087,1087.8393784422753,,20,47.7932,10000,,0,runs/spec_rdelay/atla_ppo_hopper_k0_seed0/r_spec_timevar_hopper_eval.json
online,ATLA-PPO,ATLA-PPO,theta_p,spec_timevar_hopper,gear_static_0.8,0,1,514.0753,85.4990316609482,392.1026030891424,398.4966958304636,,20,16.4183,10000,,0,runs/spec_rdelay/atla_ppo_hopper_k0_seed0/r_spec_timevar_hopper_eval.json
online,ATLA-PPO,ATLA-PPO,theta_p,spec_timevar_hopper,gear_step_0.8,0,0,2232.2698,211.16495700788994,1525.9992394676422,1797.1564832255258,,20,69.2116,10000,,0,runs/spec_rdelay/atla_ppo_hopper_k0_seed0/r_spec_timevar_hopper_eval.json
online,ATLA-PPO,ATLA-PPO,theta_p,spec_timevar_hopper,gravity_ramp_1.2,0,0,3235.0518,6.023367684587222,3220.323350741485,3224.5964348367997,,20,100.0231,10000,,0,runs/spec_rdelay/atla_ppo_hopper_k0_seed0/r_spec_timevar_hopper_eval.json
online,ATLA-PPO,ATLA-PPO,theta_p,spec_timevar_hopper,nominal,0,0,3144.1189,371.24732455777263,1525.9992394676422,2373.5370248029667,,20,97.2291,10000,,0,runs/spec_rdelay/atla_ppo_hopper_k0_seed0/r_spec_timevar_hopper_eval.json
online,ATLA-PPO,ATLA-PPO,theta_p,spec_timevar_hopper,gear_ramp_0.8,1,1,1369.9877,126.47869481651773,1009.3776718190792,1142.8979084199198,,20,42.7171,10000,,0,runs/spec_rdelay/atla_ppo_hopper_k0_seed1/r_spec_timevar_hopper_eval.json
online,ATLA-PPO,ATLA-PPO,theta_p,spec_timevar_hopper,gear_sine_p200,1,0,1098.2314,323.5969675805952,626.3083381591576,654.653493877161,,20,34.3671,10000,,0,runs/spec_rdelay/atla_ppo_hopper_k0_seed1/r_spec_timevar_hopper_eval.json
online,ATLA-PPO,ATLA-PPO,theta_p,spec_timevar_hopper,gear_sine_p500,1,1,581.9896,310.64851441232435,384.9035100181265,385.50729934521706,,20,18.5050,10000,,0,runs/spec_rdelay/atla_ppo_hopper_k0_seed1/r_spec_timevar_hopper_eval.json
online,ATLA-PPO,ATLA-PPO,theta_p,spec_timevar_hopper,gear_static_0.8,1,1,608.1819,29.97867826081335,570.9110326578533,571.697806564322,,20,19.3098,10000,,0,runs/spec_rdelay/atla_ppo_hopper_k0_seed1/r_spec_timevar_hopper_eval.json
online,ATLA-PPO,ATLA-PPO,theta_p,spec_timevar_hopper,gear_step_0.8,1,0,1374.4902,220.09467484700724,997.8102493567199,1004.1184236130309,,20,42.8554,10000,,0,runs/spec_rdelay/atla_ppo_hopper_k0_seed1/r_spec_timevar_hopper_eval.json
online,ATLA-PPO,ATLA-PPO,theta_p,spec_timevar_hopper,gravity_ramp_1.2,1,0,1327.4441,150.02067258706788,994.8070822618636,1002.695144579209,,20,41.4099,10000,,0,runs/spec_rdelay/atla_ppo_hopper_k0_seed1/r_spec_timevar_hopper_eval.json
online,ATLA-PPO,ATLA-PPO,theta_p,spec_timevar_hopper,nominal,1,0,1374.4902,220.09467484700724,997.8102493567199,1004.1184236130309,,20,42.8554,10000,,0,runs/spec_rdelay/atla_ppo_hopper_k0_seed1/r_spec_timevar_hopper_eval.json
online,ATLA-PPO,ATLA-PPO,theta_p,spec_timevar_hopper,gear_ramp_0.8,2,1,847.3533,141.8402571857826,648.7415311165655,661.4765883023753,,20,26.6586,10000,,0,runs/spec_rdelay/atla_ppo_hopper_k0_seed2/r_spec_timevar_hopper_eval.json
online,ATLA-PPO,ATLA-PPO,theta_p,spec_timevar_hopper,gear_sine_p200,2,0,1227.7833,288.62776137921065,887.3133760723383,902.9045667054129,,20,38.3477,10000,,0,runs/spec_rdelay/atla_ppo_hopper_k0_seed2/r_spec_timevar_hopper_eval.json
online,ATLA-PPO,ATLA-PPO,theta_p,spec_timevar_hopper,gear_sine_p500,2,1,1099.1435,284.90849516545745,698.8627348135109,702.7444718441939,,20,34.3951,10000,,0,runs/spec_rdelay/atla_ppo_hopper_k0_seed2/r_spec_timevar_hopper_eval.json
online,ATLA-PPO,ATLA-PPO,theta_p,spec_timevar_hopper,gear_static_0.8,2,1,635.2893,18.74047534115439,616.4380210219516,618.3727258736437,,20,20.1427,10000,,0,runs/spec_rdelay/atla_ppo_hopper_k0_seed2/r_spec_timevar_hopper_eval.json
online,ATLA-PPO,ATLA-PPO,theta_p,spec_timevar_hopper,gear_step_0.8,2,0,907.1095,264.7719572744928,611.9196150581532,618.4521202493256,,20,28.4947,10000,,0,runs/spec_rdelay/atla_ppo_hopper_k0_seed2/r_spec_timevar_hopper_eval.json
online,ATLA-PPO,ATLA-PPO,theta_p,spec_timevar_hopper,gravity_ramp_1.2,2,0,912.4118,195.86675849242314,703.6454001536324,709.6959566228879,,20,28.6576,10000,,0,runs/spec_rdelay/atla_ppo_hopper_k0_seed2/r_spec_timevar_hopper_eval.json
online,ATLA-PPO,ATLA-PPO,theta_p,spec_timevar_hopper,nominal,2,0,907.1095,264.7719572744928,611.9196150581532,618.4521202493256,,20,28.4947,10000,,0,runs/spec_rdelay/atla_ppo_hopper_k0_seed2/r_spec_timevar_hopper_eval.json
online,ATLA-PPO,ATLA-PPO,theta_p,spec_timevar_hopper,gear_ramp_0.8,3407,1,3276.8059,262.02011279161394,2421.3978336102955,2747.275687910306,,20,101.3060,10000,,0,runs/spec_rdelay/atla_ppo_hopper_k0_seed3407/r_spec_timevar_hopper_eval.json
online,ATLA-PPO,ATLA-PPO,theta_p,spec_timevar_hopper,gear_sine_p200,3407,0,1591.0885,955.0817377616942,338.2881144428282,340.9451627538954,,20,49.5106,10000,,0,runs/spec_rdelay/atla_ppo_hopper_k0_seed3407/r_spec_timevar_hopper_eval.json
online,ATLA-PPO,ATLA-PPO,theta_p,spec_timevar_hopper,gear_sine_p500,3407,1,1601.2082,604.7845545360941,347.4937132170306,348.2485833829734,,20,49.8216,10000,,0,runs/spec_rdelay/atla_ppo_hopper_k0_seed3407/r_spec_timevar_hopper_eval.json
online,ATLA-PPO,ATLA-PPO,theta_p,spec_timevar_hopper,gear_static_0.8,3407,1,964.5565,192.37660905925236,804.0862675546128,816.8777154262923,,20,30.2598,10000,,0,runs/spec_rdelay/atla_ppo_hopper_k0_seed3407/r_spec_timevar_hopper_eval.json
online,ATLA-PPO,ATLA-PPO,theta_p,spec_timevar_hopper,gear_step_0.8,3407,0,2532.0535,19.62588421899032,2490.3798905740855,2494.6426241667305,,20,78.4228,10000,,0,runs/spec_rdelay/atla_ppo_hopper_k0_seed3407/r_spec_timevar_hopper_eval.json
online,ATLA-PPO,ATLA-PPO,theta_p,spec_timevar_hopper,gravity_ramp_1.2,3407,0,3680.2295,9.448975039136048,3665.128158290274,3666.369991264633,,20,113.7016,10000,,0,runs/spec_rdelay/atla_ppo_hopper_k0_seed3407/r_spec_timevar_hopper_eval.json
online,ATLA-PPO,ATLA-PPO,theta_p,spec_timevar_hopper,nominal,3407,0,3718.9006,13.382408272766467,3674.08928617654,3688.346709169836,,20,114.8899,10000,,0,runs/spec_rdelay/atla_ppo_hopper_k0_seed3407/r_spec_timevar_hopper_eval.json
online,ATLA-PPO,ATLA-PPO,theta_p,spec_timevar_hopper,gear_ramp_0.8,42,1,1060.2475,40.408696089651045,979.0396152173604,982.2824909206804,,20,33.2000,10000,,0,runs/spec_rdelay/atla_ppo_hopper_k0_seed42/r_spec_timevar_hopper_eval.json
online,ATLA-PPO,ATLA-PPO,theta_p,spec_timevar_hopper,gear_sine_p200,42,0,1143.8993,137.43420331014508,890.7670926514794,902.0706386582019,,20,35.7703,10000,,0,runs/spec_rdelay/atla_ppo_hopper_k0_seed42/r_spec_timevar_hopper_eval.json
online,ATLA-PPO,ATLA-PPO,theta_p,spec_timevar_hopper,gear_sine_p500,42,1,1313.5298,215.64753933423384,1056.5309992069715,1059.0641252108246,,20,40.9824,10000,,0,runs/spec_rdelay/atla_ppo_hopper_k0_seed42/r_spec_timevar_hopper_eval.json
online,ATLA-PPO,ATLA-PPO,theta_p,spec_timevar_hopper,gear_static_0.8,42,1,412.7681,41.19924060858038,343.19996491175175,347.41795394774766,,20,13.3055,10000,,0,runs/spec_rdelay/atla_ppo_hopper_k0_seed42/r_spec_timevar_hopper_eval.json
online,ATLA-PPO,ATLA-PPO,theta_p,spec_timevar_hopper,gear_step_0.8,42,0,1053.7761,218.14973784556165,609.0496979895856,610.5512056743589,,20,33.0012,10000,,0,runs/spec_rdelay/atla_ppo_hopper_k0_seed42/r_spec_timevar_hopper_eval.json
online,ATLA-PPO,ATLA-PPO,theta_p,spec_timevar_hopper,gravity_ramp_1.2,42,0,1121.6953,40.656327720764544,1045.9750078036216,1052.4744097781943,,20,35.0881,10000,,0,runs/spec_rdelay/atla_ppo_hopper_k0_seed42/r_spec_timevar_hopper_eval.json
online,ATLA-PPO,ATLA-PPO,theta_p,spec_timevar_hopper,nominal,42,0,1053.7761,218.14973784556165,609.0496979895856,610.5512056743589,,20,33.0012,10000,,0,runs/spec_rdelay/atla_ppo_hopper_k0_seed42/r_spec_timevar_hopper_eval.json
online,ATLA-PPO,ATLA-PPO,theta_tau_exec,spec_timing_hopper,act_delay_8ms,0,1,1708.0607,528.4800363555933,1102.888704922428,1148.7704585855772,,20,53.1047,10000,,0,runs/spec_rdelay/atla_ppo_hopper_k0_seed0/r_spec_timing_hopper_eval.json
online,ATLA-PPO,ATLA-PPO,theta_tau_exec,spec_timing_hopper,act_delay_rand1,0,1,2470.9362,848.3256745102203,1222.1718318448823,1266.4436630037878,,20,76.5449,10000,,0,runs/spec_rdelay/atla_ppo_hopper_k0_seed0/r_spec_timing_hopper_eval.json
online,ATLA-PPO,ATLA-PPO,theta_tau_exec,spec_timing_hopper,act_delay_rand2,0,0,2061.3164,935.7125316703132,489.0527688792048,805.2487559508052,,20,63.9589,10000,,0,runs/spec_rdelay/atla_ppo_hopper_k0_seed0/r_spec_timing_hopper_eval.json
online,ATLA-PPO,ATLA-PPO,theta_tau_exec,spec_timing_hopper,nominal,0,0,3144.1189,371.24732455777263,1525.9992394676422,2373.5370248029667,,20,97.2291,10000,,0,runs/spec_rdelay/atla_ppo_hopper_k0_seed0/r_spec_timing_hopper_eval.json
online,ATLA-PPO,ATLA-PPO,theta_tau_exec,spec_timing_hopper,obs_delay_16ms,0,1,1250.1747,259.3963893680518,894.6178015572038,910.4590409489518,,20,39.0357,10000,,0,runs/spec_rdelay/atla_ppo_hopper_k0_seed0/r_spec_timing_hopper_eval.json
online,ATLA-PPO,ATLA-PPO,theta_tau_exec,spec_timing_hopper,obs_delay_4ms,0,1,2693.2221,802.2655531405089,1084.8801165581854,1085.0230658479368,,20,83.3748,10000,,0,runs/spec_rdelay/atla_ppo_hopper_k0_seed0/r_spec_timing_hopper_eval.json
online,ATLA-PPO,ATLA-PPO,theta_tau_exec,spec_timing_hopper,obs_delay_8ms,0,1,2339.6144,850.2353884725321,975.3631613501615,1112.8996394232272,,20,72.5099,10000,,0,runs/spec_rdelay/atla_ppo_hopper_k0_seed0/r_spec_timing_hopper_eval.json
online,ATLA-PPO,ATLA-PPO,theta_tau_exec,spec_timing_hopper,substep,0,0,2891.6695,754.8748219389089,746.9016076380246,886.5457101864652,,20,89.4723,10000,,0,runs/spec_rdelay/atla_ppo_hopper_k0_seed0/r_spec_timing_hopper_eval.json
online,ATLA-PPO,ATLA-PPO,theta_tau_exec,spec_timing_hopper,act_delay_8ms,1,1,5.3854,0.7559309024971841,4.585822164671075,4.593288778261282,,20,0.7883,10000,,0,runs/spec_rdelay/atla_ppo_hopper_k0_seed1/r_spec_timing_hopper_eval.json
online,ATLA-PPO,ATLA-PPO,theta_tau_exec,spec_timing_hopper,act_delay_rand1,1,1,809.2073,680.3171431941217,4.585822164671075,4.617441533748547,,20,25.4865,10000,,0,runs/spec_rdelay/atla_ppo_hopper_k0_seed1/r_spec_timing_hopper_eval.json
online,ATLA-PPO,ATLA-PPO,theta_tau_exec,spec_timing_hopper,act_delay_rand2,1,0,441.0418,678.7730302128485,2.7473024667636095,2.749886728547933,,20,14.1743,10000,,0,runs/spec_rdelay/atla_ppo_hopper_k0_seed1/r_spec_timing_hopper_eval.json
online,ATLA-PPO,ATLA-PPO,theta_tau_exec,spec_timing_hopper,nominal,1,0,1374.4902,220.09467484700724,997.8102493567199,1004.1184236130309,,20,42.8554,10000,,0,runs/spec_rdelay/atla_ppo_hopper_k0_seed1/r_spec_timing_hopper_eval.json
online,ATLA-PPO,ATLA-PPO,theta_tau_exec,spec_timing_hopper,obs_delay_16ms,1,1,3.9428,0.4664462919012429,2.768188591603512,2.8293270638493024,,20,0.7440,10000,,0,runs/spec_rdelay/atla_ppo_hopper_k0_seed1/r_spec_timing_hopper_eval.json
online,ATLA-PPO,ATLA-PPO,theta_tau_exec,spec_timing_hopper,obs_delay_4ms,1,1,1087.4840,385.0887936263131,374.70456046303207,383.248787465826,,20,34.0369,10000,,0,runs/spec_rdelay/atla_ppo_hopper_k0_seed1/r_spec_timing_hopper_eval.json
online,ATLA-PPO,ATLA-PPO,theta_tau_exec,spec_timing_hopper,obs_delay_8ms,1,1,532.2165,475.05918579607413,6.090987622228588,6.151025218314061,,20,16.9757,10000,,0,runs/spec_rdelay/atla_ppo_hopper_k0_seed1/r_spec_timing_hopper_eval.json
online,ATLA-PPO,ATLA-PPO,theta_tau_exec,spec_timing_hopper,substep,1,0,850.1254,368.87267596341394,81.45368753272732,167.3356429414809,,20,26.7438,10000,,0,runs/spec_rdelay/atla_ppo_hopper_k0_seed1/r_spec_timing_hopper_eval.json
online,ATLA-PPO,ATLA-PPO,theta_tau_exec,spec_timing_hopper,act_delay_8ms,2,1,794.8346,154.67940198525272,389.7555718213576,401.32109919156727,,20,25.0449,10000,,0,runs/spec_rdelay/atla_ppo_hopper_k0_seed2/r_spec_timing_hopper_eval.json
online,ATLA-PPO,ATLA-PPO,theta_tau_exec,spec_timing_hopper,act_delay_rand1,2,1,852.1737,261.9764803026396,412.88662656177695,512.403120933311,,20,26.8067,10000,,0,runs/spec_rdelay/atla_ppo_hopper_k0_seed2/r_spec_timing_hopper_eval.json
online,ATLA-PPO,ATLA-PPO,theta_tau_exec,spec_timing_hopper,act_delay_rand2,2,0,744.4235,330.8164337966808,139.25487932796986,141.97903368603826,,20,23.4960,10000,,0,runs/spec_rdelay/atla_ppo_hopper_k0_seed2/r_spec_timing_hopper_eval.json
online,ATLA-PPO,ATLA-PPO,theta_tau_exec,spec_timing_hopper,nominal,2,0,907.1095,264.7719572744928,611.9196150581532,618.4521202493256,,20,28.4947,10000,,0,runs/spec_rdelay/atla_ppo_hopper_k0_seed2/r_spec_timing_hopper_eval.json
online,ATLA-PPO,ATLA-PPO,theta_tau_exec,spec_timing_hopper,obs_delay_16ms,2,1,510.1821,265.0899526750264,137.39431950666778,139.27353760776003,,20,16.2987,10000,,0,runs/spec_rdelay/atla_ppo_hopper_k0_seed2/r_spec_timing_hopper_eval.json
online,ATLA-PPO,ATLA-PPO,theta_tau_exec,spec_timing_hopper,obs_delay_4ms,2,1,1317.0850,556.3346371493082,728.6101167973878,737.9145057151079,,20,41.0916,10000,,0,runs/spec_rdelay/atla_ppo_hopper_k0_seed2/r_spec_timing_hopper_eval.json
online,ATLA-PPO,ATLA-PPO,theta_tau_exec,spec_timing_hopper,obs_delay_8ms,2,1,1080.2707,537.6951507690513,374.508670627659,378.23919122153114,,20,33.8152,10000,,0,runs/spec_rdelay/atla_ppo_hopper_k0_seed2/r_spec_timing_hopper_eval.json
online,ATLA-PPO,ATLA-PPO,theta_tau_exec,spec_timing_hopper,substep,2,0,840.2691,422.45269677821665,251.3262523900707,255.5957305055006,,20,26.4409,10000,,0,runs/spec_rdelay/atla_ppo_hopper_k0_seed2/r_spec_timing_hopper_eval.json
online,ATLA-PPO,ATLA-PPO,theta_tau_exec,spec_timing_hopper,act_delay_8ms,3407,1,3100.3930,840.2011303322604,913.1722954922557,1207.1549917800025,,20,95.8856,10000,,0,runs/spec_rdelay/atla_ppo_hopper_k0_seed3407/r_spec_timing_hopper_eval.json
online,ATLA-PPO,ATLA-PPO,theta_tau_exec,spec_timing_hopper,act_delay_rand1,3407,1,3448.3627,583.8870808659419,1501.1376880677492,1940.2458945519838,,20,106.5773,10000,,0,runs/spec_rdelay/atla_ppo_hopper_k0_seed3407/r_spec_timing_hopper_eval.json
online,ATLA-PPO,ATLA-PPO,theta_tau_exec,spec_timing_hopper,act_delay_rand2,3407,0,2678.5387,1283.152309296448,415.74145010406653,544.7966589934947,,20,82.9237,10000,,0,runs/spec_rdelay/atla_ppo_hopper_k0_seed3407/r_spec_timing_hopper_eval.json
online,ATLA-PPO,ATLA-PPO,theta_tau_exec,spec_timing_hopper,nominal,3407,0,3718.9006,13.382408272766467,3674.08928617654,3688.346709169836,,20,114.8899,10000,,0,runs/spec_rdelay/atla_ppo_hopper_k0_seed3407/r_spec_timing_hopper_eval.json
online,ATLA-PPO,ATLA-PPO,theta_tau_exec,spec_timing_hopper,obs_delay_16ms,3407,1,1538.6342,956.1000627852682,376.0977367450516,380.2506816565508,,20,47.8989,10000,,0,runs/spec_rdelay/atla_ppo_hopper_k0_seed3407/r_spec_timing_hopper_eval.json
online,ATLA-PPO,ATLA-PPO,theta_tau_exec,spec_timing_hopper,obs_delay_4ms,3407,1,3704.0600,32.568691725215025,3571.181661771928,3634.8432805270304,,20,114.4339,10000,,0,runs/spec_rdelay/atla_ppo_hopper_k0_seed3407/r_spec_timing_hopper_eval.json
online,ATLA-PPO,ATLA-PPO,theta_tau_exec,spec_timing_hopper,obs_delay_8ms,3407,1,3605.1498,181.93857414234725,2862.814206033647,3177.8378039546687,,20,111.3947,10000,,0,runs/spec_rdelay/atla_ppo_hopper_k0_seed3407/r_spec_timing_hopper_eval.json
online,ATLA-PPO,ATLA-PPO,theta_tau_exec,spec_timing_hopper,substep,3407,0,3022.8408,1207.005216196901,568.1817580352017,700.0977276195016,,20,93.5027,10000,,0,runs/spec_rdelay/atla_ppo_hopper_k0_seed3407/r_spec_timing_hopper_eval.json
online,ATLA-PPO,ATLA-PPO,theta_tau_exec,spec_timing_hopper,act_delay_8ms,42,1,619.3805,114.49233689002261,350.19255951678383,387.9577610008316,,20,19.6539,10000,,0,runs/spec_rdelay/atla_ppo_hopper_k0_seed42/r_spec_timing_hopper_eval.json
online,ATLA-PPO,ATLA-PPO,theta_tau_exec,spec_timing_hopper,act_delay_rand1,42,1,883.6006,274.8869023838004,454.9172123048761,486.39100186670504,,20,27.7724,10000,,0,runs/spec_rdelay/atla_ppo_hopper_k0_seed42/r_spec_timing_hopper_eval.json
online,ATLA-PPO,ATLA-PPO,theta_tau_exec,spec_timing_hopper,act_delay_rand2,42,0,557.2757,394.7858446573229,4.843789461414555,4.85806697416448,,20,17.7457,10000,,0,runs/spec_rdelay/atla_ppo_hopper_k0_seed42/r_spec_timing_hopper_eval.json
online,ATLA-PPO,ATLA-PPO,theta_tau_exec,spec_timing_hopper,nominal,42,0,1053.7761,218.14973784556165,609.0496979895856,610.5512056743589,,20,33.0012,10000,,0,runs/spec_rdelay/atla_ppo_hopper_k0_seed42/r_spec_timing_hopper_eval.json
online,ATLA-PPO,ATLA-PPO,theta_tau_exec,spec_timing_hopper,obs_delay_16ms,42,1,30.2120,99.14221191434952,4.877090945789545,4.887137820183886,,20,1.5511,10000,,0,runs/spec_rdelay/atla_ppo_hopper_k0_seed42/r_spec_timing_hopper_eval.json
online,ATLA-PPO,ATLA-PPO,theta_tau_exec,spec_timing_hopper,obs_delay_4ms,42,1,971.7198,87.27380006454862,830.6993808744128,839.7812513816446,,20,30.4799,10000,,0,runs/spec_rdelay/atla_ppo_hopper_k0_seed42/r_spec_timing_hopper_eval.json
online,ATLA-PPO,ATLA-PPO,theta_tau_exec,spec_timing_hopper,obs_delay_8ms,42,1,815.3932,128.50114325371464,557.4218020909528,581.1377874175578,,20,25.6766,10000,,0,runs/spec_rdelay/atla_ppo_hopper_k0_seed42/r_spec_timing_hopper_eval.json
online,ATLA-PPO,ATLA-PPO,theta_tau_exec,spec_timing_hopper,substep,42,0,741.5210,214.8931410191546,263.64362677548735,343.7002185315215,,20,23.4068,10000,,0,runs/spec_rdelay/atla_ppo_hopper_k0_seed42/r_spec_timing_hopper_eval.json
online,ATLA-SA-PPO,ATLA-SA-PPO,theta_o,spec_obsadv_hopper,nominal,0,0,3361.9187,341.35123601075543,2090.0077992021133,2458.012546990777,,20,103.9212,10000,,0,runs/spec_rdelay/atla_sa_hopper_k0_seed0/r_spec_obsadv_hopper_eval.json
online,ATLA-SA-PPO,ATLA-SA-PPO,theta_o,spec_obsadv_hopper,obs_bias_0.05,0,0,2823.4672,864.388176698083,1363.499700052669,1473.40928686634,,20,87.3767,10000,,0,runs/spec_rdelay/atla_sa_hopper_k0_seed0/r_spec_obsadv_hopper_eval.json
online,ATLA-SA-PPO,ATLA-SA-PPO,theta_o,spec_obsadv_hopper,obs_gauss_0.05,0,0,3241.7991,464.9289853790928,1878.0910231750759,2058.584106678187,,20,100.2304,10000,,0,runs/spec_rdelay/atla_sa_hopper_k0_seed0/r_spec_obsadv_hopper_eval.json
online,ATLA-SA-PPO,ATLA-SA-PPO,theta_o,spec_obsadv_hopper,obs_gauss_0.10,0,1,2421.4014,1004.1014402677987,590.4693265866838,847.4721063841056,,20,75.0229,10000,,0,runs/spec_rdelay/atla_sa_hopper_k0_seed0/r_spec_obsadv_hopper_eval.json
online,ATLA-SA-PPO,ATLA-SA-PPO,theta_o,spec_obsadv_hopper,obs_rel_0.05,0,0,3253.2030,430.61158145855575,1988.5115498444013,2142.3756414708864,,20,100.5808,10000,,0,runs/spec_rdelay/atla_sa_hopper_k0_seed0/r_spec_obsadv_hopper_eval.json
online,ATLA-SA-PPO,ATLA-SA-PPO,theta_o,spec_obsadv_hopper,obs_rel_0.10,0,1,3371.0829,307.08334888584875,2200.229978672747,2599.3422368285305,,20,104.2028,10000,,0,runs/spec_rdelay/atla_sa_hopper_k0_seed0/r_spec_obsadv_hopper_eval.json
online,ATLA-SA-PPO,ATLA-SA-PPO,theta_o,spec_obsadv_hopper,obs_shift_0.01,0,0,3332.1088,392.8409115531044,2345.4118796047082,2404.7120990861968,,20,103.0053,10000,,0,runs/spec_rdelay/atla_sa_hopper_k0_seed0/r_spec_obsadv_hopper_eval.json
online,ATLA-SA-PPO,ATLA-SA-PPO,theta_o,spec_obsadv_hopper,obs_shift_0.02,0,0,3475.5387,245.87037734110734,2624.662771178028,2747.927267826233,,20,107.4123,10000,,0,runs/spec_rdelay/atla_sa_hopper_k0_seed0/r_spec_obsadv_hopper_eval.json
online,ATLA-SA-PPO,ATLA-SA-PPO,theta_o,spec_obsadv_hopper,obs_uni_0.05,0,0,3190.2215,458.9359148296181,2263.169400318276,2297.309223702829,,20,98.6456,10000,,0,runs/spec_rdelay/atla_sa_hopper_k0_seed0/r_spec_obsadv_hopper_eval.json
online,ATLA-SA-PPO,ATLA-SA-PPO,theta_o,spec_obsadv_hopper,obs_uni_0.10,0,1,3113.6470,706.3766961750315,569.1078642578582,1430.4990984846697,,20,96.2928,10000,,0,runs/spec_rdelay/atla_sa_hopper_k0_seed0/r_spec_obsadv_hopper_eval.json
online,ATLA-SA-PPO,ATLA-SA-PPO,theta_o,spec_obsadv_hopper,obs_uni_0.15,0,0,2996.6660,594.0348550749761,1589.2484408556095,1719.9903294396736,,20,92.6985,10000,,0,runs/spec_rdelay/atla_sa_hopper_k0_seed0/r_spec_obsadv_hopper_eval.json
online,ATLA-SA-PPO,ATLA-SA-PPO,theta_o,spec_obsadv_hopper,nominal,1,0,3506.3703,22.052539218285396,3462.353646770255,3464.847741223968,,20,108.3596,10000,,0,runs/spec_rdelay/atla_sa_hopper_k0_seed1/r_spec_obsadv_hopper_eval.json
online,ATLA-SA-PPO,ATLA-SA-PPO,theta_o,spec_obsadv_hopper,obs_bias_0.05,1,0,2913.9789,877.8866349434304,1322.9867926705094,1338.28706989482,,20,90.1578,10000,,0,runs/spec_rdelay/atla_sa_hopper_k0_seed1/r_spec_obsadv_hopper_eval.json
online,ATLA-SA-PPO,ATLA-SA-PPO,theta_o,spec_obsadv_hopper,obs_gauss_0.05,1,0,3254.5613,557.2935871933814,1771.452821901018,1903.7072180263654,,20,100.6225,10000,,0,runs/spec_rdelay/atla_sa_hopper_k0_seed1/r_spec_obsadv_hopper_eval.json
online,ATLA-SA-PPO,ATLA-SA-PPO,theta_o,spec_obsadv_hopper,obs_gauss_0.10,1,1,2696.3261,857.4109736826929,1125.2415362414802,1193.7245351125234,,20,83.4702,10000,,0,runs/spec_rdelay/atla_sa_hopper_k0_seed1/r_spec_obsadv_hopper_eval.json
online,ATLA-SA-PPO,ATLA-SA-PPO,theta_o,spec_obsadv_hopper,obs_rel_0.05,1,0,3423.7945,264.64193927045034,2378.8856464579058,2754.415033839914,,20,105.8224,10000,,0,runs/spec_rdelay/atla_sa_hopper_k0_seed1/r_spec_obsadv_hopper_eval.json
online,ATLA-SA-PPO,ATLA-SA-PPO,theta_o,spec_obsadv_hopper,obs_rel_0.10,1,1,3339.9986,334.41403797673553,2411.8880619368047,2423.455493927533,,20,103.2477,10000,,0,runs/spec_rdelay/atla_sa_hopper_k0_seed1/r_spec_obsadv_hopper_eval.json
online,ATLA-SA-PPO,ATLA-SA-PPO,theta_o,spec_obsadv_hopper,obs_shift_0.01,1,0,3061.2981,583.1896197941642,1876.3633108425013,1978.6936730707857,,20,94.6843,10000,,0,runs/spec_rdelay/atla_sa_hopper_k0_seed1/r_spec_obsadv_hopper_eval.json
online,ATLA-SA-PPO,ATLA-SA-PPO,theta_o,spec_obsadv_hopper,obs_shift_0.02,1,0,2678.3746,700.6800825444245,1601.784834149996,1757.4369357748621,,20,82.9186,10000,,0,runs/spec_rdelay/atla_sa_hopper_k0_seed1/r_spec_obsadv_hopper_eval.json
online,ATLA-SA-PPO,ATLA-SA-PPO,theta_o,spec_obsadv_hopper,obs_uni_0.05,1,0,3475.1891,134.3366658893229,2907.579297372961,3156.4732055564937,,20,107.4016,10000,,0,runs/spec_rdelay/atla_sa_hopper_k0_seed1/r_spec_obsadv_hopper_eval.json
online,ATLA-SA-PPO,ATLA-SA-PPO,theta_o,spec_obsadv_hopper,obs_uni_0.10,1,1,3463.8400,184.32846186884157,2896.7004422142163,2926.559813754943,,20,107.0529,10000,,0,runs/spec_rdelay/atla_sa_hopper_k0_seed1/r_spec_obsadv_hopper_eval.json
online,ATLA-SA-PPO,ATLA-SA-PPO,theta_o,spec_obsadv_hopper,obs_uni_0.15,1,0,3002.8881,709.4034271256482,1047.6850027381358,1324.3429827152215,,20,92.8896,10000,,0,runs/spec_rdelay/atla_sa_hopper_k0_seed1/r_spec_obsadv_hopper_eval.json
online,ATLA-SA-PPO,ATLA-SA-PPO,theta_o,spec_obsadv_hopper,nominal,2,0,3522.1390,527.7325840350045,1223.4679458375467,2409.1681330154356,,20,108.8441,10000,,0,runs/spec_rdelay/atla_sa_hopper_k0_seed2/r_spec_obsadv_hopper_eval.json
online,ATLA-SA-PPO,ATLA-SA-PPO,theta_o,spec_obsadv_hopper,obs_bias_0.05,2,0,1699.9788,1236.0729742014867,298.532368751072,300.32896420408434,,20,52.8564,10000,,0,runs/spec_rdelay/atla_sa_hopper_k0_seed2/r_spec_obsadv_hopper_eval.json
online,ATLA-SA-PPO,ATLA-SA-PPO,theta_o,spec_obsadv_hopper,obs_gauss_0.05,2,0,3452.0732,593.0983048423057,1241.216311630185,1739.8253795579117,,20,106.6913,10000,,0,runs/spec_rdelay/atla_sa_hopper_k0_seed2/r_spec_obsadv_hopper_eval.json
online,ATLA-SA-PPO,ATLA-SA-PPO,theta_o,spec_obsadv_hopper,obs_gauss_0.10,2,1,2280.7512,1039.4385727411725,310.9986760427538,698.800275880343,,20,70.7012,10000,,0,runs/spec_rdelay/atla_sa_hopper_k0_seed2/r_spec_obsadv_hopper_eval.json
online,ATLA-SA-PPO,ATLA-SA-PPO,theta_o,spec_obsadv_hopper,obs_rel_0.05,2,0,3051.7118,891.520410015195,1449.6511313599513,1473.233454876864,,20,94.3898,10000,,0,runs/spec_rdelay/atla_sa_hopper_k0_seed2/r_spec_obsadv_hopper_eval.json
online,ATLA-SA-PPO,ATLA-SA-PPO,theta_o,spec_obsadv_hopper,obs_rel_0.10,2,1,2830.8578,1101.9801194667818,1196.6317407984866,1198.8834410710106,,20,87.6038,10000,,0,runs/spec_rdelay/atla_sa_hopper_k0_seed2/r_spec_obsadv_hopper_eval.json
online,ATLA-SA-PPO,ATLA-SA-PPO,theta_o,spec_obsadv_hopper,obs_shift_0.01,2,0,2486.1586,1059.5754993566618,1347.0935814778072,1367.510700085238,,20,77.0126,10000,,0,runs/spec_rdelay/atla_sa_hopper_k0_seed2/r_spec_obsadv_hopper_eval.json
online,ATLA-SA-PPO,ATLA-SA-PPO,theta_o,spec_obsadv_hopper,obs_shift_0.02,2,0,1435.4609,275.76637313802445,1184.3598361082943,1184.6030286110604,,20,44.7288,10000,,0,runs/spec_rdelay/atla_sa_hopper_k0_seed2/r_spec_obsadv_hopper_eval.json
online,ATLA-SA-PPO,ATLA-SA-PPO,theta_o,spec_obsadv_hopper,obs_uni_0.05,2,0,3232.1669,795.3260344721524,1430.9239895494393,1460.8188510328296,,20,99.9345,10000,,0,runs/spec_rdelay/atla_sa_hopper_k0_seed2/r_spec_obsadv_hopper_eval.json
online,ATLA-SA-PPO,ATLA-SA-PPO,theta_o,spec_obsadv_hopper,obs_uni_0.10,2,1,2863.9259,957.6891918705198,1198.6622432629595,1278.959192883229,,20,88.6199,10000,,0,runs/spec_rdelay/atla_sa_hopper_k0_seed2/r_spec_obsadv_hopper_eval.json
online,ATLA-SA-PPO,ATLA-SA-PPO,theta_o,spec_obsadv_hopper,obs_uni_0.15,2,0,2269.7473,977.5469789703037,307.1728714312322,743.6988031338882,,20,70.3631,10000,,0,runs/spec_rdelay/atla_sa_hopper_k0_seed2/r_spec_obsadv_hopper_eval.json
online,ATLA-SA-PPO,ATLA-SA-PPO,theta_o,spec_obsadv_hopper,nominal,3407,0,2888.3600,762.1813916302757,1442.6946340543548,1626.1074647350597,,20,89.3706,10000,,0,runs/spec_rdelay/atla_sa_hopper_k0_seed3407/r_spec_obsadv_hopper_eval.json
online,ATLA-SA-PPO,ATLA-SA-PPO,theta_o,spec_obsadv_hopper,obs_bias_0.05,3407,0,2627.5830,1044.9471408328102,1023.4411946660373,1037.2874543518137,,20,81.3580,10000,,0,runs/spec_rdelay/atla_sa_hopper_k0_seed3407/r_spec_obsadv_hopper_eval.json
online,ATLA-SA-PPO,ATLA-SA-PPO,theta_o,spec_obsadv_hopper,obs_gauss_0.05,3407,0,2309.5289,639.0144968582235,1331.3555910431114,1375.673506610803,,20,71.5855,10000,,0,runs/spec_rdelay/atla_sa_hopper_k0_seed3407/r_spec_obsadv_hopper_eval.json
online,ATLA-SA-PPO,ATLA-SA-PPO,theta_o,spec_obsadv_hopper,obs_gauss_0.10,3407,1,2208.7844,853.2311420435293,922.7662869908179,1129.6572507471765,,20,68.4900,10000,,0,runs/spec_rdelay/atla_sa_hopper_k0_seed3407/r_spec_obsadv_hopper_eval.json
online,ATLA-SA-PPO,ATLA-SA-PPO,theta_o,spec_obsadv_hopper,obs_rel_0.05,3407,0,2671.6201,707.5211924410266,1279.7730303420337,1318.6406198239424,,20,82.7111,10000,,0,runs/spec_rdelay/atla_sa_hopper_k0_seed3407/r_spec_obsadv_hopper_eval.json
online,ATLA-SA-PPO,ATLA-SA-PPO,theta_o,spec_obsadv_hopper,obs_rel_0.10,3407,1,2535.1719,752.868657752377,1416.4369567315682,1483.3648275609441,,20,78.5186,10000,,0,runs/spec_rdelay/atla_sa_hopper_k0_seed3407/r_spec_obsadv_hopper_eval.json
online,ATLA-SA-PPO,ATLA-SA-PPO,theta_o,spec_obsadv_hopper,obs_shift_0.01,3407,0,2185.5584,765.3248179120038,1329.92530809717,1330.723659134661,,20,67.7763,10000,,0,runs/spec_rdelay/atla_sa_hopper_k0_seed3407/r_spec_obsadv_hopper_eval.json
online,ATLA-SA-PPO,ATLA-SA-PPO,theta_o,spec_obsadv_hopper,obs_shift_0.02,3407,0,1402.3964,253.804458839233,1080.474182039648,1121.4616445868567,,20,43.7129,10000,,0,runs/spec_rdelay/atla_sa_hopper_k0_seed3407/r_spec_obsadv_hopper_eval.json
online,ATLA-SA-PPO,ATLA-SA-PPO,theta_o,spec_obsadv_hopper,obs_uni_0.05,3407,0,2575.7034,967.4753636261025,1115.1111106981832,1174.4149766986438,,20,79.7639,10000,,0,runs/spec_rdelay/atla_sa_hopper_k0_seed3407/r_spec_obsadv_hopper_eval.json
online,ATLA-SA-PPO,ATLA-SA-PPO,theta_o,spec_obsadv_hopper,obs_uni_0.10,3407,1,1830.0719,577.2353066567908,1189.6277141009598,1199.3219518412961,,20,56.8537,10000,,0,runs/spec_rdelay/atla_sa_hopper_k0_seed3407/r_spec_obsadv_hopper_eval.json
online,ATLA-SA-PPO,ATLA-SA-PPO,theta_o,spec_obsadv_hopper,obs_uni_0.15,3407,0,2102.2362,806.7489694913878,1019.8538818046352,1058.872475280869,,20,65.2162,10000,,0,runs/spec_rdelay/atla_sa_hopper_k0_seed3407/r_spec_obsadv_hopper_eval.json
online,ATLA-SA-PPO,ATLA-SA-PPO,theta_o,spec_obsadv_hopper,nominal,42,0,3607.7739,22.948817600241945,3581.5667323825096,3583.0787910549116,,20,111.4754,10000,,0,runs/spec_rdelay/atla_sa_hopper_k0_seed42/r_spec_obsadv_hopper_eval.json
online,ATLA-SA-PPO,ATLA-SA-PPO,theta_o,spec_obsadv_hopper,obs_bias_0.05,42,0,2480.9528,1006.4245066018696,720.6698577242448,789.6602077659218,,20,76.8526,10000,,0,runs/spec_rdelay/atla_sa_hopper_k0_seed42/r_spec_obsadv_hopper_eval.json
online,ATLA-SA-PPO,ATLA-SA-PPO,theta_o,spec_obsadv_hopper,obs_gauss_0.05,42,0,3298.5858,558.8938030270832,1851.9997052293647,1939.5236223528618,,20,101.9752,10000,,0,runs/spec_rdelay/atla_sa_hopper_k0_seed42/r_spec_obsadv_hopper_eval.json
online,ATLA-SA-PPO,ATLA-SA-PPO,theta_o,spec_obsadv_hopper,obs_gauss_0.10,42,1,2460.7504,962.8412147121647,905.7835490079705,927.9482170767808,,20,76.2319,10000,,0,runs/spec_rdelay/atla_sa_hopper_k0_seed42/r_spec_obsadv_hopper_eval.json
online,ATLA-SA-PPO,ATLA-SA-PPO,theta_o,spec_obsadv_hopper,obs_rel_0.05,42,0,3384.4630,554.8564484710676,1588.7596097764647,1967.5966893384834,,20,104.6139,10000,,0,runs/spec_rdelay/atla_sa_hopper_k0_seed42/r_spec_obsadv_hopper_eval.json
online,ATLA-SA-PPO,ATLA-SA-PPO,theta_o,spec_obsadv_hopper,obs_rel_0.10,42,1,3484.4086,315.54482865103273,2513.9825546485413,2618.2615995070605,,20,107.6848,10000,,0,runs/spec_rdelay/atla_sa_hopper_k0_seed42/r_spec_obsadv_hopper_eval.json
online,ATLA-SA-PPO,ATLA-SA-PPO,theta_o,spec_obsadv_hopper,obs_shift_0.01,42,0,2262.7034,858.4220373668586,1203.894232899387,1236.1879765673766,,20,70.1467,10000,,0,runs/spec_rdelay/atla_sa_hopper_k0_seed42/r_spec_obsadv_hopper_eval.json
online,ATLA-SA-PPO,ATLA-SA-PPO,theta_o,spec_obsadv_hopper,obs_shift_0.02,42,0,1687.8830,731.2643730915265,994.9309289885537,1008.2979161320079,,20,52.4848,10000,,0,runs/spec_rdelay/atla_sa_hopper_k0_seed42/r_spec_obsadv_hopper_eval.json
online,ATLA-SA-PPO,ATLA-SA-PPO,theta_o,spec_obsadv_hopper,obs_uni_0.05,42,0,3497.3297,324.8292667898806,2252.2647572270503,2574.3983876058574,,20,108.0819,10000,,0,runs/spec_rdelay/atla_sa_hopper_k0_seed42/r_spec_obsadv_hopper_eval.json
online,ATLA-SA-PPO,ATLA-SA-PPO,theta_o,spec_obsadv_hopper,obs_uni_0.10,42,1,3277.0145,624.1150558470508,1205.3005583192835,1652.1113037723037,,20,101.3124,10000,,0,runs/spec_rdelay/atla_sa_hopper_k0_seed42/r_spec_obsadv_hopper_eval.json
online,ATLA-SA-PPO,ATLA-SA-PPO,theta_o,spec_obsadv_hopper,obs_uni_0.15,42,0,2999.2838,790.156653183964,1260.0999777804898,1488.5729677331396,,20,92.7789,10000,,0,runs/spec_rdelay/atla_sa_hopper_k0_seed42/r_spec_obsadv_hopper_eval.json
online,ATLA-SA-PPO,ATLA-SA-PPO,theta_a,spec_action_hopper,act_gauss_0.05,0,0,3288.8015,480.85943643479004,2170.1769127830275,2225.8287453517514,,20,101.6746,10000,,0,runs/spec_rdelay/atla_sa_hopper_k0_seed0/r_spec_action_hopper_eval.json
online,ATLA-SA-PPO,ATLA-SA-PPO,theta_a,spec_action_hopper,act_gauss_0.10,0,1,3474.1680,155.93912788947088,2815.3433878212213,3085.9877939792245,,20,107.3702,10000,,0,runs/spec_rdelay/atla_sa_hopper_k0_seed0/r_spec_action_hopper_eval.json
online,ATLA-SA-PPO,ATLA-SA-PPO,theta_a,spec_action_hopper,act_gauss_0.20,0,0,3176.8947,577.7330866003563,1519.0732341474736,1772.371874446207,,20,98.2362,10000,,0,runs/spec_rdelay/atla_sa_hopper_k0_seed0/r_spec_action_hopper_eval.json
online,ATLA-SA-PPO,ATLA-SA-PPO,theta_a,spec_action_hopper,act_offset_0.05,0,1,3508.1760,14.415738485447697,3485.131100212744,3485.178786105164,,20,108.4151,10000,,0,runs/spec_rdelay/atla_sa_hopper_k0_seed0/r_spec_action_hopper_eval.json
online,ATLA-SA-PPO,ATLA-SA-PPO,theta_a,spec_action_hopper,act_oppose_0.10,0,1,3496.9554,16.587826286442894,3458.731495623268,3467.8643634427376,,20,108.0704,10000,,0,runs/spec_rdelay/atla_sa_hopper_k0_seed0/r_spec_action_hopper_eval.json
online,ATLA-SA-PPO,ATLA-SA-PPO,theta_a,spec_action_hopper,act_oppose_0.20,0,0,2745.2984,710.8170513158126,1588.6068964940496,1590.430969099932,,20,84.9749,10000,,0,runs/spec_rdelay/atla_sa_hopper_k0_seed0/r_spec_action_hopper_eval.json
online,ATLA-SA-PPO,ATLA-SA-PPO,theta_a,spec_action_hopper,act_uni_0.10,0,1,3465.7496,219.4668926710975,2582.940786955313,2889.777016530047,,20,107.1115,10000,,0,runs/spec_rdelay/atla_sa_hopper_k0_seed0/r_spec_action_hopper_eval.json
online,ATLA-SA-PPO,ATLA-SA-PPO,theta_a,spec_action_hopper,cmd_gauss_0.20,0,0,3317.9550,424.02298052524117,2100.747953200837,2321.609496504757,,20,102.5704,10000,,0,runs/spec_rdelay/atla_sa_hopper_k0_seed0/r_spec_action_hopper_eval.json
online,ATLA-SA-PPO,ATLA-SA-PPO,theta_a,spec_action_hopper,cmd_oppose_0.20,0,1,3435.7109,333.51460605119036,2076.2829030382272,2548.5628373859645,,20,106.1886,10000,,0,runs/spec_rdelay/atla_sa_hopper_k0_seed0/r_spec_action_hopper_eval.json
online,ATLA-SA-PPO,ATLA-SA-PPO,theta_a,spec_action_hopper,nominal,0,0,3361.9187,341.35123601075543,2090.0077992021133,2458.012546990777,,20,103.9212,10000,,0,runs/spec_rdelay/atla_sa_hopper_k0_seed0/r_spec_action_hopper_eval.json
online,ATLA-SA-PPO,ATLA-SA-PPO,theta_a,spec_action_hopper,act_gauss_0.05,1,0,2900.4583,682.249710645189,1594.535266326018,1805.9318270042904,,20,89.7424,10000,,0,runs/spec_rdelay/atla_sa_hopper_k0_seed1/r_spec_action_hopper_eval.json
online,ATLA-SA-PPO,ATLA-SA-PPO,theta_a,spec_action_hopper,act_gauss_0.10,1,1,2805.8213,805.8094849623524,1563.7863721858355,1569.055150144793,,20,86.8346,10000,,0,runs/spec_rdelay/atla_sa_hopper_k0_seed1/r_spec_action_hopper_eval.json
online,ATLA-SA-PPO,ATLA-SA-PPO,theta_a,spec_action_hopper,act_gauss_0.20,1,0,1895.2748,535.1364344075591,1284.2810427187321,1300.4019722839798,,20,58.8571,10000,,0,runs/spec_rdelay/atla_sa_hopper_k0_seed1/r_spec_action_hopper_eval.json
online,ATLA-SA-PPO,ATLA-SA-PPO,theta_a,spec_action_hopper,act_offset_0.05,1,1,2524.9407,714.369573715202,1466.3363705888746,1489.6883976579102,,20,78.2042,10000,,0,runs/spec_rdelay/atla_sa_hopper_k0_seed1/r_spec_action_hopper_eval.json
online,ATLA-SA-PPO,ATLA-SA-PPO,theta_a,spec_action_hopper,act_oppose_0.10,1,1,2311.2938,722.170562179898,1395.078032853818,1454.4807065269188,,20,71.6397,10000,,0,runs/spec_rdelay/atla_sa_hopper_k0_seed1/r_spec_action_hopper_eval.json
online,ATLA-SA-PPO,ATLA-SA-PPO,theta_a,spec_action_hopper,act_oppose_0.20,1,0,2161.2848,547.4899064886355,1429.2706838227673,1463.3325729081275,,20,67.0305,10000,,0,runs/spec_rdelay/atla_sa_hopper_k0_seed1/r_spec_action_hopper_eval.json
online,ATLA-SA-PPO,ATLA-SA-PPO,theta_a,spec_action_hopper,act_uni_0.10,1,1,3257.4619,568.399409432317,1578.8487499881426,1857.0904105801865,,20,100.7117,10000,,0,runs/spec_rdelay/atla_sa_hopper_k0_seed1/r_spec_action_hopper_eval.json
online,ATLA-SA-PPO,ATLA-SA-PPO,theta_a,spec_action_hopper,cmd_gauss_0.20,1,0,3558.3598,38.852855934815885,3508.8583022915527,3512.838480994663,,20,109.9571,10000,,0,runs/spec_rdelay/atla_sa_hopper_k0_seed1/r_spec_action_hopper_eval.json
online,ATLA-SA-PPO,ATLA-SA-PPO,theta_a,spec_action_hopper,cmd_oppose_0.20,1,1,3522.5913,152.27274750077538,2876.3859082466174,3200.235888062489,,20,108.8580,10000,,0,runs/spec_rdelay/atla_sa_hopper_k0_seed1/r_spec_action_hopper_eval.json
online,ATLA-SA-PPO,ATLA-SA-PPO,theta_a,spec_action_hopper,nominal,1,0,3506.3703,22.052539218285396,3462.353646770255,3464.847741223968,,20,108.3596,10000,,0,runs/spec_rdelay/atla_sa_hopper_k0_seed1/r_spec_action_hopper_eval.json
online,ATLA-SA-PPO,ATLA-SA-PPO,theta_a,spec_action_hopper,act_gauss_0.05,2,0,3425.8331,651.3987359380246,1470.9594796141046,1472.3615247698663,,20,105.8851,10000,,0,runs/spec_rdelay/atla_sa_hopper_k0_seed2/r_spec_action_hopper_eval.json
online,ATLA-SA-PPO,ATLA-SA-PPO,theta_a,spec_action_hopper,act_gauss_0.10,2,1,2130.6616,1063.8966684029092,1194.7505102952077,1213.951163996957,,20,66.0896,10000,,0,runs/spec_rdelay/atla_sa_hopper_k0_seed2/r_spec_action_hopper_eval.json
online,ATLA-SA-PPO,ATLA-SA-PPO,theta_a,spec_action_hopper,act_gauss_0.20,2,0,1821.3245,794.4599786996413,1007.1500829623686,1036.087804408576,,20,56.5849,10000,,0,runs/spec_rdelay/atla_sa_hopper_k0_seed2/r_spec_action_hopper_eval.json
online,ATLA-SA-PPO,ATLA-SA-PPO,theta_a,spec_action_hopper,act_offset_0.05,2,1,2366.3877,1053.6675627247562,1188.3901040188455,1213.3917607275037,,20,73.3325,10000,,0,runs/spec_rdelay/atla_sa_hopper_k0_seed2/r_spec_action_hopper_eval.json
online,ATLA-SA-PPO,ATLA-SA-PPO,theta_a,spec_action_hopper,act_oppose_0.10,2,1,2120.0091,1069.060161572419,1189.6699924941668,1192.3405613791351,,20,65.7623,10000,,0,runs/spec_rdelay/atla_sa_hopper_k0_seed2/r_spec_action_hopper_eval.json
online,ATLA-SA-PPO,ATLA-SA-PPO,theta_a,spec_action_hopper,act_oppose_0.20,2,0,1724.8452,581.2058234706531,1108.5554974108784,1119.1211899696652,,20,53.6205,10000,,0,runs/spec_rdelay/atla_sa_hopper_k0_seed2/r_spec_action_hopper_eval.json
online,ATLA-SA-PPO,ATLA-SA-PPO,theta_a,spec_action_hopper,act_uni_0.10,2,1,3405.8941,673.569495918884,1351.7130272468694,1385.919701211033,,20,105.2724,10000,,0,runs/spec_rdelay/atla_sa_hopper_k0_seed2/r_spec_action_hopper_eval.json
online,ATLA-SA-PPO,ATLA-SA-PPO,theta_a,spec_action_hopper,cmd_gauss_0.20,2,0,3677.6945,18.69706922514843,3636.852828779483,3638.9798163752157,,20,113.6238,10000,,0,runs/spec_rdelay/atla_sa_hopper_k0_seed2/r_spec_action_hopper_eval.json
online,ATLA-SA-PPO,ATLA-SA-PPO,theta_a,spec_action_hopper,cmd_oppose_0.20,2,1,3587.3798,416.0329839430861,1775.7247439081784,2701.740824573736,,20,110.8487,10000,,0,runs/spec_rdelay/atla_sa_hopper_k0_seed2/r_spec_action_hopper_eval.json
online,ATLA-SA-PPO,ATLA-SA-PPO,theta_a,spec_action_hopper,nominal,2,0,3522.1390,527.7325840350045,1223.4679458375467,2409.1681330154356,,20,108.8441,10000,,0,runs/spec_rdelay/atla_sa_hopper_k0_seed2/r_spec_action_hopper_eval.json
online,ATLA-SA-PPO,ATLA-SA-PPO,theta_a,spec_action_hopper,act_gauss_0.05,3407,0,2022.9273,659.634116566801,1239.8947042844784,1306.1294369861869,,20,62.7793,10000,,0,runs/spec_rdelay/atla_sa_hopper_k0_seed3407/r_spec_action_hopper_eval.json
online,ATLA-SA-PPO,ATLA-SA-PPO,theta_a,spec_action_hopper,act_gauss_0.10,3407,1,2079.7200,573.5421723257663,1287.1463403322455,1306.5187359313097,,20,64.5243,10000,,0,runs/spec_rdelay/atla_sa_hopper_k0_seed3407/r_spec_action_hopper_eval.json
online,ATLA-SA-PPO,ATLA-SA-PPO,theta_a,spec_action_hopper,act_gauss_0.20,3407,0,1635.3133,442.1836369808272,1040.041047519664,1159.9865973286724,,20,50.8695,10000,,0,runs/spec_rdelay/atla_sa_hopper_k0_seed3407/r_spec_action_hopper_eval.json
online,ATLA-SA-PPO,ATLA-SA-PPO,theta_a,spec_action_hopper,act_offset_0.05,3407,1,1997.1704,592.20853862726,1208.5328509728997,1253.8213595333787,,20,61.9879,10000,,0,runs/spec_rdelay/atla_sa_hopper_k0_seed3407/r_spec_action_hopper_eval.json
online,ATLA-SA-PPO,ATLA-SA-PPO,theta_a,spec_action_hopper,act_oppose_0.10,3407,1,1758.6014,234.48629967360094,1481.8287769809656,1482.8474289036951,,20,54.6576,10000,,0,runs/spec_rdelay/atla_sa_hopper_k0_seed3407/r_spec_action_hopper_eval.json
online,ATLA-SA-PPO,ATLA-SA-PPO,theta_a,spec_action_hopper,act_oppose_0.20,3407,0,1335.6398,172.36034576556497,1202.7731596415113,1209.868570470934,,20,41.6617,10000,,0,runs/spec_rdelay/atla_sa_hopper_k0_seed3407/r_spec_action_hopper_eval.json
online,ATLA-SA-PPO,ATLA-SA-PPO,theta_a,spec_action_hopper,act_uni_0.10,3407,1,1941.5961,470.65562303601257,1290.161522052217,1299.645621623806,,20,60.2803,10000,,0,runs/spec_rdelay/atla_sa_hopper_k0_seed3407/r_spec_action_hopper_eval.json
online,ATLA-SA-PPO,ATLA-SA-PPO,theta_a,spec_action_hopper,cmd_gauss_0.20,3407,0,2263.6392,709.2386024967036,1375.369911238501,1390.4905568373888,,20,70.1755,10000,,0,runs/spec_rdelay/atla_sa_hopper_k0_seed3407/r_spec_action_hopper_eval.json
online,ATLA-SA-PPO,ATLA-SA-PPO,theta_a,spec_action_hopper,cmd_oppose_0.20,3407,1,2690.9459,755.1311310879529,1459.500978262519,1523.4403235987784,,20,83.3049,10000,,0,runs/spec_rdelay/atla_sa_hopper_k0_seed3407/r_spec_action_hopper_eval.json
online,ATLA-SA-PPO,ATLA-SA-PPO,theta_a,spec_action_hopper,nominal,3407,0,2888.3600,762.1813916302757,1442.6946340543548,1626.1074647350597,,20,89.3706,10000,,0,runs/spec_rdelay/atla_sa_hopper_k0_seed3407/r_spec_action_hopper_eval.json
online,ATLA-SA-PPO,ATLA-SA-PPO,theta_a,spec_action_hopper,act_gauss_0.05,42,0,2817.6047,942.3094117103432,1057.6807710639137,1224.5583629886833,,20,87.1966,10000,,0,runs/spec_rdelay/atla_sa_hopper_k0_seed42/r_spec_action_hopper_eval.json
online,ATLA-SA-PPO,ATLA-SA-PPO,theta_a,spec_action_hopper,act_gauss_0.10,42,1,1940.5185,820.8327277155877,1034.270999890942,1037.937550446225,,20,60.2472,10000,,0,runs/spec_rdelay/atla_sa_hopper_k0_seed42/r_spec_action_hopper_eval.json
online,ATLA-SA-PPO,ATLA-SA-PPO,theta_a,spec_action_hopper,act_gauss_0.20,42,0,1125.5760,437.09694057906495,757.6149980653324,778.2303881157242,,20,35.2073,10000,,0,runs/spec_rdelay/atla_sa_hopper_k0_seed42/r_spec_action_hopper_eval.json
online,ATLA-SA-PPO,ATLA-SA-PPO,theta_a,spec_action_hopper,act_offset_0.05,42,1,1778.3545,856.8477059239414,955.740415083278,971.6530609202018,,20,55.2646,10000,,0,runs/spec_rdelay/atla_sa_hopper_k0_seed42/r_spec_action_hopper_eval.json
online,ATLA-SA-PPO,ATLA-SA-PPO,theta_a,spec_action_hopper,act_oppose_0.10,42,1,1591.5742,626.7829937612881,1014.6375338627587,1017.09994614254,,20,49.5256,10000,,0,runs/spec_rdelay/atla_sa_hopper_k0_seed42/r_spec_action_hopper_eval.json
online,ATLA-SA-PPO,ATLA-SA-PPO,theta_a,spec_action_hopper,act_oppose_0.20,42,0,825.8796,62.426691214018334,686.9481519066829,691.4024444282492,,20,25.9988,10000,,0,runs/spec_rdelay/atla_sa_hopper_k0_seed42/r_spec_action_hopper_eval.json
online,ATLA-SA-PPO,ATLA-SA-PPO,theta_a,spec_action_hopper,act_uni_0.10,42,1,2470.7182,889.9127543425939,1171.0130090222426,1272.867974273304,,20,76.5382,10000,,0,runs/spec_rdelay/atla_sa_hopper_k0_seed42/r_spec_action_hopper_eval.json
online,ATLA-SA-PPO,ATLA-SA-PPO,theta_a,spec_action_hopper,cmd_gauss_0.20,42,0,3541.4384,282.0592757803972,2520.318042059061,2789.3725650796805,,20,109.4371,10000,,0,runs/spec_rdelay/atla_sa_hopper_k0_seed42/r_spec_action_hopper_eval.json
online,ATLA-SA-PPO,ATLA-SA-PPO,theta_a,spec_action_hopper,cmd_oppose_0.20,42,1,3647.9348,16.318253955767013,3622.2452763433503,3627.7269091296193,,20,112.7094,10000,,0,runs/spec_rdelay/atla_sa_hopper_k0_seed42/r_spec_action_hopper_eval.json
online,ATLA-SA-PPO,ATLA-SA-PPO,theta_a,spec_action_hopper,nominal,42,0,3607.7739,22.948817600241945,3581.5667323825096,3583.0787910549116,,20,111.4754,10000,,0,runs/spec_rdelay/atla_sa_hopper_k0_seed42/r_spec_action_hopper_eval.json
online,ATLA-SA-PPO,ATLA-SA-PPO,theta_p,spec_transition_hopper,nominal,0,0,3361.9187,341.35123601075543,2090.0077992021133,2458.012546990777,,20,103.9212,10000,,0,runs/spec_rdelay/atla_sa_hopper_k0_seed0/r_spec_transition_hopper_eval.json
online,ATLA-SA-PPO,ATLA-SA-PPO,theta_p,spec_transition_hopper,trans_t1,0,1,2968.6509,779.063780596806,976.4156639881885,1157.270512748709,,20,91.8377,10000,,0,runs/spec_rdelay/atla_sa_hopper_k0_seed0/r_spec_transition_hopper_eval.json
online,ATLA-SA-PPO,ATLA-SA-PPO,theta_p,spec_transition_hopper,trans_t2,0,0,2827.4017,793.883821715441,1089.4641800860688,1252.0974714496838,,20,87.4976,10000,,0,runs/spec_rdelay/atla_sa_hopper_k0_seed0/r_spec_transition_hopper_eval.json
online,ATLA-SA-PPO,ATLA-SA-PPO,theta_p,spec_transition_hopper,trans_t3,0,0,1533.8773,781.5264057104183,372.4592536002568,469.99765596843383,,20,47.7528,10000,,0,runs/spec_rdelay/atla_sa_hopper_k0_seed0/r_spec_transition_hopper_eval.json
online,ATLA-SA-PPO,ATLA-SA-PPO,theta_p,spec_transition_hopper,nominal,1,0,3506.3703,22.052539218285396,3462.353646770255,3464.847741223968,,20,108.3596,10000,,0,runs/spec_rdelay/atla_sa_hopper_k0_seed1/r_spec_transition_hopper_eval.json
online,ATLA-SA-PPO,ATLA-SA-PPO,theta_p,spec_transition_hopper,trans_t1,1,1,3409.9890,407.8103714767845,1710.7534085857835,2358.6074506232712,,20,105.3982,10000,,0,runs/spec_rdelay/atla_sa_hopper_k0_seed1/r_spec_transition_hopper_eval.json
online,ATLA-SA-PPO,ATLA-SA-PPO,theta_p,spec_transition_hopper,trans_t2,1,0,2795.9442,872.669850071275,1130.8044159316673,1218.5708347720056,,20,86.5311,10000,,0,runs/spec_rdelay/atla_sa_hopper_k0_seed1/r_spec_transition_hopper_eval.json
online,ATLA-SA-PPO,ATLA-SA-PPO,theta_p,spec_transition_hopper,trans_t3,1,0,1419.6703,652.5621828020397,709.7175935148111,725.0111536777764,,20,44.2436,10000,,0,runs/spec_rdelay/atla_sa_hopper_k0_seed1/r_spec_transition_hopper_eval.json
online,ATLA-SA-PPO,ATLA-SA-PPO,theta_p,spec_transition_hopper,nominal,2,0,3522.1390,527.7325840350045,1223.4679458375467,2409.1681330154356,,20,108.8441,10000,,0,runs/spec_rdelay/atla_sa_hopper_k0_seed2/r_spec_transition_hopper_eval.json
online,ATLA-SA-PPO,ATLA-SA-PPO,theta_p,spec_transition_hopper,trans_t1,2,1,3084.2444,937.3354399204427,1175.5442720503095,1190.3492861253626,,20,95.3894,10000,,0,runs/spec_rdelay/atla_sa_hopper_k0_seed2/r_spec_transition_hopper_eval.json
online,ATLA-SA-PPO,ATLA-SA-PPO,theta_p,spec_transition_hopper,trans_t2,2,0,2682.9520,1141.9313743159687,313.3104240001412,318.47259340981947,,20,83.0593,10000,,0,runs/spec_rdelay/atla_sa_hopper_k0_seed2/r_spec_transition_hopper_eval.json
online,ATLA-SA-PPO,ATLA-SA-PPO,theta_p,spec_transition_hopper,trans_t3,2,0,1406.9509,769.4484952768223,283.2451919721372,288.8530233714837,,20,43.8528,10000,,0,runs/spec_rdelay/atla_sa_hopper_k0_seed2/r_spec_transition_hopper_eval.json
online,ATLA-SA-PPO,ATLA-SA-PPO,theta_p,spec_transition_hopper,nominal,3407,0,2888.3600,762.1813916302757,1442.6946340543548,1626.1074647350597,,20,89.3706,10000,,0,runs/spec_rdelay/atla_sa_hopper_k0_seed3407/r_spec_transition_hopper_eval.json
online,ATLA-SA-PPO,ATLA-SA-PPO,theta_p,spec_transition_hopper,trans_t1,3407,1,2505.2072,744.7417887751495,1319.2443632645413,1416.490425303508,,20,77.5979,10000,,0,runs/spec_rdelay/atla_sa_hopper_k0_seed3407/r_spec_transition_hopper_eval.json
online,ATLA-SA-PPO,ATLA-SA-PPO,theta_p,spec_transition_hopper,trans_t2,3407,0,1858.6308,766.0963538276064,914.0791359936095,1069.7166330096727,,20,57.7312,10000,,0,runs/spec_rdelay/atla_sa_hopper_k0_seed3407/r_spec_transition_hopper_eval.json
online,ATLA-SA-PPO,ATLA-SA-PPO,theta_p,spec_transition_hopper,trans_t3,3407,0,1614.0227,680.1244149910477,533.4397765825184,571.0469104670174,,20,50.2153,10000,,0,runs/spec_rdelay/atla_sa_hopper_k0_seed3407/r_spec_transition_hopper_eval.json
online,ATLA-SA-PPO,ATLA-SA-PPO,theta_p,spec_transition_hopper,nominal,42,0,3607.7739,22.948817600241945,3581.5667323825096,3583.0787910549116,,20,111.4754,10000,,0,runs/spec_rdelay/atla_sa_hopper_k0_seed42/r_spec_transition_hopper_eval.json
online,ATLA-SA-PPO,ATLA-SA-PPO,theta_p,spec_transition_hopper,trans_t1,42,1,2960.6088,994.5369449867217,1003.9700782355596,1045.8465866672354,,20,91.5906,10000,,0,runs/spec_rdelay/atla_sa_hopper_k0_seed42/r_spec_transition_hopper_eval.json
online,ATLA-SA-PPO,ATLA-SA-PPO,theta_p,spec_transition_hopper,trans_t2,42,0,2068.0766,1097.1226449850976,719.7077406614463,722.1571848521974,,20,64.1666,10000,,0,runs/spec_rdelay/atla_sa_hopper_k0_seed42/r_spec_transition_hopper_eval.json
online,ATLA-SA-PPO,ATLA-SA-PPO,theta_p,spec_transition_hopper,trans_t3,42,0,1445.9970,1001.7515570152266,321.11136490809656,422.07288791265506,,20,45.0526,10000,,0,runs/spec_rdelay/atla_sa_hopper_k0_seed42/r_spec_transition_hopper_eval.json
online,ATLA-SA-PPO,ATLA-SA-PPO,theta_p,spec_push_hopper,nominal,0,0,3361.9187,341.35123601075543,2090.0077992021133,2458.012546990777,,20,103.9212,10000,,0,runs/spec_rdelay/atla_sa_hopper_k0_seed0/r_spec_push_hopper_eval.json
online,ATLA-SA-PPO,ATLA-SA-PPO,theta_p,spec_push_hopper,push_100,0,0,803.6411,381.4869801472858,279.72186937825444,395.52412868248234,,20,25.3155,10000,,0,runs/spec_rdelay/atla_sa_hopper_k0_seed0/r_spec_push_hopper_eval.json
online,ATLA-SA-PPO,ATLA-SA-PPO,theta_p,spec_push_hopper,push_150,0,0,562.5558,279.9531129339887,33.20003281916591,138.00587927970955,,20,17.9079,10000,,0,runs/spec_rdelay/atla_sa_hopper_k0_seed0/r_spec_push_hopper_eval.json
online,ATLA-SA-PPO,ATLA-SA-PPO,theta_p,spec_push_hopper,push_30,0,0,2837.5626,793.9647179015807,1280.6097223476345,1304.6623374465485,,20,87.8098,10000,,0,runs/spec_rdelay/atla_sa_hopper_k0_seed0/r_spec_push_hopper_eval.json
online,ATLA-SA-PPO,ATLA-SA-PPO,theta_p,spec_push_hopper,push_60,0,1,1209.5627,645.8101085534438,563.5565253124695,583.3730806344365,,20,37.7879,10000,,0,runs/spec_rdelay/atla_sa_hopper_k0_seed0/r_spec_push_hopper_eval.json
online,ATLA-SA-PPO,ATLA-SA-PPO,theta_p,spec_push_hopper,nominal,1,0,3506.3703,22.052539218285396,3462.353646770255,3464.847741223968,,20,108.3596,10000,,0,runs/spec_rdelay/atla_sa_hopper_k0_seed1/r_spec_push_hopper_eval.json
online,ATLA-SA-PPO,ATLA-SA-PPO,theta_p,spec_push_hopper,push_100,1,0,950.8685,438.1237613797758,515.5582292754773,523.7494258430681,,20,29.8392,10000,,0,runs/spec_rdelay/atla_sa_hopper_k0_seed1/r_spec_push_hopper_eval.json
online,ATLA-SA-PPO,ATLA-SA-PPO,theta_p,spec_push_hopper,push_150,1,0,626.6424,311.00672978745547,37.95479384778503,143.5295698271773,,20,19.8770,10000,,0,runs/spec_rdelay/atla_sa_hopper_k0_seed1/r_spec_push_hopper_eval.json
online,ATLA-SA-PPO,ATLA-SA-PPO,theta_p,spec_push_hopper,push_30,1,0,2517.2949,800.0407150168588,1406.8043410260634,1536.8433449360039,,20,77.9693,10000,,0,runs/spec_rdelay/atla_sa_hopper_k0_seed1/r_spec_push_hopper_eval.json
online,ATLA-SA-PPO,ATLA-SA-PPO,theta_p,spec_push_hopper,push_60,1,1,1353.9355,678.1102297017451,598.7451370301911,664.7037185411376,,20,42.2239,10000,,0,runs/spec_rdelay/atla_sa_hopper_k0_seed1/r_spec_push_hopper_eval.json
online,ATLA-SA-PPO,ATLA-SA-PPO,theta_p,spec_push_hopper,nominal,2,0,3522.1390,527.7325840350045,1223.4679458375467,2409.1681330154356,,20,108.8441,10000,,0,runs/spec_rdelay/atla_sa_hopper_k0_seed2/r_spec_push_hopper_eval.json
online,ATLA-SA-PPO,ATLA-SA-PPO,theta_p,spec_push_hopper,push_100,2,0,1029.4147,485.1950258461668,269.44661458746253,290.3989846063871,,20,32.2526,10000,,0,runs/spec_rdelay/atla_sa_hopper_k0_seed2/r_spec_push_hopper_eval.json
online,ATLA-SA-PPO,ATLA-SA-PPO,theta_p,spec_push_hopper,push_150,2,0,606.9661,260.1355474529845,33.15178253469675,137.83048466137137,,20,19.2725,10000,,0,runs/spec_rdelay/atla_sa_hopper_k0_seed2/r_spec_push_hopper_eval.json
online,ATLA-SA-PPO,ATLA-SA-PPO,theta_p,spec_push_hopper,push_30,2,0,2649.8186,795.8070871129826,1164.668547374921,1460.6240777016017,,20,82.0412,10000,,0,runs/spec_rdelay/atla_sa_hopper_k0_seed2/r_spec_push_hopper_eval.json
online,ATLA-SA-PPO,ATLA-SA-PPO,theta_p,spec_push_hopper,push_60,2,1,1546.6310,642.1078094339342,303.4330284937265,476.15645963136194,,20,48.1446,10000,,0,runs/spec_rdelay/atla_sa_hopper_k0_seed2/r_spec_push_hopper_eval.json
online,ATLA-SA-PPO,ATLA-SA-PPO,theta_p,spec_push_hopper,nominal,3407,0,2888.3600,762.1813916302757,1442.6946340543548,1626.1074647350597,,20,89.3706,10000,,0,runs/spec_rdelay/atla_sa_hopper_k0_seed3407/r_spec_push_hopper_eval.json
online,ATLA-SA-PPO,ATLA-SA-PPO,theta_p,spec_push_hopper,push_100,3407,0,923.2760,509.6804097277372,278.5775036281263,399.374387224668,,20,28.9914,10000,,0,runs/spec_rdelay/atla_sa_hopper_k0_seed3407/r_spec_push_hopper_eval.json
online,ATLA-SA-PPO,ATLA-SA-PPO,theta_p,spec_push_hopper,push_150,3407,0,636.9979,307.6216778287421,38.478368059787655,139.68322367648668,,20,20.1952,10000,,0,runs/spec_rdelay/atla_sa_hopper_k0_seed3407/r_spec_push_hopper_eval.json
online,ATLA-SA-PPO,ATLA-SA-PPO,theta_p,spec_push_hopper,push_30,3407,0,2081.4214,710.9501907453104,1030.0349320821128,1136.3536497167065,,20,64.5766,10000,,0,runs/spec_rdelay/atla_sa_hopper_k0_seed3407/r_spec_push_hopper_eval.json
online,ATLA-SA-PPO,ATLA-SA-PPO,theta_p,spec_push_hopper,push_60,3407,1,1516.6211,727.5517299377307,616.5053101974123,695.6844486153527,,20,47.2226,10000,,0,runs/spec_rdelay/atla_sa_hopper_k0_seed3407/r_spec_push_hopper_eval.json
online,ATLA-SA-PPO,ATLA-SA-PPO,theta_p,spec_push_hopper,nominal,42,0,3607.7739,22.948817600241945,3581.5667323825096,3583.0787910549116,,20,111.4754,10000,,0,runs/spec_rdelay/atla_sa_hopper_k0_seed42/r_spec_push_hopper_eval.json
online,ATLA-SA-PPO,ATLA-SA-PPO,theta_p,spec_push_hopper,push_100,42,0,789.0670,400.4012698687016,384.35622350421033,386.4501590862136,,20,24.8677,10000,,0,runs/spec_rdelay/atla_sa_hopper_k0_seed42/r_spec_push_hopper_eval.json
online,ATLA-SA-PPO,ATLA-SA-PPO,theta_p,spec_push_hopper,push_150,42,0,570.1812,289.13895675202986,32.26087316381099,143.78433102923333,,20,18.1422,10000,,0,runs/spec_rdelay/atla_sa_hopper_k0_seed42/r_spec_push_hopper_eval.json
online,ATLA-SA-PPO,ATLA-SA-PPO,theta_p,spec_push_hopper,push_30,42,0,1793.8618,845.7633963800969,742.5989895086731,835.1445008730245,,20,55.7411,10000,,0,runs/spec_rdelay/atla_sa_hopper_k0_seed42/r_spec_push_hopper_eval.json
online,ATLA-SA-PPO,ATLA-SA-PPO,theta_p,spec_push_hopper,push_60,42,1,1189.8760,605.4016791389622,604.0244115178746,639.8752779863382,,20,37.1830,10000,,0,runs/spec_rdelay/atla_sa_hopper_k0_seed42/r_spec_push_hopper_eval.json
online,ATLA-SA-PPO,ATLA-SA-PPO,theta_p,spec_timevar_hopper,gear_ramp_0.8,0,1,3416.9863,56.45555882091388,3366.9639693033287,3368.1527689474133,,20,105.6132,10000,,0,runs/spec_rdelay/atla_sa_hopper_k0_seed0/r_spec_timevar_hopper_eval.json
online,ATLA-SA-PPO,ATLA-SA-PPO,theta_p,spec_timevar_hopper,gear_sine_p200,0,0,2675.5755,798.1173751522749,974.2282561407741,1299.0934296040432,,20,82.8326,10000,,0,runs/spec_rdelay/atla_sa_hopper_k0_seed0/r_spec_timevar_hopper_eval.json
online,ATLA-SA-PPO,ATLA-SA-PPO,theta_p,spec_timevar_hopper,gear_sine_p500,0,1,2363.4639,598.0471925869728,1845.126545373571,1848.0154845660861,,20,73.2427,10000,,0,runs/spec_rdelay/atla_sa_hopper_k0_seed0/r_spec_timevar_hopper_eval.json
online,ATLA-SA-PPO,ATLA-SA-PPO,theta_p,spec_timevar_hopper,gear_static_0.8,0,1,923.0563,57.27638326107547,825.1919391395542,826.0866035727068,,20,28.9847,10000,,0,runs/spec_rdelay/atla_sa_hopper_k0_seed0/r_spec_timevar_hopper_eval.json
online,ATLA-SA-PPO,ATLA-SA-PPO,theta_p,spec_timevar_hopper,gear_step_0.8,0,0,2688.3435,254.53707221446487,2039.7878519283627,2195.3988892962216,,20,83.2249,10000,,0,runs/spec_rdelay/atla_sa_hopper_k0_seed0/r_spec_timevar_hopper_eval.json
online,ATLA-SA-PPO,ATLA-SA-PPO,theta_p,spec_timevar_hopper,gravity_ramp_1.2,0,0,3437.8298,193.51346298707213,2606.057109843258,3028.2705897480932,,20,106.2537,10000,,0,runs/spec_rdelay/atla_sa_hopper_k0_seed0/r_spec_timevar_hopper_eval.json
online,ATLA-SA-PPO,ATLA-SA-PPO,theta_p,spec_timevar_hopper,nominal,0,0,3361.9187,341.35123601075543,2090.0077992021133,2458.012546990777,,20,103.9212,10000,,0,runs/spec_rdelay/atla_sa_hopper_k0_seed0/r_spec_timevar_hopper_eval.json
online,ATLA-SA-PPO,ATLA-SA-PPO,theta_p,spec_timevar_hopper,gear_ramp_0.8,1,1,2217.6812,387.51924833789843,1664.2258301055049,1668.1892225071547,,20,68.7633,10000,,0,runs/spec_rdelay/atla_sa_hopper_k0_seed1/r_spec_timevar_hopper_eval.json
online,ATLA-SA-PPO,ATLA-SA-PPO,theta_p,spec_timevar_hopper,gear_sine_p200,1,0,1126.6933,47.76074229567746,1041.5427757505647,1055.9877955431957,,20,35.2416,10000,,0,runs/spec_rdelay/atla_sa_hopper_k0_seed1/r_spec_timevar_hopper_eval.json
online,ATLA-SA-PPO,ATLA-SA-PPO,theta_p,spec_timevar_hopper,gear_sine_p500,1,1,1792.8028,118.6371805102714,1576.199551393469,1606.462840231619,,20,55.7085,10000,,0,runs/spec_rdelay/atla_sa_hopper_k0_seed1/r_spec_timevar_hopper_eval.json
online,ATLA-SA-PPO,ATLA-SA-PPO,theta_p,spec_timevar_hopper,gear_static_0.8,1,1,793.6094,21.506082207902953,747.7940312930878,753.2494506047813,,20,25.0073,10000,,0,runs/spec_rdelay/atla_sa_hopper_k0_seed1/r_spec_timevar_hopper_eval.json
online,ATLA-SA-PPO,ATLA-SA-PPO,theta_p,spec_timevar_hopper,gear_step_0.8,1,0,2458.0990,171.61084835538244,2271.306947323074,2276.6871884442853,,20,76.1504,10000,,0,runs/spec_rdelay/atla_sa_hopper_k0_seed1/r_spec_timevar_hopper_eval.json
online,ATLA-SA-PPO,ATLA-SA-PPO,theta_p,spec_timevar_hopper,gravity_ramp_1.2,1,0,3338.9457,329.84641054702473,2481.5326306004804,2529.3694098449605,,20,103.2153,10000,,0,runs/spec_rdelay/atla_sa_hopper_k0_seed1/r_spec_timevar_hopper_eval.json
online,ATLA-SA-PPO,ATLA-SA-PPO,theta_p,spec_timevar_hopper,nominal,1,0,3506.3703,22.052539218285396,3462.353646770255,3464.847741223968,,20,108.3596,10000,,0,runs/spec_rdelay/atla_sa_hopper_k0_seed1/r_spec_timevar_hopper_eval.json
online,ATLA-SA-PPO,ATLA-SA-PPO,theta_p,spec_timevar_hopper,gear_ramp_0.8,2,1,2549.4843,654.0397797567284,1363.5587326800623,1374.4793958627138,,20,78.9583,10000,,0,runs/spec_rdelay/atla_sa_hopper_k0_seed2/r_spec_timevar_hopper_eval.json
online,ATLA-SA-PPO,ATLA-SA-PPO,theta_p,spec_timevar_hopper,gear_sine_p200,2,0,318.5764,10.234258604891984,301.48659975323244,303.74401905623137,,20,10.4114,10000,,0,runs/spec_rdelay/atla_sa_hopper_k0_seed2/r_spec_timevar_hopper_eval.json
online,ATLA-SA-PPO,ATLA-SA-PPO,theta_p,spec_timevar_hopper,gear_sine_p500,2,1,331.6593,10.924940635418094,314.99379775932755,315.67467547954766,,20,10.8134,10000,,0,runs/spec_rdelay/atla_sa_hopper_k0_seed2/r_spec_timevar_hopper_eval.json
online,ATLA-SA-PPO,ATLA-SA-PPO,theta_p,spec_timevar_hopper,gear_static_0.8,2,1,1062.4346,247.15853996626484,833.3131698185366,841.8108975871596,,20,33.2672,10000,,0,runs/spec_rdelay/atla_sa_hopper_k0_seed2/r_spec_timevar_hopper_eval.json
online,ATLA-SA-PPO,ATLA-SA-PPO,theta_p,spec_timevar_hopper,gear_step_0.8,2,0,2294.8354,247.03657032694977,1223.4679458375467,1766.7203932489513,,20,71.1340,10000,,0,runs/spec_rdelay/atla_sa_hopper_k0_seed2/r_spec_timevar_hopper_eval.json
online,ATLA-SA-PPO,ATLA-SA-PPO,theta_p,spec_timevar_hopper,gravity_ramp_1.2,2,0,3615.2769,22.815648497608635,3553.5474373986513,3556.4439019198558,,20,111.7059,10000,,0,runs/spec_rdelay/atla_sa_hopper_k0_seed2/r_spec_timevar_hopper_eval.json
online,ATLA-SA-PPO,ATLA-SA-PPO,theta_p,spec_timevar_hopper,nominal,2,0,3522.1390,527.7325840350045,1223.4679458375467,2409.1681330154356,,20,108.8441,10000,,0,runs/spec_rdelay/atla_sa_hopper_k0_seed2/r_spec_timevar_hopper_eval.json
online,ATLA-SA-PPO,ATLA-SA-PPO,theta_p,spec_timevar_hopper,gear_ramp_0.8,3407,1,1945.5075,416.4953089810176,1274.0119633014954,1359.4404985809101,,20,60.4005,10000,,0,runs/spec_rdelay/atla_sa_hopper_k0_seed3407/r_spec_timevar_hopper_eval.json
online,ATLA-SA-PPO,ATLA-SA-PPO,theta_p,spec_timevar_hopper,gear_sine_p200,3407,0,1337.8604,180.2310928505171,978.5285903437757,992.2711996688668,,20,41.7299,10000,,0,runs/spec_rdelay/atla_sa_hopper_k0_seed3407/r_spec_timevar_hopper_eval.json
online,ATLA-SA-PPO,ATLA-SA-PPO,theta_p,spec_timevar_hopper,gear_sine_p500,3407,1,1654.1618,110.2634715946317,1466.7756614741065,1494.8284320011107,,20,51.4486,10000,,0,runs/spec_rdelay/atla_sa_hopper_k0_seed3407/r_spec_timevar_hopper_eval.json
online,ATLA-SA-PPO,ATLA-SA-PPO,theta_p,spec_timevar_hopper,gear_static_0.8,3407,1,820.3928,34.290287053477265,749.4689458973861,754.6111496979995,,20,25.8302,10000,,0,runs/spec_rdelay/atla_sa_hopper_k0_seed3407/r_spec_timevar_hopper_eval.json
online,ATLA-SA-PPO,ATLA-SA-PPO,theta_p,spec_timevar_hopper,gear_step_0.8,3407,0,2266.8142,291.8851948317546,1442.6946340543548,1626.1074647350597,,20,70.2730,10000,,0,runs/spec_rdelay/atla_sa_hopper_k0_seed3407/r_spec_timevar_hopper_eval.json
online,ATLA-SA-PPO,ATLA-SA-PPO,theta_p,spec_timevar_hopper,gravity_ramp_1.2,3407,0,2717.7091,625.6364102095658,1727.9057973971767,1734.8625934529282,,20,84.1272,10000,,0,runs/spec_rdelay/atla_sa_hopper_k0_seed3407/r_spec_timevar_hopper_eval.json
online,ATLA-SA-PPO,ATLA-SA-PPO,theta_p,spec_timevar_hopper,nominal,3407,0,2888.3600,762.1813916302757,1442.6946340543548,1626.1074647350597,,20,89.3706,10000,,0,runs/spec_rdelay/atla_sa_hopper_k0_seed3407/r_spec_timevar_hopper_eval.json
online,ATLA-SA-PPO,ATLA-SA-PPO,theta_p,spec_timevar_hopper,gear_ramp_0.8,42,1,1790.7905,306.26540579517314,1359.496584906642,1388.8056944848754,,20,55.6467,10000,,0,runs/spec_rdelay/atla_sa_hopper_k0_seed42/r_spec_timevar_hopper_eval.json
online,ATLA-SA-PPO,ATLA-SA-PPO,theta_p,spec_timevar_hopper,gear_sine_p200,42,0,1025.7476,27.704886990680187,987.2015454589034,987.2342507635162,,20,32.1400,10000,,0,runs/spec_rdelay/atla_sa_hopper_k0_seed42/r_spec_timevar_hopper_eval.json
online,ATLA-SA-PPO,ATLA-SA-PPO,theta_p,spec_timevar_hopper,gear_sine_p500,42,1,1208.0891,415.5386410040573,685.0798886354435,691.4016521240142,,20,37.7426,10000,,0,runs/spec_rdelay/atla_sa_hopper_k0_seed42/r_spec_timevar_hopper_eval.json
online,ATLA-SA-PPO,ATLA-SA-PPO,theta_p,spec_timevar_hopper,gear_static_0.8,42,1,616.2058,9.51559613372023,599.1292739297304,600.5960261145551,,20,19.5564,10000,,0,runs/spec_rdelay/atla_sa_hopper_k0_seed42/r_spec_timevar_hopper_eval.json
online,ATLA-SA-PPO,ATLA-SA-PPO,theta_p,spec_timevar_hopper,gear_step_0.8,42,0,2372.0743,78.71162570130984,2294.781944918417,2303.6484765635078,,20,73.5072,10000,,0,runs/spec_rdelay/atla_sa_hopper_k0_seed42/r_spec_timevar_hopper_eval.json
online,ATLA-SA-PPO,ATLA-SA-PPO,theta_p,spec_timevar_hopper,gravity_ramp_1.2,42,0,3272.2766,635.4633582630534,1241.8001479900508,1619.3244785787947,,20,101.1669,10000,,0,runs/spec_rdelay/atla_sa_hopper_k0_seed42/r_spec_timevar_hopper_eval.json
online,ATLA-SA-PPO,ATLA-SA-PPO,theta_p,spec_timevar_hopper,nominal,42,0,3607.7739,22.948817600241945,3581.5667323825096,3583.0787910549116,,20,111.4754,10000,,0,runs/spec_rdelay/atla_sa_hopper_k0_seed42/r_spec_timevar_hopper_eval.json
online,ATLA-SA-PPO,ATLA-SA-PPO,theta_tau_exec,spec_timing_hopper,act_delay_8ms,0,1,3368.6343,491.49426812471324,1929.5409901113808,2019.7348203313372,,20,104.1276,10000,,0,runs/spec_rdelay/atla_sa_hopper_k0_seed0/r_spec_timing_hopper_eval.json
online,ATLA-SA-PPO,ATLA-SA-PPO,theta_tau_exec,spec_timing_hopper,act_delay_rand1,0,1,3332.4886,454.20222534275797,2090.0078005495006,2099.968225550397,,20,103.0169,10000,,0,runs/spec_rdelay/atla_sa_hopper_k0_seed0/r_spec_timing_hopper_eval.json
online,ATLA-SA-PPO,ATLA-SA-PPO,theta_tau_exec,spec_timing_hopper,act_delay_rand2,0,0,2422.9256,1397.8804493643588,174.88923401599675,175.2545088527882,,20,75.0697,10000,,0,runs/spec_rdelay/atla_sa_hopper_k0_seed0/r_spec_timing_hopper_eval.json
online,ATLA-SA-PPO,ATLA-SA-PPO,theta_tau_exec,spec_timing_hopper,nominal,0,0,3361.9187,341.35123601075543,2090.0077992021133,2458.012546990777,,20,103.9212,10000,,0,runs/spec_rdelay/atla_sa_hopper_k0_seed0/r_spec_timing_hopper_eval.json
online,ATLA-SA-PPO,ATLA-SA-PPO,theta_tau_exec,spec_timing_hopper,obs_delay_16ms,0,1,1448.9485,1250.557619515154,179.5752937469201,179.84415363793497,,20,45.1432,10000,,0,runs/spec_rdelay/atla_sa_hopper_k0_seed0/r_spec_timing_hopper_eval.json
online,ATLA-SA-PPO,ATLA-SA-PPO,theta_tau_exec,spec_timing_hopper,obs_delay_4ms,0,1,3247.2531,412.6866839958895,2364.32638665082,2392.1089527318354,,20,100.3980,10000,,0,runs/spec_rdelay/atla_sa_hopper_k0_seed0/r_spec_timing_hopper_eval.json
online,ATLA-SA-PPO,ATLA-SA-PPO,theta_tau_exec,spec_timing_hopper,obs_delay_8ms,0,1,3321.4156,477.2632577387674,2031.346144657274,2147.064776978327,,20,102.6767,10000,,0,runs/spec_rdelay/atla_sa_hopper_k0_seed0/r_spec_timing_hopper_eval.json
online,ATLA-SA-PPO,ATLA-SA-PPO,theta_tau_exec,spec_timing_hopper,substep,0,0,2249.5626,1088.90272961872,633.4744274383942,657.732997364601,,20,69.7429,10000,,0,runs/spec_rdelay/atla_sa_hopper_k0_seed0/r_spec_timing_hopper_eval.json
online,ATLA-SA-PPO,ATLA-SA-PPO,theta_tau_exec,spec_timing_hopper,act_delay_8ms,1,1,1839.8370,580.9948652886336,1064.9541295362583,1078.7426782617094,,20,57.1537,10000,,0,runs/spec_rdelay/atla_sa_hopper_k0_seed1/r_spec_timing_hopper_eval.json
online,ATLA-SA-PPO,ATLA-SA-PPO,theta_tau_exec,spec_timing_hopper,act_delay_rand1,1,1,2782.8582,934.8242623384037,1092.5312269871604,1170.3783406332604,,20,86.1290,10000,,0,runs/spec_rdelay/atla_sa_hopper_k0_seed1/r_spec_timing_hopper_eval.json
online,ATLA-SA-PPO,ATLA-SA-PPO,theta_tau_exec,spec_timing_hopper,act_delay_rand2,1,0,2014.9287,1186.673288583863,378.52842760116243,386.4899527881471,,20,62.5336,10000,,0,runs/spec_rdelay/atla_sa_hopper_k0_seed1/r_spec_timing_hopper_eval.json
online,ATLA-SA-PPO,ATLA-SA-PPO,theta_tau_exec,spec_timing_hopper,nominal,1,0,3506.3703,22.052539218285396,3462.353646770255,3464.847741223968,,20,108.3596,10000,,0,runs/spec_rdelay/atla_sa_hopper_k0_seed1/r_spec_timing_hopper_eval.json
online,ATLA-SA-PPO,ATLA-SA-PPO,theta_tau_exec,spec_timing_hopper,obs_delay_16ms,1,1,1368.1465,910.9123760007848,202.64774096182384,210.58849154812503,,20,42.6605,10000,,0,runs/spec_rdelay/atla_sa_hopper_k0_seed1/r_spec_timing_hopper_eval.json
online,ATLA-SA-PPO,ATLA-SA-PPO,theta_tau_exec,spec_timing_hopper,obs_delay_4ms,1,1,3197.1973,573.7070179605821,1614.608446336316,1935.2469988801522,,20,98.8600,10000,,0,runs/spec_rdelay/atla_sa_hopper_k0_seed1/r_spec_timing_hopper_eval.json
online,ATLA-SA-PPO,ATLA-SA-PPO,theta_tau_exec,spec_timing_hopper,obs_delay_8ms,1,1,2735.1686,798.78174832731,1177.9470432932294,1179.8955799304642,,20,84.6637,10000,,0,runs/spec_rdelay/atla_sa_hopper_k0_seed1/r_spec_timing_hopper_eval.json
online,ATLA-SA-PPO,ATLA-SA-PPO,theta_tau_exec,spec_timing_hopper,substep,1,0,1901.8122,953.3593187540586,283.4248626173194,462.2914798679366,,20,59.0579,10000,,0,runs/spec_rdelay/atla_sa_hopper_k0_seed1/r_spec_timing_hopper_eval.json
online,ATLA-SA-PPO,ATLA-SA-PPO,theta_tau_exec,spec_timing_hopper,act_delay_8ms,2,1,1881.7139,884.0062314564087,1126.3408100788474,1141.3258318109758,,20,58.4404,10000,,0,runs/spec_rdelay/atla_sa_hopper_k0_seed2/r_spec_timing_hopper_eval.json
online,ATLA-SA-PPO,ATLA-SA-PPO,theta_tau_exec,spec_timing_hopper,act_delay_rand1,2,1,2933.9229,1035.3484364248072,1208.6976609786143,1216.0828037934693,,20,90.7706,10000,,0,runs/spec_rdelay/atla_sa_hopper_k0_seed2/r_spec_timing_hopper_eval.json
online,ATLA-SA-PPO,ATLA-SA-PPO,theta_tau_exec,spec_timing_hopper,act_delay_rand2,2,0,2034.8907,1159.435780195706,157.68149812556942,305.2424653977021,,20,63.1469,10000,,0,runs/spec_rdelay/atla_sa_hopper_k0_seed2/r_spec_timing_hopper_eval.json
online,ATLA-SA-PPO,ATLA-SA-PPO,theta_tau_exec,spec_timing_hopper,nominal,2,0,3522.1390,527.7325840350045,1223.4679458375467,2409.1681330154356,,20,108.8441,10000,,0,runs/spec_rdelay/atla_sa_hopper_k0_seed2/r_spec_timing_hopper_eval.json
online,ATLA-SA-PPO,ATLA-SA-PPO,theta_tau_exec,spec_timing_hopper,obs_delay_16ms,2,1,1264.3017,497.725403471634,459.20373180396825,459.56538585016125,,20,39.4698,10000,,0,runs/spec_rdelay/atla_sa_hopper_k0_seed2/r_spec_timing_hopper_eval.json
online,ATLA-SA-PPO,ATLA-SA-PPO,theta_tau_exec,spec_timing_hopper,obs_delay_4ms,2,1,2657.6846,1015.298835698609,1248.3314855068015,1293.7706827938398,,20,82.2829,10000,,0,runs/spec_rdelay/atla_sa_hopper_k0_seed2/r_spec_timing_hopper_eval.json
online,ATLA-SA-PPO,ATLA-SA-PPO,theta_tau_exec,spec_timing_hopper,obs_delay_8ms,2,1,2475.8205,1113.9302758459548,1123.0036992676387,1199.0948044282939,,20,76.6949,10000,,0,runs/spec_rdelay/atla_sa_hopper_k0_seed2/r_spec_timing_hopper_eval.json
online,ATLA-SA-PPO,ATLA-SA-PPO,theta_tau_exec,spec_timing_hopper,substep,2,0,1423.9673,690.9050312363706,595.2958131942277,615.4569444606816,,20,44.3757,10000,,0,runs/spec_rdelay/atla_sa_hopper_k0_seed2/r_spec_timing_hopper_eval.json
online,ATLA-SA-PPO,ATLA-SA-PPO,theta_tau_exec,spec_timing_hopper,act_delay_8ms,3407,1,1554.4812,321.65550677892446,975.4642893261267,1032.2875056726393,,20,48.3858,10000,,0,runs/spec_rdelay/atla_sa_hopper_k0_seed3407/r_spec_timing_hopper_eval.json
online,ATLA-SA-PPO,ATLA-SA-PPO,theta_tau_exec,spec_timing_hopper,act_delay_rand1,3407,1,2211.6199,873.2835300312407,1265.771869326206,1284.3835565925338,,20,68.5771,10000,,0,runs/spec_rdelay/atla_sa_hopper_k0_seed3407/r_spec_timing_hopper_eval.json
online,ATLA-SA-PPO,ATLA-SA-PPO,theta_tau_exec,spec_timing_hopper,act_delay_rand2,3407,0,1773.2047,898.2714349242971,427.0518442812067,431.4128285237921,,20,55.1063,10000,,0,runs/spec_rdelay/atla_sa_hopper_k0_seed3407/r_spec_timing_hopper_eval.json
online,ATLA-SA-PPO,ATLA-SA-PPO,theta_tau_exec,spec_timing_hopper,nominal,3407,0,2888.3600,762.1813916302757,1442.6946340543548,1626.1074647350597,,20,89.3706,10000,,0,runs/spec_rdelay/atla_sa_hopper_k0_seed3407/r_spec_timing_hopper_eval.json
online,ATLA-SA-PPO,ATLA-SA-PPO,theta_tau_exec,spec_timing_hopper,obs_delay_16ms,3407,1,1450.8865,372.5412770196559,343.2509270259446,709.6438519469499,,20,45.2028,10000,,0,runs/spec_rdelay/atla_sa_hopper_k0_seed3407/r_spec_timing_hopper_eval.json
online,ATLA-SA-PPO,ATLA-SA-PPO,theta_tau_exec,spec_timing_hopper,obs_delay_4ms,3407,1,1763.1626,510.46707348463394,1149.2299124183705,1192.8245016975243,,20,54.7978,10000,,0,runs/spec_rdelay/atla_sa_hopper_k0_seed3407/r_spec_timing_hopper_eval.json
online,ATLA-SA-PPO,ATLA-SA-PPO,theta_tau_exec,spec_timing_hopper,obs_delay_8ms,3407,1,1613.9173,435.7769389100946,1064.3615660843705,1090.2430374549574,,20,50.2121,10000,,0,runs/spec_rdelay/atla_sa_hopper_k0_seed3407/r_spec_timing_hopper_eval.json
online,ATLA-SA-PPO,ATLA-SA-PPO,theta_tau_exec,spec_timing_hopper,substep,3407,0,1246.7820,543.181447133256,374.0482078699504,452.93319357826584,,20,38.9315,10000,,0,runs/spec_rdelay/atla_sa_hopper_k0_seed3407/r_spec_timing_hopper_eval.json
online,ATLA-SA-PPO,ATLA-SA-PPO,theta_tau_exec,spec_timing_hopper,act_delay_8ms,42,1,1054.0262,326.04742680838547,773.5797003932853,790.1442420303117,,20,33.0089,10000,,0,runs/spec_rdelay/atla_sa_hopper_k0_seed42/r_spec_timing_hopper_eval.json
online,ATLA-SA-PPO,ATLA-SA-PPO,theta_tau_exec,spec_timing_hopper,act_delay_rand1,42,1,2556.7970,1294.6526281763333,845.4322887569675,871.4828946763673,,20,79.1830,10000,,0,runs/spec_rdelay/atla_sa_hopper_k0_seed42/r_spec_timing_hopper_eval.json
online,ATLA-SA-PPO,ATLA-SA-PPO,theta_tau_exec,spec_timing_hopper,act_delay_rand2,42,0,1829.0809,1219.003547359968,405.21931509793296,589.3995077456091,,20,56.8232,10000,,0,runs/spec_rdelay/atla_sa_hopper_k0_seed42/r_spec_timing_hopper_eval.json
online,ATLA-SA-PPO,ATLA-SA-PPO,theta_tau_exec,spec_timing_hopper,nominal,42,0,3607.7739,22.948817600241945,3581.5667323825096,3583.0787910549116,,20,111.4754,10000,,0,runs/spec_rdelay/atla_sa_hopper_k0_seed42/r_spec_timing_hopper_eval.json
online,ATLA-SA-PPO,ATLA-SA-PPO,theta_tau_exec,spec_timing_hopper,obs_delay_16ms,42,1,1212.2531,639.5644868967084,403.0227564395031,552.319547810678,,20,37.8705,10000,,0,runs/spec_rdelay/atla_sa_hopper_k0_seed42/r_spec_timing_hopper_eval.json
online,ATLA-SA-PPO,ATLA-SA-PPO,theta_tau_exec,spec_timing_hopper,obs_delay_4ms,42,1,2164.7129,1109.066085718289,1033.6033149498726,1046.5163350532212,,20,67.1358,10000,,0,runs/spec_rdelay/atla_sa_hopper_k0_seed42/r_spec_timing_hopper_eval.json
online,ATLA-SA-PPO,ATLA-SA-PPO,theta_tau_exec,spec_timing_hopper,obs_delay_8ms,42,1,1646.8782,850.8196585841112,885.1445285570567,888.9458898326319,,20,51.2248,10000,,0,runs/spec_rdelay/atla_sa_hopper_k0_seed42/r_spec_timing_hopper_eval.json
online,ATLA-SA-PPO,ATLA-SA-PPO,theta_tau_exec,spec_timing_hopper,substep,42,0,1177.1847,731.4171094450552,262.09898436564004,360.0612037436315,,20,36.7930,10000,,0,runs/spec_rdelay/atla_sa_hopper_k0_seed42/r_spec_timing_hopper_eval.json
online,DR-SAC,DR-SAC,theta_o,spec_obsadv_hopper,nominal,0,0,3193.5741,8.794826575809255,3175.449399068175,3181.684144387427,1000.0,20,98.7487,10000,last,0,runs/spec_p2_online/DR-SAC/hopper_seed0/r_spec_obsadv_hopper_eval.json
online,DR-SAC,DR-SAC,theta_o,spec_obsadv_hopper,obs_uni_0.05,0,0,2366.8186,839.3600911727644,882.4796589635835,1349.4666935741966,722.65,20,73.3457,10000,last,0,runs/spec_p2_online/DR-SAC/hopper_seed0/r_spec_obsadv_hopper_eval.json
online,DR-SAC,DR-SAC,theta_o,spec_obsadv_hopper,obs_uni_0.10,0,1,1518.1844,522.1320746138746,848.1618562874716,1033.8339399265155,465.75,20,47.2706,10000,last,0,runs/spec_p2_online/DR-SAC/hopper_seed0/r_spec_obsadv_hopper_eval.json
online,DR-SAC,DR-SAC,theta_o,spec_obsadv_hopper,obs_uni_0.15,0,0,782.4614,396.0260271085869,311.65387769934375,346.7289856885071,257.3,20,24.6647,10000,last,0,runs/spec_p2_online/DR-SAC/hopper_seed0/r_spec_obsadv_hopper_eval.json
online,DR-SAC,DR-SAC,theta_o,spec_obsadv_hopper,obs_rel_0.05,0,0,3076.8059,360.11238989563043,1780.1949994204915,2712.5850319495266,959.15,20,95.1608,10000,last,0,runs/spec_p2_online/DR-SAC/hopper_seed0/r_spec_obsadv_hopper_eval.json
online,DR-SAC,DR-SAC,theta_o,spec_obsadv_hopper,obs_rel_0.10,0,1,2663.3177,717.8139243510635,1208.3352605602865,1579.3521790061523,814.85,20,82.4560,10000,last,0,runs/spec_p2_online/DR-SAC/hopper_seed0/r_spec_obsadv_hopper_eval.json
online,DR-SAC,DR-SAC,theta_o,spec_obsadv_hopper,obs_bias_0.05,0,0,2209.1365,1044.3672311296584,580.0928499069024,760.3859593875926,691.1,20,68.5008,10000,last,0,runs/spec_p2_online/DR-SAC/hopper_seed0/r_spec_obsadv_hopper_eval.json
online,DR-SAC,DR-SAC,theta_o,spec_obsadv_hopper,obs_gauss_0.05,0,0,1638.7019,725.0639268338557,361.30160440810107,876.8769910211109,492.0,20,50.9736,10000,last,0,runs/spec_p2_online/DR-SAC/hopper_seed0/r_spec_obsadv_hopper_eval.json
online,DR-SAC,DR-SAC,theta_o,spec_obsadv_hopper,obs_gauss_0.10,0,1,814.7131,421.16663419443734,313.7497963157261,325.5425888595546,267.6,20,25.6557,10000,last,0,runs/spec_p2_online/DR-SAC/hopper_seed0/r_spec_obsadv_hopper_eval.json
online,DR-SAC,DR-SAC,theta_o,spec_obsadv_hopper,obs_shift_0.01,0,0,3121.8328,390.24707821730703,1422.2193146947402,2839.1229916050697,971.95,20,96.5443,10000,last,0,runs/spec_p2_online/DR-SAC/hopper_seed0/r_spec_obsadv_hopper_eval.json
online,DR-SAC,DR-SAC,theta_o,spec_obsadv_hopper,obs_shift_0.02,0,0,1451.3399,634.6129907859442,877.8991673198486,879.7137973810568,448.35,20,45.2167,10000,last,0,runs/spec_p2_online/DR-SAC/hopper_seed0/r_spec_obsadv_hopper_eval.json
online,DR-SAC,DR-SAC,theta_o,spec_obsadv_hopper,nominal,1,0,3295.2357,2.6363380480015692,3290.9307504817,3291.9361500055043,1000.0,20,101.8723,10000,last,0,runs/spec_p2_online/DR-SAC/hopper_seed1/r_spec_obsadv_hopper_eval.json
online,DR-SAC,DR-SAC,theta_o,spec_obsadv_hopper,obs_uni_0.05,1,0,3243.4452,212.60042502632874,2320.203272659993,3076.3771390954885,984.7,20,100.2810,10000,last,0,runs/spec_p2_online/DR-SAC/hopper_seed1/r_spec_obsadv_hopper_eval.json
online,DR-SAC,DR-SAC,theta_o,spec_obsadv_hopper,obs_uni_0.10,1,1,2739.0488,633.0993667495221,1455.7185497747123,1807.454113352857,802.35,20,84.7829,10000,last,0,runs/spec_p2_online/DR-SAC/hopper_seed1/r_spec_obsadv_hopper_eval.json
online,DR-SAC,DR-SAC,theta_o,spec_obsadv_hopper,obs_uni_0.15,1,0,1710.5656,842.3609391575372,765.2859264924732,893.4107947480992,506.3,20,53.1817,10000,last,0,runs/spec_p2_online/DR-SAC/hopper_seed1/r_spec_obsadv_hopper_eval.json
online,DR-SAC,DR-SAC,theta_o,spec_obsadv_hopper,obs_rel_0.05,1,0,3286.2894,8.849411086975174,3262.2199343774555,3273.3666127903134,1000.0,20,101.5974,10000,last,0,runs/spec_p2_online/DR-SAC/hopper_seed1/r_spec_obsadv_hopper_eval.json
online,DR-SAC,DR-SAC,theta_o,spec_obsadv_hopper,obs_rel_0.10,1,1,3286.0329,12.28553297047592,3260.0851085971226,3272.2565588574207,1000.0,20,101.5895,10000,last,0,runs/spec_p2_online/DR-SAC/hopper_seed1/r_spec_obsadv_hopper_eval.json
online,DR-SAC,DR-SAC,theta_o,spec_obsadv_hopper,obs_bias_0.05,1,0,3191.0260,401.59528150367,1457.7194921111798,2864.9436611627266,969.7,20,98.6704,10000,last,0,runs/spec_p2_online/DR-SAC/hopper_seed1/r_spec_obsadv_hopper_eval.json
online,DR-SAC,DR-SAC,theta_o,spec_obsadv_hopper,obs_gauss_0.05,1,0,3058.3952,613.8791375430357,1271.7482474763628,2264.5905833583124,909.55,20,94.5951,10000,last,0,runs/spec_p2_online/DR-SAC/hopper_seed1/r_spec_obsadv_hopper_eval.json
online,DR-SAC,DR-SAC,theta_o,spec_obsadv_hopper,obs_gauss_0.10,1,1,1214.1801,458.9298770877119,631.1252333682161,738.7660359599402,367.2,20,37.9297,10000,last,0,runs/spec_p2_online/DR-SAC/hopper_seed1/r_spec_obsadv_hopper_eval.json
online,DR-SAC,DR-SAC,theta_o,spec_obsadv_hopper,obs_shift_0.01,1,0,3301.7802,2.3548150943099166,3295.8127436058794,3298.6206163631236,1000.0,20,102.0734,10000,last,0,runs/spec_p2_online/DR-SAC/hopper_seed1/r_spec_obsadv_hopper_eval.json
online,DR-SAC,DR-SAC,theta_o,spec_obsadv_hopper,obs_shift_0.02,1,0,3304.0579,3.336031824071578,3293.7568941950026,3299.5621085665016,1000.0,20,102.1434,10000,last,0,runs/spec_p2_online/DR-SAC/hopper_seed1/r_spec_obsadv_hopper_eval.json
online,DR-SAC,DR-SAC,theta_o,spec_obsadv_hopper,nominal,2,0,3228.4636,21.931233147102112,3191.7901816899384,3198.3926493951512,1000.0,20,99.8207,10000,last,0,runs/spec_p2_online/DR-SAC/hopper_seed2/r_spec_obsadv_hopper_eval.json
online,DR-SAC,DR-SAC,theta_o,spec_obsadv_hopper,obs_uni_0.05,2,0,2123.7396,714.9188892284191,1023.5174729515871,1294.2237961222647,633.3,20,65.8769,10000,last,0,runs/spec_p2_online/DR-SAC/hopper_seed2/r_spec_obsadv_hopper_eval.json
online,DR-SAC,DR-SAC,theta_o,spec_obsadv_hopper,obs_uni_0.10,2,1,1257.9292,390.58348341640857,872.8595056153462,893.643622616492,373.9,20,39.2740,10000,last,0,runs/spec_p2_online/DR-SAC/hopper_seed2/r_spec_obsadv_hopper_eval.json
online,DR-SAC,DR-SAC,theta_o,spec_obsadv_hopper,obs_uni_0.15,2,0,954.2611,173.25900710625453,647.8998840335394,757.2510328831138,288.6,20,29.9435,10000,last,0,runs/spec_p2_online/DR-SAC/hopper_seed2/r_spec_obsadv_hopper_eval.json
online,DR-SAC,DR-SAC,theta_o,spec_obsadv_hopper,obs_rel_0.05,2,0,3147.7602,168.6522008261978,2725.630996714723,2895.7758930081955,962.6,20,97.3410,10000,last,0,runs/spec_p2_online/DR-SAC/hopper_seed2/r_spec_obsadv_hopper_eval.json
online,DR-SAC,DR-SAC,theta_o,spec_obsadv_hopper,obs_rel_0.10,2,1,2758.8915,607.1966688461057,1174.1495398696154,1887.1338533399103,836.15,20,85.3926,10000,last,0,runs/spec_p2_online/DR-SAC/hopper_seed2/r_spec_obsadv_hopper_eval.json
online,DR-SAC,DR-SAC,theta_o,spec_obsadv_hopper,obs_bias_0.05,2,0,1849.9744,1423.728768383799,14.769420721913631,17.47648760414635,572.3,20,57.4652,10000,last,0,runs/spec_p2_online/DR-SAC/hopper_seed2/r_spec_obsadv_hopper_eval.json
online,DR-SAC,DR-SAC,theta_o,spec_obsadv_hopper,obs_gauss_0.05,2,0,1473.1765,512.2364746509127,817.3715897379869,963.8314743489802,436.5,20,45.8877,10000,last,0,runs/spec_p2_online/DR-SAC/hopper_seed2/r_spec_obsadv_hopper_eval.json
online,DR-SAC,DR-SAC,theta_o,spec_obsadv_hopper,obs_gauss_0.10,2,1,881.1179,246.9616006449248,547.1827991465784,628.334708643645,268.85,20,27.6961,10000,last,0,runs/spec_p2_online/DR-SAC/hopper_seed2/r_spec_obsadv_hopper_eval.json
online,DR-SAC,DR-SAC,theta_o,spec_obsadv_hopper,obs_shift_0.01,2,0,3241.1533,12.763726158759816,3216.393841265608,3224.737895800545,1000.0,20,100.2106,10000,last,0,runs/spec_p2_online/DR-SAC/hopper_seed2/r_spec_obsadv_hopper_eval.json
online,DR-SAC,DR-SAC,theta_o,spec_obsadv_hopper,obs_shift_0.02,2,0,2607.4667,1289.831054803747,27.33994253994187,668.8586566396706,804.85,20,80.7399,10000,last,0,runs/spec_p2_online/DR-SAC/hopper_seed2/r_spec_obsadv_hopper_eval.json
online,DR-SAC,DR-SAC,theta_o,spec_obsadv_hopper,nominal,3407,0,3531.3227,4.028198764872701,3521.623736927213,3525.3492484132366,1000.0,20,109.1263,10000,last,0,runs/spec_p2_online/DR-SAC/hopper_seed3407/r_spec_obsadv_hopper_eval.json
online,DR-SAC,DR-SAC,theta_o,spec_obsadv_hopper,obs_uni_0.05,3407,0,3158.4659,629.2390495460253,1650.9411731524197,2174.231027436215,898.05,20,97.6699,10000,last,0,runs/spec_p2_online/DR-SAC/hopper_seed3407/r_spec_obsadv_hopper_eval.json
online,DR-SAC,DR-SAC,theta_o,spec_obsadv_hopper,obs_uni_0.10,3407,1,2441.2400,996.6211492351182,893.761970746157,1165.7859918666113,690.05,20,75.6324,10000,last,0,runs/spec_p2_online/DR-SAC/hopper_seed3407/r_spec_obsadv_hopper_eval.json
online,DR-SAC,DR-SAC,theta_o,spec_obsadv_hopper,obs_uni_0.15,3407,0,1171.8959,345.4203406918866,657.0058748276044,839.288486738915,344.55,20,36.6305,10000,last,0,runs/spec_p2_online/DR-SAC/hopper_seed3407/r_spec_obsadv_hopper_eval.json
online,DR-SAC,DR-SAC,theta_o,spec_obsadv_hopper,obs_rel_0.05,3407,0,3527.6885,8.714364706739486,3509.8605411538447,3516.6470190418704,1000.0,20,109.0147,10000,last,0,runs/spec_p2_online/DR-SAC/hopper_seed3407/r_spec_obsadv_hopper_eval.json
online,DR-SAC,DR-SAC,theta_o,spec_obsadv_hopper,obs_rel_0.10,3407,1,3486.1158,14.884777379790364,3448.643527336742,3467.5032981021527,1000.0,20,107.7373,10000,last,0,runs/spec_p2_online/DR-SAC/hopper_seed3407/r_spec_obsadv_hopper_eval.json
online,DR-SAC,DR-SAC,theta_o,spec_obsadv_hopper,obs_bias_0.05,3407,0,2492.1283,1403.8538841061577,240.08608252938882,270.92639096126294,725.95,20,77.1960,10000,last,0,runs/spec_p2_online/DR-SAC/hopper_seed3407/r_spec_obsadv_hopper_eval.json
online,DR-SAC,DR-SAC,theta_o,spec_obsadv_hopper,obs_gauss_0.05,3407,0,2407.0955,960.1928158032557,924.0810380446185,1110.6332604567376,676.9,20,74.5833,10000,last,0,runs/spec_p2_online/DR-SAC/hopper_seed3407/r_spec_obsadv_hopper_eval.json
online,DR-SAC,DR-SAC,theta_o,spec_obsadv_hopper,obs_gauss_0.10,3407,1,1104.2740,365.8725265271926,542.8678990892134,608.1273251080066,327.7,20,34.5528,10000,last,0,runs/spec_p2_online/DR-SAC/hopper_seed3407/r_spec_obsadv_hopper_eval.json
online,DR-SAC,DR-SAC,theta_o,spec_obsadv_hopper,obs_shift_0.01,3407,0,3546.0375,3.359361687895701,3538.477085322321,3542.149771753847,1000.0,20,109.5785,10000,last,0,runs/spec_p2_online/DR-SAC/hopper_seed3407/r_spec_obsadv_hopper_eval.json
online,DR-SAC,DR-SAC,theta_o,spec_obsadv_hopper,obs_shift_0.02,3407,0,3553.3442,3.7702544318413787,3545.4549861232504,3548.119574794537,1000.0,20,109.8030,10000,last,0,runs/spec_p2_online/DR-SAC/hopper_seed3407/r_spec_obsadv_hopper_eval.json
online,DR-SAC,DR-SAC,theta_o,spec_obsadv_hopper,nominal,42,0,3461.4753,10.049814401713451,3445.606863884992,3449.3710781019645,1000.0,20,106.9802,10000,last,0,runs/spec_p2_online/DR-SAC/hopper_seed42/r_spec_obsadv_hopper_eval.json
online,DR-SAC,DR-SAC,theta_o,spec_obsadv_hopper,obs_uni_0.05,42,0,2849.6675,920.2899665375804,999.899614036206,1351.389035306566,809.55,20,88.1818,10000,last,0,runs/spec_p2_online/DR-SAC/hopper_seed42/r_spec_obsadv_hopper_eval.json
online,DR-SAC,DR-SAC,theta_o,spec_obsadv_hopper,obs_uni_0.10,42,1,1174.7383,996.150796022493,7.415079760888052,10.29487161264911,327.15,20,36.7179,10000,last,0,runs/spec_p2_online/DR-SAC/hopper_seed42/r_spec_obsadv_hopper_eval.json
online,DR-SAC,DR-SAC,theta_o,spec_obsadv_hopper,obs_uni_0.15,42,0,606.1956,548.3634347833882,7.340424854456712,9.545960308619465,178.65,20,19.2488,10000,last,0,runs/spec_p2_online/DR-SAC/hopper_seed42/r_spec_obsadv_hopper_eval.json
online,DR-SAC,DR-SAC,theta_o,spec_obsadv_hopper,obs_rel_0.05,42,0,3321.1539,551.3108746515246,919.9526285236991,2915.9763069117043,963.95,20,102.6687,10000,last,0,runs/spec_p2_online/DR-SAC/hopper_seed42/r_spec_obsadv_hopper_eval.json
online,DR-SAC,DR-SAC,theta_o,spec_obsadv_hopper,obs_rel_0.10,42,1,3382.7445,336.36452768552596,1922.4144374274751,3126.799556530876,976.2,20,104.5611,10000,last,0,runs/spec_p2_online/DR-SAC/hopper_seed42/r_spec_obsadv_hopper_eval.json
online,DR-SAC,DR-SAC,theta_o,spec_obsadv_hopper,obs_bias_0.05,42,0,2423.1639,1276.7570049982794,10.888787957588455,549.0523767439254,708.5,20,75.0770,10000,last,0,runs/spec_p2_online/DR-SAC/hopper_seed42/r_spec_obsadv_hopper_eval.json
online,DR-SAC,DR-SAC,theta_o,spec_obsadv_hopper,obs_gauss_0.05,42,0,1722.2688,1014.9426249622229,9.407820275913105,600.5741173837853,482.2,20,53.5413,10000,last,0,runs/spec_p2_online/DR-SAC/hopper_seed42/r_spec_obsadv_hopper_eval.json
online,DR-SAC,DR-SAC,theta_o,spec_obsadv_hopper,obs_gauss_0.10,42,1,648.9520,474.5060201678626,7.150132889333743,9.642709756708978,193.0,20,20.5625,10000,last,0,runs/spec_p2_online/DR-SAC/hopper_seed42/r_spec_obsadv_hopper_eval.json
online,DR-SAC,DR-SAC,theta_o,spec_obsadv_hopper,obs_shift_0.01,42,0,3490.5170,5.336866799801802,3482.3868360228603,3484.5080878275257,1000.0,20,107.8725,10000,last,0,runs/spec_p2_online/DR-SAC/hopper_seed42/r_spec_obsadv_hopper_eval.json
online,DR-SAC,DR-SAC,theta_o,spec_obsadv_hopper,obs_shift_0.02,42,0,3514.1160,6.48560488571962,3500.5999069693685,3504.798691923929,1000.0,20,108.5976,10000,last,0,runs/spec_p2_online/DR-SAC/hopper_seed42/r_spec_obsadv_hopper_eval.json
online,DR-SAC,DR-SAC,theta_o,spec_obsadv_mad_hopper,nominal,0,0,3192.2362,11.702077465722134,3169.1267746427266,3175.157788500296,,20,98.7075,10000,,0,runs/spec_p2_online/DR-SAC/hopper_seed0/r_spec_obsadv_mad_hopper_eval.json
online,DR-SAC,DR-SAC,theta_o,spec_obsadv_mad_hopper,mad_0.02,0,1,2206.6909,751.0079048773279,1172.4738632310434,1330.6310074326775,,20,68.4257,10000,,0,runs/spec_p2_online/DR-SAC/hopper_seed0/r_spec_obsadv_mad_hopper_eval.json
online,DR-SAC,DR-SAC,theta_o,spec_obsadv_mad_hopper,mad_0.035,0,0,1429.7695,561.7641952179304,536.0589119966,743.0418057578667,,20,44.5540,10000,,0,runs/spec_p2_online/DR-SAC/hopper_seed0/r_spec_obsadv_mad_hopper_eval.json
online,DR-SAC,DR-SAC,theta_o,spec_obsadv_mad_hopper,mad_0.05,0,1,1085.1796,474.7810967786556,347.58679140613225,502.53704302415133,,20,33.9661,10000,,0,runs/spec_p2_online/DR-SAC/hopper_seed0/r_spec_obsadv_mad_hopper_eval.json
online,DR-SAC,DR-SAC,theta_o,spec_obsadv_mad_hopper,mad_0.075,0,0,510.3302,191.04739535359448,312.8719156014229,327.82070210846416,,20,16.3032,10000,,0,runs/spec_p2_online/DR-SAC/hopper_seed0/r_spec_obsadv_mad_hopper_eval.json
online,DR-SAC,DR-SAC,theta_o,spec_obsadv_mad_hopper,mad_0.10,0,0,408.7659,170.5545506847925,35.71472235987465,183.01228995953915,,20,13.1826,10000,,0,runs/spec_p2_online/DR-SAC/hopper_seed0/r_spec_obsadv_mad_hopper_eval.json
online,DR-SAC,DR-SAC,theta_o,spec_obsadv_mad_hopper,nominal,1,0,3295.4647,2.6131550632874045,3290.7936500959318,3291.915637515501,,20,101.8793,10000,,0,runs/spec_p2_online/DR-SAC/hopper_seed1/r_spec_obsadv_mad_hopper_eval.json
online,DR-SAC,DR-SAC,theta_o,spec_obsadv_mad_hopper,mad_0.02,1,1,3033.9763,635.6231251671906,1332.3514351260324,2222.486919156823,,20,93.8448,10000,,0,runs/spec_p2_online/DR-SAC/hopper_seed1/r_spec_obsadv_mad_hopper_eval.json
online,DR-SAC,DR-SAC,theta_o,spec_obsadv_mad_hopper,mad_0.035,1,0,2227.4825,982.7446681470341,821.106172986378,1094.5265382530965,,20,69.0645,10000,,0,runs/spec_p2_online/DR-SAC/hopper_seed1/r_spec_obsadv_mad_hopper_eval.json
online,DR-SAC,DR-SAC,theta_o,spec_obsadv_mad_hopper,mad_0.05,1,1,1103.2939,454.39822052497243,18.14815030854667,577.862710400592,,20,34.5227,10000,,0,runs/spec_p2_online/DR-SAC/hopper_seed1/r_spec_obsadv_mad_hopper_eval.json
online,DR-SAC,DR-SAC,theta_o,spec_obsadv_mad_hopper,mad_0.075,1,0,648.2069,263.9088059011596,15.080321278518742,267.0314969123945,,20,20.5396,10000,,0,runs/spec_p2_online/DR-SAC/hopper_seed1/r_spec_obsadv_mad_hopper_eval.json
online,DR-SAC,DR-SAC,theta_o,spec_obsadv_mad_hopper,mad_0.10,1,0,478.0293,182.38693321028026,16.288247385162457,245.7193317657017,,20,15.3108,10000,,0,runs/spec_p2_online/DR-SAC/hopper_seed1/r_spec_obsadv_mad_hopper_eval.json
online,DR-SAC,DR-SAC,theta_o,spec_obsadv_mad_hopper,nominal,2,0,3228.8492,20.15836191971177,3192.376830910461,3199.881204634771,,20,99.8325,10000,,0,runs/spec_p2_online/DR-SAC/hopper_seed2/r_spec_obsadv_mad_hopper_eval.json
online,DR-SAC,DR-SAC,theta_o,spec_obsadv_mad_hopper,mad_0.02,2,1,1816.2424,632.5933599233928,1129.5702590722058,1162.9726923377846,,20,56.4287,10000,,0,runs/spec_p2_online/DR-SAC/hopper_seed2/r_spec_obsadv_mad_hopper_eval.json
online,DR-SAC,DR-SAC,theta_o,spec_obsadv_mad_hopper,mad_0.035,2,0,1238.9595,303.8474309521154,879.9424362032257,958.297928877753,,20,38.6911,10000,,0,runs/spec_p2_online/DR-SAC/hopper_seed2/r_spec_obsadv_mad_hopper_eval.json
online,DR-SAC,DR-SAC,theta_o,spec_obsadv_mad_hopper,mad_0.05,2,1,903.9397,337.0403939811167,20.765118192888437,486.88938175485555,,20,28.3973,10000,,0,runs/spec_p2_online/DR-SAC/hopper_seed2/r_spec_obsadv_mad_hopper_eval.json
online,DR-SAC,DR-SAC,theta_o,spec_obsadv_mad_hopper,mad_0.075,2,0,720.0116,89.42428210467854,590.5798568278216,615.1254683847268,,20,22.7459,10000,,0,runs/spec_p2_online/DR-SAC/hopper_seed2/r_spec_obsadv_mad_hopper_eval.json
online,DR-SAC,DR-SAC,theta_o,spec_obsadv_mad_hopper,mad_0.10,2,0,573.8998,135.590430016196,80.93865724043563,425.3412561767606,,20,18.2565,10000,,0,runs/spec_p2_online/DR-SAC/hopper_seed2/r_spec_obsadv_mad_hopper_eval.json
online,DR-SAC,DR-SAC,theta_o,spec_obsadv_mad_hopper,nominal,3407,0,3531.2651,3.5814526618026514,3524.464788792653,3526.5772507537176,,20,109.1246,10000,,0,runs/spec_p2_online/DR-SAC/hopper_seed3407/r_spec_obsadv_mad_hopper_eval.json
online,DR-SAC,DR-SAC,theta_o,spec_obsadv_mad_hopper,mad_0.02,3407,1,3486.5594,15.211420678447158,3450.7278292354727,3465.192084616284,,20,107.7509,10000,,0,runs/spec_p2_online/DR-SAC/hopper_seed3407/r_spec_obsadv_mad_hopper_eval.json
online,DR-SAC,DR-SAC,theta_o,spec_obsadv_mad_hopper,mad_0.035,3407,0,2307.2218,885.9612294724807,961.9389721840504,1261.780440257981,,20,71.5146,10000,,0,runs/spec_p2_online/DR-SAC/hopper_seed3407/r_spec_obsadv_mad_hopper_eval.json
online,DR-SAC,DR-SAC,theta_o,spec_obsadv_mad_hopper,mad_0.05,3407,1,1116.8039,397.3425346595336,59.683205700483846,735.4592694624223,,20,34.9378,10000,,0,runs/spec_p2_online/DR-SAC/hopper_seed3407/r_spec_obsadv_mad_hopper_eval.json
online,DR-SAC,DR-SAC,theta_o,spec_obsadv_mad_hopper,mad_0.075,3407,0,691.9688,230.71200215802494,57.02411596517758,403.79552427159206,,20,21.8843,10000,,0,runs/spec_p2_online/DR-SAC/hopper_seed3407/r_spec_obsadv_mad_hopper_eval.json
online,DR-SAC,DR-SAC,theta_o,spec_obsadv_mad_hopper,mad_0.10,3407,0,523.6971,155.10633251426677,207.43627900869882,351.51088394867367,,20,16.7139,10000,,0,runs/spec_p2_online/DR-SAC/hopper_seed3407/r_spec_obsadv_mad_hopper_eval.json
online,DR-SAC,DR-SAC,theta_o,spec_obsadv_mad_hopper,nominal,42,0,3461.8130,9.639727657513884,3448.317673215808,3450.83482978728,,20,106.9906,10000,,0,runs/spec_p2_online/DR-SAC/hopper_seed42/r_spec_obsadv_mad_hopper_eval.json
online,DR-SAC,DR-SAC,theta_o,spec_obsadv_mad_hopper,mad_0.02,42,1,2924.1415,979.2617885777455,1057.94791248127,1243.6227711098084,,20,90.4701,10000,,0,runs/spec_p2_online/DR-SAC/hopper_seed42/r_spec_obsadv_mad_hopper_eval.json
online,DR-SAC,DR-SAC,theta_o,spec_obsadv_mad_hopper,mad_0.035,42,0,1375.5091,787.3597901102357,10.90730181248801,605.5594159044958,,20,42.8867,10000,,0,runs/spec_p2_online/DR-SAC/hopper_seed42/r_spec_obsadv_mad_hopper_eval.json
online,DR-SAC,DR-SAC,theta_o,spec_obsadv_mad_hopper,mad_0.05,42,1,687.5943,532.1558927831069,8.034680565430762,9.606802984851601,,20,21.7499,10000,,0,runs/spec_p2_online/DR-SAC/hopper_seed42/r_spec_obsadv_mad_hopper_eval.json
online,DR-SAC,DR-SAC,theta_o,spec_obsadv_mad_hopper,mad_0.075,42,0,402.3285,363.74218816190626,6.420161347962903,9.078566922027326,,20,12.9848,10000,,0,runs/spec_p2_online/DR-SAC/hopper_seed42/r_spec_obsadv_mad_hopper_eval.json
online,DR-SAC,DR-SAC,theta_o,spec_obsadv_mad_hopper,mad_0.10,42,0,316.0789,249.14234899569004,16.14653981272979,28.646241773070095,,20,10.3347,10000,,0,runs/spec_p2_online/DR-SAC/hopper_seed42/r_spec_obsadv_mad_hopper_eval.json
online,DR-SAC,DR-SAC,theta_a,spec_action_hopper,nominal,0,0,3193.5741,8.794826575809255,3175.449399068175,3181.684144387427,1000.0,20,98.7487,10000,last,0,runs/spec_p2_online/DR-SAC/hopper_seed0/r_spec_action_hopper_eval.json
online,DR-SAC,DR-SAC,theta_a,spec_action_hopper,act_gauss_0.05,0,0,3182.1826,15.857096263157358,3152.016391542945,3163.65966601026,1000.0,20,98.3986,10000,last,0,runs/spec_p2_online/DR-SAC/hopper_seed0/r_spec_action_hopper_eval.json
online,DR-SAC,DR-SAC,theta_a,spec_action_hopper,act_gauss_0.10,0,1,2875.1859,573.7832058934126,1494.3385106126389,1995.6537536081414,898.05,20,88.9659,10000,last,0,runs/spec_p2_online/DR-SAC/hopper_seed0/r_spec_action_hopper_eval.json
online,DR-SAC,DR-SAC,theta_a,spec_action_hopper,act_gauss_0.20,0,0,1583.2336,699.2653851349867,840.4739478908394,967.7295898672597,479.05,20,49.2693,10000,last,0,runs/spec_p2_online/DR-SAC/hopper_seed0/r_spec_action_hopper_eval.json
online,DR-SAC,DR-SAC,theta_a,spec_action_hopper,act_uni_0.10,0,1,3080.5442,305.3106200196322,2007.3439511693216,2765.7317977880657,962.8,20,95.2757,10000,last,0,runs/spec_p2_online/DR-SAC/hopper_seed0/r_spec_action_hopper_eval.json
online,DR-SAC,DR-SAC,theta_a,spec_action_hopper,act_offset_0.05,0,1,1556.2055,432.5723495151962,1308.0971957934587,1350.6251658236415,456.75,20,48.4388,10000,last,0,runs/spec_p2_online/DR-SAC/hopper_seed0/r_spec_action_hopper_eval.json
online,DR-SAC,DR-SAC,theta_a,spec_action_hopper,act_oppose_0.10,0,1,1954.6393,680.3381072518415,1149.6138519901274,1185.1682786523863,591.75,20,60.6811,10000,last,0,runs/spec_p2_online/DR-SAC/hopper_seed0/r_spec_action_hopper_eval.json
online,DR-SAC,DR-SAC,theta_a,spec_action_hopper,act_oppose_0.20,0,0,994.7827,12.14911929855997,977.0782655146857,983.4322913364662,299.35,20,31.1885,10000,last,0,runs/spec_p2_online/DR-SAC/hopper_seed0/r_spec_action_hopper_eval.json
online,DR-SAC,DR-SAC,theta_a,spec_action_hopper,cmd_gauss_0.20,0,0,1583.2336,699.2653851349867,840.4739478908394,967.7295898672597,479.05,20,49.2693,10000,last,0,runs/spec_p2_online/DR-SAC/hopper_seed0/r_spec_action_hopper_eval.json
online,DR-SAC,DR-SAC,theta_a,spec_action_hopper,cmd_oppose_0.20,0,1,994.7827,12.14911929855997,977.0782655146857,983.4322913364662,299.35,20,31.1885,10000,last,0,runs/spec_p2_online/DR-SAC/hopper_seed0/r_spec_action_hopper_eval.json
online,DR-SAC,DR-SAC,theta_a,spec_action_hopper,nominal,1,0,3295.2357,2.6363380480015692,3290.9307504817,3291.9361500055043,1000.0,20,101.8723,10000,last,0,runs/spec_p2_online/DR-SAC/hopper_seed1/r_spec_action_hopper_eval.json
online,DR-SAC,DR-SAC,theta_a,spec_action_hopper,act_gauss_0.05,1,0,3271.7849,3.9350573546346004,3264.6874137737914,3266.5663170435946,1000.0,20,101.1518,10000,last,0,runs/spec_p2_online/DR-SAC/hopper_seed1/r_spec_action_hopper_eval.json
online,DR-SAC,DR-SAC,theta_a,spec_action_hopper,act_gauss_0.10,1,1,3238.5929,9.668814308959615,3217.958054570891,3225.929615144688,1000.0,20,100.1319,10000,last,0,runs/spec_p2_online/DR-SAC/hopper_seed1/r_spec_action_hopper_eval.json
online,DR-SAC,DR-SAC,theta_a,spec_action_hopper,act_gauss_0.20,1,0,3177.7884,110.55477641368522,2728.201666617971,3064.0577347059134,985.4,20,98.2636,10000,last,0,runs/spec_p2_online/DR-SAC/hopper_seed1/r_spec_action_hopper_eval.json
online,DR-SAC,DR-SAC,theta_a,spec_action_hopper,act_uni_0.10,1,1,3263.3889,5.9798495767328586,3251.3782901164795,3255.667951426799,1000.0,20,100.8938,10000,last,0,runs/spec_p2_online/DR-SAC/hopper_seed1/r_spec_action_hopper_eval.json
online,DR-SAC,DR-SAC,theta_a,spec_action_hopper,act_offset_0.05,1,1,3225.9646,2.460065489516627,3222.1726621488265,3223.199959689202,1000.0,20,99.7439,10000,last,0,runs/spec_p2_online/DR-SAC/hopper_seed1/r_spec_action_hopper_eval.json
online,DR-SAC,DR-SAC,theta_a,spec_action_hopper,act_oppose_0.10,1,1,3207.4342,12.782384569637788,3176.425506888374,3187.6930349700365,1000.0,20,99.1745,10000,last,0,runs/spec_p2_online/DR-SAC/hopper_seed1/r_spec_action_hopper_eval.json
online,DR-SAC,DR-SAC,theta_a,spec_action_hopper,act_oppose_0.20,1,0,3097.1761,157.68711279605807,2410.157046743517,2983.1754312679222,987.6,20,95.7867,10000,last,0,runs/spec_p2_online/DR-SAC/hopper_seed1/r_spec_action_hopper_eval.json
online,DR-SAC,DR-SAC,theta_a,spec_action_hopper,cmd_gauss_0.20,1,0,3177.7884,110.55477641368522,2728.201666617971,3064.0577347059134,985.4,20,98.2636,10000,last,0,runs/spec_p2_online/DR-SAC/hopper_seed1/r_spec_action_hopper_eval.json
online,DR-SAC,DR-SAC,theta_a,spec_action_hopper,cmd_oppose_0.20,1,1,3097.1761,157.68711279605807,2410.157046743517,2983.1754312679222,987.6,20,95.7867,10000,last,0,runs/spec_p2_online/DR-SAC/hopper_seed1/r_spec_action_hopper_eval.json
online,DR-SAC,DR-SAC,theta_a,spec_action_hopper,nominal,2,0,3228.4636,21.931233147102112,3191.7901816899384,3198.3926493951512,1000.0,20,99.8207,10000,last,0,runs/spec_p2_online/DR-SAC/hopper_seed2/r_spec_action_hopper_eval.json
online,DR-SAC,DR-SAC,theta_a,spec_action_hopper,act_gauss_0.05,2,0,3129.1652,285.37021131437893,1908.5258221351496,2882.5234628415083,973.4,20,96.7696,10000,last,0,runs/spec_p2_online/DR-SAC/hopper_seed2/r_spec_action_hopper_eval.json
online,DR-SAC,DR-SAC,theta_a,spec_action_hopper,act_gauss_0.10,2,1,2846.1799,542.9461428226823,1625.9430697613345,1999.7290206605921,877.8,20,88.0746,10000,last,0,runs/spec_p2_online/DR-SAC/hopper_seed2/r_spec_action_hopper_eval.json
online,DR-SAC,DR-SAC,theta_a,spec_action_hopper,act_gauss_0.20,2,0,2157.4895,755.6534678192227,1054.374817694703,1234.9828900674859,660.65,20,66.9139,10000,last,0,runs/spec_p2_online/DR-SAC/hopper_seed2/r_spec_action_hopper_eval.json
online,DR-SAC,DR-SAC,theta_a,spec_action_hopper,act_uni_0.10,2,1,3077.4647,398.1977115021188,1828.5221727199278,2670.2469798075513,956.15,20,95.1811,10000,last,0,runs/spec_p2_online/DR-SAC/hopper_seed2/r_spec_action_hopper_eval.json
online,DR-SAC,DR-SAC,theta_a,spec_action_hopper,act_offset_0.05,2,1,2891.6041,567.2920253890298,1645.539809932433,1984.7777765543003,896.1,20,89.4703,10000,last,0,runs/spec_p2_online/DR-SAC/hopper_seed2/r_spec_action_hopper_eval.json
online,DR-SAC,DR-SAC,theta_a,spec_action_hopper,act_oppose_0.10,2,1,2152.8115,551.5296911033843,1342.2130562622401,1560.9216622857239,660.65,20,66.7702,10000,last,0,runs/spec_p2_online/DR-SAC/hopper_seed2/r_spec_action_hopper_eval.json
online,DR-SAC,DR-SAC,theta_a,spec_action_hopper,act_oppose_0.20,2,0,1082.0788,147.9002742902345,829.7477021258558,943.9510982916179,343.55,20,33.8708,10000,last,0,runs/spec_p2_online/DR-SAC/hopper_seed2/r_spec_action_hopper_eval.json
online,DR-SAC,DR-SAC,theta_a,spec_action_hopper,cmd_gauss_0.20,2,0,2157.4895,755.6534678192227,1054.374817694703,1234.9828900674859,660.65,20,66.9139,10000,last,0,runs/spec_p2_online/DR-SAC/hopper_seed2/r_spec_action_hopper_eval.json
online,DR-SAC,DR-SAC,theta_a,spec_action_hopper,cmd_oppose_0.20,2,1,1082.0788,147.9002742902345,829.7477021258558,943.9510982916179,343.55,20,33.8708,10000,last,0,runs/spec_p2_online/DR-SAC/hopper_seed2/r_spec_action_hopper_eval.json
online,DR-SAC,DR-SAC,theta_a,spec_action_hopper,nominal,3407,0,3531.3227,4.028198764872701,3521.623736927213,3525.3492484132366,1000.0,20,109.1263,10000,last,0,runs/spec_p2_online/DR-SAC/hopper_seed3407/r_spec_action_hopper_eval.json
online,DR-SAC,DR-SAC,theta_a,spec_action_hopper,act_gauss_0.05,3407,0,3518.5045,5.398959626278157,3507.3821549298023,3511.9193354797158,1000.0,20,108.7325,10000,last,0,runs/spec_p2_online/DR-SAC/hopper_seed3407/r_spec_action_hopper_eval.json
online,DR-SAC,DR-SAC,theta_a,spec_action_hopper,act_gauss_0.10,3407,1,3476.9649,21.340721870321516,3420.234344438932,3445.3268160027546,1000.0,20,107.4561,10000,last,0,runs/spec_p2_online/DR-SAC/hopper_seed3407/r_spec_action_hopper_eval.json
online,DR-SAC,DR-SAC,theta_a,spec_action_hopper,act_gauss_0.20,3407,0,3395.2618,21.189558309558123,3355.76323910064,3370.638575468905,1000.0,20,104.9457,10000,last,0,runs/spec_p2_online/DR-SAC/hopper_seed3407/r_spec_action_hopper_eval.json
online,DR-SAC,DR-SAC,theta_a,spec_action_hopper,act_uni_0.10,3407,1,3510.5323,8.386605764649108,3497.775523832388,3500.8678531862533,1000.0,20,108.4875,10000,last,0,runs/spec_p2_online/DR-SAC/hopper_seed3407/r_spec_action_hopper_eval.json
online,DR-SAC,DR-SAC,theta_a,spec_action_hopper,act_offset_0.05,3407,1,3470.7597,6.866388959399318,3458.2697757800565,3461.611086941882,1000.0,20,107.2655,10000,last,0,runs/spec_p2_online/DR-SAC/hopper_seed3407/r_spec_action_hopper_eval.json
online,DR-SAC,DR-SAC,theta_a,spec_action_hopper,act_oppose_0.10,3407,1,3399.6791,10.618996723998519,3384.1454785420174,3386.8769923483005,1000.0,20,105.0814,10000,last,0,runs/spec_p2_online/DR-SAC/hopper_seed3407/r_spec_action_hopper_eval.json
online,DR-SAC,DR-SAC,theta_a,spec_action_hopper,act_oppose_0.20,3407,0,1535.9514,603.8676224162634,1069.89699799916,1099.4915355890928,466.2,20,47.8165,10000,last,0,runs/spec_p2_online/DR-SAC/hopper_seed3407/r_spec_action_hopper_eval.json
online,DR-SAC,DR-SAC,theta_a,spec_action_hopper,cmd_gauss_0.20,3407,0,3395.2618,21.189558309558123,3355.76323910064,3370.638575468905,1000.0,20,104.9457,10000,last,0,runs/spec_p2_online/DR-SAC/hopper_seed3407/r_spec_action_hopper_eval.json
online,DR-SAC,DR-SAC,theta_a,spec_action_hopper,cmd_oppose_0.20,3407,1,1535.9514,603.8676224162634,1069.89699799916,1099.4915355890928,466.2,20,47.8165,10000,last,0,runs/spec_p2_online/DR-SAC/hopper_seed3407/r_spec_action_hopper_eval.json
online,DR-SAC,DR-SAC,theta_a,spec_action_hopper,nominal,42,0,3461.4753,10.049814401713451,3445.606863884992,3449.3710781019645,1000.0,20,106.9802,10000,last,0,runs/spec_p2_online/DR-SAC/hopper_seed42/r_spec_action_hopper_eval.json
online,DR-SAC,DR-SAC,theta_a,spec_action_hopper,act_gauss_0.05,42,0,3120.1416,747.0934149282451,1123.795813899109,2168.906468878018,905.6,20,96.4924,10000,last,0,runs/spec_p2_online/DR-SAC/hopper_seed42/r_spec_action_hopper_eval.json
online,DR-SAC,DR-SAC,theta_a,spec_action_hopper,act_gauss_0.10,42,1,3262.0069,537.3228226791488,959.6208945411024,2809.866104034973,955.7,20,100.8513,10000,last,0,runs/spec_p2_online/DR-SAC/hopper_seed42/r_spec_action_hopper_eval.json
online,DR-SAC,DR-SAC,theta_a,spec_action_hopper,act_gauss_0.20,42,0,2320.8841,942.8525756250749,912.7078113234811,1181.7200965194127,663.3,20,71.9344,10000,last,0,runs/spec_p2_online/DR-SAC/hopper_seed42/r_spec_action_hopper_eval.json
online,DR-SAC,DR-SAC,theta_a,spec_action_hopper,act_uni_0.10,42,1,3199.1559,678.523390172473,945.1816358522962,2511.249279512041,933.35,20,98.9202,10000,last,0,runs/spec_p2_online/DR-SAC/hopper_seed42/r_spec_action_hopper_eval.json
online,DR-SAC,DR-SAC,theta_a,spec_action_hopper,act_offset_0.05,42,1,3379.1201,11.632707202255977,3341.3000463452095,3363.72970001222,1000.0,20,104.4497,10000,last,0,runs/spec_p2_online/DR-SAC/hopper_seed42/r_spec_action_hopper_eval.json
online,DR-SAC,DR-SAC,theta_a,spec_action_hopper,act_oppose_0.10,42,1,2565.7041,977.2765111660879,1254.9315689198943,1282.2971914141365,730.95,20,79.4567,10000,last,0,runs/spec_p2_online/DR-SAC/hopper_seed42/r_spec_action_hopper_eval.json
online,DR-SAC,DR-SAC,theta_a,spec_action_hopper,act_oppose_0.20,42,0,640.1286,11.836980891021698,618.6760506103277,624.1378736517173,202.8,20,20.2914,10000,last,0,runs/spec_p2_online/DR-SAC/hopper_seed42/r_spec_action_hopper_eval.json
online,DR-SAC,DR-SAC,theta_a,spec_action_hopper,cmd_gauss_0.20,42,0,2320.8841,942.8525756250749,912.7078113234811,1181.7200965194127,663.3,20,71.9344,10000,last,0,runs/spec_p2_online/DR-SAC/hopper_seed42/r_spec_action_hopper_eval.json
online,DR-SAC,DR-SAC,theta_a,spec_action_hopper,cmd_oppose_0.20,42,1,640.1286,11.836980891021698,618.6760506103277,624.1378736517173,202.8,20,20.2914,10000,last,0,runs/spec_p2_online/DR-SAC/hopper_seed42/r_spec_action_hopper_eval.json
online,DR-SAC,DR-SAC,theta_p,spec_transition_hopper,nominal,0,0,3193.5741,8.794826575809255,3175.449399068175,3181.684144387427,1000.0,20,98.7487,10000,last,0,runs/spec_p2_online/DR-SAC/hopper_seed0/r_spec_transition_hopper_eval.json
online,DR-SAC,DR-SAC,theta_p,spec_transition_hopper,trans_t1,0,1,2435.4699,845.055813703813,799.929917406699,1202.22236084165,746.6,20,75.4551,10000,last,0,runs/spec_p2_online/DR-SAC/hopper_seed0/r_spec_transition_hopper_eval.json
online,DR-SAC,DR-SAC,theta_p,spec_transition_hopper,trans_t2,0,0,1964.1442,944.7469763999699,522.5709960566417,723.0332102803578,591.95,20,60.9732,10000,last,0,runs/spec_p2_online/DR-SAC/hopper_seed0/r_spec_transition_hopper_eval.json
online,DR-SAC,DR-SAC,theta_p,spec_transition_hopper,trans_t3,0,0,1018.4420,726.1894177142265,365.0924093390483,409.8484231699472,321.0,20,31.9155,10000,last,0,runs/spec_p2_online/DR-SAC/hopper_seed0/r_spec_transition_hopper_eval.json
online,DR-SAC,DR-SAC,theta_p,spec_transition_hopper,nominal,1,0,3295.2357,2.6363380480015692,3290.9307504817,3291.9361500055043,1000.0,20,101.8723,10000,last,0,runs/spec_p2_online/DR-SAC/hopper_seed1/r_spec_transition_hopper_eval.json
online,DR-SAC,DR-SAC,theta_p,spec_transition_hopper,trans_t1,1,1,3279.9545,32.39410255310688,3178.7239108613267,3235.874343258708,1000.0,20,101.4028,10000,last,0,runs/spec_p2_online/DR-SAC/hopper_seed1/r_spec_transition_hopper_eval.json
online,DR-SAC,DR-SAC,theta_p,spec_transition_hopper,trans_t2,1,0,2370.2410,907.9365873818557,943.7714404272187,1130.3702986709063,726.9,20,73.4509,10000,last,0,runs/spec_p2_online/DR-SAC/hopper_seed1/r_spec_transition_hopper_eval.json
online,DR-SAC,DR-SAC,theta_p,spec_transition_hopper,trans_t3,1,0,916.2224,488.28828127620204,405.20316807903976,501.1275574914299,295.25,20,28.7747,10000,last,0,runs/spec_p2_online/DR-SAC/hopper_seed1/r_spec_transition_hopper_eval.json
online,DR-SAC,DR-SAC,theta_p,spec_transition_hopper,nominal,2,0,3228.4636,21.931233147102112,3191.7901816899384,3198.3926493951512,1000.0,20,99.8207,10000,last,0,runs/spec_p2_online/DR-SAC/hopper_seed2/r_spec_transition_hopper_eval.json
online,DR-SAC,DR-SAC,theta_p,spec_transition_hopper,trans_t1,2,1,2259.3627,827.3073233112418,973.8957100348041,1190.9366795487801,682.15,20,70.0441,10000,last,0,runs/spec_p2_online/DR-SAC/hopper_seed2/r_spec_transition_hopper_eval.json
online,DR-SAC,DR-SAC,theta_p,spec_transition_hopper,trans_t2,2,0,1551.7908,694.6548405500727,808.0460734943351,938.0370916210253,474.3,20,48.3032,10000,last,0,runs/spec_p2_online/DR-SAC/hopper_seed2/r_spec_transition_hopper_eval.json
online,DR-SAC,DR-SAC,theta_p,spec_transition_hopper,trans_t3,2,0,1138.3827,400.22757094475344,543.7848866087668,677.5466339294107,349.9,20,35.6008,10000,last,0,runs/spec_p2_online/DR-SAC/hopper_seed2/r_spec_transition_hopper_eval.json
online,DR-SAC,DR-SAC,theta_p,spec_transition_hopper,nominal,3407,0,3531.3227,4.028198764872701,3521.623736927213,3525.3492484132366,1000.0,20,109.1263,10000,last,0,runs/spec_p2_online/DR-SAC/hopper_seed3407/r_spec_transition_hopper_eval.json
online,DR-SAC,DR-SAC,theta_p,spec_transition_hopper,trans_t1,3407,1,3270.2208,542.2294776872953,1718.7090747421935,2580.41615385336,937.7,20,101.1037,10000,last,0,runs/spec_p2_online/DR-SAC/hopper_seed3407/r_spec_transition_hopper_eval.json
online,DR-SAC,DR-SAC,theta_p,spec_transition_hopper,trans_t2,3407,0,2434.5948,1116.1373917212018,297.144427494088,908.2940334079907,714.1,20,75.4282,10000,last,0,runs/spec_p2_online/DR-SAC/hopper_seed3407/r_spec_transition_hopper_eval.json
online,DR-SAC,DR-SAC,theta_p,spec_transition_hopper,trans_t3,3407,0,1400.0470,715.4524218333845,248.31118472410978,510.60581545641463,421.0,20,43.6407,10000,last,0,runs/spec_p2_online/DR-SAC/hopper_seed3407/r_spec_transition_hopper_eval.json
online,DR-SAC,DR-SAC,theta_p,spec_transition_hopper,nominal,42,0,3461.4753,10.049814401713451,3445.606863884992,3449.3710781019645,1000.0,20,106.9802,10000,last,0,runs/spec_p2_online/DR-SAC/hopper_seed42/r_spec_transition_hopper_eval.json
online,DR-SAC,DR-SAC,theta_p,spec_transition_hopper,trans_t1,42,1,3137.9016,734.2571012743084,1209.5209285172778,2186.8494556901906,907.0,20,97.0381,10000,last,0,runs/spec_p2_online/DR-SAC/hopper_seed42/r_spec_transition_hopper_eval.json
online,DR-SAC,DR-SAC,theta_p,spec_transition_hopper,trans_t2,42,0,2114.0061,965.7394696632065,961.6335071325848,1091.482323402363,598.55,20,65.5778,10000,last,0,runs/spec_p2_online/DR-SAC/hopper_seed42/r_spec_transition_hopper_eval.json
online,DR-SAC,DR-SAC,theta_p,spec_transition_hopper,trans_t3,42,0,1426.6142,1022.0833245113914,443.27394500278655,566.951746929399,411.05,20,44.4570,10000,last,0,runs/spec_p2_online/DR-SAC/hopper_seed42/r_spec_transition_hopper_eval.json
online,DR-SAC,DR-SAC,theta_p,spec_push_hopper,nominal,0,0,3193.5741,8.794826575809255,3175.449399068175,3181.684144387427,1000.0,20,98.7487,10000,last,0,runs/spec_p2_online/DR-SAC/hopper_seed0/r_spec_push_hopper_eval.json
online,DR-SAC,DR-SAC,theta_p,spec_push_hopper,push_30,0,0,2438.4330,721.6615280090283,1162.5297717596804,1446.565620517125,733.05,20,75.5462,10000,last,0,runs/spec_p2_online/DR-SAC/hopper_seed0/r_spec_push_hopper_eval.json
online,DR-SAC,DR-SAC,theta_p,spec_push_hopper,push_60,0,1,1486.7330,680.4461673943154,724.5553265198541,772.0404863058982,448.95,20,46.3042,10000,last,0,runs/spec_p2_online/DR-SAC/hopper_seed0/r_spec_push_hopper_eval.json
online,DR-SAC,DR-SAC,theta_p,spec_push_hopper,push_100,0,0,875.1290,468.70513756465016,266.3569095093489,420.9536329471688,276.25,20,27.5121,10000,last,0,runs/spec_p2_online/DR-SAC/hopper_seed0/r_spec_push_hopper_eval.json
online,DR-SAC,DR-SAC,theta_p,spec_push_hopper,push_150,0,0,794.8411,596.069450614173,232.2047709937687,384.5815171146646,261.6,20,25.0451,10000,last,0,runs/spec_p2_online/DR-SAC/hopper_seed0/r_spec_push_hopper_eval.json
online,DR-SAC,DR-SAC,theta_p,spec_push_hopper,nominal,1,0,3295.2357,2.6363380480015692,3290.9307504817,3291.9361500055043,1000.0,20,101.8723,10000,last,0,runs/spec_p2_online/DR-SAC/hopper_seed1/r_spec_push_hopper_eval.json
online,DR-SAC,DR-SAC,theta_p,spec_push_hopper,push_30,1,0,2064.7662,734.5234264686954,897.0955214250516,1157.422257660257,621.6,20,64.0649,10000,last,0,runs/spec_p2_online/DR-SAC/hopper_seed1/r_spec_push_hopper_eval.json
online,DR-SAC,DR-SAC,theta_p,spec_push_hopper,push_60,1,1,1418.9777,671.020649154234,776.4244324410398,817.9716983720048,426.6,20,44.2224,10000,last,0,runs/spec_p2_online/DR-SAC/hopper_seed1/r_spec_push_hopper_eval.json
online,DR-SAC,DR-SAC,theta_p,spec_push_hopper,push_100,1,0,847.6477,369.3779405839417,284.73748178664744,443.63326705176894,267.5,20,26.6677,10000,last,0,runs/spec_p2_online/DR-SAC/hopper_seed1/r_spec_push_hopper_eval.json
online,DR-SAC,DR-SAC,theta_p,spec_push_hopper,push_150,1,0,666.0087,342.0539544035879,44.762101921816715,317.5660854725003,212.65,20,21.0866,10000,last,0,runs/spec_p2_online/DR-SAC/hopper_seed1/r_spec_push_hopper_eval.json
online,DR-SAC,DR-SAC,theta_p,spec_push_hopper,nominal,2,0,3228.4636,21.931233147102112,3191.7901816899384,3198.3926493951512,1000.0,20,99.8207,10000,last,0,runs/spec_p2_online/DR-SAC/hopper_seed2/r_spec_push_hopper_eval.json
online,DR-SAC,DR-SAC,theta_p,spec_push_hopper,push_30,2,0,2463.7723,705.6442250917115,1123.477044925685,1421.442477426769,742.0,20,76.3247,10000,last,0,runs/spec_p2_online/DR-SAC/hopper_seed2/r_spec_push_hopper_eval.json
online,DR-SAC,DR-SAC,theta_p,spec_push_hopper,push_60,2,1,1333.2559,704.7099744575582,634.5605149966415,687.3387690860353,405.4,20,41.5885,10000,last,0,runs/spec_p2_online/DR-SAC/hopper_seed2/r_spec_push_hopper_eval.json
online,DR-SAC,DR-SAC,theta_p,spec_push_hopper,push_100,2,0,929.0669,609.2037323222801,247.85948443090496,422.11532957072666,291.45,20,29.1693,10000,last,0,runs/spec_p2_online/DR-SAC/hopper_seed2/r_spec_push_hopper_eval.json
online,DR-SAC,DR-SAC,theta_p,spec_push_hopper,push_150,2,0,608.4295,388.93416575478216,51.66580198018992,278.43961398396107,200.4,20,19.3174,10000,last,0,runs/spec_p2_online/DR-SAC/hopper_seed2/r_spec_push_hopper_eval.json
online,DR-SAC,DR-SAC,theta_p,spec_push_hopper,nominal,3407,0,3531.3227,4.028198764872701,3521.623736927213,3525.3492484132366,1000.0,20,109.1263,10000,last,0,runs/spec_p2_online/DR-SAC/hopper_seed3407/r_spec_push_hopper_eval.json
online,DR-SAC,DR-SAC,theta_p,spec_push_hopper,push_30,3407,0,2010.4582,763.8871116243029,256.93276101078226,1190.7258255529034,581.25,20,62.3962,10000,last,0,runs/spec_p2_online/DR-SAC/hopper_seed3407/r_spec_push_hopper_eval.json
online,DR-SAC,DR-SAC,theta_p,spec_push_hopper,push_60,3407,1,1646.2802,681.270467196744,300.1274781699447,830.2107217581946,480.9,20,51.2065,10000,last,0,runs/spec_p2_online/DR-SAC/hopper_seed3407/r_spec_push_hopper_eval.json
online,DR-SAC,DR-SAC,theta_p,spec_push_hopper,push_100,3407,0,920.7740,426.4120086754713,244.35885959533317,477.99624621348255,281.5,20,28.9145,10000,last,0,runs/spec_p2_online/DR-SAC/hopper_seed3407/r_spec_push_hopper_eval.json
online,DR-SAC,DR-SAC,theta_p,spec_push_hopper,push_150,3407,0,627.8784,389.6320888914307,220.54452963746127,334.94572850799534,201.15,20,19.9150,10000,last,0,runs/spec_p2_online/DR-SAC/hopper_seed3407/r_spec_push_hopper_eval.json
online,DR-SAC,DR-SAC,theta_p,spec_push_hopper,nominal,42,0,3461.4753,10.049814401713451,3445.606863884992,3449.3710781019645,1000.0,20,106.9802,10000,last,0,runs/spec_p2_online/DR-SAC/hopper_seed42/r_spec_push_hopper_eval.json
online,DR-SAC,DR-SAC,theta_p,spec_push_hopper,push_30,42,0,2436.7697,987.8443762173736,1021.656344162045,1104.5689094117208,679.7,20,75.4951,10000,last,0,runs/spec_p2_online/DR-SAC/hopper_seed42/r_spec_push_hopper_eval.json
online,DR-SAC,DR-SAC,theta_p,spec_push_hopper,push_60,42,1,1486.2359,847.5283140858146,688.1222009433392,711.1792492262209,411.3,20,46.2889,10000,last,0,runs/spec_p2_online/DR-SAC/hopper_seed42/r_spec_push_hopper_eval.json
online,DR-SAC,DR-SAC,theta_p,spec_push_hopper,push_100,42,0,980.9233,703.3832097434839,305.47184948830056,469.0097238787506,288.6,20,30.7627,10000,last,0,runs/spec_p2_online/DR-SAC/hopper_seed42/r_spec_push_hopper_eval.json
online,DR-SAC,DR-SAC,theta_p,spec_push_hopper,push_150,42,0,760.3053,556.1530661896435,61.6529213694635,343.57950979103487,231.05,20,23.9840,10000,last,0,runs/spec_p2_online/DR-SAC/hopper_seed42/r_spec_push_hopper_eval.json
online,DR-SAC,DR-SAC,theta_p,spec_timevar_hopper,nominal,0,0,3193.5741,8.794826575809255,3175.449399068175,3181.684144387427,1000.0,20,98.7487,10000,last,0,runs/spec_p2_online/DR-SAC/hopper_seed0/r_spec_timevar_hopper_eval.json
online,DR-SAC,DR-SAC,theta_p,spec_timevar_hopper,gear_static_0.8,0,1,916.7899,16.137724782444185,892.7662031450238,898.9906336215918,284.75,20,28.7921,10000,last,0,runs/spec_p2_online/DR-SAC/hopper_seed0/r_spec_timevar_hopper_eval.json
online,DR-SAC,DR-SAC,theta_p,spec_timevar_hopper,gear_step_0.8,0,0,2266.0314,123.36504657665954,2090.771212551606,2124.59795105236,691.7,20,70.2490,10000,last,0,runs/spec_p2_online/DR-SAC/hopper_seed0/r_spec_timevar_hopper_eval.json
online,DR-SAC,DR-SAC,theta_p,spec_timevar_hopper,gear_ramp_0.8,0,1,2424.5219,427.41949549014606,1630.0927230179695,1872.6873246424007,741.2,20,75.1187,10000,last,0,runs/spec_p2_online/DR-SAC/hopper_seed0/r_spec_timevar_hopper_eval.json
online,DR-SAC,DR-SAC,theta_p,spec_timevar_hopper,gear_sine_p200,0,0,1118.8069,41.419741276538645,1074.5786937364574,1080.2897665162477,317.35,20,34.9993,10000,last,0,runs/spec_p2_online/DR-SAC/hopper_seed0/r_spec_timevar_hopper_eval.json
online,DR-SAC,DR-SAC,theta_p,spec_timevar_hopper,gear_sine_p500,0,1,1470.0691,233.67793695728426,1030.0159891125409,1131.4072423982038,437.1,20,45.7922,10000,last,0,runs/spec_p2_online/DR-SAC/hopper_seed0/r_spec_timevar_hopper_eval.json
online,DR-SAC,DR-SAC,theta_p,spec_timevar_hopper,gravity_ramp_1.2,0,0,3197.3282,9.122340430067014,3177.4590210925226,3186.7184294514464,1000.0,20,98.8640,10000,last,0,runs/spec_p2_online/DR-SAC/hopper_seed0/r_spec_timevar_hopper_eval.json
online,DR-SAC,DR-SAC,theta_p,spec_timevar_hopper,nominal,1,0,3295.2357,2.6363380480015692,3290.9307504817,3291.9361500055043,1000.0,20,101.8723,10000,last,0,runs/spec_p2_online/DR-SAC/hopper_seed1/r_spec_timevar_hopper_eval.json
online,DR-SAC,DR-SAC,theta_p,spec_timevar_hopper,gear_static_0.8,1,1,1195.6723,295.8383475740422,908.6599894373244,924.5523597646421,395.65,20,37.3611,10000,last,0,runs/spec_p2_online/DR-SAC/hopper_seed1/r_spec_timevar_hopper_eval.json
online,DR-SAC,DR-SAC,theta_p,spec_timevar_hopper,gear_step_0.8,1,0,2249.0451,27.464259875493262,2206.5892544692397,2222.5500767841754,685.85,20,69.7270,10000,last,0,runs/spec_p2_online/DR-SAC/hopper_seed1/r_spec_timevar_hopper_eval.json
online,DR-SAC,DR-SAC,theta_p,spec_timevar_hopper,gear_ramp_0.8,1,1,3205.3579,34.07829056065815,3077.678994452386,3168.5015595987943,993.9,20,99.1107,10000,last,0,runs/spec_p2_online/DR-SAC/hopper_seed1/r_spec_timevar_hopper_eval.json
online,DR-SAC,DR-SAC,theta_p,spec_timevar_hopper,gear_sine_p200,1,0,3161.2009,394.61105790675816,1934.3606458068832,2660.5209592873407,952.2,20,97.7540,10000,last,0,runs/spec_p2_online/DR-SAC/hopper_seed1/r_spec_timevar_hopper_eval.json
online,DR-SAC,DR-SAC,theta_p,spec_timevar_hopper,gear_sine_p500,1,1,1889.0144,91.59480879661014,1778.3867869040816,1791.7869930848149,545.4,20,58.6647,10000,last,0,runs/spec_p2_online/DR-SAC/hopper_seed1/r_spec_timevar_hopper_eval.json
online,DR-SAC,DR-SAC,theta_p,spec_timevar_hopper,gravity_ramp_1.2,1,0,3295.0025,2.2692506388928093,3291.246573760638,3292.1362865854135,1000.0,20,101.8651,10000,last,0,runs/spec_p2_online/DR-SAC/hopper_seed1/r_spec_timevar_hopper_eval.json
online,DR-SAC,DR-SAC,theta_p,spec_timevar_hopper,nominal,2,0,3228.4636,21.931233147102112,3191.7901816899384,3198.3926493951512,1000.0,20,99.8207,10000,last,0,runs/spec_p2_online/DR-SAC/hopper_seed2/r_spec_timevar_hopper_eval.json
online,DR-SAC,DR-SAC,theta_p,spec_timevar_hopper,gear_static_0.8,2,1,1067.1874,158.19417054591247,789.9752123021569,898.4802002274748,342.45,20,33.4132,10000,last,0,runs/spec_p2_online/DR-SAC/hopper_seed2/r_spec_timevar_hopper_eval.json
online,DR-SAC,DR-SAC,theta_p,spec_timevar_hopper,gear_step_0.8,2,0,2439.3428,227.91725894712803,2152.4364089544265,2229.563332976795,743.9,20,75.5741,10000,last,0,runs/spec_p2_online/DR-SAC/hopper_seed2/r_spec_timevar_hopper_eval.json
online,DR-SAC,DR-SAC,theta_p,spec_timevar_hopper,gear_ramp_0.8,2,1,2141.9925,447.4200764518158,1655.9308066137323,1746.2535986346143,651.65,20,66.4377,10000,last,0,runs/spec_p2_online/DR-SAC/hopper_seed2/r_spec_timevar_hopper_eval.json
online,DR-SAC,DR-SAC,theta_p,spec_timevar_hopper,gear_sine_p200,2,0,970.6050,6.517729382351566,952.9117550695148,961.9051585773553,293.1,20,30.4457,10000,last,0,runs/spec_p2_online/DR-SAC/hopper_seed2/r_spec_timevar_hopper_eval.json
online,DR-SAC,DR-SAC,theta_p,spec_timevar_hopper,gear_sine_p500,2,1,2400.8528,807.602833570291,1468.2629916678966,1638.5345542143427,716.8,20,74.3915,10000,last,0,runs/spec_p2_online/DR-SAC/hopper_seed2/r_spec_timevar_hopper_eval.json
online,DR-SAC,DR-SAC,theta_p,spec_timevar_hopper,gravity_ramp_1.2,2,0,3219.9932,20.58897160116317,3183.0401918807293,3195.0525510657703,1000.0,20,99.5604,10000,last,0,runs/spec_p2_online/DR-SAC/hopper_seed2/r_spec_timevar_hopper_eval.json
online,DR-SAC,DR-SAC,theta_p,spec_timevar_hopper,nominal,3407,0,3531.3227,4.028198764872701,3521.623736927213,3525.3492484132366,1000.0,20,109.1263,10000,last,0,runs/spec_p2_online/DR-SAC/hopper_seed3407/r_spec_timevar_hopper_eval.json
online,DR-SAC,DR-SAC,theta_p,spec_timevar_hopper,gear_static_0.8,3407,1,869.9703,56.92155065799041,829.8508476374371,833.3277752384907,284.45,20,27.3535,10000,last,0,runs/spec_p2_online/DR-SAC/hopper_seed3407/r_spec_timevar_hopper_eval.json
online,DR-SAC,DR-SAC,theta_p,spec_timevar_hopper,gear_step_0.8,3407,0,2556.1779,148.31103662809954,2402.983061309794,2459.2991678311982,731.35,20,79.1640,10000,last,0,runs/spec_p2_online/DR-SAC/hopper_seed3407/r_spec_timevar_hopper_eval.json
online,DR-SAC,DR-SAC,theta_p,spec_timevar_hopper,gear_ramp_0.8,3407,1,3217.4373,144.33080524081805,2852.061086683641,3016.574440068657,937.65,20,99.4819,10000,last,0,runs/spec_p2_online/DR-SAC/hopper_seed3407/r_spec_timevar_hopper_eval.json
online,DR-SAC,DR-SAC,theta_p,spec_timevar_hopper,gear_sine_p200,3407,0,262.3056,16.33724085429683,250.04204417312627,250.5334290967092,117.45,20,8.6824,10000,last,0,runs/spec_p2_online/DR-SAC/hopper_seed3407/r_spec_timevar_hopper_eval.json
online,DR-SAC,DR-SAC,theta_p,spec_timevar_hopper,gear_sine_p500,3407,1,254.4534,5.1296413650265595,245.9047402425405,248.1181699168707,114.75,20,8.4412,10000,last,0,runs/spec_p2_online/DR-SAC/hopper_seed3407/r_spec_timevar_hopper_eval.json
online,DR-SAC,DR-SAC,theta_p,spec_timevar_hopper,gravity_ramp_1.2,3407,0,3533.1746,2.718929271318302,3528.7129752660067,3530.064459534124,1000.0,20,109.1832,10000,last,0,runs/spec_p2_online/DR-SAC/hopper_seed3407/r_spec_timevar_hopper_eval.json
online,DR-SAC,DR-SAC,theta_p,spec_timevar_hopper,nominal,42,0,3461.4753,10.049814401713451,3445.606863884992,3449.3710781019645,1000.0,20,106.9802,10000,last,0,runs/spec_p2_online/DR-SAC/hopper_seed42/r_spec_timevar_hopper_eval.json
online,DR-SAC,DR-SAC,theta_p,spec_timevar_hopper,gear_static_0.8,42,1,605.3275,3.8369756232068792,598.8757843224713,600.9604239120205,195.45,20,19.2221,10000,last,0,runs/spec_p2_online/DR-SAC/hopper_seed42/r_spec_timevar_hopper_eval.json
online,DR-SAC,DR-SAC,theta_p,spec_timevar_hopper,gear_step_0.8,42,0,2502.6244,35.01429585344826,2445.7451004338577,2458.815689152846,706.5,20,77.5185,10000,last,0,runs/spec_p2_online/DR-SAC/hopper_seed42/r_spec_timevar_hopper_eval.json
online,DR-SAC,DR-SAC,theta_p,spec_timevar_hopper,gear_ramp_0.8,42,1,3084.4347,267.8926723819659,2513.885094061724,2743.9873718216845,887.5,20,95.3952,10000,last,0,runs/spec_p2_online/DR-SAC/hopper_seed42/r_spec_timevar_hopper_eval.json
online,DR-SAC,DR-SAC,theta_p,spec_timevar_hopper,gear_sine_p200,42,0,1373.6859,59.6914046912557,1297.8490214794735,1306.4912469276812,372.8,20,42.8307,10000,last,0,runs/spec_p2_online/DR-SAC/hopper_seed42/r_spec_timevar_hopper_eval.json
online,DR-SAC,DR-SAC,theta_p,spec_timevar_hopper,gear_sine_p500,42,1,1803.1226,35.414336192403404,1727.00597242602,1758.3347776906994,497.8,20,56.0256,10000,last,0,runs/spec_p2_online/DR-SAC/hopper_seed42/r_spec_timevar_hopper_eval.json
online,DR-SAC,DR-SAC,theta_p,spec_timevar_hopper,gravity_ramp_1.2,42,0,3476.8560,6.412753864528993,3464.3837090201755,3469.0527373918085,1000.0,20,107.4528,10000,last,0,runs/spec_p2_online/DR-SAC/hopper_seed42/r_spec_timevar_hopper_eval.json
online,DR-SAC,DR-SAC,theta_tau_exec,spec_timing_hopper,nominal,0,0,3193.5741,8.794826575809255,3175.449399068175,3181.684144387427,1000.0,20,98.7487,10000,last,0,runs/spec_p2_online/DR-SAC/hopper_seed0/r_spec_timing_hopper_eval.json
online,DR-SAC,DR-SAC,theta_tau_exec,spec_timing_hopper,act_delay_8ms,0,1,2498.2826,1028.327256073823,910.9843069219696,1027.0592863241832,764.95,20,77.3851,10000,last,0,runs/spec_p2_online/DR-SAC/hopper_seed0/r_spec_timing_hopper_eval.json
online,DR-SAC,DR-SAC,theta_tau_exec,spec_timing_hopper,act_delay_rand1,0,1,2890.6946,754.154075417572,914.670005335647,1930.5344248921447,899.45,20,89.4424,10000,last,0,runs/spec_p2_online/DR-SAC/hopper_seed0/r_spec_timing_hopper_eval.json
online,DR-SAC,DR-SAC,theta_tau_exec,spec_timing_hopper,act_delay_rand2,0,0,2297.0918,1284.9799935220547,284.22446866397433,313.11968669150235,718.35,20,71.2033,10000,last,0,runs/spec_p2_online/DR-SAC/hopper_seed0/r_spec_timing_hopper_eval.json
online,DR-SAC,DR-SAC,theta_tau_exec,spec_timing_hopper,substep,0,0,2902.8981,752.089198076837,693.270591118585,1952.2816602102841,899.1,20,89.8173,10000,last,0,runs/spec_p2_online/DR-SAC/hopper_seed0/r_spec_timing_hopper_eval.json
online,DR-SAC,DR-SAC,theta_tau_exec,spec_timing_hopper,obs_delay_4ms,0,1,3221.3387,14.549036076183794,3192.0942824333483,3202.986360991788,1000.0,20,99.6018,10000,last,0,runs/spec_p2_online/DR-SAC/hopper_seed0/r_spec_timing_hopper_eval.json
online,DR-SAC,DR-SAC,theta_tau_exec,spec_timing_hopper,obs_delay_8ms,0,1,3134.9454,441.3433951362489,1212.64963335138,2810.1749631370876,967.2,20,96.9472,10000,last,0,runs/spec_p2_online/DR-SAC/hopper_seed0/r_spec_timing_hopper_eval.json
online,DR-SAC,DR-SAC,theta_tau_exec,spec_timing_hopper,obs_delay_16ms,0,1,955.2341,984.4280172707117,312.6925144170569,358.1995281900465,311.4,20,29.9734,10000,last,0,runs/spec_p2_online/DR-SAC/hopper_seed0/r_spec_timing_hopper_eval.json
online,DR-SAC,DR-SAC,theta_tau_exec,spec_timing_hopper,nominal,1,0,3295.2357,2.6363380480015692,3290.9307504817,3291.9361500055043,1000.0,20,101.8723,10000,last,0,runs/spec_p2_online/DR-SAC/hopper_seed1/r_spec_timing_hopper_eval.json
online,DR-SAC,DR-SAC,theta_tau_exec,spec_timing_hopper,act_delay_8ms,1,1,3308.3986,10.35192000512979,3285.7440140956983,3294.8888499042396,1000.0,20,102.2768,10000,last,0,runs/spec_p2_online/DR-SAC/hopper_seed1/r_spec_timing_hopper_eval.json
online,DR-SAC,DR-SAC,theta_tau_exec,spec_timing_hopper,act_delay_rand1,1,1,3298.5231,9.176844797012352,3285.7440140956983,3290.4634765138667,1000.0,20,101.9733,10000,last,0,runs/spec_p2_online/DR-SAC/hopper_seed1/r_spec_timing_hopper_eval.json
online,DR-SAC,DR-SAC,theta_tau_exec,spec_timing_hopper,act_delay_rand2,1,0,2483.4508,1422.5801270099694,18.899247502072335,19.53002550477298,754.55,20,76.9294,10000,last,0,runs/spec_p2_online/DR-SAC/hopper_seed1/r_spec_timing_hopper_eval.json
online,DR-SAC,DR-SAC,theta_tau_exec,spec_timing_hopper,substep,1,0,3314.9752,10.5093227344637,3302.221715712873,3304.7360414113077,1000.0,20,102.4788,10000,last,0,runs/spec_p2_online/DR-SAC/hopper_seed1/r_spec_timing_hopper_eval.json
online,DR-SAC,DR-SAC,theta_tau_exec,spec_timing_hopper,obs_delay_4ms,1,1,3291.8710,4.357735173173705,3285.661629159172,3286.6146865644378,1000.0,20,101.7689,10000,last,0,runs/spec_p2_online/DR-SAC/hopper_seed1/r_spec_timing_hopper_eval.json
online,DR-SAC,DR-SAC,theta_tau_exec,spec_timing_hopper,obs_delay_8ms,1,1,3298.6210,9.694058390679768,3272.658004436532,3287.5133878747984,1000.0,20,101.9763,10000,last,0,runs/spec_p2_online/DR-SAC/hopper_seed1/r_spec_timing_hopper_eval.json
online,DR-SAC,DR-SAC,theta_tau_exec,spec_timing_hopper,obs_delay_16ms,1,1,1400.5549,1276.2057081372348,13.37928501016304,15.176268961606604,416.3,20,43.6563,10000,last,0,runs/spec_p2_online/DR-SAC/hopper_seed1/r_spec_timing_hopper_eval.json
online,DR-SAC,DR-SAC,theta_tau_exec,spec_timing_hopper,nominal,2,0,3228.4636,21.931233147102112,3191.7901816899384,3198.3926493951512,1000.0,20,99.8207,10000,last,0,runs/spec_p2_online/DR-SAC/hopper_seed2/r_spec_timing_hopper_eval.json
online,DR-SAC,DR-SAC,theta_tau_exec,spec_timing_hopper,act_delay_8ms,2,1,1257.9683,241.30777324826215,870.8717300081893,1059.467636746905,369.75,20,39.2752,10000,last,0,runs/spec_p2_online/DR-SAC/hopper_seed2/r_spec_timing_hopper_eval.json
online,DR-SAC,DR-SAC,theta_tau_exec,spec_timing_hopper,act_delay_rand1,2,1,2435.4650,976.9732260539371,1128.4343583414704,1174.629500303169,744.45,20,75.4550,10000,last,0,runs/spec_p2_online/DR-SAC/hopper_seed2/r_spec_timing_hopper_eval.json
online,DR-SAC,DR-SAC,theta_tau_exec,spec_timing_hopper,act_delay_rand2,2,0,1734.3810,1010.3400511984296,613.1000171647662,792.3383680647831,527.3,20,53.9135,10000,last,0,runs/spec_p2_online/DR-SAC/hopper_seed2/r_spec_timing_hopper_eval.json
online,DR-SAC,DR-SAC,theta_tau_exec,spec_timing_hopper,substep,2,0,2715.7898,669.1865021653566,941.4388691728603,1715.3917877953288,822.4,20,84.0682,10000,last,0,runs/spec_p2_online/DR-SAC/hopper_seed2/r_spec_timing_hopper_eval.json
online,DR-SAC,DR-SAC,theta_tau_exec,spec_timing_hopper,obs_delay_4ms,2,1,2557.3295,687.9976098206781,1710.134071944518,1726.5467402135673,773.55,20,79.1994,10000,last,0,runs/spec_p2_online/DR-SAC/hopper_seed2/r_spec_timing_hopper_eval.json
online,DR-SAC,DR-SAC,theta_tau_exec,spec_timing_hopper,obs_delay_8ms,2,1,1744.2336,776.3568037812815,1136.6329088242285,1167.8731854916728,519.65,20,54.2162,10000,last,0,runs/spec_p2_online/DR-SAC/hopper_seed2/r_spec_timing_hopper_eval.json
online,DR-SAC,DR-SAC,theta_tau_exec,spec_timing_hopper,obs_delay_16ms,2,1,1128.3956,516.3676920341758,608.9653902701427,727.1116101243733,341.2,20,35.2939,10000,last,0,runs/spec_p2_online/DR-SAC/hopper_seed2/r_spec_timing_hopper_eval.json
online,DR-SAC,DR-SAC,theta_tau_exec,spec_timing_hopper,nominal,3407,0,3531.3227,4.028198764872701,3521.623736927213,3525.3492484132366,1000.0,20,109.1263,10000,last,0,runs/spec_p2_online/DR-SAC/hopper_seed3407/r_spec_timing_hopper_eval.json
online,DR-SAC,DR-SAC,theta_tau_exec,spec_timing_hopper,act_delay_8ms,3407,1,2897.9927,502.76956749629755,2378.7267702333147,2401.477962839709,823.95,20,89.6666,10000,last,0,runs/spec_p2_online/DR-SAC/hopper_seed3407/r_spec_timing_hopper_eval.json
online,DR-SAC,DR-SAC,theta_tau_exec,spec_timing_hopper,act_delay_rand1,3407,1,3288.3093,443.71618665438467,2378.7267702333147,2575.945071260924,933.05,20,101.6595,10000,last,0,runs/spec_p2_online/DR-SAC/hopper_seed3407/r_spec_timing_hopper_eval.json
online,DR-SAC,DR-SAC,theta_tau_exec,spec_timing_hopper,act_delay_rand2,3407,0,2594.9953,1051.591267255777,726.3603898332558,930.6901426221195,740.7,20,80.3567,10000,last,0,runs/spec_p2_online/DR-SAC/hopper_seed3407/r_spec_timing_hopper_eval.json
online,DR-SAC,DR-SAC,theta_tau_exec,spec_timing_hopper,substep,3407,0,3443.9087,563.3692500910109,989.0502821225767,3042.112092386201,963.8,20,106.4404,10000,last,0,runs/spec_p2_online/DR-SAC/hopper_seed3407/r_spec_timing_hopper_eval.json
online,DR-SAC,DR-SAC,theta_tau_exec,spec_timing_hopper,obs_delay_4ms,3407,1,3546.8293,4.134706966912468,3534.345443148063,3541.758575902882,1000.0,20,109.6028,10000,last,0,runs/spec_p2_online/DR-SAC/hopper_seed3407/r_spec_timing_hopper_eval.json
online,DR-SAC,DR-SAC,theta_tau_exec,spec_timing_hopper,obs_delay_8ms,3407,1,2984.8639,611.1490806717845,2095.7249669482926,2140.078116927918,852.65,20,92.3358,10000,last,0,runs/spec_p2_online/DR-SAC/hopper_seed3407/r_spec_timing_hopper_eval.json
online,DR-SAC,DR-SAC,theta_tau_exec,spec_timing_hopper,obs_delay_16ms,3407,1,2467.5133,1166.6656060375078,684.3625635778986,901.3386299223305,711.8,20,76.4397,10000,last,0,runs/spec_p2_online/DR-SAC/hopper_seed3407/r_spec_timing_hopper_eval.json
online,DR-SAC,DR-SAC,theta_tau_exec,spec_timing_hopper,nominal,42,0,3461.4753,10.049814401713451,3445.606863884992,3449.3710781019645,1000.0,20,106.9802,10000,last,0,runs/spec_p2_online/DR-SAC/hopper_seed42/r_spec_timing_hopper_eval.json
online,DR-SAC,DR-SAC,theta_tau_exec,spec_timing_hopper,act_delay_8ms,42,1,3214.7377,727.4263900525108,1310.4251020190943,2285.4993037246522,908.3,20,99.3989,10000,last,0,runs/spec_p2_online/DR-SAC/hopper_seed42/r_spec_timing_hopper_eval.json
online,DR-SAC,DR-SAC,theta_tau_exec,spec_timing_hopper,act_delay_rand1,42,1,3279.6958,607.5129012504307,1310.4251020190943,2654.7550632633693,938.55,20,101.3948,10000,last,0,runs/spec_p2_online/DR-SAC/hopper_seed42/r_spec_timing_hopper_eval.json
online,DR-SAC,DR-SAC,theta_tau_exec,spec_timing_hopper,act_delay_rand2,42,0,2503.0421,1396.2472078511237,7.099254524877762,314.3292775168508,716.85,20,77.5314,10000,last,0,runs/spec_p2_online/DR-SAC/hopper_seed42/r_spec_timing_hopper_eval.json
online,DR-SAC,DR-SAC,theta_tau_exec,spec_timing_hopper,substep,42,0,3307.3447,649.5565254475536,883.5718599106623,2663.766494185208,940.0,20,102.2444,10000,last,0,runs/spec_p2_online/DR-SAC/hopper_seed42/r_spec_timing_hopper_eval.json
online,DR-SAC,DR-SAC,theta_tau_exec,spec_timing_hopper,obs_delay_4ms,42,1,3503.9865,13.045535286333118,3465.0054420556635,3486.3436275529034,1000.0,20,108.2864,10000,last,0,runs/spec_p2_online/DR-SAC/hopper_seed42/r_spec_timing_hopper_eval.json
online,DR-SAC,DR-SAC,theta_tau_exec,spec_timing_hopper,obs_delay_8ms,42,1,3514.7540,16.554450404379427,3490.759481973489,3496.92056576088,1000.0,20,108.6172,10000,last,0,runs/spec_p2_online/DR-SAC/hopper_seed42/r_spec_timing_hopper_eval.json
online,DR-SAC,DR-SAC,theta_tau_exec,spec_timing_hopper,obs_delay_16ms,42,1,1824.8387,1038.936309497331,787.7541579353411,846.0448918828924,506.25,20,56.6929,10000,last,0,runs/spec_p2_online/DR-SAC/hopper_seed42/r_spec_timing_hopper_eval.json
online,RSC-SAC,RSC-SAC,theta_o,spec_obsadv_hopper,nominal,0,0,3117.3021,618.5380106159167,1606.7325055807519,1665.1140786992737,,20,96.4051,10000,,0,runs/spec_p2_online/RSC-SAC/hopper_seed0/r_spec_obsadv_hopper_eval.json
online,RSC-SAC,RSC-SAC,theta_o,spec_obsadv_hopper,obs_uni_0.05,0,0,2011.5331,640.3074175936224,1012.4299301719609,1091.4466649636279,,20,62.4292,10000,,0,runs/spec_p2_online/RSC-SAC/hopper_seed0/r_spec_obsadv_hopper_eval.json
online,RSC-SAC,RSC-SAC,theta_o,spec_obsadv_hopper,obs_uni_0.10,0,1,1228.0023,319.48185248417116,588.4233989691064,727.7201173155303,,20,38.3544,10000,,0,runs/spec_p2_online/RSC-SAC/hopper_seed0/r_spec_obsadv_hopper_eval.json
online,RSC-SAC,RSC-SAC,theta_o,spec_obsadv_hopper,obs_uni_0.15,0,0,600.9981,270.8731289143215,211.05699480295027,223.56760666478607,,20,19.0891,10000,,0,runs/spec_p2_online/RSC-SAC/hopper_seed0/r_spec_obsadv_hopper_eval.json
online,RSC-SAC,RSC-SAC,theta_o,spec_obsadv_hopper,obs_rel_0.05,0,0,3197.8810,431.7359298435889,1589.0025492202044,2084.0865807728724,,20,98.8810,10000,,0,runs/spec_p2_online/RSC-SAC/hopper_seed0/r_spec_obsadv_hopper_eval.json
online,RSC-SAC,RSC-SAC,theta_o,spec_obsadv_hopper,obs_rel_0.10,0,1,2480.3416,593.9339356597911,1177.1652469084913,1435.4106400228939,,20,76.8339,10000,,0,runs/spec_p2_online/RSC-SAC/hopper_seed0/r_spec_obsadv_hopper_eval.json
online,RSC-SAC,RSC-SAC,theta_o,spec_obsadv_hopper,obs_bias_0.05,0,0,1680.6990,1234.7428049675968,91.93564789015892,137.02873430218017,,20,52.2640,10000,,0,runs/spec_p2_online/RSC-SAC/hopper_seed0/r_spec_obsadv_hopper_eval.json
online,RSC-SAC,RSC-SAC,theta_o,spec_obsadv_hopper,obs_gauss_0.05,0,0,1179.0352,386.6447021348762,672.5138076558623,681.0816641638521,,20,36.8499,10000,,0,runs/spec_p2_online/RSC-SAC/hopper_seed0/r_spec_obsadv_hopper_eval.json
online,RSC-SAC,RSC-SAC,theta_o,spec_obsadv_hopper,obs_gauss_0.10,0,1,604.5558,251.51872062113236,301.74682667754763,303.17308499929766,,20,19.1984,10000,,0,runs/spec_p2_online/RSC-SAC/hopper_seed0/r_spec_obsadv_hopper_eval.json
online,RSC-SAC,RSC-SAC,theta_o,spec_obsadv_hopper,obs_shift_0.01,0,0,1259.6752,68.35781955696675,1119.5611886141028,1129.7837927234368,,20,39.3276,10000,,0,runs/spec_p2_online/RSC-SAC/hopper_seed0/r_spec_obsadv_hopper_eval.json
online,RSC-SAC,RSC-SAC,theta_o,spec_obsadv_hopper,obs_shift_0.02,0,0,1014.6986,19.01234727457128,1001.198719412512,1001.6097308120679,,20,31.8005,10000,,0,runs/spec_p2_online/RSC-SAC/hopper_seed0/r_spec_obsadv_hopper_eval.json
online,RSC-SAC,RSC-SAC,theta_o,spec_obsadv_hopper,nominal,1,0,1599.4871,155.3743998937684,1377.049012902747,1380.2481699451573,,20,49.7687,10000,,0,runs/spec_p2_online/RSC-SAC/hopper_seed1/r_spec_obsadv_hopper_eval.json
online,RSC-SAC,RSC-SAC,theta_o,spec_obsadv_hopper,obs_uni_0.05,1,0,1670.3097,610.9246085756588,1068.7208652819966,1077.0748520527372,,20,51.9448,10000,,0,runs/spec_p2_online/RSC-SAC/hopper_seed1/r_spec_obsadv_hopper_eval.json
online,RSC-SAC,RSC-SAC,theta_o,spec_obsadv_hopper,obs_uni_0.10,1,1,1330.0772,613.7786238958488,231.49371902919196,588.5792123548151,,20,41.4908,10000,,0,runs/spec_p2_online/RSC-SAC/hopper_seed1/r_spec_obsadv_hopper_eval.json
online,RSC-SAC,RSC-SAC,theta_o,spec_obsadv_hopper,obs_uni_0.15,1,0,979.6156,488.5732815295984,184.26132912913786,207.87892102599636,,20,30.7225,10000,,0,runs/spec_p2_online/RSC-SAC/hopper_seed1/r_spec_obsadv_hopper_eval.json
online,RSC-SAC,RSC-SAC,theta_o,spec_obsadv_hopper,obs_rel_0.05,1,0,1594.7567,136.4594556592216,1389.796107674394,1423.1231886071064,,20,49.6234,10000,,0,runs/spec_p2_online/RSC-SAC/hopper_seed1/r_spec_obsadv_hopper_eval.json
online,RSC-SAC,RSC-SAC,theta_o,spec_obsadv_hopper,obs_rel_0.10,1,1,2056.6152,655.9001542956371,1317.096088245665,1358.7842031545974,,20,63.8144,10000,,0,runs/spec_p2_online/RSC-SAC/hopper_seed1/r_spec_obsadv_hopper_eval.json
online,RSC-SAC,RSC-SAC,theta_o,spec_obsadv_hopper,obs_bias_0.05,1,0,1811.2212,1213.5263453495527,22.735411832966097,23.95437255206896,,20,56.2744,10000,,0,runs/spec_p2_online/RSC-SAC/hopper_seed1/r_spec_obsadv_hopper_eval.json
online,RSC-SAC,RSC-SAC,theta_o,spec_obsadv_hopper,obs_gauss_0.05,1,0,1359.0861,397.26180396997484,274.7232519895391,668.6914866945422,,20,42.3821,10000,,0,runs/spec_p2_online/RSC-SAC/hopper_seed1/r_spec_obsadv_hopper_eval.json
online,RSC-SAC,RSC-SAC,theta_o,spec_obsadv_hopper,obs_gauss_0.10,1,1,841.8325,563.3000870564272,10.886013355585508,19.159473198828827,,20,26.4890,10000,,0,runs/spec_p2_online/RSC-SAC/hopper_seed1/r_spec_obsadv_hopper_eval.json
online,RSC-SAC,RSC-SAC,theta_o,spec_obsadv_hopper,obs_shift_0.01,1,0,1551.4481,52.726713398121234,1427.1044782956674,1435.4825066350982,,20,48.2926,10000,,0,runs/spec_p2_online/RSC-SAC/hopper_seed1/r_spec_obsadv_hopper_eval.json
online,RSC-SAC,RSC-SAC,theta_o,spec_obsadv_hopper,obs_shift_0.02,1,0,174.6315,449.1449224699108,23.41214172354731,23.433810747842937,,20,5.9885,10000,,0,runs/spec_p2_online/RSC-SAC/hopper_seed1/r_spec_obsadv_hopper_eval.json
online,RSC-SAC,RSC-SAC,theta_o,spec_obsadv_hopper,nominal,2,0,3085.2361,53.15329801308853,2985.967480119514,2989.3842211771953,,20,95.4199,10000,,0,runs/spec_p2_online/RSC-SAC/hopper_seed2/r_spec_obsadv_hopper_eval.json
online,RSC-SAC,RSC-SAC,theta_o,spec_obsadv_hopper,obs_uni_0.05,2,0,542.2693,1014.7677727206194,11.915516843633943,12.613069884443746,,20,17.2846,10000,,0,runs/spec_p2_online/RSC-SAC/hopper_seed2/r_spec_obsadv_hopper_eval.json
online,RSC-SAC,RSC-SAC,theta_o,spec_obsadv_hopper,obs_uni_0.10,2,1,87.5415,303.6797466223165,11.133535742394068,11.368729718989474,,20,3.3126,10000,,0,runs/spec_p2_online/RSC-SAC/hopper_seed2/r_spec_obsadv_hopper_eval.json
online,RSC-SAC,RSC-SAC,theta_o,spec_obsadv_hopper,obs_uni_0.15,2,0,51.4159,145.4736925250688,11.36131888759418,11.49781173277724,,20,2.2026,10000,,0,runs/spec_p2_online/RSC-SAC/hopper_seed2/r_spec_obsadv_hopper_eval.json
online,RSC-SAC,RSC-SAC,theta_o,spec_obsadv_hopper,obs_rel_0.05,2,0,3067.6398,180.18636060575727,2309.5508700774667,2661.017193713486,,20,94.8792,10000,,0,runs/spec_p2_online/RSC-SAC/hopper_seed2/r_spec_obsadv_hopper_eval.json
online,RSC-SAC,RSC-SAC,theta_o,spec_obsadv_hopper,obs_rel_0.10,2,1,2857.4928,605.1750365557887,1165.7263942327427,1378.2019956331287,,20,88.4222,10000,,0,runs/spec_p2_online/RSC-SAC/hopper_seed2/r_spec_obsadv_hopper_eval.json
online,RSC-SAC,RSC-SAC,theta_o,spec_obsadv_hopper,obs_bias_0.05,2,0,1187.4755,1394.662077501082,11.683579441470592,11.698755047129298,,20,37.1092,10000,,0,runs/spec_p2_online/RSC-SAC/hopper_seed2/r_spec_obsadv_hopper_eval.json
online,RSC-SAC,RSC-SAC,theta_o,spec_obsadv_hopper,obs_gauss_0.05,2,0,398.8675,674.0655458476726,9.944977123979685,10.593034106516308,,20,12.8784,10000,,0,runs/spec_p2_online/RSC-SAC/hopper_seed2/r_spec_obsadv_hopper_eval.json
online,RSC-SAC,RSC-SAC,theta_o,spec_obsadv_hopper,obs_gauss_0.10,2,1,124.5947,315.569957056185,11.094356144296015,11.75742511730498,,20,4.4511,10000,,0,runs/spec_p2_online/RSC-SAC/hopper_seed2/r_spec_obsadv_hopper_eval.json
online,RSC-SAC,RSC-SAC,theta_o,spec_obsadv_hopper,obs_shift_0.01,2,0,3092.8438,56.02519380378596,2993.241695474934,2994.4122526511865,,20,95.6536,10000,,0,runs/spec_p2_online/RSC-SAC/hopper_seed2/r_spec_obsadv_hopper_eval.json
online,RSC-SAC,RSC-SAC,theta_o,spec_obsadv_hopper,obs_shift_0.02,2,0,14.9687,0.4161398871286124,13.301958807726386,14.048972369527892,,20,1.0827,10000,,0,runs/spec_p2_online/RSC-SAC/hopper_seed2/r_spec_obsadv_hopper_eval.json
online,RSC-SAC,RSC-SAC,theta_o,spec_obsadv_hopper,nominal,3407,0,1536.8459,7.13177271168247,1524.2285262993107,1524.5327786130595,,20,47.8440,10000,,0,runs/spec_p2_online/RSC-SAC/hopper_seed3407/r_spec_obsadv_hopper_eval.json
online,RSC-SAC,RSC-SAC,theta_o,spec_obsadv_hopper,obs_uni_0.05,3407,0,673.8361,663.3235317730671,8.745690810730872,8.813663367916742,,20,21.3271,10000,,0,runs/spec_p2_online/RSC-SAC/hopper_seed3407/r_spec_obsadv_hopper_eval.json
online,RSC-SAC,RSC-SAC,theta_o,spec_obsadv_hopper,obs_uni_0.10,3407,1,749.0201,743.2358803970059,6.795650099304801,7.200468027062749,,20,23.6372,10000,,0,runs/spec_p2_online/RSC-SAC/hopper_seed3407/r_spec_obsadv_hopper_eval.json
online,RSC-SAC,RSC-SAC,theta_o,spec_obsadv_hopper,obs_uni_0.15,3407,0,744.0922,709.8016494701757,7.884511370807487,9.138754444408605,,20,23.4858,10000,,0,runs/spec_p2_online/RSC-SAC/hopper_seed3407/r_spec_obsadv_hopper_eval.json
online,RSC-SAC,RSC-SAC,theta_o,spec_obsadv_hopper,obs_rel_0.05,3407,0,1570.9133,32.62660424630486,1492.723466396344,1507.2074100495904,,20,48.8907,10000,,0,runs/spec_p2_online/RSC-SAC/hopper_seed3407/r_spec_obsadv_hopper_eval.json
online,RSC-SAC,RSC-SAC,theta_o,spec_obsadv_hopper,obs_rel_0.10,3407,1,1127.7949,508.6980295636985,226.76719443839355,271.6666541126096,,20,35.2755,10000,,0,runs/spec_p2_online/RSC-SAC/hopper_seed3407/r_spec_obsadv_hopper_eval.json
online,RSC-SAC,RSC-SAC,theta_o,spec_obsadv_hopper,obs_bias_0.05,3407,0,952.2676,735.3874393252642,6.545808848360675,6.5569799019618635,,20,29.8822,10000,,0,runs/spec_p2_online/RSC-SAC/hopper_seed3407/r_spec_obsadv_hopper_eval.json
online,RSC-SAC,RSC-SAC,theta_o,spec_obsadv_hopper,obs_gauss_0.05,3407,0,704.3470,682.5992293530797,7.1127023347373814,7.342973181978532,,20,22.2646,10000,,0,runs/spec_p2_online/RSC-SAC/hopper_seed3407/r_spec_obsadv_hopper_eval.json
online,RSC-SAC,RSC-SAC,theta_o,spec_obsadv_hopper,obs_gauss_0.10,3407,1,650.2466,626.1297493037983,5.336077375985697,7.514029997944546,,20,20.6023,10000,,0,runs/spec_p2_online/RSC-SAC/hopper_seed3407/r_spec_obsadv_hopper_eval.json
online,RSC-SAC,RSC-SAC,theta_o,spec_obsadv_hopper,obs_shift_0.01,3407,0,1536.3700,6.464695506732685,1526.1773767433738,1527.0985872603126,,20,47.8294,10000,,0,runs/spec_p2_online/RSC-SAC/hopper_seed3407/r_spec_obsadv_hopper_eval.json
online,RSC-SAC,RSC-SAC,theta_o,spec_obsadv_hopper,obs_shift_0.02,3407,0,9.3812,0.11488368922838768,9.173737006436044,9.207844675825331,,20,0.9111,10000,,0,runs/spec_p2_online/RSC-SAC/hopper_seed3407/r_spec_obsadv_hopper_eval.json
online,RSC-SAC,RSC-SAC,theta_o,spec_obsadv_hopper,nominal,42,0,3289.3582,4.327714660521203,3280.41552399022,3281.107972812921,,20,101.6917,10000,,0,runs/spec_p2_online/RSC-SAC/hopper_seed42/r_spec_obsadv_hopper_eval.json
online,RSC-SAC,RSC-SAC,theta_o,spec_obsadv_hopper,obs_uni_0.05,42,0,2305.5637,739.5224344694464,1215.574028011635,1219.6058663383233,,20,71.4636,10000,,0,runs/spec_p2_online/RSC-SAC/hopper_seed42/r_spec_obsadv_hopper_eval.json
online,RSC-SAC,RSC-SAC,theta_o,spec_obsadv_hopper,obs_uni_0.10,42,1,1122.2541,430.20450978685994,6.676321828100443,265.122661007882,,20,35.1052,10000,,0,runs/spec_p2_online/RSC-SAC/hopper_seed42/r_spec_obsadv_hopper_eval.json
online,RSC-SAC,RSC-SAC,theta_o,spec_obsadv_hopper,obs_uni_0.15,42,0,743.6440,466.793098641897,4.74065978211687,7.045024225433301,,20,23.4720,10000,,0,runs/spec_p2_online/RSC-SAC/hopper_seed42/r_spec_obsadv_hopper_eval.json
online,RSC-SAC,RSC-SAC,theta_o,spec_obsadv_hopper,obs_rel_0.05,42,0,3292.4798,68.10416057748397,2999.0542954937264,3142.3618477749906,,20,101.7876,10000,,0,runs/spec_p2_online/RSC-SAC/hopper_seed42/r_spec_obsadv_hopper_eval.json
online,RSC-SAC,RSC-SAC,theta_o,spec_obsadv_hopper,obs_rel_0.10,42,1,2873.2296,777.2375372086918,1124.566360043511,1124.9491004694148,,20,88.9057,10000,,0,runs/spec_p2_online/RSC-SAC/hopper_seed42/r_spec_obsadv_hopper_eval.json
online,RSC-SAC,RSC-SAC,theta_o,spec_obsadv_hopper,obs_bias_0.05,42,0,2461.2206,1232.4385309833367,8.09040699412798,298.45813706445807,,20,76.2463,10000,,0,runs/spec_p2_online/RSC-SAC/hopper_seed42/r_spec_obsadv_hopper_eval.json
online,RSC-SAC,RSC-SAC,theta_o,spec_obsadv_hopper,obs_gauss_0.05,42,0,1411.0540,551.4813665163937,940.4601458915515,943.749972393404,,20,43.9789,10000,,0,runs/spec_p2_online/RSC-SAC/hopper_seed42/r_spec_obsadv_hopper_eval.json
online,RSC-SAC,RSC-SAC,theta_o,spec_obsadv_hopper,obs_gauss_0.10,42,1,604.2236,410.7935666770267,4.353112101019861,4.410448659715561,,20,19.1882,10000,,0,runs/spec_p2_online/RSC-SAC/hopper_seed42/r_spec_obsadv_hopper_eval.json
online,RSC-SAC,RSC-SAC,theta_o,spec_obsadv_hopper,obs_shift_0.01,42,0,3301.1837,4.198138142966877,3292.89043248891,3293.3077654421572,,20,102.0551,10000,,0,runs/spec_p2_online/RSC-SAC/hopper_seed42/r_spec_obsadv_hopper_eval.json
online,RSC-SAC,RSC-SAC,theta_o,spec_obsadv_hopper,obs_shift_0.02,42,0,3311.5431,5.56562990284407,3302.884195106245,3303.2018710734665,,20,102.3734,10000,,0,runs/spec_p2_online/RSC-SAC/hopper_seed42/r_spec_obsadv_hopper_eval.json
online,RSC-SAC,RSC-SAC,theta_o,spec_obsadv_mad_hopper,nominal,0,0,3315.0388,375.65902659186054,1830.5121963130107,2934.909076609262,,20,102.4808,10000,,0,runs/spec_p2_online/RSC-SAC/hopper_seed0/r_spec_obsadv_mad_hopper_eval.json
online,RSC-SAC,RSC-SAC,theta_o,spec_obsadv_mad_hopper,mad_0.02,0,1,1764.0118,643.1790812863032,986.8632275473313,1131.5313499746608,,20,54.8239,10000,,0,runs/spec_p2_online/RSC-SAC/hopper_seed0/r_spec_obsadv_mad_hopper_eval.json
online,RSC-SAC,RSC-SAC,theta_o,spec_obsadv_mad_hopper,mad_0.035,0,0,1064.3588,426.7883954525895,218.33670517575788,494.44439810086135,,20,33.3263,10000,,0,runs/spec_p2_online/RSC-SAC/hopper_seed0/r_spec_obsadv_mad_hopper_eval.json
online,RSC-SAC,RSC-SAC,theta_o,spec_obsadv_mad_hopper,mad_0.05,0,1,706.0596,322.80008068641564,210.94488601527723,300.51805044397685,,20,22.3172,10000,,0,runs/spec_p2_online/RSC-SAC/hopper_seed0/r_spec_obsadv_mad_hopper_eval.json
online,RSC-SAC,RSC-SAC,theta_o,spec_obsadv_mad_hopper,mad_0.075,0,0,415.3011,181.97013055787681,17.843738012909593,157.01855309888464,,20,13.3834,10000,,0,runs/spec_p2_online/RSC-SAC/hopper_seed0/r_spec_obsadv_mad_hopper_eval.json
online,RSC-SAC,RSC-SAC,theta_o,spec_obsadv_mad_hopper,mad_0.10,0,0,253.1828,190.98748590369846,4.572496670240184,14.12157744376143,,20,8.4021,10000,,0,runs/spec_p2_online/RSC-SAC/hopper_seed0/r_spec_obsadv_mad_hopper_eval.json
online,RSC-SAC,RSC-SAC,theta_o,spec_obsadv_mad_hopper,nominal,1,0,1684.9280,232.2232310567096,1466.2749801515674,1510.6018573747226,,20,52.3940,10000,,0,runs/spec_p2_online/RSC-SAC/hopper_seed1/r_spec_obsadv_mad_hopper_eval.json
online,RSC-SAC,RSC-SAC,theta_o,spec_obsadv_mad_hopper,mad_0.02,1,1,1633.6402,411.1582883905985,1090.263212414866,1246.1365710325458,,20,50.8181,10000,,0,runs/spec_p2_online/RSC-SAC/hopper_seed1/r_spec_obsadv_mad_hopper_eval.json
online,RSC-SAC,RSC-SAC,theta_o,spec_obsadv_mad_hopper,mad_0.035,1,0,1059.1802,514.2803829963893,175.96635811386412,256.449435520948,,20,33.1672,10000,,0,runs/spec_p2_online/RSC-SAC/hopper_seed1/r_spec_obsadv_mad_hopper_eval.json
online,RSC-SAC,RSC-SAC,theta_o,spec_obsadv_mad_hopper,mad_0.05,1,1,762.1055,594.4423753688517,12.721118117835044,112.02717121707614,,20,24.0393,10000,,0,runs/spec_p2_online/RSC-SAC/hopper_seed1/r_spec_obsadv_mad_hopper_eval.json
online,RSC-SAC,RSC-SAC,theta_o,spec_obsadv_mad_hopper,mad_0.075,1,0,507.7408,334.65189135736836,26.191369556253555,135.75392074018504,,20,16.2237,10000,,0,runs/spec_p2_online/RSC-SAC/hopper_seed1/r_spec_obsadv_mad_hopper_eval.json
online,RSC-SAC,RSC-SAC,theta_o,spec_obsadv_mad_hopper,mad_0.10,1,0,319.0577,240.78896408246658,10.097471685217212,107.74547488158393,,20,10.4262,10000,,0,runs/spec_p2_online/RSC-SAC/hopper_seed1/r_spec_obsadv_mad_hopper_eval.json
online,RSC-SAC,RSC-SAC,theta_o,spec_obsadv_mad_hopper,nominal,2,0,3085.4732,36.99009257363369,3006.940874073547,3038.1216634448992,,20,95.4271,10000,,0,runs/spec_p2_online/RSC-SAC/hopper_seed2/r_spec_obsadv_mad_hopper_eval.json
online,RSC-SAC,RSC-SAC,theta_o,spec_obsadv_mad_hopper,mad_0.02,2,1,931.5605,1204.3387421639618,13.244679473107787,14.676806959646916,,20,29.2460,10000,,0,runs/spec_p2_online/RSC-SAC/hopper_seed2/r_spec_obsadv_mad_hopper_eval.json
online,RSC-SAC,RSC-SAC,theta_o,spec_obsadv_mad_hopper,mad_0.035,2,0,77.6504,272.7871453396295,9.500781403086307,11.62687835602089,,20,3.0087,10000,,0,runs/spec_p2_online/RSC-SAC/hopper_seed2/r_spec_obsadv_mad_hopper_eval.json
online,RSC-SAC,RSC-SAC,theta_o,spec_obsadv_mad_hopper,mad_0.05,2,1,42.4307,77.31013819895819,7.490094117342448,11.307295621568127,,20,1.9265,10000,,0,runs/spec_p2_online/RSC-SAC/hopper_seed2/r_spec_obsadv_mad_hopper_eval.json
online,RSC-SAC,RSC-SAC,theta_o,spec_obsadv_mad_hopper,mad_0.075,2,0,199.2396,355.83130462891626,16.997709424170477,20.185974882445713,,20,6.7447,10000,,0,runs/spec_p2_online/RSC-SAC/hopper_seed2/r_spec_obsadv_mad_hopper_eval.json
online,RSC-SAC,RSC-SAC,theta_o,spec_obsadv_mad_hopper,mad_0.10,2,0,136.8974,144.35936779026457,15.44512986969771,17.976573473473685,,20,4.8291,10000,,0,runs/spec_p2_online/RSC-SAC/hopper_seed2/r_spec_obsadv_mad_hopper_eval.json
online,RSC-SAC,RSC-SAC,theta_o,spec_obsadv_mad_hopper,nominal,3407,0,1536.8527,4.919792341021581,1526.6203231221757,1530.8578803190392,,20,47.8442,10000,,0,runs/spec_p2_online/RSC-SAC/hopper_seed3407/r_spec_obsadv_mad_hopper_eval.json
online,RSC-SAC,RSC-SAC,theta_o,spec_obsadv_mad_hopper,mad_0.02,3407,1,1119.3917,582.4838470969645,11.538736557991168,231.64421306883818,,20,35.0173,10000,,0,runs/spec_p2_online/RSC-SAC/hopper_seed3407/r_spec_obsadv_mad_hopper_eval.json
online,RSC-SAC,RSC-SAC,theta_o,spec_obsadv_mad_hopper,mad_0.035,3407,0,463.3027,630.6980132380216,7.205742729298504,8.307679618756751,,20,14.8583,10000,,0,runs/spec_p2_online/RSC-SAC/hopper_seed3407/r_spec_obsadv_mad_hopper_eval.json
online,RSC-SAC,RSC-SAC,theta_o,spec_obsadv_mad_hopper,mad_0.05,3407,1,380.1754,561.4283288280534,7.878934951894788,9.038574333795165,,20,12.3041,10000,,0,runs/spec_p2_online/RSC-SAC/hopper_seed3407/r_spec_obsadv_mad_hopper_eval.json
online,RSC-SAC,RSC-SAC,theta_o,spec_obsadv_mad_hopper,mad_0.075,3407,0,391.1268,416.58284149539116,6.317958699852313,8.097834297891247,,20,12.6406,10000,,0,runs/spec_p2_online/RSC-SAC/hopper_seed3407/r_spec_obsadv_mad_hopper_eval.json
online,RSC-SAC,RSC-SAC,theta_o,spec_obsadv_mad_hopper,mad_0.10,3407,0,350.4637,316.50585979077516,9.467990107637696,28.566775208234255,,20,11.3912,10000,,0,runs/spec_p2_online/RSC-SAC/hopper_seed3407/r_spec_obsadv_mad_hopper_eval.json
online,RSC-SAC,RSC-SAC,theta_o,spec_obsadv_mad_hopper,nominal,42,0,3288.2185,5.267593404915009,3279.7835870399836,3281.8531475345108,,20,101.6567,10000,,0,runs/spec_p2_online/RSC-SAC/hopper_seed42/r_spec_obsadv_mad_hopper_eval.json
online,RSC-SAC,RSC-SAC,theta_o,spec_obsadv_mad_hopper,mad_0.02,42,1,1989.1351,689.9497716245469,1144.380606890426,1285.658640377364,,20,61.7410,10000,,0,runs/spec_p2_online/RSC-SAC/hopper_seed42/r_spec_obsadv_mad_hopper_eval.json
online,RSC-SAC,RSC-SAC,theta_o,spec_obsadv_mad_hopper,mad_0.035,42,0,1069.0555,242.13970905325877,549.7243289003901,745.3051797965494,,20,33.4706,10000,,0,runs/spec_p2_online/RSC-SAC/hopper_seed42/r_spec_obsadv_mad_hopper_eval.json
online,RSC-SAC,RSC-SAC,theta_o,spec_obsadv_mad_hopper,mad_0.05,42,1,617.5803,367.1842610147808,7.970169569811132,188.18903737425316,,20,19.5986,10000,,0,runs/spec_p2_online/RSC-SAC/hopper_seed42/r_spec_obsadv_mad_hopper_eval.json
online,RSC-SAC,RSC-SAC,theta_o,spec_obsadv_mad_hopper,mad_0.075,42,0,345.1479,304.31629643037667,3.25626076456504,6.265787030705788,,20,11.2278,10000,,0,runs/spec_p2_online/RSC-SAC/hopper_seed42/r_spec_obsadv_mad_hopper_eval.json
online,RSC-SAC,RSC-SAC,theta_o,spec_obsadv_mad_hopper,mad_0.10,42,0,198.6348,220.41303401499124,3.2250975396372836,5.799235658281601,,20,6.7261,10000,,0,runs/spec_p2_online/RSC-SAC/hopper_seed42/r_spec_obsadv_mad_hopper_eval.json
online,RSC-SAC,RSC-SAC,theta_a,spec_action_hopper,nominal,0,0,3117.3021,618.5380106159167,1606.7325055807519,1665.1140786992737,,20,96.4051,10000,,0,runs/spec_p2_online/RSC-SAC/hopper_seed0/r_spec_action_hopper_eval.json
online,RSC-SAC,RSC-SAC,theta_a,spec_action_hopper,act_gauss_0.05,0,0,2924.4959,688.8532160551729,1481.2334856928155,1495.8140978799897,,20,90.4810,10000,,0,runs/spec_p2_online/RSC-SAC/hopper_seed0/r_spec_action_hopper_eval.json
online,RSC-SAC,RSC-SAC,theta_a,spec_action_hopper,act_gauss_0.10,0,1,1894.8529,790.2664970247728,1128.9986990851753,1145.6464179135069,,20,58.8441,10000,,0,runs/spec_p2_online/RSC-SAC/hopper_seed0/r_spec_action_hopper_eval.json
online,RSC-SAC,RSC-SAC,theta_a,spec_action_hopper,act_gauss_0.20,0,0,1127.6312,257.2613347870344,607.1644526809404,608.6004895046078,,20,35.2704,10000,,0,runs/spec_p2_online/RSC-SAC/hopper_seed0/r_spec_action_hopper_eval.json
online,RSC-SAC,RSC-SAC,theta_a,spec_action_hopper,act_uni_0.10,0,1,2461.8572,732.6220773926069,1301.8464960517445,1307.7804559638314,,20,76.2659,10000,,0,runs/spec_p2_online/RSC-SAC/hopper_seed0/r_spec_action_hopper_eval.json
online,RSC-SAC,RSC-SAC,theta_a,spec_action_hopper,act_offset_0.05,0,1,1334.3758,232.51566806985417,1047.7528808340076,1089.173225826318,,20,41.6229,10000,,0,runs/spec_p2_online/RSC-SAC/hopper_seed0/r_spec_action_hopper_eval.json
online,RSC-SAC,RSC-SAC,theta_a,spec_action_hopper,act_oppose_0.10,0,1,1146.9372,61.82927659217743,1030.0350371041036,1033.7938456221623,,20,35.8636,10000,,0,runs/spec_p2_online/RSC-SAC/hopper_seed0/r_spec_action_hopper_eval.json
online,RSC-SAC,RSC-SAC,theta_a,spec_action_hopper,act_oppose_0.20,0,0,833.6402,129.72257872667782,599.664556203135,599.9072962604487,,20,26.2373,10000,,0,runs/spec_p2_online/RSC-SAC/hopper_seed0/r_spec_action_hopper_eval.json
online,RSC-SAC,RSC-SAC,theta_a,spec_action_hopper,cmd_gauss_0.20,0,0,1127.6312,257.2613347870344,607.1644526809404,608.6004895046078,,20,35.2704,10000,,0,runs/spec_p2_online/RSC-SAC/hopper_seed0/r_spec_action_hopper_eval.json
online,RSC-SAC,RSC-SAC,theta_a,spec_action_hopper,cmd_oppose_0.20,0,1,833.6402,129.72257872667782,599.664556203135,599.9072962604487,,20,26.2373,10000,,0,runs/spec_p2_online/RSC-SAC/hopper_seed0/r_spec_action_hopper_eval.json
online,RSC-SAC,RSC-SAC,theta_a,spec_action_hopper,nominal,1,0,1599.4871,155.3743998937684,1377.049012902747,1380.2481699451573,,20,49.7687,10000,,0,runs/spec_p2_online/RSC-SAC/hopper_seed1/r_spec_action_hopper_eval.json
online,RSC-SAC,RSC-SAC,theta_a,spec_action_hopper,act_gauss_0.05,1,0,1528.6262,65.85005932584684,1355.8162803563487,1397.750439812659,,20,47.5914,10000,,0,runs/spec_p2_online/RSC-SAC/hopper_seed1/r_spec_action_hopper_eval.json
online,RSC-SAC,RSC-SAC,theta_a,spec_action_hopper,act_gauss_0.10,1,1,1501.1833,91.22373163461079,1355.7449393384256,1387.7747409151402,,20,46.7482,10000,,0,runs/spec_p2_online/RSC-SAC/hopper_seed1/r_spec_action_hopper_eval.json
online,RSC-SAC,RSC-SAC,theta_a,spec_action_hopper,act_gauss_0.20,1,0,1293.8688,282.0600571009959,916.138377108543,920.1892391938501,,20,40.3783,10000,,0,runs/spec_p2_online/RSC-SAC/hopper_seed1/r_spec_action_hopper_eval.json
online,RSC-SAC,RSC-SAC,theta_a,spec_action_hopper,act_uni_0.10,1,1,1567.2915,111.429511322695,1358.096390421696,1358.6880722354413,,20,48.7795,10000,,0,runs/spec_p2_online/RSC-SAC/hopper_seed1/r_spec_action_hopper_eval.json
online,RSC-SAC,RSC-SAC,theta_a,spec_action_hopper,act_offset_0.05,1,1,1372.6779,109.768568402661,1285.3265913333844,1286.5540518383195,,20,42.7998,10000,,0,runs/spec_p2_online/RSC-SAC/hopper_seed1/r_spec_action_hopper_eval.json
online,RSC-SAC,RSC-SAC,theta_a,spec_action_hopper,act_oppose_0.10,1,1,1463.0839,266.1590221251841,1237.9974820574764,1238.7981172384316,,20,45.5776,10000,,0,runs/spec_p2_online/RSC-SAC/hopper_seed1/r_spec_action_hopper_eval.json
online,RSC-SAC,RSC-SAC,theta_a,spec_action_hopper,act_oppose_0.20,1,0,852.9873,13.390720061638836,825.9672658532145,828.7098541243466,,20,26.8317,10000,,0,runs/spec_p2_online/RSC-SAC/hopper_seed1/r_spec_action_hopper_eval.json
online,RSC-SAC,RSC-SAC,theta_a,spec_action_hopper,cmd_gauss_0.20,1,0,1293.8688,282.0600571009959,916.138377108543,920.1892391938501,,20,40.3783,10000,,0,runs/spec_p2_online/RSC-SAC/hopper_seed1/r_spec_action_hopper_eval.json
online,RSC-SAC,RSC-SAC,theta_a,spec_action_hopper,cmd_oppose_0.20,1,1,852.9873,13.390720061638836,825.9672658532145,828.7098541243466,,20,26.8317,10000,,0,runs/spec_p2_online/RSC-SAC/hopper_seed1/r_spec_action_hopper_eval.json
online,RSC-SAC,RSC-SAC,theta_a,spec_action_hopper,nominal,2,0,3085.2361,53.15329801308853,2985.967480119514,2989.3842211771953,,20,95.4199,10000,,0,runs/spec_p2_online/RSC-SAC/hopper_seed2/r_spec_action_hopper_eval.json
online,RSC-SAC,RSC-SAC,theta_a,spec_action_hopper,act_gauss_0.05,2,0,3085.4897,42.85706862969915,2983.9963545259407,3005.1157057614664,,20,95.4277,10000,,0,runs/spec_p2_online/RSC-SAC/hopper_seed2/r_spec_action_hopper_eval.json
online,RSC-SAC,RSC-SAC,theta_a,spec_action_hopper,act_gauss_0.10,2,1,3095.6550,51.212436105180814,3003.6885528698413,3009.6280352953686,,20,95.7400,10000,,0,runs/spec_p2_online/RSC-SAC/hopper_seed2/r_spec_action_hopper_eval.json
online,RSC-SAC,RSC-SAC,theta_a,spec_action_hopper,act_gauss_0.20,2,0,2432.9404,719.4755769528779,1305.1331867626468,1329.4415176091793,,20,75.3774,10000,,0,runs/spec_p2_online/RSC-SAC/hopper_seed2/r_spec_action_hopper_eval.json
online,RSC-SAC,RSC-SAC,theta_a,spec_action_hopper,act_uni_0.10,2,1,3090.8390,51.645897592733625,2995.092876823223,2996.5478634791502,,20,95.5920,10000,,0,runs/spec_p2_online/RSC-SAC/hopper_seed2/r_spec_action_hopper_eval.json
online,RSC-SAC,RSC-SAC,theta_a,spec_action_hopper,act_offset_0.05,2,1,3080.0197,55.97581848366895,2971.928299505197,2980.8266140416026,,20,95.2596,10000,,0,runs/spec_p2_online/RSC-SAC/hopper_seed2/r_spec_action_hopper_eval.json
online,RSC-SAC,RSC-SAC,theta_a,spec_action_hopper,act_oppose_0.10,2,1,2129.6237,584.1276167303653,1453.9794918974849,1458.6861285998448,,20,66.0577,10000,,0,runs/spec_p2_online/RSC-SAC/hopper_seed2/r_spec_action_hopper_eval.json
online,RSC-SAC,RSC-SAC,theta_a,spec_action_hopper,act_oppose_0.20,2,0,1067.2586,35.37601932253051,1024.332197367734,1024.8064117266674,,20,33.4154,10000,,0,runs/spec_p2_online/RSC-SAC/hopper_seed2/r_spec_action_hopper_eval.json
online,RSC-SAC,RSC-SAC,theta_a,spec_action_hopper,cmd_gauss_0.20,2,0,2432.9404,719.4755769528779,1305.1331867626468,1329.4415176091793,,20,75.3774,10000,,0,runs/spec_p2_online/RSC-SAC/hopper_seed2/r_spec_action_hopper_eval.json
online,RSC-SAC,RSC-SAC,theta_a,spec_action_hopper,cmd_oppose_0.20,2,1,1067.2586,35.37601932253051,1024.332197367734,1024.8064117266674,,20,33.4154,10000,,0,runs/spec_p2_online/RSC-SAC/hopper_seed2/r_spec_action_hopper_eval.json
online,RSC-SAC,RSC-SAC,theta_a,spec_action_hopper,nominal,3407,0,1536.8459,7.13177271168247,1524.2285262993107,1524.5327786130595,,20,47.8440,10000,,0,runs/spec_p2_online/RSC-SAC/hopper_seed3407/r_spec_action_hopper_eval.json
online,RSC-SAC,RSC-SAC,theta_a,spec_action_hopper,act_gauss_0.05,3407,0,1539.4962,6.719786731191691,1524.6312904801155,1527.797748979872,,20,47.9254,10000,,0,runs/spec_p2_online/RSC-SAC/hopper_seed3407/r_spec_action_hopper_eval.json
online,RSC-SAC,RSC-SAC,theta_a,spec_action_hopper,act_gauss_0.10,3407,1,1542.9308,11.43451329327336,1519.5859518493255,1520.8301660899294,,20,48.0309,10000,,0,runs/spec_p2_online/RSC-SAC/hopper_seed3407/r_spec_action_hopper_eval.json
online,RSC-SAC,RSC-SAC,theta_a,spec_action_hopper,act_gauss_0.20,3407,0,1556.1951,25.29963028559237,1522.3947712954919,1523.5161757352862,,20,48.4385,10000,,0,runs/spec_p2_online/RSC-SAC/hopper_seed3407/r_spec_action_hopper_eval.json
online,RSC-SAC,RSC-SAC,theta_a,spec_action_hopper,act_uni_0.10,3407,1,1539.0155,8.390140457919857,1519.8404054258524,1522.6464256128454,,20,47.9106,10000,,0,runs/spec_p2_online/RSC-SAC/hopper_seed3407/r_spec_action_hopper_eval.json
online,RSC-SAC,RSC-SAC,theta_a,spec_action_hopper,act_offset_0.05,3407,1,1550.6349,6.449567668156675,1542.4066196222088,1542.9936483461024,,20,48.2677,10000,,0,runs/spec_p2_online/RSC-SAC/hopper_seed3407/r_spec_action_hopper_eval.json
online,RSC-SAC,RSC-SAC,theta_a,spec_action_hopper,act_oppose_0.10,3407,1,1549.2556,7.284837439462635,1533.5547837607119,1536.8503714573221,,20,48.2253,10000,,0,runs/spec_p2_online/RSC-SAC/hopper_seed3407/r_spec_action_hopper_eval.json
online,RSC-SAC,RSC-SAC,theta_a,spec_action_hopper,act_oppose_0.20,3407,0,1566.9940,7.803890267327226,1548.3113191833622,1551.9609425168298,,20,48.7703,10000,,0,runs/spec_p2_online/RSC-SAC/hopper_seed3407/r_spec_action_hopper_eval.json
online,RSC-SAC,RSC-SAC,theta_a,spec_action_hopper,cmd_gauss_0.20,3407,0,1556.1951,25.29963028559237,1522.3947712954919,1523.5161757352862,,20,48.4385,10000,,0,runs/spec_p2_online/RSC-SAC/hopper_seed3407/r_spec_action_hopper_eval.json
online,RSC-SAC,RSC-SAC,theta_a,spec_action_hopper,cmd_oppose_0.20,3407,1,1566.9940,7.803890267327226,1548.3113191833622,1551.9609425168298,,20,48.7703,10000,,0,runs/spec_p2_online/RSC-SAC/hopper_seed3407/r_spec_action_hopper_eval.json
online,RSC-SAC,RSC-SAC,theta_a,spec_action_hopper,nominal,42,0,3289.3582,4.327714660521203,3280.41552399022,3281.107972812921,,20,101.6917,10000,,0,runs/spec_p2_online/RSC-SAC/hopper_seed42/r_spec_action_hopper_eval.json
online,RSC-SAC,RSC-SAC,theta_a,spec_action_hopper,act_gauss_0.05,42,0,3273.7170,10.032604128172284,3246.9611963056923,3254.7927803578596,,20,101.2111,10000,,0,runs/spec_p2_online/RSC-SAC/hopper_seed42/r_spec_action_hopper_eval.json
online,RSC-SAC,RSC-SAC,theta_a,spec_action_hopper,act_gauss_0.10,42,1,3211.0211,207.712095860397,2307.9717311990034,2769.30868972627,,20,99.2847,10000,,0,runs/spec_p2_online/RSC-SAC/hopper_seed42/r_spec_action_hopper_eval.json
online,RSC-SAC,RSC-SAC,theta_a,spec_action_hopper,act_gauss_0.20,42,0,2365.9230,663.3776401810014,1407.7740731655913,1541.799085178145,,20,73.3182,10000,,0,runs/spec_p2_online/RSC-SAC/hopper_seed42/r_spec_action_hopper_eval.json
online,RSC-SAC,RSC-SAC,theta_a,spec_action_hopper,act_uni_0.10,42,1,3268.9856,8.351940434191492,3249.070398060766,3250.9845417023566,,20,101.0658,10000,,0,runs/spec_p2_online/RSC-SAC/hopper_seed42/r_spec_action_hopper_eval.json
online,RSC-SAC,RSC-SAC,theta_a,spec_action_hopper,act_offset_0.05,42,1,3222.0047,5.263669431680696,3214.6627519945223,3215.383953216184,,20,99.6222,10000,,0,runs/spec_p2_online/RSC-SAC/hopper_seed42/r_spec_action_hopper_eval.json
online,RSC-SAC,RSC-SAC,theta_a,spec_action_hopper,act_oppose_0.10,42,1,3124.1725,237.924173308429,2221.2883922692426,2442.423890578276,,20,96.6162,10000,,0,runs/spec_p2_online/RSC-SAC/hopper_seed42/r_spec_action_hopper_eval.json
online,RSC-SAC,RSC-SAC,theta_a,spec_action_hopper,act_oppose_0.20,42,0,820.1193,2.8659453487342206,816.1296961365542,816.3959148617271,,20,25.8218,10000,,0,runs/spec_p2_online/RSC-SAC/hopper_seed42/r_spec_action_hopper_eval.json
online,RSC-SAC,RSC-SAC,theta_a,spec_action_hopper,cmd_gauss_0.20,42,0,2365.9230,663.3776401810014,1407.7740731655913,1541.799085178145,,20,73.3182,10000,,0,runs/spec_p2_online/RSC-SAC/hopper_seed42/r_spec_action_hopper_eval.json
online,RSC-SAC,RSC-SAC,theta_a,spec_action_hopper,cmd_oppose_0.20,42,1,820.1193,2.8659453487342206,816.1296961365542,816.3959148617271,,20,25.8218,10000,,0,runs/spec_p2_online/RSC-SAC/hopper_seed42/r_spec_action_hopper_eval.json
online,RSC-SAC,RSC-SAC,theta_p,spec_transition_hopper,nominal,0,0,3117.3021,618.5380106159167,1606.7325055807519,1665.1140786992737,,20,96.4051,10000,,0,runs/spec_p2_online/RSC-SAC/hopper_seed0/r_spec_transition_hopper_eval.json
online,RSC-SAC,RSC-SAC,theta_p,spec_transition_hopper,trans_t1,0,1,2744.2983,845.6935631294571,1175.8682775392585,1236.602641138782,,20,84.9442,10000,,0,runs/spec_p2_online/RSC-SAC/hopper_seed0/r_spec_transition_hopper_eval.json
online,RSC-SAC,RSC-SAC,theta_p,spec_transition_hopper,trans_t2,0,0,2693.0923,851.9545138810819,1049.2205956503597,1120.4753743352207,,20,83.3708,10000,,0,runs/spec_p2_online/RSC-SAC/hopper_seed0/r_spec_transition_hopper_eval.json
online,RSC-SAC,RSC-SAC,theta_p,spec_transition_hopper,trans_t3,0,0,1569.6447,855.3464728107537,620.4807340116114,633.6419946101774,,20,48.8518,10000,,0,runs/spec_p2_online/RSC-SAC/hopper_seed0/r_spec_transition_hopper_eval.json
online,RSC-SAC,RSC-SAC,theta_p,spec_transition_hopper,nominal,1,0,1599.4871,155.3743998937684,1377.049012902747,1380.2481699451573,,20,49.7687,10000,,0,runs/spec_p2_online/RSC-SAC/hopper_seed1/r_spec_transition_hopper_eval.json
online,RSC-SAC,RSC-SAC,theta_p,spec_transition_hopper,trans_t1,1,1,1744.1779,531.8493292302453,1159.8793024983008,1239.0508482618916,,20,54.2145,10000,,0,runs/spec_p2_online/RSC-SAC/hopper_seed1/r_spec_transition_hopper_eval.json
online,RSC-SAC,RSC-SAC,theta_p,spec_transition_hopper,trans_t2,1,0,1677.1312,447.6592749534415,909.2723524340987,1019.3089565105008,,20,52.1544,10000,,0,runs/spec_p2_online/RSC-SAC/hopper_seed1/r_spec_transition_hopper_eval.json
online,RSC-SAC,RSC-SAC,theta_p,spec_transition_hopper,trans_t3,1,0,1208.2370,526.6673274184831,304.38694306796117,440.7909818395409,,20,37.7471,10000,,0,runs/spec_p2_online/RSC-SAC/hopper_seed1/r_spec_transition_hopper_eval.json
online,RSC-SAC,RSC-SAC,theta_p,spec_transition_hopper,nominal,2,0,3085.2361,53.15329801308853,2985.967480119514,2989.3842211771953,,20,95.4199,10000,,0,runs/spec_p2_online/RSC-SAC/hopper_seed2/r_spec_transition_hopper_eval.json
online,RSC-SAC,RSC-SAC,theta_p,spec_transition_hopper,trans_t1,2,1,3117.6311,52.32806054524651,3016.4664920137343,3024.7289427169167,,20,96.4152,10000,,0,runs/spec_p2_online/RSC-SAC/hopper_seed2/r_spec_transition_hopper_eval.json
online,RSC-SAC,RSC-SAC,theta_p,spec_transition_hopper,trans_t2,2,0,2041.0169,758.6651041561751,1024.708827547244,1060.05279141614,,20,63.3352,10000,,0,runs/spec_p2_online/RSC-SAC/hopper_seed2/r_spec_transition_hopper_eval.json
online,RSC-SAC,RSC-SAC,theta_p,spec_transition_hopper,trans_t3,2,0,1243.9040,683.8426731781999,12.930112460623498,108.848905778737,,20,38.8430,10000,,0,runs/spec_p2_online/RSC-SAC/hopper_seed2/r_spec_transition_hopper_eval.json
online,RSC-SAC,RSC-SAC,theta_p,spec_transition_hopper,nominal,3407,0,1536.8459,7.13177271168247,1524.2285262993107,1524.5327786130595,,20,47.8440,10000,,0,runs/spec_p2_online/RSC-SAC/hopper_seed3407/r_spec_transition_hopper_eval.json
online,RSC-SAC,RSC-SAC,theta_p,spec_transition_hopper,trans_t1,3407,1,1507.3793,77.04636482351799,1305.5155088885513,1348.3299281335326,,20,46.9386,10000,,0,runs/spec_p2_online/RSC-SAC/hopper_seed3407/r_spec_transition_hopper_eval.json
online,RSC-SAC,RSC-SAC,theta_p,spec_transition_hopper,trans_t2,3407,0,1295.2068,443.5932340244239,305.6456386011003,314.81595461289464,,20,40.4194,10000,,0,runs/spec_p2_online/RSC-SAC/hopper_seed3407/r_spec_transition_hopper_eval.json
online,RSC-SAC,RSC-SAC,theta_p,spec_transition_hopper,trans_t3,3407,0,1129.0033,406.2627141263434,238.5773217838309,324.50900776297726,,20,35.3126,10000,,0,runs/spec_p2_online/RSC-SAC/hopper_seed3407/r_spec_transition_hopper_eval.json
online,RSC-SAC,RSC-SAC,theta_p,spec_transition_hopper,nominal,42,0,3289.3582,4.327714660521203,3280.41552399022,3281.107972812921,,20,101.6917,10000,,0,runs/spec_p2_online/RSC-SAC/hopper_seed42/r_spec_transition_hopper_eval.json
online,RSC-SAC,RSC-SAC,theta_p,spec_transition_hopper,trans_t1,42,1,2913.3071,741.9499745546497,1002.2237636785209,1095.0842833207164,,20,90.1372,10000,,0,runs/spec_p2_online/RSC-SAC/hopper_seed42/r_spec_transition_hopper_eval.json
online,RSC-SAC,RSC-SAC,theta_p,spec_transition_hopper,trans_t2,42,0,2091.6801,852.3310903742054,941.3178636671308,1042.9155606054267,,20,64.8918,10000,,0,runs/spec_p2_online/RSC-SAC/hopper_seed42/r_spec_transition_hopper_eval.json
online,RSC-SAC,RSC-SAC,theta_p,spec_transition_hopper,trans_t3,42,0,848.9534,288.67502093432563,262.8425900981693,318.556253190528,,20,26.7078,10000,,0,runs/spec_p2_online/RSC-SAC/hopper_seed42/r_spec_transition_hopper_eval.json
online,RSC-SAC,RSC-SAC,theta_p,spec_push_hopper,nominal,0,0,3117.3021,618.5380106159167,1606.7325055807519,1665.1140786992737,,20,96.4051,10000,,0,runs/spec_p2_online/RSC-SAC/hopper_seed0/r_spec_push_hopper_eval.json
online,RSC-SAC,RSC-SAC,theta_p,spec_push_hopper,push_30,0,0,2269.9802,887.9528143585038,997.8948652816669,1141.0007862334733,,20,70.3703,10000,,0,runs/spec_p2_online/RSC-SAC/hopper_seed0/r_spec_push_hopper_eval.json
online,RSC-SAC,RSC-SAC,theta_p,spec_push_hopper,push_60,0,1,1658.0410,807.7180917943538,702.128234112628,702.9400635657952,,20,51.5678,10000,,0,runs/spec_p2_online/RSC-SAC/hopper_seed0/r_spec_push_hopper_eval.json
online,RSC-SAC,RSC-SAC,theta_p,spec_push_hopper,push_100,0,0,927.0414,549.4530415036403,28.411445792712996,261.5410879316581,,20,29.1071,10000,,0,runs/spec_p2_online/RSC-SAC/hopper_seed0/r_spec_push_hopper_eval.json
online,RSC-SAC,RSC-SAC,theta_p,spec_push_hopper,push_150,0,0,827.1537,658.8554697600459,-5.681318675048597,20.502930737069356,,20,26.0380,10000,,0,runs/spec_p2_online/RSC-SAC/hopper_seed0/r_spec_push_hopper_eval.json
online,RSC-SAC,RSC-SAC,theta_p,spec_push_hopper,nominal,1,0,1599.4871,155.3743998937684,1377.049012902747,1380.2481699451573,,20,49.7687,10000,,0,runs/spec_p2_online/RSC-SAC/hopper_seed1/r_spec_push_hopper_eval.json
online,RSC-SAC,RSC-SAC,theta_p,spec_push_hopper,push_30,1,0,1898.8382,824.0579395111804,986.8474615802862,1018.9543843598085,,20,58.9666,10000,,0,runs/spec_p2_online/RSC-SAC/hopper_seed1/r_spec_push_hopper_eval.json
online,RSC-SAC,RSC-SAC,theta_p,spec_push_hopper,push_60,1,1,1483.6750,525.7798885050389,722.0330375287222,846.2974389180073,,20,46.2103,10000,,0,runs/spec_p2_online/RSC-SAC/hopper_seed1/r_spec_push_hopper_eval.json
online,RSC-SAC,RSC-SAC,theta_p,spec_push_hopper,push_100,1,0,896.0676,458.50654178192843,254.34890985690285,333.6195368770406,,20,28.1554,10000,,0,runs/spec_p2_online/RSC-SAC/hopper_seed1/r_spec_push_hopper_eval.json
online,RSC-SAC,RSC-SAC,theta_p,spec_push_hopper,push_150,1,0,580.6362,309.0554536814219,-4.873268323833196,0.7873995848976589,,20,18.4635,10000,,0,runs/spec_p2_online/RSC-SAC/hopper_seed1/r_spec_push_hopper_eval.json
online,RSC-SAC,RSC-SAC,theta_p,spec_push_hopper,nominal,2,0,3085.2361,53.15329801308853,2985.967480119514,2989.3842211771953,,20,95.4199,10000,,0,runs/spec_p2_online/RSC-SAC/hopper_seed2/r_spec_push_hopper_eval.json
online,RSC-SAC,RSC-SAC,theta_p,spec_push_hopper,push_30,2,0,2103.1152,922.5284643316509,293.4249436981587,293.4691190833139,,20,65.2432,10000,,0,runs/spec_p2_online/RSC-SAC/hopper_seed2/r_spec_push_hopper_eval.json
online,RSC-SAC,RSC-SAC,theta_p,spec_push_hopper,push_60,2,1,1771.4589,624.8227939916061,963.0384573296143,978.4281541071598,,20,55.0527,10000,,0,runs/spec_p2_online/RSC-SAC/hopper_seed2/r_spec_push_hopper_eval.json
online,RSC-SAC,RSC-SAC,theta_p,spec_push_hopper,push_100,2,0,1215.1586,783.1452630954886,273.0914319973265,273.4501746591154,,20,37.9598,10000,,0,runs/spec_p2_online/RSC-SAC/hopper_seed2/r_spec_push_hopper_eval.json
online,RSC-SAC,RSC-SAC,theta_p,spec_push_hopper,push_150,2,0,893.1727,519.6053177858897,13.55847775188097,138.3486860230215,,20,28.0665,10000,,0,runs/spec_p2_online/RSC-SAC/hopper_seed2/r_spec_push_hopper_eval.json
online,RSC-SAC,RSC-SAC,theta_p,spec_push_hopper,nominal,3407,0,1536.8459,7.13177271168247,1524.2285262993107,1524.5327786130595,,20,47.8440,10000,,0,runs/spec_p2_online/RSC-SAC/hopper_seed3407/r_spec_push_hopper_eval.json
online,RSC-SAC,RSC-SAC,theta_p,spec_push_hopper,push_30,3407,0,1518.4963,69.69721667966893,1384.2752221132948,1388.7093531034006,,20,47.2802,10000,,0,runs/spec_p2_online/RSC-SAC/hopper_seed3407/r_spec_push_hopper_eval.json
online,RSC-SAC,RSC-SAC,theta_p,spec_push_hopper,push_60,3407,1,1247.0161,397.8597097680461,495.61987065011493,504.2231722689021,,20,38.9387,10000,,0,runs/spec_p2_online/RSC-SAC/hopper_seed3407/r_spec_push_hopper_eval.json
online,RSC-SAC,RSC-SAC,theta_p,spec_push_hopper,push_100,3407,0,1095.8539,411.74827794871976,468.1909525462927,511.28432786112194,,20,34.2941,10000,,0,runs/spec_p2_online/RSC-SAC/hopper_seed3407/r_spec_push_hopper_eval.json
online,RSC-SAC,RSC-SAC,theta_p,spec_push_hopper,push_150,3407,0,486.9932,284.9583214015193,148.9142436982564,157.4103475110797,,20,15.5862,10000,,0,runs/spec_p2_online/RSC-SAC/hopper_seed3407/r_spec_push_hopper_eval.json
online,RSC-SAC,RSC-SAC,theta_p,spec_push_hopper,nominal,42,0,3289.3582,4.327714660521203,3280.41552399022,3281.107972812921,,20,101.6917,10000,,0,runs/spec_p2_online/RSC-SAC/hopper_seed42/r_spec_push_hopper_eval.json
online,RSC-SAC,RSC-SAC,theta_p,spec_push_hopper,push_30,42,0,2207.2166,722.9016926774678,965.529680253061,986.140156834416,,20,68.4418,10000,,0,runs/spec_p2_online/RSC-SAC/hopper_seed42/r_spec_push_hopper_eval.json
online,RSC-SAC,RSC-SAC,theta_p,spec_push_hopper,push_60,42,1,1425.1597,735.658545961247,666.8364614435253,731.2630424622703,,20,44.4123,10000,,0,runs/spec_p2_online/RSC-SAC/hopper_seed42/r_spec_push_hopper_eval.json
online,RSC-SAC,RSC-SAC,theta_p,spec_push_hopper,push_100,42,0,893.6098,445.09626745751274,472.340009367547,492.8924185144872,,20,28.0799,10000,,0,runs/spec_p2_online/RSC-SAC/hopper_seed42/r_spec_push_hopper_eval.json
online,RSC-SAC,RSC-SAC,theta_p,spec_push_hopper,push_150,42,0,533.4465,267.50083431829046,-5.401807164615638,2.5350606808429594,,20,17.0135,10000,,0,runs/spec_p2_online/RSC-SAC/hopper_seed42/r_spec_push_hopper_eval.json
online,RSC-SAC,RSC-SAC,theta_p,spec_timevar_hopper,nominal,0,0,3117.3021,618.5380106159167,1606.7325055807519,1665.1140786992737,,20,96.4051,10000,,0,runs/spec_p2_online/RSC-SAC/hopper_seed0/r_spec_timevar_hopper_eval.json
online,RSC-SAC,RSC-SAC,theta_p,spec_timevar_hopper,gear_static_0.8,0,1,783.2421,87.66451285819112,572.7523010410138,572.9194218628714,,20,24.6887,10000,,0,runs/spec_p2_online/RSC-SAC/hopper_seed0/r_spec_timevar_hopper_eval.json
online,RSC-SAC,RSC-SAC,theta_p,spec_timevar_hopper,gear_step_0.8,0,0,2278.4987,227.59349098285864,1606.7325055807519,1665.1140786992737,,20,70.6320,10000,,0,runs/spec_p2_online/RSC-SAC/hopper_seed0/r_spec_timevar_hopper_eval.json
online,RSC-SAC,RSC-SAC,theta_p,spec_timevar_hopper,gear_ramp_0.8,0,1,1418.9683,212.8138321009259,1198.147890853878,1202.107941391535,,20,44.2221,10000,,0,runs/spec_p2_online/RSC-SAC/hopper_seed0/r_spec_timevar_hopper_eval.json
online,RSC-SAC,RSC-SAC,theta_p,spec_timevar_hopper,gear_sine_p200,0,0,1571.9961,715.9836279802042,1021.2391107765998,1022.1071098323491,,20,48.9240,10000,,0,runs/spec_p2_online/RSC-SAC/hopper_seed0/r_spec_timevar_hopper_eval.json
online,RSC-SAC,RSC-SAC,theta_p,spec_timevar_hopper,gear_sine_p500,0,1,1597.1002,131.0101244970414,1374.4228826119565,1386.6172503427633,,20,49.6954,10000,,0,runs/spec_p2_online/RSC-SAC/hopper_seed0/r_spec_timevar_hopper_eval.json
online,RSC-SAC,RSC-SAC,theta_p,spec_timevar_hopper,gravity_ramp_1.2,0,0,2942.0211,504.05173643406215,1846.5057706716564,2084.112951162646,,20,91.0194,10000,,0,runs/spec_p2_online/RSC-SAC/hopper_seed0/r_spec_timevar_hopper_eval.json
online,RSC-SAC,RSC-SAC,theta_p,spec_timevar_hopper,nominal,1,0,1599.4871,155.3743998937684,1377.049012902747,1380.2481699451573,,20,49.7687,10000,,0,runs/spec_p2_online/RSC-SAC/hopper_seed1/r_spec_timevar_hopper_eval.json
online,RSC-SAC,RSC-SAC,theta_p,spec_timevar_hopper,gear_static_0.8,1,1,799.0343,5.747009799868914,787.5454196549395,788.6060746088285,,20,25.1740,10000,,0,runs/spec_p2_online/RSC-SAC/hopper_seed1/r_spec_timevar_hopper_eval.json
online,RSC-SAC,RSC-SAC,theta_p,spec_timevar_hopper,gear_step_0.8,1,0,1596.7047,145.83555683322209,1377.049012902747,1380.2481699451573,,20,49.6832,10000,,0,runs/spec_p2_online/RSC-SAC/hopper_seed1/r_spec_timevar_hopper_eval.json
online,RSC-SAC,RSC-SAC,theta_p,spec_timevar_hopper,gear_ramp_0.8,1,1,1436.2756,17.644617872458966,1402.8800780859037,1407.6723938984799,,20,44.7539,10000,,0,runs/spec_p2_online/RSC-SAC/hopper_seed1/r_spec_timevar_hopper_eval.json
online,RSC-SAC,RSC-SAC,theta_p,spec_timevar_hopper,gear_sine_p200,1,0,1382.4600,8.961113889872694,1367.6223147192406,1369.919891766247,,20,43.1003,10000,,0,runs/spec_p2_online/RSC-SAC/hopper_seed1/r_spec_timevar_hopper_eval.json
online,RSC-SAC,RSC-SAC,theta_p,spec_timevar_hopper,gear_sine_p500,1,1,1864.5452,139.19300836164857,1649.3486679751659,1689.0239818374716,,20,57.9129,10000,,0,runs/spec_p2_online/RSC-SAC/hopper_seed1/r_spec_timevar_hopper_eval.json
online,RSC-SAC,RSC-SAC,theta_p,spec_timevar_hopper,gravity_ramp_1.2,1,0,1541.5540,31.539411683729345,1497.5901802319538,1500.240984280742,,20,47.9886,10000,,0,runs/spec_p2_online/RSC-SAC/hopper_seed1/r_spec_timevar_hopper_eval.json
online,RSC-SAC,RSC-SAC,theta_p,spec_timevar_hopper,nominal,2,0,3085.2361,53.15329801308853,2985.967480119514,2989.3842211771953,,20,95.4199,10000,,0,runs/spec_p2_online/RSC-SAC/hopper_seed2/r_spec_timevar_hopper_eval.json
online,RSC-SAC,RSC-SAC,theta_p,spec_timevar_hopper,gear_static_0.8,2,1,1487.7629,177.3825241319464,1197.075556826681,1199.1802772913434,,20,46.3359,10000,,0,runs/spec_p2_online/RSC-SAC/hopper_seed2/r_spec_timevar_hopper_eval.json
online,RSC-SAC,RSC-SAC,theta_p,spec_timevar_hopper,gear_step_0.8,2,0,2022.7851,153.8868519987244,1876.872397537449,1880.4917301879764,,20,62.7750,10000,,0,runs/spec_p2_online/RSC-SAC/hopper_seed2/r_spec_timevar_hopper_eval.json
online,RSC-SAC,RSC-SAC,theta_p,spec_timevar_hopper,gear_ramp_0.8,2,1,2572.5986,359.07853494453764,1901.736514132107,1953.9054878041811,,20,79.6685,10000,,0,runs/spec_p2_online/RSC-SAC/hopper_seed2/r_spec_timevar_hopper_eval.json
online,RSC-SAC,RSC-SAC,theta_p,spec_timevar_hopper,gear_sine_p200,2,0,2197.8336,567.6803912793853,1411.4167170712556,1438.6052446724539,,20,68.1535,10000,,0,runs/spec_p2_online/RSC-SAC/hopper_seed2/r_spec_timevar_hopper_eval.json
online,RSC-SAC,RSC-SAC,theta_p,spec_timevar_hopper,gear_sine_p500,2,1,1498.9764,414.73954192098944,1203.5248482523791,1204.9725122499012,,20,46.6804,10000,,0,runs/spec_p2_online/RSC-SAC/hopper_seed2/r_spec_timevar_hopper_eval.json
online,RSC-SAC,RSC-SAC,theta_p,spec_timevar_hopper,gravity_ramp_1.2,2,0,2913.7549,330.9965220572891,2239.019972624126,2258.7600256211226,,20,90.1509,10000,,0,runs/spec_p2_online/RSC-SAC/hopper_seed2/r_spec_timevar_hopper_eval.json
online,RSC-SAC,RSC-SAC,theta_p,spec_timevar_hopper,nominal,3407,0,1536.8459,7.13177271168247,1524.2285262993107,1524.5327786130595,,20,47.8440,10000,,0,runs/spec_p2_online/RSC-SAC/hopper_seed3407/r_spec_timevar_hopper_eval.json
online,RSC-SAC,RSC-SAC,theta_p,spec_timevar_hopper,gear_static_0.8,3407,1,1543.1344,8.108741743575004,1525.360966320329,1526.5614097076077,,20,48.0372,10000,,0,runs/spec_p2_online/RSC-SAC/hopper_seed3407/r_spec_timevar_hopper_eval.json
online,RSC-SAC,RSC-SAC,theta_p,spec_timevar_hopper,gear_step_0.8,3407,0,1538.9218,7.274457295888926,1524.0982045865774,1524.2091121527526,,20,47.9078,10000,,0,runs/spec_p2_online/RSC-SAC/hopper_seed3407/r_spec_timevar_hopper_eval.json
online,RSC-SAC,RSC-SAC,theta_p,spec_timevar_hopper,gear_ramp_0.8,3407,1,1544.0543,4.79701639554493,1535.669347922525,1536.5406127575297,,20,48.0655,10000,,0,runs/spec_p2_online/RSC-SAC/hopper_seed3407/r_spec_timevar_hopper_eval.json
online,RSC-SAC,RSC-SAC,theta_p,spec_timevar_hopper,gear_sine_p200,3407,0,1542.6068,8.839401061794796,1530.8411205280154,1531.669264649493,,20,48.0210,10000,,0,runs/spec_p2_online/RSC-SAC/hopper_seed3407/r_spec_timevar_hopper_eval.json
online,RSC-SAC,RSC-SAC,theta_p,spec_timevar_hopper,gear_sine_p500,3407,1,1543.2046,3.973631620041877,1534.67028063964,1535.4123170628343,,20,48.0394,10000,,0,runs/spec_p2_online/RSC-SAC/hopper_seed3407/r_spec_timevar_hopper_eval.json
online,RSC-SAC,RSC-SAC,theta_p,spec_timevar_hopper,gravity_ramp_1.2,3407,0,1332.9997,106.60038205577322,1125.9389028463063,1134.7063195296273,,20,41.5806,10000,,0,runs/spec_p2_online/RSC-SAC/hopper_seed3407/r_spec_timevar_hopper_eval.json
online,RSC-SAC,RSC-SAC,theta_p,spec_timevar_hopper,nominal,42,0,3289.3582,4.327714660521203,3280.41552399022,3281.107972812921,,20,101.6917,10000,,0,runs/spec_p2_online/RSC-SAC/hopper_seed42/r_spec_timevar_hopper_eval.json
online,RSC-SAC,RSC-SAC,theta_p,spec_timevar_hopper,gear_static_0.8,42,1,787.8787,4.889328353230286,777.3164976639072,778.9083123141738,,20,24.8312,10000,,0,runs/spec_p2_online/RSC-SAC/hopper_seed42/r_spec_timevar_hopper_eval.json
online,RSC-SAC,RSC-SAC,theta_p,spec_timevar_hopper,gear_step_0.8,42,0,2562.4392,85.35737181886417,2308.692069759899,2388.356338830152,,20,79.3564,10000,,0,runs/spec_p2_online/RSC-SAC/hopper_seed42/r_spec_timevar_hopper_eval.json
online,RSC-SAC,RSC-SAC,theta_p,spec_timevar_hopper,gear_ramp_0.8,42,1,2626.3703,205.01963774044515,2359.0025781949826,2406.7601431764706,,20,81.3207,10000,,0,runs/spec_p2_online/RSC-SAC/hopper_seed42/r_spec_timevar_hopper_eval.json
online,RSC-SAC,RSC-SAC,theta_p,spec_timevar_hopper,gear_sine_p200,42,0,1172.4607,6.458637407675542,1158.5816790602282,1160.7457535199892,,20,36.6479,10000,,0,runs/spec_p2_online/RSC-SAC/hopper_seed42/r_spec_timevar_hopper_eval.json
online,RSC-SAC,RSC-SAC,theta_p,spec_timevar_hopper,gear_sine_p500,42,1,1621.1908,6.277306961404624,1611.319285751926,1611.5840742011765,,20,50.4356,10000,,0,runs/spec_p2_online/RSC-SAC/hopper_seed42/r_spec_timevar_hopper_eval.json
online,RSC-SAC,RSC-SAC,theta_p,spec_timevar_hopper,gravity_ramp_1.2,42,0,3291.8910,4.237554157908539,3286.8500854263348,3287.072775985286,,20,101.7695,10000,,0,runs/spec_p2_online/RSC-SAC/hopper_seed42/r_spec_timevar_hopper_eval.json
online,RSC-SAC,RSC-SAC,theta_tau_exec,spec_timing_hopper,nominal,0,0,3117.3021,618.5380106159167,1606.7325055807519,1665.1140786992737,,20,96.4051,10000,,0,runs/spec_p2_online/RSC-SAC/hopper_seed0/r_spec_timing_hopper_eval.json
online,RSC-SAC,RSC-SAC,theta_tau_exec,spec_timing_hopper,act_delay_8ms,0,1,1384.6376,411.28437558529146,686.7204469621573,843.4035245852173,,20,43.1672,10000,,0,runs/spec_p2_online/RSC-SAC/hopper_seed0/r_spec_timing_hopper_eval.json
online,RSC-SAC,RSC-SAC,theta_tau_exec,spec_timing_hopper,act_delay_rand1,0,1,2560.2770,966.9097846554115,1220.257589912718,1222.7859254988985,,20,79.2900,10000,,0,runs/spec_p2_online/RSC-SAC/hopper_seed0/r_spec_timing_hopper_eval.json
online,RSC-SAC,RSC-SAC,theta_tau_exec,spec_timing_hopper,act_delay_rand2,0,0,1317.2067,1125.1663464991907,202.68449227502794,204.2107224470942,,20,41.0953,10000,,0,runs/spec_p2_online/RSC-SAC/hopper_seed0/r_spec_timing_hopper_eval.json
online,RSC-SAC,RSC-SAC,theta_tau_exec,spec_timing_hopper,substep,0,0,2428.2110,1091.9501290600745,693.5804957110552,713.9782173810295,,20,75.2321,10000,,0,runs/spec_p2_online/RSC-SAC/hopper_seed0/r_spec_timing_hopper_eval.json
online,RSC-SAC,RSC-SAC,theta_tau_exec,spec_timing_hopper,obs_delay_4ms,0,1,3073.1439,556.629516868296,1868.4116836384137,1904.8519184783115,,20,95.0483,10000,,0,runs/spec_p2_online/RSC-SAC/hopper_seed0/r_spec_timing_hopper_eval.json
online,RSC-SAC,RSC-SAC,theta_tau_exec,spec_timing_hopper,obs_delay_8ms,0,1,2664.8128,746.2320454986235,1325.1101209215803,1441.738809799906,,20,82.5019,10000,,0,runs/spec_p2_online/RSC-SAC/hopper_seed0/r_spec_timing_hopper_eval.json
online,RSC-SAC,RSC-SAC,theta_tau_exec,spec_timing_hopper,obs_delay_16ms,0,1,695.5380,415.57836870213055,200.3913066856752,202.0184619657066,,20,21.9939,10000,,0,runs/spec_p2_online/RSC-SAC/hopper_seed0/r_spec_timing_hopper_eval.json
online,RSC-SAC,RSC-SAC,theta_tau_exec,spec_timing_hopper,nominal,1,0,1599.4871,155.3743998937684,1377.049012902747,1380.2481699451573,,20,49.7687,10000,,0,runs/spec_p2_online/RSC-SAC/hopper_seed1/r_spec_timing_hopper_eval.json
online,RSC-SAC,RSC-SAC,theta_tau_exec,spec_timing_hopper,act_delay_8ms,1,1,1892.6917,639.3045346351572,616.3799987331666,878.9963418000993,,20,58.7777,10000,,0,runs/spec_p2_online/RSC-SAC/hopper_seed1/r_spec_timing_hopper_eval.json
online,RSC-SAC,RSC-SAC,theta_tau_exec,spec_timing_hopper,act_delay_rand1,1,1,1670.9780,369.9955328133605,1141.6126848670322,1142.6554120404726,,20,51.9653,10000,,0,runs/spec_p2_online/RSC-SAC/hopper_seed1/r_spec_timing_hopper_eval.json
online,RSC-SAC,RSC-SAC,theta_tau_exec,spec_timing_hopper,act_delay_rand2,1,0,1322.7855,819.3425397235372,184.60055544934522,200.555352947761,,20,41.2668,10000,,0,runs/spec_p2_online/RSC-SAC/hopper_seed1/r_spec_timing_hopper_eval.json
online,RSC-SAC,RSC-SAC,theta_tau_exec,spec_timing_hopper,substep,1,0,1594.3358,462.5640259224226,1160.8693688441947,1182.3691230177064,,20,49.6104,10000,,0,runs/spec_p2_online/RSC-SAC/hopper_seed1/r_spec_timing_hopper_eval.json
online,RSC-SAC,RSC-SAC,theta_tau_exec,spec_timing_hopper,obs_delay_4ms,1,1,2481.9888,625.2802630646273,1532.5160994133892,1576.5753472989709,,20,76.8845,10000,,0,runs/spec_p2_online/RSC-SAC/hopper_seed1/r_spec_timing_hopper_eval.json
online,RSC-SAC,RSC-SAC,theta_tau_exec,spec_timing_hopper,obs_delay_8ms,1,1,2762.7220,623.427636127514,1444.5368608099627,1555.6119078960428,,20,85.5103,10000,,0,runs/spec_p2_online/RSC-SAC/hopper_seed1/r_spec_timing_hopper_eval.json
online,RSC-SAC,RSC-SAC,theta_tau_exec,spec_timing_hopper,obs_delay_16ms,1,1,464.0243,392.59923616029266,25.687861201762967,25.795965344030783,,20,14.8804,10000,,0,runs/spec_p2_online/RSC-SAC/hopper_seed1/r_spec_timing_hopper_eval.json
online,RSC-SAC,RSC-SAC,theta_tau_exec,spec_timing_hopper,nominal,2,0,3085.2361,53.15329801308853,2985.967480119514,2989.3842211771953,,20,95.4199,10000,,0,runs/spec_p2_online/RSC-SAC/hopper_seed2/r_spec_timing_hopper_eval.json
online,RSC-SAC,RSC-SAC,theta_tau_exec,spec_timing_hopper,act_delay_8ms,2,1,15.2952,0.8106993228191022,14.431052586802755,14.446641886805022,,20,1.0928,10000,,0,runs/spec_p2_online/RSC-SAC/hopper_seed2/r_spec_timing_hopper_eval.json
online,RSC-SAC,RSC-SAC,theta_tau_exec,spec_timing_hopper,act_delay_rand1,2,1,1853.4089,1501.637952657542,14.519479080626228,14.585772432515856,,20,57.5707,10000,,0,runs/spec_p2_online/RSC-SAC/hopper_seed2/r_spec_timing_hopper_eval.json
online,RSC-SAC,RSC-SAC,theta_tau_exec,spec_timing_hopper,act_delay_rand2,2,0,627.9636,1234.2013381670067,3.1082667186180135,3.1377759541752317,,20,19.9176,10000,,0,runs/spec_p2_online/RSC-SAC/hopper_seed2/r_spec_timing_hopper_eval.json
online,RSC-SAC,RSC-SAC,theta_tau_exec,spec_timing_hopper,substep,2,0,2588.5484,1121.505692772546,6.872912793403382,7.237609708746195,,20,80.1586,10000,,0,runs/spec_p2_online/RSC-SAC/hopper_seed2/r_spec_timing_hopper_eval.json
online,RSC-SAC,RSC-SAC,theta_tau_exec,spec_timing_hopper,obs_delay_4ms,2,1,3119.9533,60.397200780673664,2996.320737570128,3006.2348838878315,,20,96.4866,10000,,0,runs/spec_p2_online/RSC-SAC/hopper_seed2/r_spec_timing_hopper_eval.json
online,RSC-SAC,RSC-SAC,theta_tau_exec,spec_timing_hopper,obs_delay_8ms,2,1,1536.5889,1444.814140287518,14.505987535116017,14.570846487340253,,20,47.8361,10000,,0,runs/spec_p2_online/RSC-SAC/hopper_seed2/r_spec_timing_hopper_eval.json
online,RSC-SAC,RSC-SAC,theta_tau_exec,spec_timing_hopper,obs_delay_16ms,2,1,13.1613,5.466300834859739,3.2197896711556084,3.5969003186544137,,20,1.0272,10000,,0,runs/spec_p2_online/RSC-SAC/hopper_seed2/r_spec_timing_hopper_eval.json
online,RSC-SAC,RSC-SAC,theta_tau_exec,spec_timing_hopper,nominal,3407,0,1536.8459,7.13177271168247,1524.2285262993107,1524.5327786130595,,20,47.8440,10000,,0,runs/spec_p2_online/RSC-SAC/hopper_seed3407/r_spec_timing_hopper_eval.json
online,RSC-SAC,RSC-SAC,theta_tau_exec,spec_timing_hopper,act_delay_8ms,3407,1,9.2647,0.4826696262534913,8.693784590207803,8.696868992854679,,20,0.9075,10000,,0,runs/spec_p2_online/RSC-SAC/hopper_seed3407/r_spec_timing_hopper_eval.json
online,RSC-SAC,RSC-SAC,theta_tau_exec,spec_timing_hopper,act_delay_rand1,3407,1,926.2375,748.6657694460388,8.693784590207803,8.696868992854679,,20,29.0824,10000,,0,runs/spec_p2_online/RSC-SAC/hopper_seed3407/r_spec_timing_hopper_eval.json
online,RSC-SAC,RSC-SAC,theta_tau_exec,spec_timing_hopper,act_delay_rand2,3407,0,314.0418,614.2191093103538,3.271174755180709,3.3037508666690716,,20,10.2721,10000,,0,runs/spec_p2_online/RSC-SAC/hopper_seed3407/r_spec_timing_hopper_eval.json
online,RSC-SAC,RSC-SAC,theta_tau_exec,spec_timing_hopper,substep,3407,0,1396.7529,463.4512077630106,5.595680111906391,6.693338117168,,20,43.5395,10000,,0,runs/spec_p2_online/RSC-SAC/hopper_seed3407/r_spec_timing_hopper_eval.json
online,RSC-SAC,RSC-SAC,theta_tau_exec,spec_timing_hopper,obs_delay_4ms,3407,1,1558.8644,4.54060601286182,1550.2969439303426,1550.3348137433522,,20,48.5205,10000,,0,runs/spec_p2_online/RSC-SAC/hopper_seed3407/r_spec_timing_hopper_eval.json
online,RSC-SAC,RSC-SAC,theta_tau_exec,spec_timing_hopper,obs_delay_8ms,3407,1,1100.6187,714.8672972723365,8.493891874479793,8.50523426966153,,20,34.4405,10000,,0,runs/spec_p2_online/RSC-SAC/hopper_seed3407/r_spec_timing_hopper_eval.json
online,RSC-SAC,RSC-SAC,theta_tau_exec,spec_timing_hopper,obs_delay_16ms,3407,1,5.9731,3.547472040705896,3.4092386243533572,3.410276335586409,,20,0.8063,10000,,0,runs/spec_p2_online/RSC-SAC/hopper_seed3407/r_spec_timing_hopper_eval.json
online,RSC-SAC,RSC-SAC,theta_tau_exec,spec_timing_hopper,nominal,42,0,3289.3582,4.327714660521203,3280.41552399022,3281.107972812921,,20,101.6917,10000,,0,runs/spec_p2_online/RSC-SAC/hopper_seed42/r_spec_timing_hopper_eval.json
online,RSC-SAC,RSC-SAC,theta_tau_exec,spec_timing_hopper,act_delay_8ms,42,1,3438.2969,9.830668263618191,3414.4187827842707,3415.6252793948997,,20,106.2680,10000,,0,runs/spec_p2_online/RSC-SAC/hopper_seed42/r_spec_timing_hopper_eval.json
online,RSC-SAC,RSC-SAC,theta_tau_exec,spec_timing_hopper,act_delay_rand1,42,1,3351.7207,74.74393696356869,3282.6359140094214,3284.600481466366,,20,103.6079,10000,,0,runs/spec_p2_online/RSC-SAC/hopper_seed42/r_spec_timing_hopper_eval.json
online,RSC-SAC,RSC-SAC,theta_tau_exec,spec_timing_hopper,act_delay_rand2,42,0,2378.9867,1555.422862112282,4.492586079574134,4.508169594999936,,20,73.7196,10000,,0,runs/spec_p2_online/RSC-SAC/hopper_seed42/r_spec_timing_hopper_eval.json
online,RSC-SAC,RSC-SAC,theta_tau_exec,spec_timing_hopper,substep,42,0,3002.2986,944.3116185600734,12.247059405440794,173.81994889140313,,20,92.8715,10000,,0,runs/spec_p2_online/RSC-SAC/hopper_seed42/r_spec_timing_hopper_eval.json
online,RSC-SAC,RSC-SAC,theta_tau_exec,spec_timing_hopper,obs_delay_4ms,42,1,3330.1169,10.096908173334322,3312.3552379444795,3314.0417517530996,,20,102.9441,10000,,0,runs/spec_p2_online/RSC-SAC/hopper_seed42/r_spec_timing_hopper_eval.json
online,RSC-SAC,RSC-SAC,theta_tau_exec,spec_timing_hopper,obs_delay_8ms,42,1,3391.9771,28.72380784733831,3355.239841589851,3356.3672605719203,,20,104.8448,10000,,0,runs/spec_p2_online/RSC-SAC/hopper_seed42/r_spec_timing_hopper_eval.json
online,RSC-SAC,RSC-SAC,theta_tau_exec,spec_timing_hopper,obs_delay_16ms,42,1,910.7211,1450.6773354235384,4.636609528742533,4.637924167365039,,20,28.6057,10000,,0,runs/spec_p2_online/RSC-SAC/hopper_seed42/r_spec_timing_hopper_eval.json
offline,ATLA-IQL,ATLA-IQL,theta_o,spec_obsadv_hopper,nominal,0,0,3417.3060,426.7745184058925,1826.4241454383314,2183.708473604169,953.9,20,105.6230,10000,last,0,runs/offline_atla_iql/hopper_medium_seed0/r_spec_obsadv_hopper_eval.json
offline,ATLA-IQL,ATLA-IQL,theta_o,spec_obsadv_hopper,obs_uni_0.05,0,0,2377.6520,1031.0040095306247,1196.3536228845492,1212.7315844732984,632.95,20,73.6786,10000,last,0,runs/offline_atla_iql/hopper_medium_seed0/r_spec_obsadv_hopper_eval.json
offline,ATLA-IQL,ATLA-IQL,theta_o,spec_obsadv_hopper,obs_uni_0.10,0,1,1366.2367,484.8375378241424,729.8408061381162,818.1188925600105,361.65,20,42.6018,10000,last,0,runs/offline_atla_iql/hopper_medium_seed0/r_spec_obsadv_hopper_eval.json
offline,ATLA-IQL,ATLA-IQL,theta_o,spec_obsadv_hopper,obs_uni_0.15,0,0,1093.5980,276.79665030810366,473.9682259098398,585.4643637424463,298.25,20,34.2247,10000,last,0,runs/offline_atla_iql/hopper_medium_seed0/r_spec_obsadv_hopper_eval.json
offline,ATLA-IQL,ATLA-IQL,theta_o,spec_obsadv_hopper,obs_rel_0.05,0,0,2763.2248,915.896317546921,1367.4591316020517,1398.622566869583,751.35,20,85.5257,10000,last,0,runs/offline_atla_iql/hopper_medium_seed0/r_spec_obsadv_hopper_eval.json
offline,ATLA-IQL,ATLA-IQL,theta_o,spec_obsadv_hopper,obs_rel_0.10,0,1,2401.8219,1008.7102958994367,1239.229681882852,1241.8413066943317,648.05,20,74.4213,10000,last,0,runs/offline_atla_iql/hopper_medium_seed0/r_spec_obsadv_hopper_eval.json
offline,ATLA-IQL,ATLA-IQL,theta_o,spec_obsadv_hopper,obs_bias_0.05,0,0,2580.9938,1119.3509856160456,909.9749101379759,964.7978041780027,727.45,20,79.9265,10000,last,0,runs/offline_atla_iql/hopper_medium_seed0/r_spec_obsadv_hopper_eval.json
offline,ATLA-IQL,ATLA-IQL,theta_o,spec_obsadv_hopper,obs_gauss_0.05,0,0,1637.2800,798.1075225310261,878.6472805259941,928.7690110173162,433.75,20,50.9299,10000,last,0,runs/offline_atla_iql/hopper_medium_seed0/r_spec_obsadv_hopper_eval.json
offline,ATLA-IQL,ATLA-IQL,theta_o,spec_obsadv_hopper,obs_gauss_0.10,0,1,1039.8114,260.7703873734783,597.2625306675267,643.4335607589899,286.55,20,32.5721,10000,last,0,runs/offline_atla_iql/hopper_medium_seed0/r_spec_obsadv_hopper_eval.json
offline,ATLA-IQL,ATLA-IQL,theta_o,spec_obsadv_hopper,obs_shift_0.01,0,0,1605.6976,234.2654217784787,1376.7369024941027,1378.1456460626757,406.15,20,49.9595,10000,last,0,runs/offline_atla_iql/hopper_medium_seed0/r_spec_obsadv_hopper_eval.json
offline,ATLA-IQL,ATLA-IQL,theta_o,spec_obsadv_hopper,obs_shift_0.02,0,0,1223.8298,36.66702854750201,1168.2745210107691,1170.8472205421476,318.85,20,38.2262,10000,last,0,runs/offline_atla_iql/hopper_medium_seed0/r_spec_obsadv_hopper_eval.json
offline,ATLA-IQL,ATLA-IQL,theta_o,spec_obsadv_hopper,nominal,1,0,3566.1442,20.64228727277251,3527.0186069808337,3529.5542712240867,1000.0,20,110.1963,10000,last,0,runs/offline_atla_iql/hopper_medium_seed1/r_spec_obsadv_hopper_eval.json
offline,ATLA-IQL,ATLA-IQL,theta_o,spec_obsadv_hopper,obs_uni_0.05,1,0,2692.7520,997.9897209710914,1254.1280210250063,1263.5715161356288,723.3,20,83.3604,10000,last,0,runs/offline_atla_iql/hopper_medium_seed1/r_spec_obsadv_hopper_eval.json
offline,ATLA-IQL,ATLA-IQL,theta_o,spec_obsadv_hopper,obs_uni_0.10,1,1,1558.4877,565.7647813567739,1000.9169631333833,1020.9935224125779,409.45,20,48.5089,10000,last,0,runs/offline_atla_iql/hopper_medium_seed1/r_spec_obsadv_hopper_eval.json
offline,ATLA-IQL,ATLA-IQL,theta_o,spec_obsadv_hopper,obs_uni_0.15,1,0,1261.2448,367.3304814687421,755.491563516912,856.3405074339074,340.65,20,39.3759,10000,last,0,runs/offline_atla_iql/hopper_medium_seed1/r_spec_obsadv_hopper_eval.json
offline,ATLA-IQL,ATLA-IQL,theta_o,spec_obsadv_hopper,obs_rel_0.05,1,0,2898.5065,928.3110755501185,1438.3850271152985,1439.804668797606,795.4,20,89.6824,10000,last,0,runs/offline_atla_iql/hopper_medium_seed1/r_spec_obsadv_hopper_eval.json
offline,ATLA-IQL,ATLA-IQL,theta_o,spec_obsadv_hopper,obs_rel_0.10,1,1,2387.1146,931.5099035969855,1235.0909614885436,1238.4127025684838,650.65,20,73.9694,10000,last,0,runs/offline_atla_iql/hopper_medium_seed1/r_spec_obsadv_hopper_eval.json
offline,ATLA-IQL,ATLA-IQL,theta_o,spec_obsadv_hopper,obs_bias_0.05,1,0,2676.2400,1162.9759916145824,479.1160738828143,611.811216965836,756.8,20,82.8530,10000,last,0,runs/offline_atla_iql/hopper_medium_seed1/r_spec_obsadv_hopper_eval.json
offline,ATLA-IQL,ATLA-IQL,theta_o,spec_obsadv_hopper,obs_gauss_0.05,1,0,1615.8407,581.2417442015079,718.5575637820073,858.9254104093953,418.4,20,50.2712,10000,last,0,runs/offline_atla_iql/hopper_medium_seed1/r_spec_obsadv_hopper_eval.json
offline,ATLA-IQL,ATLA-IQL,theta_o,spec_obsadv_hopper,obs_gauss_0.10,1,1,1027.8379,292.0726520190475,147.0527436199484,430.21893698246066,283.6,20,32.2042,10000,last,0,runs/offline_atla_iql/hopper_medium_seed1/r_spec_obsadv_hopper_eval.json
offline,ATLA-IQL,ATLA-IQL,theta_o,spec_obsadv_hopper,obs_shift_0.01,1,0,1529.8085,108.69706004872903,1365.9900128144907,1379.5150194766713,388.75,20,47.6278,10000,last,0,runs/offline_atla_iql/hopper_medium_seed1/r_spec_obsadv_hopper_eval.json
offline,ATLA-IQL,ATLA-IQL,theta_o,spec_obsadv_hopper,obs_shift_0.02,1,0,1205.4273,28.997513081328073,1148.5299206522666,1151.5272151133386,314.9,20,37.6608,10000,last,0,runs/offline_atla_iql/hopper_medium_seed1/r_spec_obsadv_hopper_eval.json
offline,ATLA-IQL,ATLA-IQL,theta_o,spec_obsadv_hopper,nominal,2,0,3207.7147,660.3053465163468,1706.9619831455566,1885.0121764237238,880.45,20,99.1831,10000,last,0,runs/offline_atla_iql/hopper_medium_seed2/r_spec_obsadv_hopper_eval.json
offline,ATLA-IQL,ATLA-IQL,theta_o,spec_obsadv_hopper,obs_uni_0.05,2,0,2446.7105,1096.581124933734,1227.737462494433,1231.1620431293736,653.9,20,75.8005,10000,last,0,runs/offline_atla_iql/hopper_medium_seed2/r_spec_obsadv_hopper_eval.json
offline,ATLA-IQL,ATLA-IQL,theta_o,spec_obsadv_hopper,obs_uni_0.10,2,1,1623.9914,688.0886382110101,946.5837505038503,950.7469583524594,428.6,20,50.5216,10000,last,0,runs/offline_atla_iql/hopper_medium_seed2/r_spec_obsadv_hopper_eval.json
offline,ATLA-IQL,ATLA-IQL,theta_o,spec_obsadv_hopper,obs_uni_0.15,2,0,1128.3400,268.41185718846793,729.2143403976328,730.5618674968532,308.25,20,35.2922,10000,last,0,runs/offline_atla_iql/hopper_medium_seed2/r_spec_obsadv_hopper_eval.json
offline,ATLA-IQL,ATLA-IQL,theta_o,spec_obsadv_hopper,obs_rel_0.05,2,0,3087.9377,883.6779733854885,1403.8096502340713,1413.9181947775828,846.95,20,95.5029,10000,last,0,runs/offline_atla_iql/hopper_medium_seed2/r_spec_obsadv_hopper_eval.json
offline,ATLA-IQL,ATLA-IQL,theta_o,spec_obsadv_hopper,obs_rel_0.10,2,1,2465.4699,944.7555560401099,1239.2876156851269,1274.10376368961,661.15,20,76.3769,10000,last,0,runs/offline_atla_iql/hopper_medium_seed2/r_spec_obsadv_hopper_eval.json
offline,ATLA-IQL,ATLA-IQL,theta_o,spec_obsadv_hopper,obs_bias_0.05,2,0,2420.1072,1076.3233576648718,987.5431177491862,1021.7307968878131,676.0,20,74.9831,10000,last,0,runs/offline_atla_iql/hopper_medium_seed2/r_spec_obsadv_hopper_eval.json
offline,ATLA-IQL,ATLA-IQL,theta_o,spec_obsadv_hopper,obs_gauss_0.05,2,0,1556.4493,529.5507181179146,724.4087314790054,865.8559953700511,404.9,20,48.4463,10000,last,0,runs/offline_atla_iql/hopper_medium_seed2/r_spec_obsadv_hopper_eval.json
offline,ATLA-IQL,ATLA-IQL,theta_o,spec_obsadv_hopper,obs_gauss_0.10,2,1,1065.5160,225.50998242625514,542.6202766716265,607.6877795421349,292.9,20,33.3619,10000,last,0,runs/offline_atla_iql/hopper_medium_seed2/r_spec_obsadv_hopper_eval.json
offline,ATLA-IQL,ATLA-IQL,theta_o,spec_obsadv_hopper,obs_shift_0.01,2,0,1435.6794,64.83572324118371,1302.8407625484192,1310.2411630722104,368.2,20,44.7355,10000,last,0,runs/offline_atla_iql/hopper_medium_seed2/r_spec_obsadv_hopper_eval.json
offline,ATLA-IQL,ATLA-IQL,theta_o,spec_obsadv_hopper,obs_shift_0.02,2,0,1199.9639,20.82702232129941,1166.3388394042752,1168.6553061751606,313.85,20,37.4929,10000,last,0,runs/offline_atla_iql/hopper_medium_seed2/r_spec_obsadv_hopper_eval.json
offline,ATLA-IQL,ATLA-IQL,theta_o,spec_obsadv_hopper,nominal,3407,0,3569.8090,29.39362462567183,3521.3643340031012,3524.7913822499354,1000.0,20,110.3089,10000,last,0,runs/offline_atla_iql/hopper_medium_seed3407/r_spec_obsadv_hopper_eval.json
offline,ATLA-IQL,ATLA-IQL,theta_o,spec_obsadv_hopper,obs_uni_0.05,3407,0,2422.8124,1064.9452315561073,1135.0283191297576,1175.822902365891,651.0,20,75.0662,10000,last,0,runs/offline_atla_iql/hopper_medium_seed3407/r_spec_obsadv_hopper_eval.json
offline,ATLA-IQL,ATLA-IQL,theta_o,spec_obsadv_hopper,obs_uni_0.10,3407,1,1424.3645,579.2181489878105,912.9225083585375,937.6872011369225,377.05,20,44.3879,10000,last,0,runs/offline_atla_iql/hopper_medium_seed3407/r_spec_obsadv_hopper_eval.json
offline,ATLA-IQL,ATLA-IQL,theta_o,spec_obsadv_hopper,obs_uni_0.15,3407,0,1090.2982,185.4946693569289,705.8638873796623,732.6907005130538,297.25,20,34.1233,10000,last,0,runs/offline_atla_iql/hopper_medium_seed3407/r_spec_obsadv_hopper_eval.json
offline,ATLA-IQL,ATLA-IQL,theta_o,spec_obsadv_hopper,obs_rel_0.05,3407,0,2663.7255,920.8562310342089,1385.5229312807164,1388.934081503849,722.15,20,82.4685,10000,last,0,runs/offline_atla_iql/hopper_medium_seed3407/r_spec_obsadv_hopper_eval.json
offline,ATLA-IQL,ATLA-IQL,theta_o,spec_obsadv_hopper,obs_rel_0.10,3407,1,2329.4768,1016.5929115035362,1035.5262399377643,1045.4504682144516,628.25,20,72.1984,10000,last,0,runs/offline_atla_iql/hopper_medium_seed3407/r_spec_obsadv_hopper_eval.json
offline,ATLA-IQL,ATLA-IQL,theta_o,spec_obsadv_hopper,obs_bias_0.05,3407,0,2451.5015,1141.005898376181,743.2325001287985,802.9142041998631,693.05,20,75.9477,10000,last,0,runs/offline_atla_iql/hopper_medium_seed3407/r_spec_obsadv_hopper_eval.json
offline,ATLA-IQL,ATLA-IQL,theta_o,spec_obsadv_hopper,obs_gauss_0.05,3407,0,1403.8151,373.708223312464,726.256669673082,864.4724465745892,365.2,20,43.7565,10000,last,0,runs/offline_atla_iql/hopper_medium_seed3407/r_spec_obsadv_hopper_eval.json
offline,ATLA-IQL,ATLA-IQL,theta_o,spec_obsadv_hopper,obs_gauss_0.10,3407,1,973.6626,138.41717025625786,706.5492429828253,716.0961593955103,271.05,20,30.5396,10000,last,0,runs/offline_atla_iql/hopper_medium_seed3407/r_spec_obsadv_hopper_eval.json
offline,ATLA-IQL,ATLA-IQL,theta_o,spec_obsadv_hopper,obs_shift_0.01,3407,0,1488.3624,67.20187663984206,1388.8561911286845,1396.5635092239631,379.65,20,46.3543,10000,last,0,runs/offline_atla_iql/hopper_medium_seed3407/r_spec_obsadv_hopper_eval.json
offline,ATLA-IQL,ATLA-IQL,theta_o,spec_obsadv_hopper,obs_shift_0.02,3407,0,1194.0836,15.537635542519757,1172.7392271127142,1172.9333857693318,313.0,20,37.3123,10000,last,0,runs/offline_atla_iql/hopper_medium_seed3407/r_spec_obsadv_hopper_eval.json
offline,ATLA-IQL,ATLA-IQL,theta_o,spec_obsadv_hopper,nominal,42,0,3583.3143,26.699864776151287,3533.5606830101524,3542.2980739915333,1000.0,20,110.7238,10000,last,0,runs/offline_atla_iql/hopper_medium_seed42/r_spec_obsadv_hopper_eval.json
offline,ATLA-IQL,ATLA-IQL,theta_o,spec_obsadv_hopper,obs_uni_0.05,42,0,2555.6677,1022.4797421025962,1156.9027234110943,1223.9320058705287,687.3,20,79.1483,10000,last,0,runs/offline_atla_iql/hopper_medium_seed42/r_spec_obsadv_hopper_eval.json
offline,ATLA-IQL,ATLA-IQL,theta_o,spec_obsadv_hopper,obs_uni_0.10,42,1,1420.3183,520.5482705350689,461.2121897609591,722.6654923413396,374.05,20,44.2636,10000,last,0,runs/offline_atla_iql/hopper_medium_seed42/r_spec_obsadv_hopper_eval.json
offline,ATLA-IQL,ATLA-IQL,theta_o,spec_obsadv_hopper,obs_uni_0.15,42,0,982.4378,222.68427545729358,460.5373497711635,611.175142716334,272.75,20,30.8092,10000,last,0,runs/offline_atla_iql/hopper_medium_seed42/r_spec_obsadv_hopper_eval.json
offline,ATLA-IQL,ATLA-IQL,theta_o,spec_obsadv_hopper,obs_rel_0.05,42,0,3131.5805,810.7922086365794,1397.3304195232645,1503.6714819110778,860.1,20,96.8438,10000,last,0,runs/offline_atla_iql/hopper_medium_seed42/r_spec_obsadv_hopper_eval.json
offline,ATLA-IQL,ATLA-IQL,theta_o,spec_obsadv_hopper,obs_rel_0.10,42,1,2314.1927,969.8566069890627,1179.373704430697,1203.5691140665347,613.65,20,71.7288,10000,last,0,runs/offline_atla_iql/hopper_medium_seed42/r_spec_obsadv_hopper_eval.json
offline,ATLA-IQL,ATLA-IQL,theta_o,spec_obsadv_hopper,obs_bias_0.05,42,0,2585.7192,1138.3821515735515,479.1471981513919,756.5804263711087,728.25,20,80.0717,10000,last,0,runs/offline_atla_iql/hopper_medium_seed42/r_spec_obsadv_hopper_eval.json
offline,ATLA-IQL,ATLA-IQL,theta_o,spec_obsadv_hopper,obs_gauss_0.05,42,0,1510.2194,546.9675173959662,727.0527472686819,826.4891247698654,393.3,20,47.0259,10000,last,0,runs/offline_atla_iql/hopper_medium_seed42/r_spec_obsadv_hopper_eval.json
offline,ATLA-IQL,ATLA-IQL,theta_o,spec_obsadv_hopper,obs_gauss_0.10,42,1,901.4795,265.86716387086193,216.84144145906131,361.06952830099794,255.5,20,28.3217,10000,last,0,runs/offline_atla_iql/hopper_medium_seed42/r_spec_obsadv_hopper_eval.json
offline,ATLA-IQL,ATLA-IQL,theta_o,spec_obsadv_hopper,obs_shift_0.01,42,0,1888.8585,142.45573970945424,1649.259665326032,1687.1114249479456,470.85,20,58.6599,10000,last,0,runs/offline_atla_iql/hopper_medium_seed42/r_spec_obsadv_hopper_eval.json
offline,ATLA-IQL,ATLA-IQL,theta_o,spec_obsadv_hopper,obs_shift_0.02,42,0,1356.0020,33.78341250592741,1301.4210818728534,1302.042782356737,348.95,20,42.2874,10000,last,0,runs/offline_atla_iql/hopper_medium_seed42/r_spec_obsadv_hopper_eval.json
offline,ATLA-IQL,ATLA-IQL,theta_o,spec_obsadv_mad_hopper,nominal,0,0,3519.6871,289.46901617128884,2266.581697202802,3287.3933483304863,,20,108.7688,10000,,0,runs/offline_atla_iql/hopper_medium_seed0/r_spec_obsadv_mad_hopper_eval.json
offline,ATLA-IQL,ATLA-IQL,theta_o,spec_obsadv_mad_hopper,mad_0.02,0,1,1886.1800,961.2009183065642,1020.2656089482889,1131.7319539429361,,20,58.5776,10000,,0,runs/offline_atla_iql/hopper_medium_seed0/r_spec_obsadv_mad_hopper_eval.json
offline,ATLA-IQL,ATLA-IQL,theta_o,spec_obsadv_mad_hopper,mad_0.035,0,0,1326.7337,472.2527003118503,857.7631351475995,956.4120322698207,,20,41.3881,10000,,0,runs/offline_atla_iql/hopper_medium_seed0/r_spec_obsadv_mad_hopper_eval.json
offline,ATLA-IQL,ATLA-IQL,theta_o,spec_obsadv_mad_hopper,mad_0.05,0,1,959.5627,202.19542154847895,461.370501041131,700.4149898714952,,20,30.1064,10000,,0,runs/offline_atla_iql/hopper_medium_seed0/r_spec_obsadv_mad_hopper_eval.json
offline,ATLA-IQL,ATLA-IQL,theta_o,spec_obsadv_mad_hopper,mad_0.075,0,0,721.2339,287.3183732773134,29.950739594397305,317.1517378203924,,20,22.7835,10000,,0,runs/offline_atla_iql/hopper_medium_seed0/r_spec_obsadv_mad_hopper_eval.json
offline,ATLA-IQL,ATLA-IQL,theta_o,spec_obsadv_mad_hopper,mad_0.10,0,0,381.0030,230.41868237369977,19.599707578481976,80.03924465903302,,20,12.3295,10000,,0,runs/offline_atla_iql/hopper_medium_seed0/r_spec_obsadv_mad_hopper_eval.json
offline,ATLA-IQL,ATLA-IQL,theta_o,spec_obsadv_mad_hopper,nominal,1,0,3572.7227,30.406282520382696,3544.9850100149397,3549.7098522142815,,20,110.3984,10000,,0,runs/offline_atla_iql/hopper_medium_seed1/r_spec_obsadv_mad_hopper_eval.json
offline,ATLA-IQL,ATLA-IQL,theta_o,spec_obsadv_mad_hopper,mad_0.02,1,1,2359.3001,1016.7520662566965,1126.1869660956788,1253.1350540273281,,20,73.1147,10000,,0,runs/offline_atla_iql/hopper_medium_seed1/r_spec_obsadv_mad_hopper_eval.json
offline,ATLA-IQL,ATLA-IQL,theta_o,spec_obsadv_mad_hopper,mad_0.035,1,0,1773.6855,700.7798368371559,1054.1091269589829,1137.7466284173734,,20,55.1211,10000,,0,runs/offline_atla_iql/hopper_medium_seed1/r_spec_obsadv_mad_hopper_eval.json
offline,ATLA-IQL,ATLA-IQL,theta_o,spec_obsadv_mad_hopper,mad_0.05,1,1,1134.5332,303.045191978045,700.6886629817965,850.8185042337846,,20,35.4825,10000,,0,runs/offline_atla_iql/hopper_medium_seed1/r_spec_obsadv_mad_hopper_eval.json
offline,ATLA-IQL,ATLA-IQL,theta_o,spec_obsadv_mad_hopper,mad_0.075,1,0,826.4636,239.29698155426232,26.70329269831269,500.96775564303346,,20,26.0168,10000,,0,runs/offline_atla_iql/hopper_medium_seed1/r_spec_obsadv_mad_hopper_eval.json
offline,ATLA-IQL,ATLA-IQL,theta_o,spec_obsadv_mad_hopper,mad_0.10,1,0,339.8682,258.86325131502224,19.807754189946504,24.701225184178433,,20,11.0656,10000,,0,runs/offline_atla_iql/hopper_medium_seed1/r_spec_obsadv_mad_hopper_eval.json
offline,ATLA-IQL,ATLA-IQL,theta_o,spec_obsadv_mad_hopper,nominal,2,0,3508.9703,280.1184770783086,2294.0921334956374,3289.697515739486,,20,108.4395,10000,,0,runs/offline_atla_iql/hopper_medium_seed2/r_spec_obsadv_mad_hopper_eval.json
offline,ATLA-IQL,ATLA-IQL,theta_o,spec_obsadv_mad_hopper,mad_0.02,2,1,2019.4887,1002.7565271328414,1051.906794962849,1184.738928033674,,20,62.6737,10000,,0,runs/offline_atla_iql/hopper_medium_seed2/r_spec_obsadv_mad_hopper_eval.json
offline,ATLA-IQL,ATLA-IQL,theta_o,spec_obsadv_mad_hopper,mad_0.035,2,0,1393.5436,489.8675415054989,901.5492670182612,978.5572628170764,,20,43.4409,10000,,0,runs/offline_atla_iql/hopper_medium_seed2/r_spec_obsadv_mad_hopper_eval.json
offline,ATLA-IQL,ATLA-IQL,theta_o,spec_obsadv_mad_hopper,mad_0.05,2,1,1043.2779,161.6119778007481,854.2822642648957,880.3776019216681,,20,32.6786,10000,,0,runs/offline_atla_iql/hopper_medium_seed2/r_spec_obsadv_mad_hopper_eval.json
offline,ATLA-IQL,ATLA-IQL,theta_o,spec_obsadv_mad_hopper,mad_0.075,2,0,666.4458,366.1777758978408,18.743725993792896,139.51096365041445,,20,21.1000,10000,,0,runs/offline_atla_iql/hopper_medium_seed2/r_spec_obsadv_mad_hopper_eval.json
offline,ATLA-IQL,ATLA-IQL,theta_o,spec_obsadv_mad_hopper,mad_0.10,2,0,312.5860,296.87873648782386,19.95368486178101,20.99258841693354,,20,10.2273,10000,,0,runs/offline_atla_iql/hopper_medium_seed2/r_spec_obsadv_mad_hopper_eval.json
offline,ATLA-IQL,ATLA-IQL,theta_o,spec_obsadv_mad_hopper,nominal,3407,0,3505.9833,271.4725351598955,2327.079797027346,3294.5104114579067,,20,108.3477,10000,,0,runs/offline_atla_iql/hopper_medium_seed3407/r_spec_obsadv_mad_hopper_eval.json
offline,ATLA-IQL,ATLA-IQL,theta_o,spec_obsadv_mad_hopper,mad_0.02,3407,1,1855.8973,958.0198475800038,981.4339123695393,1108.2117323241732,,20,57.6472,10000,,0,runs/offline_atla_iql/hopper_medium_seed3407/r_spec_obsadv_mad_hopper_eval.json
offline,ATLA-IQL,ATLA-IQL,theta_o,spec_obsadv_mad_hopper,mad_0.035,3407,0,1287.9917,518.4292915520728,833.1925458715374,919.2146392304554,,20,40.1977,10000,,0,runs/offline_atla_iql/hopper_medium_seed3407/r_spec_obsadv_mad_hopper_eval.json
offline,ATLA-IQL,ATLA-IQL,theta_o,spec_obsadv_mad_hopper,mad_0.05,3407,1,1040.8132,197.16347596599576,788.8459080706549,848.3261886227768,,20,32.6029,10000,,0,runs/offline_atla_iql/hopper_medium_seed3407/r_spec_obsadv_mad_hopper_eval.json
offline,ATLA-IQL,ATLA-IQL,theta_o,spec_obsadv_mad_hopper,mad_0.075,3407,0,669.4257,242.3094475337924,35.415084779015764,330.67454034286453,,20,21.1916,10000,,0,runs/offline_atla_iql/hopper_medium_seed3407/r_spec_obsadv_mad_hopper_eval.json
offline,ATLA-IQL,ATLA-IQL,theta_o,spec_obsadv_mad_hopper,mad_0.10,3407,0,428.8484,224.80990982393303,27.82650585507267,105.2294212004088,,20,13.7996,10000,,0,runs/offline_atla_iql/hopper_medium_seed3407/r_spec_obsadv_mad_hopper_eval.json
offline,ATLA-IQL,ATLA-IQL,theta_o,spec_obsadv_mad_hopper,nominal,42,0,3558.6231,20.034513809214484,3531.332755233821,3536.7478931805117,,20,109.9652,10000,,0,runs/offline_atla_iql/hopper_medium_seed42/r_spec_obsadv_mad_hopper_eval.json
offline,ATLA-IQL,ATLA-IQL,theta_o,spec_obsadv_mad_hopper,mad_0.02,42,1,1906.6571,890.9821534442736,1045.2327434037484,1218.3736235938168,,20,59.2068,10000,,0,runs/offline_atla_iql/hopper_medium_seed42/r_spec_obsadv_mad_hopper_eval.json
offline,ATLA-IQL,ATLA-IQL,theta_o,spec_obsadv_mad_hopper,mad_0.035,42,0,1403.4328,360.7716938812803,939.327335258446,1003.5534379883405,,20,43.7447,10000,,0,runs/offline_atla_iql/hopper_medium_seed42/r_spec_obsadv_mad_hopper_eval.json
offline,ATLA-IQL,ATLA-IQL,theta_o,spec_obsadv_mad_hopper,mad_0.05,42,1,1041.7589,183.3229209437728,762.043014631924,854.4153540695412,,20,32.6319,10000,,0,runs/offline_atla_iql/hopper_medium_seed42/r_spec_obsadv_mad_hopper_eval.json
offline,ATLA-IQL,ATLA-IQL,theta_o,spec_obsadv_mad_hopper,mad_0.075,42,0,606.9585,251.69620292233355,16.88517928381853,237.65179991627897,,20,19.2722,10000,,0,runs/offline_atla_iql/hopper_medium_seed42/r_spec_obsadv_mad_hopper_eval.json
offline,ATLA-IQL,ATLA-IQL,theta_o,spec_obsadv_mad_hopper,mad_0.10,42,0,400.5509,215.49770271544494,20.573471498002945,119.7290988246306,,20,12.9302,10000,,0,runs/offline_atla_iql/hopper_medium_seed42/r_spec_obsadv_mad_hopper_eval.json
offline,ATLA-IQL,ATLA-IQL,theta_a,spec_action_hopper,nominal,0,0,3417.3060,426.7745184058925,1826.4241454383314,2183.708473604169,953.9,20,105.6230,10000,last,0,runs/offline_atla_iql/hopper_medium_seed0/r_spec_action_hopper_eval.json
offline,ATLA-IQL,ATLA-IQL,theta_a,spec_action_hopper,act_gauss_0.05,0,0,1728.9388,645.016645653659,1329.2701357510362,1336.3656179066884,450.25,20,53.7462,10000,last,0,runs/offline_atla_iql/hopper_medium_seed0/r_spec_action_hopper_eval.json
offline,ATLA-IQL,ATLA-IQL,theta_a,spec_action_hopper,act_gauss_0.10,0,1,1348.3023,583.8006229218231,1058.6445249229803,1081.5543823217645,357.2,20,42.0508,10000,last,0,runs/offline_atla_iql/hopper_medium_seed0/r_spec_action_hopper_eval.json
offline,ATLA-IQL,ATLA-IQL,theta_a,spec_action_hopper,act_gauss_0.20,0,0,964.0051,76.65036793118595,858.4872353539785,877.4434559592817,268.5,20,30.2429,10000,last,0,runs/offline_atla_iql/hopper_medium_seed0/r_spec_action_hopper_eval.json
offline,ATLA-IQL,ATLA-IQL,theta_a,spec_action_hopper,act_uni_0.10,0,1,1825.4988,766.081933428083,1235.7204699113047,1289.0974011015846,480.05,20,56.7131,10000,last,0,runs/offline_atla_iql/hopper_medium_seed0/r_spec_action_hopper_eval.json
offline,ATLA-IQL,ATLA-IQL,theta_a,spec_action_hopper,act_offset_0.05,0,1,1073.7991,10.907893031398237,1050.2971801846613,1050.4839479839807,287.05,20,33.6164,10000,last,0,runs/offline_atla_iql/hopper_medium_seed0/r_spec_action_hopper_eval.json
offline,ATLA-IQL,ATLA-IQL,theta_a,spec_action_hopper,act_oppose_0.10,0,1,899.4465,8.863359134111976,885.3733159849756,885.4905290340594,252.05,20,28.2592,10000,last,0,runs/offline_atla_iql/hopper_medium_seed0/r_spec_action_hopper_eval.json
offline,ATLA-IQL,ATLA-IQL,theta_a,spec_action_hopper,act_oppose_0.20,0,0,653.6778,7.96552068033187,644.0872048566754,644.1849870629179,206.35,20,20.7077,10000,last,0,runs/offline_atla_iql/hopper_medium_seed0/r_spec_action_hopper_eval.json
offline,ATLA-IQL,ATLA-IQL,theta_a,spec_action_hopper,cmd_gauss_0.20,0,0,964.0051,76.65036793118595,858.4872353539785,877.4434559592817,268.5,20,30.2429,10000,last,0,runs/offline_atla_iql/hopper_medium_seed0/r_spec_action_hopper_eval.json
offline,ATLA-IQL,ATLA-IQL,theta_a,spec_action_hopper,cmd_oppose_0.20,0,1,653.6778,7.96552068033187,644.0872048566754,644.1849870629179,206.35,20,20.7077,10000,last,0,runs/offline_atla_iql/hopper_medium_seed0/r_spec_action_hopper_eval.json
offline,ATLA-IQL,ATLA-IQL,theta_a,spec_action_hopper,nominal,1,0,3566.1442,20.64228727277251,3527.0186069808337,3529.5542712240867,1000.0,20,110.1963,10000,last,0,runs/offline_atla_iql/hopper_medium_seed1/r_spec_action_hopper_eval.json
offline,ATLA-IQL,ATLA-IQL,theta_a,spec_action_hopper,act_gauss_0.05,1,0,2135.2910,977.3768482124893,1331.0386608076053,1338.4760505971815,569.7,20,66.2318,10000,last,0,runs/offline_atla_iql/hopper_medium_seed1/r_spec_action_hopper_eval.json
offline,ATLA-IQL,ATLA-IQL,theta_a,spec_action_hopper,act_gauss_0.10,1,1,1258.9787,186.34195035863834,1087.8864445112997,1097.7093692550175,330.35,20,39.3062,10000,last,0,runs/offline_atla_iql/hopper_medium_seed1/r_spec_action_hopper_eval.json
offline,ATLA-IQL,ATLA-IQL,theta_a,spec_action_hopper,act_gauss_0.20,1,0,1017.4510,144.60230000561586,702.0669370040147,812.4523962879673,281.2,20,31.8850,10000,last,0,runs/offline_atla_iql/hopper_medium_seed1/r_spec_action_hopper_eval.json
offline,ATLA-IQL,ATLA-IQL,theta_a,spec_action_hopper,act_uni_0.10,1,1,2032.1876,814.5283908099364,1325.766313348978,1350.1074655653192,535.9,20,63.0639,10000,last,0,runs/offline_atla_iql/hopper_medium_seed1/r_spec_action_hopper_eval.json
offline,ATLA-IQL,ATLA-IQL,theta_a,spec_action_hopper,act_offset_0.05,1,1,1054.2059,26.53440582199398,1020.3122780202827,1020.5252955183535,287.4,20,33.0144,10000,last,0,runs/offline_atla_iql/hopper_medium_seed1/r_spec_action_hopper_eval.json
offline,ATLA-IQL,ATLA-IQL,theta_a,spec_action_hopper,act_oppose_0.10,1,1,922.9015,7.215154006269345,909.3035881440877,910.4416843099332,257.9,20,28.9799,10000,last,0,runs/offline_atla_iql/hopper_medium_seed1/r_spec_action_hopper_eval.json
offline,ATLA-IQL,ATLA-IQL,theta_a,spec_action_hopper,act_oppose_0.20,1,0,743.1320,8.029889539203369,720.0445472160105,725.4852771283635,228.7,20,23.4563,10000,last,0,runs/offline_atla_iql/hopper_medium_seed1/r_spec_action_hopper_eval.json
offline,ATLA-IQL,ATLA-IQL,theta_a,spec_action_hopper,cmd_gauss_0.20,1,0,1017.4510,144.60230000561586,702.0669370040147,812.4523962879673,281.2,20,31.8850,10000,last,0,runs/offline_atla_iql/hopper_medium_seed1/r_spec_action_hopper_eval.json
offline,ATLA-IQL,ATLA-IQL,theta_a,spec_action_hopper,cmd_oppose_0.20,1,1,743.1320,8.029889539203369,720.0445472160105,725.4852771283635,228.7,20,23.4563,10000,last,0,runs/offline_atla_iql/hopper_medium_seed1/r_spec_action_hopper_eval.json
offline,ATLA-IQL,ATLA-IQL,theta_a,spec_action_hopper,nominal,2,0,3207.7147,660.3053465163468,1706.9619831455566,1885.0121764237238,880.45,20,99.1831,10000,last,0,runs/offline_atla_iql/hopper_medium_seed2/r_spec_action_hopper_eval.json
offline,ATLA-IQL,ATLA-IQL,theta_a,spec_action_hopper,act_gauss_0.05,2,0,1893.6825,870.3564287270757,1311.5134538250552,1319.8470350235903,501.5,20,58.8082,10000,last,0,runs/offline_atla_iql/hopper_medium_seed2/r_spec_action_hopper_eval.json
offline,ATLA-IQL,ATLA-IQL,theta_a,spec_action_hopper,act_gauss_0.10,2,1,1200.6469,132.75589561234872,1027.5328834968698,1059.9974871310558,318.05,20,37.5139,10000,last,0,runs/offline_atla_iql/hopper_medium_seed2/r_spec_action_hopper_eval.json
offline,ATLA-IQL,ATLA-IQL,theta_a,spec_action_hopper,act_gauss_0.20,2,0,962.0188,64.59351965135143,876.6702837230278,883.5082038597618,268.9,20,30.1818,10000,last,0,runs/offline_atla_iql/hopper_medium_seed2/r_spec_action_hopper_eval.json
offline,ATLA-IQL,ATLA-IQL,theta_a,spec_action_hopper,act_uni_0.10,2,1,1540.9669,295.0184098101302,1215.9294853994581,1223.486479076029,395.5,20,47.9706,10000,last,0,runs/offline_atla_iql/hopper_medium_seed2/r_spec_action_hopper_eval.json
offline,ATLA-IQL,ATLA-IQL,theta_a,spec_action_hopper,act_offset_0.05,2,1,1044.8995,23.978796568254968,1014.0039550299317,1014.9787782707317,285.4,20,32.7284,10000,last,0,runs/offline_atla_iql/hopper_medium_seed2/r_spec_action_hopper_eval.json
offline,ATLA-IQL,ATLA-IQL,theta_a,spec_action_hopper,act_oppose_0.10,2,1,905.3862,12.651048074850598,888.792525882257,889.2839946837372,253.8,20,28.4417,10000,last,0,runs/offline_atla_iql/hopper_medium_seed2/r_spec_action_hopper_eval.json
offline,ATLA-IQL,ATLA-IQL,theta_a,spec_action_hopper,act_oppose_0.20,2,0,635.7312,2.792928920264413,630.8616274489071,630.9547013359845,203.6,20,20.1563,10000,last,0,runs/offline_atla_iql/hopper_medium_seed2/r_spec_action_hopper_eval.json
offline,ATLA-IQL,ATLA-IQL,theta_a,spec_action_hopper,cmd_gauss_0.20,2,0,962.0188,64.59351965135143,876.6702837230278,883.5082038597618,268.9,20,30.1818,10000,last,0,runs/offline_atla_iql/hopper_medium_seed2/r_spec_action_hopper_eval.json
offline,ATLA-IQL,ATLA-IQL,theta_a,spec_action_hopper,cmd_oppose_0.20,2,1,635.7312,2.792928920264413,630.8616274489071,630.9547013359845,203.6,20,20.1563,10000,last,0,runs/offline_atla_iql/hopper_medium_seed2/r_spec_action_hopper_eval.json
offline,ATLA-IQL,ATLA-IQL,theta_a,spec_action_hopper,nominal,3407,0,3569.8090,29.39362462567183,3521.3643340031012,3524.7913822499354,1000.0,20,110.3089,10000,last,0,runs/offline_atla_iql/hopper_medium_seed3407/r_spec_action_hopper_eval.json
offline,ATLA-IQL,ATLA-IQL,theta_a,spec_action_hopper,act_gauss_0.05,3407,0,1792.6854,674.9208782941187,1349.021308607613,1357.794571413307,465.0,20,55.7049,10000,last,0,runs/offline_atla_iql/hopper_medium_seed3407/r_spec_action_hopper_eval.json
offline,ATLA-IQL,ATLA-IQL,theta_a,spec_action_hopper,act_gauss_0.10,3407,1,1224.9658,152.28120183407972,1107.2398755215256,1115.3374174767373,322.5,20,38.2611,10000,last,0,runs/offline_atla_iql/hopper_medium_seed3407/r_spec_action_hopper_eval.json
offline,ATLA-IQL,ATLA-IQL,theta_a,spec_action_hopper,act_gauss_0.20,3407,0,995.7115,87.14714269112946,892.7384044176846,902.5177232128642,275.9,20,31.2171,10000,last,0,runs/offline_atla_iql/hopper_medium_seed3407/r_spec_action_hopper_eval.json
offline,ATLA-IQL,ATLA-IQL,theta_a,spec_action_hopper,act_uni_0.10,3407,1,1877.4910,742.1206178851656,1317.192119338266,1317.8770236211458,491.45,20,58.3107,10000,last,0,runs/offline_atla_iql/hopper_medium_seed3407/r_spec_action_hopper_eval.json
offline,ATLA-IQL,ATLA-IQL,theta_a,spec_action_hopper,act_offset_0.05,3407,1,1057.0373,36.58419468265077,1014.2799411136394,1014.5080990780024,287.6,20,33.1014,10000,last,0,runs/offline_atla_iql/hopper_medium_seed3407/r_spec_action_hopper_eval.json
offline,ATLA-IQL,ATLA-IQL,theta_a,spec_action_hopper,act_oppose_0.10,3407,1,925.5921,8.17717657013251,910.2930274680449,911.0855294467573,257.5,20,29.0626,10000,last,0,runs/offline_atla_iql/hopper_medium_seed3407/r_spec_action_hopper_eval.json
offline,ATLA-IQL,ATLA-IQL,theta_a,spec_action_hopper,act_oppose_0.20,3407,0,637.7853,6.399989481482609,625.0705166786387,626.8631692268002,202.2,20,20.2194,10000,last,0,runs/offline_atla_iql/hopper_medium_seed3407/r_spec_action_hopper_eval.json
offline,ATLA-IQL,ATLA-IQL,theta_a,spec_action_hopper,cmd_gauss_0.20,3407,0,995.7115,87.14714269112946,892.7384044176846,902.5177232128642,275.9,20,31.2171,10000,last,0,runs/offline_atla_iql/hopper_medium_seed3407/r_spec_action_hopper_eval.json
offline,ATLA-IQL,ATLA-IQL,theta_a,spec_action_hopper,cmd_oppose_0.20,3407,1,637.7853,6.399989481482609,625.0705166786387,626.8631692268002,202.2,20,20.2194,10000,last,0,runs/offline_atla_iql/hopper_medium_seed3407/r_spec_action_hopper_eval.json
offline,ATLA-IQL,ATLA-IQL,theta_a,spec_action_hopper,nominal,42,0,3583.3143,26.699864776151287,3533.5606830101524,3542.2980739915333,1000.0,20,110.7238,10000,last,0,runs/offline_atla_iql/hopper_medium_seed42/r_spec_action_hopper_eval.json
offline,ATLA-IQL,ATLA-IQL,theta_a,spec_action_hopper,act_gauss_0.05,42,0,2959.3663,786.1372660398594,1773.0691219252105,1829.3755925146513,789.55,20,91.5524,10000,last,0,runs/offline_atla_iql/hopper_medium_seed42/r_spec_action_hopper_eval.json
offline,ATLA-IQL,ATLA-IQL,theta_a,spec_action_hopper,act_gauss_0.10,42,1,1486.9308,652.1595015045773,1119.5562443649023,1129.0263628181801,387.05,20,46.3103,10000,last,0,runs/offline_atla_iql/hopper_medium_seed42/r_spec_action_hopper_eval.json
offline,ATLA-IQL,ATLA-IQL,theta_a,spec_action_hopper,act_gauss_0.20,42,0,998.9157,101.79910626923395,900.8638363799985,906.7147990425992,276.55,20,31.3155,10000,last,0,runs/offline_atla_iql/hopper_medium_seed42/r_spec_action_hopper_eval.json
offline,ATLA-IQL,ATLA-IQL,theta_a,spec_action_hopper,act_uni_0.10,42,1,2944.4371,927.155998920383,1304.7200843147928,1338.3146534735267,802.2,20,91.0937,10000,last,0,runs/offline_atla_iql/hopper_medium_seed42/r_spec_action_hopper_eval.json
offline,ATLA-IQL,ATLA-IQL,theta_a,spec_action_hopper,act_offset_0.05,42,1,1064.3166,36.01163434817396,1023.4217662414835,1025.1601275898151,291.25,20,33.3250,10000,last,0,runs/offline_atla_iql/hopper_medium_seed42/r_spec_action_hopper_eval.json
offline,ATLA-IQL,ATLA-IQL,theta_a,spec_action_hopper,act_oppose_0.10,42,1,934.5784,7.777889024254043,919.1923799298593,920.8020873948833,260.6,20,29.3387,10000,last,0,runs/offline_atla_iql/hopper_medium_seed42/r_spec_action_hopper_eval.json
offline,ATLA-IQL,ATLA-IQL,theta_a,spec_action_hopper,act_oppose_0.20,42,0,459.3417,41.351569089730894,448.112492922968,448.2107880305872,159.7,20,14.7366,10000,last,0,runs/offline_atla_iql/hopper_medium_seed42/r_spec_action_hopper_eval.json
offline,ATLA-IQL,ATLA-IQL,theta_a,spec_action_hopper,cmd_gauss_0.20,42,0,998.9157,101.79910626923395,900.8638363799985,906.7147990425992,276.55,20,31.3155,10000,last,0,runs/offline_atla_iql/hopper_medium_seed42/r_spec_action_hopper_eval.json
offline,ATLA-IQL,ATLA-IQL,theta_a,spec_action_hopper,cmd_oppose_0.20,42,1,459.3417,41.351569089730894,448.112492922968,448.2107880305872,159.7,20,14.7366,10000,last,0,runs/offline_atla_iql/hopper_medium_seed42/r_spec_action_hopper_eval.json
offline,ATLA-IQL,ATLA-IQL,theta_p,spec_transition_hopper,nominal,0,0,3417.3060,426.7745184058925,1826.4241454383314,2183.708473604169,953.9,20,105.6230,10000,last,0,runs/offline_atla_iql/hopper_medium_seed0/r_spec_transition_hopper_eval.json
offline,ATLA-IQL,ATLA-IQL,theta_p,spec_transition_hopper,trans_t1,0,1,1914.3955,993.1592757659033,1122.7007613231383,1132.9125086459683,514.35,20,59.4446,10000,last,0,runs/offline_atla_iql/hopper_medium_seed0/r_spec_transition_hopper_eval.json
offline,ATLA-IQL,ATLA-IQL,theta_p,spec_transition_hopper,trans_t2,0,0,1456.9921,707.7201495992041,828.7275936049056,834.2828424871336,399.35,20,45.3904,10000,last,0,runs/offline_atla_iql/hopper_medium_seed0/r_spec_transition_hopper_eval.json
offline,ATLA-IQL,ATLA-IQL,theta_p,spec_transition_hopper,trans_t3,0,0,937.4162,379.2228392897623,28.69796972750813,269.25091838032904,269.9,20,29.4259,10000,last,0,runs/offline_atla_iql/hopper_medium_seed0/r_spec_transition_hopper_eval.json
offline,ATLA-IQL,ATLA-IQL,theta_p,spec_transition_hopper,nominal,1,0,3566.1442,20.64228727277251,3527.0186069808337,3529.5542712240867,1000.0,20,110.1963,10000,last,0,runs/offline_atla_iql/hopper_medium_seed1/r_spec_transition_hopper_eval.json
offline,ATLA-IQL,ATLA-IQL,theta_p,spec_transition_hopper,trans_t1,1,1,1889.4892,910.2704310714229,1136.2869273478634,1142.7327570317143,498.4,20,58.6793,10000,last,0,runs/offline_atla_iql/hopper_medium_seed1/r_spec_transition_hopper_eval.json
offline,ATLA-IQL,ATLA-IQL,theta_p,spec_transition_hopper,trans_t2,1,0,1383.8892,577.4588603242935,882.2596364957279,917.2820142766091,373.9,20,43.1442,10000,last,0,runs/offline_atla_iql/hopper_medium_seed1/r_spec_transition_hopper_eval.json
offline,ATLA-IQL,ATLA-IQL,theta_p,spec_transition_hopper,trans_t3,1,0,1288.3241,864.8602221543822,28.634883029005834,263.3446935198582,367.8,20,40.2079,10000,last,0,runs/offline_atla_iql/hopper_medium_seed1/r_spec_transition_hopper_eval.json
offline,ATLA-IQL,ATLA-IQL,theta_p,spec_transition_hopper,nominal,2,0,3207.7147,660.3053465163468,1706.9619831455566,1885.0121764237238,880.45,20,99.1831,10000,last,0,runs/offline_atla_iql/hopper_medium_seed2/r_spec_transition_hopper_eval.json
offline,ATLA-IQL,ATLA-IQL,theta_p,spec_transition_hopper,trans_t1,2,1,1869.5134,927.2789559355269,1126.1187401062496,1127.9849293267841,496.1,20,58.0655,10000,last,0,runs/offline_atla_iql/hopper_medium_seed2/r_spec_transition_hopper_eval.json
offline,ATLA-IQL,ATLA-IQL,theta_p,spec_transition_hopper,trans_t2,2,0,1288.2487,503.7092765642831,793.1414907662422,801.9942903553749,355.6,20,40.2056,10000,last,0,runs/offline_atla_iql/hopper_medium_seed2/r_spec_transition_hopper_eval.json
offline,ATLA-IQL,ATLA-IQL,theta_p,spec_transition_hopper,trans_t3,2,0,1173.7438,758.660417086,30.58119944623888,257.2391901466139,335.85,20,36.6873,10000,last,0,runs/offline_atla_iql/hopper_medium_seed2/r_spec_transition_hopper_eval.json
offline,ATLA-IQL,ATLA-IQL,theta_p,spec_transition_hopper,nominal,3407,0,3569.8090,29.39362462567183,3521.3643340031012,3524.7913822499354,1000.0,20,110.3089,10000,last,0,runs/offline_atla_iql/hopper_medium_seed3407/r_spec_transition_hopper_eval.json
offline,ATLA-IQL,ATLA-IQL,theta_p,spec_transition_hopper,trans_t1,3407,1,1841.9046,919.984615558612,1124.458490132573,1126.7298696191815,489.5,20,57.2172,10000,last,0,runs/offline_atla_iql/hopper_medium_seed3407/r_spec_transition_hopper_eval.json
offline,ATLA-IQL,ATLA-IQL,theta_p,spec_transition_hopper,trans_t2,3407,0,1336.7529,615.2295948221629,766.3981995863913,790.610489360221,365.65,20,41.6959,10000,last,0,runs/offline_atla_iql/hopper_medium_seed3407/r_spec_transition_hopper_eval.json
offline,ATLA-IQL,ATLA-IQL,theta_p,spec_transition_hopper,trans_t3,3407,0,1050.5008,577.6131779947792,30.864627757582454,267.60300470862,302.65,20,32.9005,10000,last,0,runs/offline_atla_iql/hopper_medium_seed3407/r_spec_transition_hopper_eval.json
offline,ATLA-IQL,ATLA-IQL,theta_p,spec_transition_hopper,nominal,42,0,3583.3143,26.699864776151287,3533.5606830101524,3542.2980739915333,1000.0,20,110.7238,10000,last,0,runs/offline_atla_iql/hopper_medium_seed42/r_spec_transition_hopper_eval.json
offline,ATLA-IQL,ATLA-IQL,theta_p,spec_transition_hopper,trans_t1,42,1,1917.1315,990.4198626436257,1132.6581828243532,1135.3807623550742,515.5,20,59.5286,10000,last,0,runs/offline_atla_iql/hopper_medium_seed42/r_spec_transition_hopper_eval.json
offline,ATLA-IQL,ATLA-IQL,theta_p,spec_transition_hopper,trans_t2,42,0,1359.5390,553.8150707202905,801.697027963509,813.3440270321703,373.35,20,42.3960,10000,last,0,runs/offline_atla_iql/hopper_medium_seed42/r_spec_transition_hopper_eval.json
offline,ATLA-IQL,ATLA-IQL,theta_p,spec_transition_hopper,trans_t3,42,0,1246.7459,887.0963409887827,30.416658293198537,293.13848017725485,354.8,20,38.9304,10000,last,0,runs/offline_atla_iql/hopper_medium_seed42/r_spec_transition_hopper_eval.json
offline,ATLA-IQL,ATLA-IQL,theta_p,spec_push_hopper,nominal,0,0,3417.3060,426.7745184058925,1826.4241454383314,2183.708473604169,953.9,20,105.6230,10000,last,0,runs/offline_atla_iql/hopper_medium_seed0/r_spec_push_hopper_eval.json
offline,ATLA-IQL,ATLA-IQL,theta_p,spec_push_hopper,push_30,0,0,2057.4569,831.755944592477,973.2661297143384,1013.1307207066574,535.25,20,63.8403,10000,last,0,runs/offline_atla_iql/hopper_medium_seed0/r_spec_push_hopper_eval.json
offline,ATLA-IQL,ATLA-IQL,theta_p,spec_push_hopper,push_60,0,1,1446.9921,775.9333385713182,720.3557058987826,741.9817041037725,389.75,20,45.0831,10000,last,0,runs/offline_atla_iql/hopper_medium_seed0/r_spec_push_hopper_eval.json
offline,ATLA-IQL,ATLA-IQL,theta_p,spec_push_hopper,push_100,0,0,1174.9475,762.4638825673293,493.5565017263227,537.6372133733673,332.15,20,36.7243,10000,last,0,runs/offline_atla_iql/hopper_medium_seed0/r_spec_push_hopper_eval.json
offline,ATLA-IQL,ATLA-IQL,theta_p,spec_push_hopper,push_150,0,0,787.3231,608.2028219263967,55.23067366194082,155.2094684279067,227.95,20,24.8141,10000,last,0,runs/offline_atla_iql/hopper_medium_seed0/r_spec_push_hopper_eval.json
offline,ATLA-IQL,ATLA-IQL,theta_p,spec_push_hopper,nominal,1,0,3566.1442,20.64228727277251,3527.0186069808337,3529.5542712240867,1000.0,20,110.1963,10000,last,0,runs/offline_atla_iql/hopper_medium_seed1/r_spec_push_hopper_eval.json
offline,ATLA-IQL,ATLA-IQL,theta_p,spec_push_hopper,push_30,1,0,2290.6127,932.746686389057,1164.2181302899025,1167.9088246913432,607.85,20,71.0042,10000,last,0,runs/offline_atla_iql/hopper_medium_seed1/r_spec_push_hopper_eval.json
offline,ATLA-IQL,ATLA-IQL,theta_p,spec_push_hopper,push_60,1,1,1545.3903,941.6021805922508,733.7927501468986,746.0054359402167,420.75,20,48.1065,10000,last,0,runs/offline_atla_iql/hopper_medium_seed1/r_spec_push_hopper_eval.json
offline,ATLA-IQL,ATLA-IQL,theta_p,spec_push_hopper,push_100,1,0,1160.0547,775.2652384887738,195.78221602039352,386.6600137086256,328.25,20,36.2667,10000,last,0,runs/offline_atla_iql/hopper_medium_seed1/r_spec_push_hopper_eval.json
offline,ATLA-IQL,ATLA-IQL,theta_p,spec_push_hopper,push_150,1,0,696.1283,517.7161239538746,41.511008242122756,117.92014516835913,205.7,20,22.0121,10000,last,0,runs/offline_atla_iql/hopper_medium_seed1/r_spec_push_hopper_eval.json
offline,ATLA-IQL,ATLA-IQL,theta_p,spec_push_hopper,nominal,2,0,3207.7147,660.3053465163468,1706.9619831455566,1885.0121764237238,880.45,20,99.1831,10000,last,0,runs/offline_atla_iql/hopper_medium_seed2/r_spec_push_hopper_eval.json
offline,ATLA-IQL,ATLA-IQL,theta_p,spec_push_hopper,push_30,2,0,1986.1132,974.421419790532,956.9711481634554,1001.4199991825936,529.75,20,61.6482,10000,last,0,runs/offline_atla_iql/hopper_medium_seed2/r_spec_push_hopper_eval.json
offline,ATLA-IQL,ATLA-IQL,theta_p,spec_push_hopper,push_60,2,1,1666.5135,1097.6154118466955,713.0647952186246,733.3622634757924,450.6,20,51.8282,10000,last,0,runs/offline_atla_iql/hopper_medium_seed2/r_spec_push_hopper_eval.json
offline,ATLA-IQL,ATLA-IQL,theta_p,spec_push_hopper,push_100,2,0,1148.8649,770.0673163919585,481.3280541867419,511.39513536090635,327.95,20,35.9229,10000,last,0,runs/offline_atla_iql/hopper_medium_seed2/r_spec_push_hopper_eval.json
offline,ATLA-IQL,ATLA-IQL,theta_p,spec_push_hopper,push_150,2,0,732.9212,551.2954085190191,67.41021384456053,151.85835181803432,215.0,20,23.1426,10000,last,0,runs/offline_atla_iql/hopper_medium_seed2/r_spec_push_hopper_eval.json
offline,ATLA-IQL,ATLA-IQL,theta_p,spec_push_hopper,nominal,3407,0,3569.8090,29.39362462567183,3521.3643340031012,3524.7913822499354,1000.0,20,110.3089,10000,last,0,runs/offline_atla_iql/hopper_medium_seed3407/r_spec_push_hopper_eval.json
offline,ATLA-IQL,ATLA-IQL,theta_p,spec_push_hopper,push_30,3407,0,2299.0775,945.6601986073201,901.0808350548281,973.6746947661338,612.05,20,71.2643,10000,last,0,runs/offline_atla_iql/hopper_medium_seed3407/r_spec_push_hopper_eval.json
offline,ATLA-IQL,ATLA-IQL,theta_p,spec_push_hopper,push_60,3407,1,1572.6674,933.187101249479,710.8656236761519,736.5129312779193,427.85,20,48.9446,10000,last,0,runs/offline_atla_iql/hopper_medium_seed3407/r_spec_push_hopper_eval.json
offline,ATLA-IQL,ATLA-IQL,theta_p,spec_push_hopper,push_100,3407,0,1179.6377,755.250200819397,495.981613014094,538.0773078578032,332.95,20,36.8684,10000,last,0,runs/offline_atla_iql/hopper_medium_seed3407/r_spec_push_hopper_eval.json
offline,ATLA-IQL,ATLA-IQL,theta_p,spec_push_hopper,push_150,3407,0,786.0429,606.9869830226833,41.79693178011928,146.9977679874067,226.9,20,24.7748,10000,last,0,runs/offline_atla_iql/hopper_medium_seed3407/r_spec_push_hopper_eval.json
offline,ATLA-IQL,ATLA-IQL,theta_p,spec_push_hopper,nominal,42,0,3583.3143,26.699864776151287,3533.5606830101524,3542.2980739915333,1000.0,20,110.7238,10000,last,0,runs/offline_atla_iql/hopper_medium_seed42/r_spec_push_hopper_eval.json
offline,ATLA-IQL,ATLA-IQL,theta_p,spec_push_hopper,push_30,42,0,2272.9524,883.1907205253412,1062.4264330418298,1104.1733096275425,603.05,20,70.4616,10000,last,0,runs/offline_atla_iql/hopper_medium_seed42/r_spec_push_hopper_eval.json
offline,ATLA-IQL,ATLA-IQL,theta_p,spec_push_hopper,push_60,42,1,1395.8137,648.1090370126084,728.3270419882031,750.3517864851096,371.8,20,43.5106,10000,last,0,runs/offline_atla_iql/hopper_medium_seed42/r_spec_push_hopper_eval.json
offline,ATLA-IQL,ATLA-IQL,theta_p,spec_push_hopper,push_100,42,0,1153.5459,760.1482171842749,190.77776237624013,381.76093737978425,328.65,20,36.0667,10000,last,0,runs/offline_atla_iql/hopper_medium_seed42/r_spec_push_hopper_eval.json
offline,ATLA-IQL,ATLA-IQL,theta_p,spec_push_hopper,push_150,42,0,733.1028,535.7705022189037,69.25225474675392,129.15639227024334,217.3,20,23.1482,10000,last,0,runs/offline_atla_iql/hopper_medium_seed42/r_spec_push_hopper_eval.json
offline,ATLA-IQL,ATLA-IQL,theta_p,spec_timevar_hopper,nominal,0,0,3417.3060,426.7745184058925,1826.4241454383314,2183.708473604169,953.9,20,105.6230,10000,last,0,runs/offline_atla_iql/hopper_medium_seed0/r_spec_timevar_hopper_eval.json
offline,ATLA-IQL,ATLA-IQL,theta_p,spec_timevar_hopper,gear_static_0.8,0,1,502.1601,26.083791530916166,491.05986754974856,491.28877901567944,172.0,20,16.0522,10000,last,0,runs/offline_atla_iql/hopper_medium_seed0/r_spec_timevar_hopper_eval.json
offline,ATLA-IQL,ATLA-IQL,theta_p,spec_timevar_hopper,gear_step_0.8,0,0,2418.9955,143.1591548366633,1826.4241454383314,2081.1082023750378,662.1,20,74.9489,10000,last,0,runs/offline_atla_iql/hopper_medium_seed0/r_spec_timevar_hopper_eval.json
offline,ATLA-IQL,ATLA-IQL,theta_p,spec_timevar_hopper,gear_ramp_0.8,0,1,1323.7002,42.92914750587337,1260.0824380460945,1260.2996595804661,347.45,20,41.2949,10000,last,0,runs/offline_atla_iql/hopper_medium_seed0/r_spec_timevar_hopper_eval.json
offline,ATLA-IQL,ATLA-IQL,theta_p,spec_timevar_hopper,gear_sine_p200,0,0,1004.7516,28.637181646644553,981.5102644199367,983.5033877428945,274.85,20,31.4948,10000,last,0,runs/offline_atla_iql/hopper_medium_seed0/r_spec_timevar_hopper_eval.json
offline,ATLA-IQL,ATLA-IQL,theta_p,spec_timevar_hopper,gear_sine_p500,0,1,1943.1100,55.03018044185805,1835.0876082783063,1836.4512565523264,537.8,20,60.3269,10000,last,0,runs/offline_atla_iql/hopper_medium_seed0/r_spec_timevar_hopper_eval.json
offline,ATLA-IQL,ATLA-IQL,theta_p,spec_timevar_hopper,gravity_ramp_1.2,0,0,2720.2706,810.9409424912058,1704.3684826861195,1727.046278395268,708.25,20,84.2059,10000,last,0,runs/offline_atla_iql/hopper_medium_seed0/r_spec_timevar_hopper_eval.json
offline,ATLA-IQL,ATLA-IQL,theta_p,spec_timevar_hopper,nominal,1,0,3566.1442,20.64228727277251,3527.0186069808337,3529.5542712240867,1000.0,20,110.1963,10000,last,0,runs/offline_atla_iql/hopper_medium_seed1/r_spec_timevar_hopper_eval.json
offline,ATLA-IQL,ATLA-IQL,theta_p,spec_timevar_hopper,gear_static_0.8,1,1,492.7822,78.69337954792546,444.6140892861003,444.72020838331423,168.45,20,15.7641,10000,last,0,runs/offline_atla_iql/hopper_medium_seed1/r_spec_timevar_hopper_eval.json
offline,ATLA-IQL,ATLA-IQL,theta_p,spec_timevar_hopper,gear_step_0.8,1,0,2434.7278,42.43183615722028,2385.725282211656,2389.4759863270738,673.8,20,75.4323,10000,last,0,runs/offline_atla_iql/hopper_medium_seed1/r_spec_timevar_hopper_eval.json
offline,ATLA-IQL,ATLA-IQL,theta_p,spec_timevar_hopper,gear_ramp_0.8,1,1,1363.5321,61.44629154110431,1292.593661607067,1300.1700672917777,356.7,20,42.5187,10000,last,0,runs/offline_atla_iql/hopper_medium_seed1/r_spec_timevar_hopper_eval.json
offline,ATLA-IQL,ATLA-IQL,theta_p,spec_timevar_hopper,gear_sine_p200,1,0,1092.4433,39.26734592423675,1040.6745001728923,1041.3625488489297,290.25,20,34.1893,10000,last,0,runs/offline_atla_iql/hopper_medium_seed1/r_spec_timevar_hopper_eval.json
offline,ATLA-IQL,ATLA-IQL,theta_p,spec_timevar_hopper,gear_sine_p500,1,1,1897.8562,130.8745847523134,1787.482152485309,1790.6696432019048,526.3,20,58.9364,10000,last,0,runs/offline_atla_iql/hopper_medium_seed1/r_spec_timevar_hopper_eval.json
offline,ATLA-IQL,ATLA-IQL,theta_p,spec_timevar_hopper,gravity_ramp_1.2,1,0,3274.1939,620.4549290417327,1882.3918062848736,1884.53803715485,854.8,20,101.2258,10000,last,0,runs/offline_atla_iql/hopper_medium_seed1/r_spec_timevar_hopper_eval.json
offline,ATLA-IQL,ATLA-IQL,theta_p,spec_timevar_hopper,nominal,2,0,3207.7147,660.3053465163468,1706.9619831455566,1885.0121764237238,880.45,20,99.1831,10000,last,0,runs/offline_atla_iql/hopper_medium_seed2/r_spec_timevar_hopper_eval.json
offline,ATLA-IQL,ATLA-IQL,theta_p,spec_timevar_hopper,gear_static_0.8,2,1,605.5726,3.4158071708905755,597.0703717006423,598.3460735979036,197.2,20,19.2297,10000,last,0,runs/offline_atla_iql/hopper_medium_seed2/r_spec_timevar_hopper_eval.json
offline,ATLA-IQL,ATLA-IQL,theta_p,spec_timevar_hopper,gear_step_0.8,2,0,2390.2862,245.81135698411867,1706.9619831455566,1885.019670012854,648.4,20,74.0668,10000,last,0,runs/offline_atla_iql/hopper_medium_seed2/r_spec_timevar_hopper_eval.json
offline,ATLA-IQL,ATLA-IQL,theta_p,spec_timevar_hopper,gear_ramp_0.8,2,1,1286.5172,32.06068749144129,1240.0507610921725,1240.1059585104736,338.8,20,40.1524,10000,last,0,runs/offline_atla_iql/hopper_medium_seed2/r_spec_timevar_hopper_eval.json
offline,ATLA-IQL,ATLA-IQL,theta_p,spec_timevar_hopper,gear_sine_p200,2,0,966.0307,19.96902161152218,929.143994240535,929.2687925890918,266.8,20,30.3051,10000,last,0,runs/offline_atla_iql/hopper_medium_seed2/r_spec_timevar_hopper_eval.json
offline,ATLA-IQL,ATLA-IQL,theta_p,spec_timevar_hopper,gear_sine_p500,2,1,1998.7397,100.58498159396666,1893.9087731500936,1899.3893741998593,547.15,20,62.0361,10000,last,0,runs/offline_atla_iql/hopper_medium_seed2/r_spec_timevar_hopper_eval.json
offline,ATLA-IQL,ATLA-IQL,theta_p,spec_timevar_hopper,gravity_ramp_1.2,2,0,2411.2086,984.2405664056134,1409.8631575148988,1441.4249914823913,625.5,20,74.7097,10000,last,0,runs/offline_atla_iql/hopper_medium_seed2/r_spec_timevar_hopper_eval.json
offline,ATLA-IQL,ATLA-IQL,theta_p,spec_timevar_hopper,nominal,3407,0,3569.8090,29.39362462567183,3521.3643340031012,3524.7913822499354,1000.0,20,110.3089,10000,last,0,runs/offline_atla_iql/hopper_medium_seed3407/r_spec_timevar_hopper_eval.json
offline,ATLA-IQL,ATLA-IQL,theta_p,spec_timevar_hopper,gear_static_0.8,3407,1,624.3155,3.3110461271629226,615.0338330314869,617.8357943168323,202.05,20,19.8056,10000,last,0,runs/offline_atla_iql/hopper_medium_seed3407/r_spec_timevar_hopper_eval.json
offline,ATLA-IQL,ATLA-IQL,theta_p,spec_timevar_hopper,gear_step_0.8,3407,0,2360.9698,119.97970397853946,2219.8373498175815,2232.8951561683175,660.7,20,73.1660,10000,last,0,runs/offline_atla_iql/hopper_medium_seed3407/r_spec_timevar_hopper_eval.json
offline,ATLA-IQL,ATLA-IQL,theta_p,spec_timevar_hopper,gear_ramp_0.8,3407,1,1340.5867,42.10141035542966,1212.6834391491739,1232.6613148284196,351.2,20,41.8137,10000,last,0,runs/offline_atla_iql/hopper_medium_seed3407/r_spec_timevar_hopper_eval.json
offline,ATLA-IQL,ATLA-IQL,theta_p,spec_timevar_hopper,gear_sine_p200,3407,0,985.9175,13.649322139046193,967.0545349431213,968.094797402808,273.5,20,30.9161,10000,last,0,runs/offline_atla_iql/hopper_medium_seed3407/r_spec_timevar_hopper_eval.json
offline,ATLA-IQL,ATLA-IQL,theta_p,spec_timevar_hopper,gear_sine_p500,3407,1,2031.1533,366.96448216611924,1801.8080626634617,1827.1944836552768,558.35,20,63.0321,10000,last,0,runs/offline_atla_iql/hopper_medium_seed3407/r_spec_timevar_hopper_eval.json
offline,ATLA-IQL,ATLA-IQL,theta_p,spec_timevar_hopper,gravity_ramp_1.2,3407,0,2943.5343,895.5059726497428,1399.1295470258458,1532.4329784241986,778.85,20,91.0659,10000,last,0,runs/offline_atla_iql/hopper_medium_seed3407/r_spec_timevar_hopper_eval.json
offline,ATLA-IQL,ATLA-IQL,theta_p,spec_timevar_hopper,nominal,42,0,3583.3143,26.699864776151287,3533.5606830101524,3542.2980739915333,1000.0,20,110.7238,10000,last,0,runs/offline_atla_iql/hopper_medium_seed42/r_spec_timevar_hopper_eval.json
offline,ATLA-IQL,ATLA-IQL,theta_p,spec_timevar_hopper,gear_static_0.8,42,1,632.5922,4.029174833576344,626.0449097556161,626.1849040253519,205.15,20,20.0599,10000,last,0,runs/offline_atla_iql/hopper_medium_seed42/r_spec_timevar_hopper_eval.json
offline,ATLA-IQL,ATLA-IQL,theta_p,spec_timevar_hopper,gear_step_0.8,42,0,2482.1402,81.60177877528555,2408.2148993211495,2410.4211283449627,685.8,20,76.8891,10000,last,0,runs/offline_atla_iql/hopper_medium_seed42/r_spec_timevar_hopper_eval.json
offline,ATLA-IQL,ATLA-IQL,theta_p,spec_timevar_hopper,gear_ramp_0.8,42,1,1550.8168,80.4279632260014,1406.268895671643,1411.458138328553,400.15,20,48.2733,10000,last,0,runs/offline_atla_iql/hopper_medium_seed42/r_spec_timevar_hopper_eval.json
offline,ATLA-IQL,ATLA-IQL,theta_p,spec_timevar_hopper,gear_sine_p200,42,0,1025.9642,27.306405845085294,1007.8891358868541,1008.1208890152304,278.35,20,32.1466,10000,last,0,runs/offline_atla_iql/hopper_medium_seed42/r_spec_timevar_hopper_eval.json
offline,ATLA-IQL,ATLA-IQL,theta_p,spec_timevar_hopper,gear_sine_p500,42,1,1993.9925,78.36525167571736,1896.1006839626248,1909.3315492612644,548.6,20,61.8903,10000,last,0,runs/offline_atla_iql/hopper_medium_seed42/r_spec_timevar_hopper_eval.json
offline,ATLA-IQL,ATLA-IQL,theta_p,spec_timevar_hopper,gravity_ramp_1.2,42,0,3577.4517,201.64926344558612,2975.752950703106,3150.6030816825805,958.05,20,110.5437,10000,last,0,runs/offline_atla_iql/hopper_medium_seed42/r_spec_timevar_hopper_eval.json
offline,ATLA-IQL,ATLA-IQL,theta_tau_exec,spec_timing_hopper,nominal,0,0,3417.3060,426.7745184058925,1826.4241454383314,2183.708473604169,953.9,20,105.6230,10000,last,0,runs/offline_atla_iql/hopper_medium_seed0/r_spec_timing_hopper_eval.json
offline,ATLA-IQL,ATLA-IQL,theta_tau_exec,spec_timing_hopper,act_delay_8ms,0,1,972.3212,210.67717807897822,744.9458626751871,745.2364961341912,271.35,20,30.4984,10000,last,0,runs/offline_atla_iql/hopper_medium_seed0/r_spec_timing_hopper_eval.json
offline,ATLA-IQL,ATLA-IQL,theta_tau_exec,spec_timing_hopper,act_delay_rand1,0,1,2376.5106,1241.676688043849,744.9458626751871,746.0142914874094,660.8,20,73.6435,10000,last,0,runs/offline_atla_iql/hopper_medium_seed0/r_spec_timing_hopper_eval.json
offline,ATLA-IQL,ATLA-IQL,theta_tau_exec,spec_timing_hopper,act_delay_rand2,0,0,1467.1542,1334.8019750671003,16.569435232262787,16.63774808699472,410.75,20,45.7026,10000,last,0,runs/offline_atla_iql/hopper_medium_seed0/r_spec_timing_hopper_eval.json
offline,ATLA-IQL,ATLA-IQL,theta_tau_exec,spec_timing_hopper,substep,0,0,2431.8941,1177.4591921682427,761.4674181732188,780.3834182514547,654.75,20,75.3453,10000,last,0,runs/offline_atla_iql/hopper_medium_seed0/r_spec_timing_hopper_eval.json
offline,ATLA-IQL,ATLA-IQL,theta_tau_exec,spec_timing_hopper,obs_delay_4ms,0,1,1462.7552,115.75088817867338,1299.303749843733,1308.5701452523072,372.95,20,45.5675,10000,last,0,runs/offline_atla_iql/hopper_medium_seed0/r_spec_timing_hopper_eval.json
offline,ATLA-IQL,ATLA-IQL,theta_tau_exec,spec_timing_hopper,obs_delay_8ms,0,1,1199.7099,130.00453516951572,746.1778685017779,877.2754903736579,315.55,20,37.4851,10000,last,0,runs/offline_atla_iql/hopper_medium_seed0/r_spec_timing_hopper_eval.json
offline,ATLA-IQL,ATLA-IQL,theta_tau_exec,spec_timing_hopper,obs_delay_16ms,0,1,755.5914,236.13827899387363,49.591533719109464,259.4957223749443,226.9,20,23.8391,10000,last,0,runs/offline_atla_iql/hopper_medium_seed0/r_spec_timing_hopper_eval.json
offline,ATLA-IQL,ATLA-IQL,theta_tau_exec,spec_timing_hopper,nominal,1,0,3566.1442,20.64228727277251,3527.0186069808337,3529.5542712240867,1000.0,20,110.1963,10000,last,0,runs/offline_atla_iql/hopper_medium_seed1/r_spec_timing_hopper_eval.json
offline,ATLA-IQL,ATLA-IQL,theta_tau_exec,spec_timing_hopper,act_delay_8ms,1,1,1393.3122,83.3138652962602,1195.1064966772701,1209.9120032203182,361.9,20,43.4338,10000,last,0,runs/offline_atla_iql/hopper_medium_seed1/r_spec_timing_hopper_eval.json
offline,ATLA-IQL,ATLA-IQL,theta_tau_exec,spec_timing_hopper,act_delay_rand1,1,1,2700.4797,1059.3686480917654,1224.7175097633663,1303.7725842846717,745.65,20,83.5978,10000,last,0,runs/offline_atla_iql/hopper_medium_seed1/r_spec_timing_hopper_eval.json
offline,ATLA-IQL,ATLA-IQL,theta_tau_exec,spec_timing_hopper,act_delay_rand2,1,0,1839.5758,1183.5258110907553,468.67764303495136,469.5007296184932,510.5,20,57.1457,10000,last,0,runs/offline_atla_iql/hopper_medium_seed1/r_spec_timing_hopper_eval.json
offline,ATLA-IQL,ATLA-IQL,theta_tau_exec,spec_timing_hopper,substep,1,0,2907.3654,1078.4975192791114,1033.44036151998,1060.4827341958012,796.25,20,89.9546,10000,last,0,runs/offline_atla_iql/hopper_medium_seed1/r_spec_timing_hopper_eval.json
offline,ATLA-IQL,ATLA-IQL,theta_tau_exec,spec_timing_hopper,obs_delay_4ms,1,1,1638.2099,303.46221152757283,1322.397460179004,1325.0729778013654,412.95,20,50.9585,10000,last,0,runs/offline_atla_iql/hopper_medium_seed1/r_spec_timing_hopper_eval.json
offline,ATLA-IQL,ATLA-IQL,theta_tau_exec,spec_timing_hopper,obs_delay_8ms,1,1,1285.4631,67.29606408390956,1161.2406331193577,1168.2940163244748,334.95,20,40.1200,10000,last,0,runs/offline_atla_iql/hopper_medium_seed1/r_spec_timing_hopper_eval.json
offline,ATLA-IQL,ATLA-IQL,theta_tau_exec,spec_timing_hopper,obs_delay_16ms,1,1,1181.6101,490.47048831856614,208.80899765706286,332.5375863584135,322.3,20,36.9290,10000,last,0,runs/offline_atla_iql/hopper_medium_seed1/r_spec_timing_hopper_eval.json
offline,ATLA-IQL,ATLA-IQL,theta_tau_exec,spec_timing_hopper,nominal,2,0,3207.7147,660.3053465163468,1706.9619831455566,1885.0121764237238,880.45,20,99.1831,10000,last,0,runs/offline_atla_iql/hopper_medium_seed2/r_spec_timing_hopper_eval.json
offline,ATLA-IQL,ATLA-IQL,theta_tau_exec,spec_timing_hopper,act_delay_8ms,2,1,1175.9198,28.85084649521508,1139.5327314514223,1142.3209936065018,310.75,20,36.7542,10000,last,0,runs/offline_atla_iql/hopper_medium_seed2/r_spec_timing_hopper_eval.json
offline,ATLA-IQL,ATLA-IQL,theta_tau_exec,spec_timing_hopper,act_delay_rand1,2,1,2341.1378,1074.6696863946759,1148.6548597558367,1151.9623596518463,634.35,20,72.5567,10000,last,0,runs/offline_atla_iql/hopper_medium_seed2/r_spec_timing_hopper_eval.json
offline,ATLA-IQL,ATLA-IQL,theta_tau_exec,spec_timing_hopper,act_delay_rand2,2,0,1513.5224,1178.8439103638304,40.04978044544851,40.134642283583574,414.35,20,47.1273,10000,last,0,runs/offline_atla_iql/hopper_medium_seed2/r_spec_timing_hopper_eval.json
offline,ATLA-IQL,ATLA-IQL,theta_tau_exec,spec_timing_hopper,substep,2,0,2156.9491,1156.0826455327776,794.0693586352053,850.6221852620722,576.0,20,66.8973,10000,last,0,runs/offline_atla_iql/hopper_medium_seed2/r_spec_timing_hopper_eval.json
offline,ATLA-IQL,ATLA-IQL,theta_tau_exec,spec_timing_hopper,obs_delay_4ms,2,1,1496.4485,125.63578623824662,1309.1488958869213,1323.8869932800012,381.65,20,46.6027,10000,last,0,runs/offline_atla_iql/hopper_medium_seed2/r_spec_timing_hopper_eval.json
offline,ATLA-IQL,ATLA-IQL,theta_tau_exec,spec_timing_hopper,obs_delay_8ms,2,1,1249.1058,54.080672480988426,1189.242134285596,1191.247209186654,326.05,20,39.0029,10000,last,0,runs/offline_atla_iql/hopper_medium_seed2/r_spec_timing_hopper_eval.json
offline,ATLA-IQL,ATLA-IQL,theta_tau_exec,spec_timing_hopper,obs_delay_16ms,2,1,1025.7243,374.1692916741035,480.9554892551109,481.15158535012074,286.3,20,32.1392,10000,last,0,runs/offline_atla_iql/hopper_medium_seed2/r_spec_timing_hopper_eval.json
offline,ATLA-IQL,ATLA-IQL,theta_tau_exec,spec_timing_hopper,nominal,3407,0,3569.8090,29.39362462567183,3521.3643340031012,3524.7913822499354,1000.0,20,110.3089,10000,last,0,runs/offline_atla_iql/hopper_medium_seed3407/r_spec_timing_hopper_eval.json
offline,ATLA-IQL,ATLA-IQL,theta_tau_exec,spec_timing_hopper,act_delay_8ms,3407,1,1121.1588,25.225459418547523,1055.669730166566,1060.7482204936791,299.85,20,35.0716,10000,last,0,runs/offline_atla_iql/hopper_medium_seed3407/r_spec_timing_hopper_eval.json
offline,ATLA-IQL,ATLA-IQL,theta_tau_exec,spec_timing_hopper,act_delay_rand1,3407,1,2593.6073,1200.934602292704,1065.8267108207924,1086.69216695114,720.2,20,80.3141,10000,last,0,runs/offline_atla_iql/hopper_medium_seed3407/r_spec_timing_hopper_eval.json
offline,ATLA-IQL,ATLA-IQL,theta_tau_exec,spec_timing_hopper,act_delay_rand2,3407,0,1717.2097,1242.693922562594,466.0005598504531,468.11087723231424,479.95,20,53.3858,10000,last,0,runs/offline_atla_iql/hopper_medium_seed3407/r_spec_timing_hopper_eval.json
offline,ATLA-IQL,ATLA-IQL,theta_tau_exec,spec_timing_hopper,substep,3407,0,2541.3742,1204.1549193138756,758.5629339410102,791.114150478186,691.25,20,78.7091,10000,last,0,runs/offline_atla_iql/hopper_medium_seed3407/r_spec_timing_hopper_eval.json
offline,ATLA-IQL,ATLA-IQL,theta_tau_exec,spec_timing_hopper,obs_delay_4ms,3407,1,1659.5965,262.15835638934993,1374.032009746485,1389.2277051083706,419.45,20,51.6156,10000,last,0,runs/offline_atla_iql/hopper_medium_seed3407/r_spec_timing_hopper_eval.json
offline,ATLA-IQL,ATLA-IQL,theta_tau_exec,spec_timing_hopper,obs_delay_8ms,3407,1,1230.8491,70.32046807333556,1137.864333143929,1137.965479275781,322.2,20,38.4419,10000,last,0,runs/offline_atla_iql/hopper_medium_seed3407/r_spec_timing_hopper_eval.json
offline,ATLA-IQL,ATLA-IQL,theta_tau_exec,spec_timing_hopper,obs_delay_16ms,3407,1,808.0272,309.7860635159301,464.3618433048399,465.9289763037573,232.4,20,25.4503,10000,last,0,runs/offline_atla_iql/hopper_medium_seed3407/r_spec_timing_hopper_eval.json
offline,ATLA-IQL,ATLA-IQL,theta_tau_exec,spec_timing_hopper,nominal,42,0,3583.3143,26.699864776151287,3533.5606830101524,3542.2980739915333,1000.0,20,110.7238,10000,last,0,runs/offline_atla_iql/hopper_medium_seed42/r_spec_timing_hopper_eval.json
offline,ATLA-IQL,ATLA-IQL,theta_tau_exec,spec_timing_hopper,act_delay_8ms,42,1,1178.3880,96.81953511410481,1071.293312097286,1072.424379266195,312.55,20,36.8300,10000,last,0,runs/offline_atla_iql/hopper_medium_seed42/r_spec_timing_hopper_eval.json
offline,ATLA-IQL,ATLA-IQL,theta_tau_exec,spec_timing_hopper,act_delay_rand1,42,1,2620.9614,1178.058319545422,1108.5548180028934,1115.1757175775324,724.75,20,81.1545,10000,last,0,runs/offline_atla_iql/hopper_medium_seed42/r_spec_timing_hopper_eval.json
offline,ATLA-IQL,ATLA-IQL,theta_tau_exec,spec_timing_hopper,act_delay_rand2,42,0,1777.5124,1190.8999813886971,455.72998234307437,587.0015061682969,494.85,20,55.2387,10000,last,0,runs/offline_atla_iql/hopper_medium_seed42/r_spec_timing_hopper_eval.json
offline,ATLA-IQL,ATLA-IQL,theta_tau_exec,spec_timing_hopper,substep,42,0,3036.0962,1066.6670497903508,902.4979063855175,902.8190468629052,833.75,20,93.9100,10000,last,0,runs/offline_atla_iql/hopper_medium_seed42/r_spec_timing_hopper_eval.json
offline,ATLA-IQL,ATLA-IQL,theta_tau_exec,spec_timing_hopper,obs_delay_4ms,42,1,2341.8285,980.8647724733073,1398.216511982329,1413.767113117682,617.5,20,72.5779,10000,last,0,runs/offline_atla_iql/hopper_medium_seed42/r_spec_timing_hopper_eval.json
offline,ATLA-IQL,ATLA-IQL,theta_tau_exec,spec_timing_hopper,obs_delay_8ms,42,1,1266.4848,66.02268206255644,1155.837232561982,1157.825435429414,329.65,20,39.5369,10000,last,0,runs/offline_atla_iql/hopper_medium_seed42/r_spec_timing_hopper_eval.json
offline,ATLA-IQL,ATLA-IQL,theta_tau_exec,spec_timing_hopper,obs_delay_16ms,42,1,975.9015,229.44268890354715,468.58831948373495,468.7717935721483,271.75,20,30.6084,10000,last,0,runs/offline_atla_iql/hopper_medium_seed42/r_spec_timing_hopper_eval.json
offline,RSC-IQL,RSC-IQL,theta_o,spec_obsadv_hopper,nominal,0,0,2640.6289,789.1638846399579,1729.0020124950393,1732.9834734766653,701.25,20,81.7588,10000,last,0,runs/causaldro_iql/hopper_weak_seed0/r_spec_obsadv_hopper_eval.json
offline,RSC-IQL,RSC-IQL,theta_o,spec_obsadv_hopper,obs_uni_0.05,0,0,2486.0587,1056.5564661543258,1182.9437543912195,1192.2289121398794,673.1,20,77.0095,10000,last,0,runs/causaldro_iql/hopper_weak_seed0/r_spec_obsadv_hopper_eval.json
offline,RSC-IQL,RSC-IQL,theta_o,spec_obsadv_hopper,obs_uni_0.10,0,1,1652.5743,816.8358174322719,966.9941950020904,970.0395859650428,445.25,20,51.3999,10000,last,0,runs/causaldro_iql/hopper_weak_seed0/r_spec_obsadv_hopper_eval.json
offline,RSC-IQL,RSC-IQL,theta_o,spec_obsadv_hopper,obs_uni_0.15,0,0,1414.1500,500.55375449045397,900.6061557264703,913.5475362752882,386.0,20,44.0740,10000,last,0,runs/causaldro_iql/hopper_weak_seed0/r_spec_obsadv_hopper_eval.json
offline,RSC-IQL,RSC-IQL,theta_o,spec_obsadv_hopper,obs_rel_0.05,0,0,2710.5491,1000.5903660057835,1267.7235685406504,1278.8465309607504,751.35,20,83.9072,10000,last,0,runs/causaldro_iql/hopper_weak_seed0/r_spec_obsadv_hopper_eval.json
offline,RSC-IQL,RSC-IQL,theta_o,spec_obsadv_hopper,obs_rel_0.10,0,1,2472.4418,1001.4694700551727,1237.6618058114113,1240.0611037311364,672.9,20,76.5911,10000,last,0,runs/causaldro_iql/hopper_weak_seed0/r_spec_obsadv_hopper_eval.json
offline,RSC-IQL,RSC-IQL,theta_o,spec_obsadv_hopper,obs_bias_0.05,0,0,2259.8251,1125.6375528255048,750.727207662145,878.005063671122,633.85,20,70.0583,10000,last,0,runs/causaldro_iql/hopper_weak_seed0/r_spec_obsadv_hopper_eval.json
offline,RSC-IQL,RSC-IQL,theta_o,spec_obsadv_hopper,obs_gauss_0.05,0,0,1848.2963,943.9847709837009,870.0387297553524,904.5694535361853,492.8,20,57.4136,10000,last,0,runs/causaldro_iql/hopper_weak_seed0/r_spec_obsadv_hopper_eval.json
offline,RSC-IQL,RSC-IQL,theta_o,spec_obsadv_hopper,obs_gauss_0.10,0,1,1047.4426,257.685142028394,627.0019749158131,638.7182955820742,293.9,20,32.8066,10000,last,0,runs/causaldro_iql/hopper_weak_seed0/r_spec_obsadv_hopper_eval.json
offline,RSC-IQL,RSC-IQL,theta_o,spec_obsadv_hopper,obs_shift_0.01,0,0,1279.9974,41.85355645277472,1215.9943588977246,1216.7825185702072,331.35,20,39.9520,10000,last,0,runs/causaldro_iql/hopper_weak_seed0/r_spec_obsadv_hopper_eval.json
offline,RSC-IQL,RSC-IQL,theta_o,spec_obsadv_hopper,obs_shift_0.02,0,0,1109.6937,34.922663578919696,1032.1746133530628,1036.2758264217641,291.8,20,34.7193,10000,last,0,runs/causaldro_iql/hopper_weak_seed0/r_spec_obsadv_hopper_eval.json
offline,RSC-IQL,RSC-IQL,theta_o,spec_obsadv_hopper,nominal,1,0,3201.1558,657.9792605210755,1846.5542273391402,1871.3149231785492,880.5,20,98.9816,10000,last,0,runs/causaldro_iql/hopper_weak_seed1/r_spec_obsadv_hopper_eval.json
offline,RSC-IQL,RSC-IQL,theta_o,spec_obsadv_hopper,obs_uni_0.05,1,0,2059.0483,1006.071459232792,735.5365538987048,851.6112797916298,549.75,20,63.8892,10000,last,0,runs/causaldro_iql/hopper_weak_seed1/r_spec_obsadv_hopper_eval.json
offline,RSC-IQL,RSC-IQL,theta_o,spec_obsadv_hopper,obs_uni_0.10,1,1,1562.5685,847.4325694792716,860.6136000875658,880.2506334095588,421.9,20,48.6343,10000,last,0,runs/causaldro_iql/hopper_weak_seed1/r_spec_obsadv_hopper_eval.json
offline,RSC-IQL,RSC-IQL,theta_o,spec_obsadv_hopper,obs_uni_0.15,1,0,1118.7722,370.8012778195591,695.1143982513138,756.5546679017954,306.6,20,34.9982,10000,last,0,runs/causaldro_iql/hopper_weak_seed1/r_spec_obsadv_hopper_eval.json
offline,RSC-IQL,RSC-IQL,theta_o,spec_obsadv_hopper,obs_rel_0.05,1,0,2874.4148,931.8704730621371,1342.1987974553772,1349.6076975521196,793.8,20,88.9422,10000,last,0,runs/causaldro_iql/hopper_weak_seed1/r_spec_obsadv_hopper_eval.json
offline,RSC-IQL,RSC-IQL,theta_o,spec_obsadv_hopper,obs_rel_0.10,1,1,2483.1003,997.3713124041285,1165.4261270603345,1190.573561351394,682.25,20,76.9186,10000,last,0,runs/causaldro_iql/hopper_weak_seed1/r_spec_obsadv_hopper_eval.json
offline,RSC-IQL,RSC-IQL,theta_o,spec_obsadv_hopper,obs_bias_0.05,1,0,2239.1902,1118.3796821087876,922.2116178405314,958.4787419948857,627.55,20,69.4242,10000,last,0,runs/causaldro_iql/hopper_weak_seed1/r_spec_obsadv_hopper_eval.json
offline,RSC-IQL,RSC-IQL,theta_o,spec_obsadv_hopper,obs_gauss_0.05,1,0,1623.1681,875.8225706225769,844.9491798301872,869.3039333840485,432.8,20,50.4963,10000,last,0,runs/causaldro_iql/hopper_weak_seed1/r_spec_obsadv_hopper_eval.json
offline,RSC-IQL,RSC-IQL,theta_o,spec_obsadv_hopper,obs_gauss_0.10,1,1,1016.1386,385.6062616058894,458.4409584362846,482.46161261359657,285.95,20,31.8447,10000,last,0,runs/causaldro_iql/hopper_weak_seed1/r_spec_obsadv_hopper_eval.json
offline,RSC-IQL,RSC-IQL,theta_o,spec_obsadv_hopper,obs_shift_0.01,1,0,1326.9009,58.016802174490046,1218.9825007062636,1226.2795171134903,342.5,20,41.3932,10000,last,0,runs/causaldro_iql/hopper_weak_seed1/r_spec_obsadv_hopper_eval.json
offline,RSC-IQL,RSC-IQL,theta_o,spec_obsadv_hopper,obs_shift_0.02,1,0,1043.0884,7.9243094259909475,1029.0064475247138,1030.3846516788312,282.15,20,32.6728,10000,last,0,runs/causaldro_iql/hopper_weak_seed1/r_spec_obsadv_hopper_eval.json
offline,RSC-IQL,RSC-IQL,theta_o,spec_obsadv_hopper,nominal,2,0,3317.9075,619.8485800592829,1751.9116978813831,1765.7194858469998,919.25,20,102.5689,10000,last,0,runs/causaldro_iql/hopper_weak_seed2/r_spec_obsadv_hopper_eval.json
offline,RSC-IQL,RSC-IQL,theta_o,spec_obsadv_hopper,obs_uni_0.05,2,0,2305.0963,1090.5600706068474,1082.7168918901825,1122.7578612282716,626.6,20,71.4493,10000,last,0,runs/causaldro_iql/hopper_weak_seed2/r_spec_obsadv_hopper_eval.json
offline,RSC-IQL,RSC-IQL,theta_o,spec_obsadv_hopper,obs_uni_0.10,2,1,1930.6457,1082.4322575951335,741.0858526711312,817.6985147195815,522.2,20,59.9439,10000,last,0,runs/causaldro_iql/hopper_weak_seed2/r_spec_obsadv_hopper_eval.json
offline,RSC-IQL,RSC-IQL,theta_o,spec_obsadv_hopper,obs_uni_0.15,2,0,1375.6417,694.5421492647026,747.0248717211937,754.4164377688431,381.5,20,42.8908,10000,last,0,runs/causaldro_iql/hopper_weak_seed2/r_spec_obsadv_hopper_eval.json
offline,RSC-IQL,RSC-IQL,theta_o,spec_obsadv_hopper,obs_rel_0.05,2,0,2629.2050,948.1514459961796,1230.5463506778146,1250.1987861107464,716.6,20,81.4078,10000,last,0,runs/causaldro_iql/hopper_weak_seed2/r_spec_obsadv_hopper_eval.json
offline,RSC-IQL,RSC-IQL,theta_o,spec_obsadv_hopper,obs_rel_0.10,2,1,2291.1178,976.4417202165622,1013.132213826019,1030.8833768347238,620.6,20,71.0198,10000,last,0,runs/causaldro_iql/hopper_weak_seed2/r_spec_obsadv_hopper_eval.json
offline,RSC-IQL,RSC-IQL,theta_o,spec_obsadv_hopper,obs_bias_0.05,2,0,2480.2033,1114.2209923977189,829.6047054828947,924.5295081765246,697.85,20,76.8296,10000,last,0,runs/causaldro_iql/hopper_weak_seed2/r_spec_obsadv_hopper_eval.json
offline,RSC-IQL,RSC-IQL,theta_o,spec_obsadv_hopper,obs_gauss_0.05,2,0,1736.0975,762.5419499722675,861.1503220663337,900.0650148968537,466.6,20,53.9662,10000,last,0,runs/causaldro_iql/hopper_weak_seed2/r_spec_obsadv_hopper_eval.json
offline,RSC-IQL,RSC-IQL,theta_o,spec_obsadv_hopper,obs_gauss_0.10,2,1,1068.4859,409.96801836142384,151.90995000178677,341.79004749760503,301.95,20,33.4531,10000,last,0,runs/causaldro_iql/hopper_weak_seed2/r_spec_obsadv_hopper_eval.json
offline,RSC-IQL,RSC-IQL,theta_o,spec_obsadv_hopper,obs_shift_0.01,2,0,1414.7558,55.15876957860598,1302.7777540258603,1326.1269541119075,363.75,20,44.0926,10000,last,0,runs/causaldro_iql/hopper_weak_seed2/r_spec_obsadv_hopper_eval.json
offline,RSC-IQL,RSC-IQL,theta_o,spec_obsadv_hopper,obs_shift_0.02,2,0,1149.8890,40.143185442347786,1070.6479814142888,1074.9178087584705,304.3,20,35.9543,10000,last,0,runs/causaldro_iql/hopper_weak_seed2/r_spec_obsadv_hopper_eval.json
offline,RSC-IQL,RSC-IQL,theta_o,spec_obsadv_hopper,nominal,3407,0,3592.5274,66.60344109437358,3506.6381705431772,3523.3872786571965,1000.0,20,111.0069,10000,last,0,runs/causaldro_iql/hopper_weak_seed3407/r_spec_obsadv_hopper_eval.json
offline,RSC-IQL,RSC-IQL,theta_o,spec_obsadv_hopper,obs_uni_0.05,3407,0,2536.2831,1055.1598086881384,1190.8803257190564,1245.9674813289678,693.85,20,78.5527,10000,last,0,runs/causaldro_iql/hopper_weak_seed3407/r_spec_obsadv_hopper_eval.json
offline,RSC-IQL,RSC-IQL,theta_o,spec_obsadv_hopper,obs_uni_0.10,3407,1,1547.4052,711.9083609142224,732.4498285822255,733.0860988867558,419.4,20,48.1684,10000,last,0,runs/causaldro_iql/hopper_weak_seed3407/r_spec_obsadv_hopper_eval.json
offline,RSC-IQL,RSC-IQL,theta_o,spec_obsadv_hopper,obs_uni_0.15,3407,0,689.9194,422.40414237518263,148.12435757191824,150.5222585215341,210.05,20,21.8213,10000,last,0,runs/causaldro_iql/hopper_weak_seed3407/r_spec_obsadv_hopper_eval.json
offline,RSC-IQL,RSC-IQL,theta_o,spec_obsadv_hopper,obs_rel_0.05,3407,0,2918.6970,851.5238413319327,1388.7041603576818,1418.1759883154816,798.1,20,90.3028,10000,last,0,runs/causaldro_iql/hopper_weak_seed3407/r_spec_obsadv_hopper_eval.json
offline,RSC-IQL,RSC-IQL,theta_o,spec_obsadv_hopper,obs_rel_0.10,3407,1,2327.9572,978.9827478491512,1044.3582199247785,1104.9943587985936,634.65,20,72.1517,10000,last,0,runs/causaldro_iql/hopper_weak_seed3407/r_spec_obsadv_hopper_eval.json
offline,RSC-IQL,RSC-IQL,theta_o,spec_obsadv_hopper,obs_bias_0.05,3407,0,2377.6555,1108.3280183537865,891.3200771582525,969.6662195994656,668.55,20,73.6787,10000,last,0,runs/causaldro_iql/hopper_weak_seed3407/r_spec_obsadv_hopper_eval.json
offline,RSC-IQL,RSC-IQL,theta_o,spec_obsadv_hopper,obs_gauss_0.05,3407,0,1863.8910,948.7644149928079,893.2441524514876,974.8254861107075,499.65,20,57.8928,10000,last,0,runs/causaldro_iql/hopper_weak_seed3407/r_spec_obsadv_hopper_eval.json
offline,RSC-IQL,RSC-IQL,theta_o,spec_obsadv_hopper,obs_gauss_0.10,3407,1,509.2798,488.91924614309306,137.26440572916397,138.38801761542786,163.65,20,16.2710,10000,last,0,runs/causaldro_iql/hopper_weak_seed3407/r_spec_obsadv_hopper_eval.json
offline,RSC-IQL,RSC-IQL,theta_o,spec_obsadv_hopper,obs_shift_0.01,3407,0,1476.4343,114.74042207447307,1283.3595930558538,1286.5818883138268,376.8,20,45.9878,10000,last,0,runs/causaldro_iql/hopper_weak_seed3407/r_spec_obsadv_hopper_eval.json
offline,RSC-IQL,RSC-IQL,theta_o,spec_obsadv_hopper,obs_shift_0.02,3407,0,1175.3766,34.79867595402306,1103.2070753799487,1106.3406424794503,309.0,20,36.7375,10000,last,0,runs/causaldro_iql/hopper_weak_seed3407/r_spec_obsadv_hopper_eval.json
offline,RSC-IQL,RSC-IQL,theta_o,spec_obsadv_hopper,nominal,42,0,3551.3467,22.11437390875494,3522.4318209363387,3523.0618716391946,1000.0,20,109.7416,10000,last,0,runs/causaldro_iql/hopper_weak_seed42/r_spec_obsadv_hopper_eval.json
offline,RSC-IQL,RSC-IQL,theta_o,spec_obsadv_hopper,obs_uni_0.05,42,0,2700.7246,1043.0697780432215,1229.1340367922976,1278.0649267035253,745.65,20,83.6053,10000,last,0,runs/causaldro_iql/hopper_weak_seed42/r_spec_obsadv_hopper_eval.json
offline,RSC-IQL,RSC-IQL,theta_o,spec_obsadv_hopper,obs_uni_0.10,42,1,1874.5953,874.4971198805588,1004.5294377072097,1017.9929637994908,501.5,20,58.2217,10000,last,0,runs/causaldro_iql/hopper_weak_seed42/r_spec_obsadv_hopper_eval.json
offline,RSC-IQL,RSC-IQL,theta_o,spec_obsadv_hopper,obs_uni_0.15,42,0,1098.3569,296.2864132998478,681.9413095118473,688.5713173703158,310.15,20,34.3710,10000,last,0,runs/causaldro_iql/hopper_weak_seed42/r_spec_obsadv_hopper_eval.json
offline,RSC-IQL,RSC-IQL,theta_o,spec_obsadv_hopper,obs_rel_0.05,42,0,2866.0091,908.3825232401103,1334.7229498739048,1347.105699066472,795.45,20,88.6839,10000,last,0,runs/causaldro_iql/hopper_weak_seed42/r_spec_obsadv_hopper_eval.json
offline,RSC-IQL,RSC-IQL,theta_o,spec_obsadv_hopper,obs_rel_0.10,42,1,2450.5566,988.6356517121244,1191.4446138297112,1198.0374538711508,676.0,20,75.9187,10000,last,0,runs/causaldro_iql/hopper_weak_seed42/r_spec_obsadv_hopper_eval.json
offline,RSC-IQL,RSC-IQL,theta_o,spec_obsadv_hopper,obs_bias_0.05,42,0,2528.1553,1159.2728380076423,737.7122375701665,740.1941637817608,721.55,20,78.3030,10000,last,0,runs/causaldro_iql/hopper_weak_seed42/r_spec_obsadv_hopper_eval.json
offline,RSC-IQL,RSC-IQL,theta_o,spec_obsadv_hopper,obs_gauss_0.05,42,0,1866.5608,623.7589836140364,1007.3678063768403,1021.6473474645491,487.65,20,57.9748,10000,last,0,runs/causaldro_iql/hopper_weak_seed42/r_spec_obsadv_hopper_eval.json
offline,RSC-IQL,RSC-IQL,theta_o,spec_obsadv_hopper,obs_gauss_0.10,42,1,735.2899,346.51697192417146,31.07148247247422,91.5910293609861,218.5,20,23.2154,10000,last,0,runs/causaldro_iql/hopper_weak_seed42/r_spec_obsadv_hopper_eval.json
offline,RSC-IQL,RSC-IQL,theta_o,spec_obsadv_hopper,obs_shift_0.01,42,0,1463.7635,87.70995451345095,1337.951745303333,1365.8219939331987,374.75,20,45.5985,10000,last,0,runs/causaldro_iql/hopper_weak_seed42/r_spec_obsadv_hopper_eval.json
offline,RSC-IQL,RSC-IQL,theta_o,spec_obsadv_hopper,obs_shift_0.02,42,0,1200.9114,10.518571863666683,1180.1778651852944,1184.1096293441474,313.95,20,37.5221,10000,last,0,runs/causaldro_iql/hopper_weak_seed42/r_spec_obsadv_hopper_eval.json
offline,RSC-IQL,RSC-IQL,theta_o,spec_obsadv_mad_hopper,nominal,0,0,2640.6289,789.1638846399579,1729.0020124950393,1796.1050673543555,,20,81.7588,10000,,0,runs/causaldro_iql/hopper_weak_seed0/r_spec_obsadv_mad_hopper_eval.json
offline,RSC-IQL,RSC-IQL,theta_o,spec_obsadv_mad_hopper,mad_0.02,0,1,2325.1654,957.2771146342801,1014.2130341491907,1177.702609035391,,20,72.0659,10000,,0,runs/causaldro_iql/hopper_weak_seed0/r_spec_obsadv_mad_hopper_eval.json
offline,RSC-IQL,RSC-IQL,theta_o,spec_obsadv_mad_hopper,mad_0.035,0,0,1787.5928,744.3692779430161,959.4410564188265,1176.281881528341,,20,55.5484,10000,,0,runs/causaldro_iql/hopper_weak_seed0/r_spec_obsadv_mad_hopper_eval.json
offline,RSC-IQL,RSC-IQL,theta_o,spec_obsadv_mad_hopper,mad_0.05,0,1,1153.7873,336.9603179775412,699.5623033004431,769.2884389719386,,20,36.0741,10000,,0,runs/causaldro_iql/hopper_weak_seed0/r_spec_obsadv_mad_hopper_eval.json
offline,RSC-IQL,RSC-IQL,theta_o,spec_obsadv_mad_hopper,mad_0.075,0,0,941.0724,392.63937636529454,149.4793886006162,533.2858752897107,,20,29.5382,10000,,0,runs/causaldro_iql/hopper_weak_seed0/r_spec_obsadv_mad_hopper_eval.json
offline,RSC-IQL,RSC-IQL,theta_o,spec_obsadv_mad_hopper,mad_0.10,0,0,629.2644,578.0776529210701,27.357289167987943,29.81216836141441,,20,19.9576,10000,,0,runs/causaldro_iql/hopper_weak_seed0/r_spec_obsadv_mad_hopper_eval.json
offline,RSC-IQL,RSC-IQL,theta_o,spec_obsadv_mad_hopper,nominal,1,0,3201.1558,657.9792605210755,1846.5542273391402,2085.667751207647,,20,98.9816,10000,,0,runs/causaldro_iql/hopper_weak_seed1/r_spec_obsadv_mad_hopper_eval.json
offline,RSC-IQL,RSC-IQL,theta_o,spec_obsadv_mad_hopper,mad_0.02,1,1,1849.0149,967.1101390468747,1031.2381252769117,1078.5471682553082,,20,57.4357,10000,,0,runs/causaldro_iql/hopper_weak_seed1/r_spec_obsadv_mad_hopper_eval.json
offline,RSC-IQL,RSC-IQL,theta_o,spec_obsadv_mad_hopper,mad_0.035,1,0,1428.5772,603.9209259223238,865.0284036672978,951.7832821087535,,20,44.5173,10000,,0,runs/causaldro_iql/hopper_weak_seed1/r_spec_obsadv_mad_hopper_eval.json
offline,RSC-IQL,RSC-IQL,theta_o,spec_obsadv_mad_hopper,mad_0.05,1,1,1367.9129,505.3056571597658,876.4037750942364,953.6017854143996,,20,42.6533,10000,,0,runs/causaldro_iql/hopper_weak_seed1/r_spec_obsadv_mad_hopper_eval.json
offline,RSC-IQL,RSC-IQL,theta_o,spec_obsadv_mad_hopper,mad_0.075,1,0,979.6779,339.21755071844234,692.3110334568504,698.5094323373676,,20,30.7244,10000,,0,runs/causaldro_iql/hopper_weak_seed1/r_spec_obsadv_mad_hopper_eval.json
offline,RSC-IQL,RSC-IQL,theta_o,spec_obsadv_mad_hopper,mad_0.10,1,0,663.0704,289.7660219394541,26.20823358844237,312.690220649431,,20,20.9963,10000,,0,runs/causaldro_iql/hopper_weak_seed1/r_spec_obsadv_mad_hopper_eval.json
offline,RSC-IQL,RSC-IQL,theta_o,spec_obsadv_mad_hopper,nominal,2,0,3317.9075,619.8485800592829,1751.9116978813831,2529.6624934322513,,20,102.5689,10000,,0,runs/causaldro_iql/hopper_weak_seed2/r_spec_obsadv_mad_hopper_eval.json
offline,RSC-IQL,RSC-IQL,theta_o,spec_obsadv_mad_hopper,mad_0.02,2,1,1971.4176,1028.3887608089155,927.8195027893844,1031.0371526188687,,20,61.1966,10000,,0,runs/causaldro_iql/hopper_weak_seed2/r_spec_obsadv_mad_hopper_eval.json
offline,RSC-IQL,RSC-IQL,theta_o,spec_obsadv_mad_hopper,mad_0.035,2,0,1303.6791,368.85657003517355,757.3881957270893,926.6209085628491,,20,40.6797,10000,,0,runs/causaldro_iql/hopper_weak_seed2/r_spec_obsadv_mad_hopper_eval.json
offline,RSC-IQL,RSC-IQL,theta_o,spec_obsadv_mad_hopper,mad_0.05,2,1,1131.3635,362.4153177767328,740.5391397680198,810.3831703527774,,20,35.3851,10000,,0,runs/causaldro_iql/hopper_weak_seed2/r_spec_obsadv_mad_hopper_eval.json
offline,RSC-IQL,RSC-IQL,theta_o,spec_obsadv_mad_hopper,mad_0.075,2,0,738.1489,400.9141670892142,17.59064241973146,141.78205252532402,,20,23.3032,10000,,0,runs/causaldro_iql/hopper_weak_seed2/r_spec_obsadv_mad_hopper_eval.json
offline,RSC-IQL,RSC-IQL,theta_o,spec_obsadv_mad_hopper,mad_0.10,2,0,430.3729,356.63688812124536,12.770760251284601,19.72322027195631,,20,13.8465,10000,,0,runs/causaldro_iql/hopper_weak_seed2/r_spec_obsadv_mad_hopper_eval.json
offline,RSC-IQL,RSC-IQL,theta_o,spec_obsadv_mad_hopper,nominal,3407,0,3592.5274,66.60344109437358,3506.6381705431772,3538.6437341299206,,20,111.0069,10000,,0,runs/causaldro_iql/hopper_weak_seed3407/r_spec_obsadv_mad_hopper_eval.json
offline,RSC-IQL,RSC-IQL,theta_o,spec_obsadv_mad_hopper,mad_0.02,3407,1,2275.5508,994.8905477654992,1044.000488149969,1157.362239405328,,20,70.5414,10000,,0,runs/causaldro_iql/hopper_weak_seed3407/r_spec_obsadv_mad_hopper_eval.json
offline,RSC-IQL,RSC-IQL,theta_o,spec_obsadv_mad_hopper,mad_0.035,3407,0,1286.8653,530.9766982429046,738.6202346390531,937.8547982816492,,20,40.1631,10000,,0,runs/causaldro_iql/hopper_weak_seed3407/r_spec_obsadv_mad_hopper_eval.json
offline,RSC-IQL,RSC-IQL,theta_o,spec_obsadv_mad_hopper,mad_0.05,3407,1,1225.6805,341.9369338492599,720.4159913124403,886.7189935103959,,20,38.2831,10000,,0,runs/causaldro_iql/hopper_weak_seed3407/r_spec_obsadv_mad_hopper_eval.json
offline,RSC-IQL,RSC-IQL,theta_o,spec_obsadv_mad_hopper,mad_0.075,3407,0,399.8489,340.75605593235775,133.65509677774529,138.07382401206772,,20,12.9086,10000,,0,runs/causaldro_iql/hopper_weak_seed3407/r_spec_obsadv_mad_hopper_eval.json
offline,RSC-IQL,RSC-IQL,theta_o,spec_obsadv_mad_hopper,mad_0.10,3407,0,145.0988,87.02670036831758,22.98961368204864,53.046210517666125,,20,5.0811,10000,,0,runs/causaldro_iql/hopper_weak_seed3407/r_spec_obsadv_mad_hopper_eval.json
offline,RSC-IQL,RSC-IQL,theta_o,spec_obsadv_mad_hopper,nominal,42,0,3551.3467,22.11437390875494,3522.4318209363387,3526.4851755356367,,20,109.7416,10000,,0,runs/causaldro_iql/hopper_weak_seed42/r_spec_obsadv_mad_hopper_eval.json
offline,RSC-IQL,RSC-IQL,theta_o,spec_obsadv_mad_hopper,mad_0.02,42,1,2636.8823,1053.139933301943,1030.7329870806916,1269.2275161636694,,20,81.6437,10000,,0,runs/causaldro_iql/hopper_weak_seed42/r_spec_obsadv_mad_hopper_eval.json
offline,RSC-IQL,RSC-IQL,theta_o,spec_obsadv_mad_hopper,mad_0.035,42,0,1820.3998,629.5499433938544,1022.5472409323263,1091.051454309424,,20,56.5565,10000,,0,runs/causaldro_iql/hopper_weak_seed42/r_spec_obsadv_mad_hopper_eval.json
offline,RSC-IQL,RSC-IQL,theta_o,spec_obsadv_mad_hopper,mad_0.05,42,1,1351.4363,325.5373341147687,989.4286371094271,1008.181044764093,,20,42.1471,10000,,0,runs/causaldro_iql/hopper_weak_seed42/r_spec_obsadv_mad_hopper_eval.json
offline,RSC-IQL,RSC-IQL,theta_o,spec_obsadv_mad_hopper,mad_0.075,42,0,755.5417,430.995029419873,23.290162241656688,181.42085893582876,,20,23.8376,10000,,0,runs/causaldro_iql/hopper_weak_seed42/r_spec_obsadv_mad_hopper_eval.json
offline,RSC-IQL,RSC-IQL,theta_o,spec_obsadv_mad_hopper,mad_0.10,42,0,483.1340,412.12861221200376,15.178117855475334,27.630334931087827,,20,15.4676,10000,,0,runs/causaldro_iql/hopper_weak_seed42/r_spec_obsadv_mad_hopper_eval.json
offline,RSC-IQL,RSC-IQL,theta_a,spec_action_hopper,nominal,0,0,2640.6289,789.1638846399579,1729.0020124950393,1732.9834734766653,701.25,20,81.7588,10000,last,0,runs/causaldro_iql/hopper_weak_seed0/r_spec_action_hopper_eval.json
offline,RSC-IQL,RSC-IQL,theta_a,spec_action_hopper,act_gauss_0.05,0,0,1407.6026,246.75804647812708,1154.0509058218634,1203.8458238283206,363.5,20,43.8729,10000,last,0,runs/causaldro_iql/hopper_weak_seed0/r_spec_action_hopper_eval.json
offline,RSC-IQL,RSC-IQL,theta_a,spec_action_hopper,act_gauss_0.10,0,1,1153.7459,107.7468661730133,992.5720095983206,1009.4538695581882,306.4,20,36.0728,10000,last,0,runs/causaldro_iql/hopper_weak_seed0/r_spec_action_hopper_eval.json
offline,RSC-IQL,RSC-IQL,theta_a,spec_action_hopper,act_gauss_0.20,0,0,944.4276,74.72854507701166,856.4641669209644,857.4312688098652,263.65,20,29.6413,10000,last,0,runs/causaldro_iql/hopper_weak_seed0/r_spec_action_hopper_eval.json
offline,RSC-IQL,RSC-IQL,theta_a,spec_action_hopper,act_uni_0.10,0,1,1380.3096,164.12503177156904,1180.2566083002498,1200.6029910225463,357.5,20,43.0342,10000,last,0,runs/causaldro_iql/hopper_weak_seed0/r_spec_action_hopper_eval.json
offline,RSC-IQL,RSC-IQL,theta_a,spec_action_hopper,act_offset_0.05,0,1,1020.2943,34.118962084097134,973.7442938435603,975.4520841817127,277.4,20,31.9724,10000,last,0,runs/causaldro_iql/hopper_weak_seed0/r_spec_action_hopper_eval.json
offline,RSC-IQL,RSC-IQL,theta_a,spec_action_hopper,act_oppose_0.10,0,1,879.5370,8.991451980297374,865.4437694872673,865.8864199905504,247.8,20,27.6475,10000,last,0,runs/causaldro_iql/hopper_weak_seed0/r_spec_action_hopper_eval.json
offline,RSC-IQL,RSC-IQL,theta_a,spec_action_hopper,act_oppose_0.20,0,0,629.8013,4.417133679221807,623.4558476835964,623.7686099604921,200.9,20,19.9741,10000,last,0,runs/causaldro_iql/hopper_weak_seed0/r_spec_action_hopper_eval.json
offline,RSC-IQL,RSC-IQL,theta_a,spec_action_hopper,cmd_gauss_0.20,0,0,944.4276,74.72854507701166,856.4641669209644,857.4312688098652,263.65,20,29.6413,10000,last,0,runs/causaldro_iql/hopper_weak_seed0/r_spec_action_hopper_eval.json
offline,RSC-IQL,RSC-IQL,theta_a,spec_action_hopper,cmd_oppose_0.20,0,1,629.8013,4.417133679221807,623.4558476835964,623.7686099604921,200.9,20,19.9741,10000,last,0,runs/causaldro_iql/hopper_weak_seed0/r_spec_action_hopper_eval.json
offline,RSC-IQL,RSC-IQL,theta_a,spec_action_hopper,nominal,1,0,3201.1558,657.9792605210755,1846.5542273391402,1871.3149231785492,880.5,20,98.9816,10000,last,0,runs/causaldro_iql/hopper_weak_seed1/r_spec_action_hopper_eval.json
offline,RSC-IQL,RSC-IQL,theta_a,spec_action_hopper,act_gauss_0.05,1,0,1647.6176,665.0562439965299,1264.6924357885518,1282.8851334802196,431.5,20,51.2476,10000,last,0,runs/causaldro_iql/hopper_weak_seed1/r_spec_action_hopper_eval.json
offline,RSC-IQL,RSC-IQL,theta_a,spec_action_hopper,act_gauss_0.10,1,1,1161.1849,178.93338858664782,998.1271823940492,1001.0356117897692,310.85,20,36.3014,10000,last,0,runs/causaldro_iql/hopper_weak_seed1/r_spec_action_hopper_eval.json
offline,RSC-IQL,RSC-IQL,theta_a,spec_action_hopper,act_gauss_0.20,1,0,939.6293,94.10330474582615,842.476901976546,846.9456301470475,262.4,20,29.4939,10000,last,0,runs/causaldro_iql/hopper_weak_seed1/r_spec_action_hopper_eval.json
offline,RSC-IQL,RSC-IQL,theta_a,spec_action_hopper,act_uni_0.10,1,1,1684.8217,660.2394849904542,1195.5729500709233,1197.5511685047873,440.85,20,52.3907,10000,last,0,runs/causaldro_iql/hopper_weak_seed1/r_spec_action_hopper_eval.json
offline,RSC-IQL,RSC-IQL,theta_a,spec_action_hopper,act_offset_0.05,1,1,979.2685,14.240162877358848,955.6412372406133,956.6282169138719,271.6,20,30.7118,10000,last,0,runs/causaldro_iql/hopper_weak_seed1/r_spec_action_hopper_eval.json
offline,RSC-IQL,RSC-IQL,theta_a,spec_action_hopper,act_oppose_0.10,1,1,884.1636,8.14406703298381,863.9171324301911,867.3796844589899,248.25,20,27.7897,10000,last,0,runs/causaldro_iql/hopper_weak_seed1/r_spec_action_hopper_eval.json
offline,RSC-IQL,RSC-IQL,theta_a,spec_action_hopper,act_oppose_0.20,1,0,618.2061,2.826793828974242,613.3328034769161,613.3673460431116,197.6,20,19.6178,10000,last,0,runs/causaldro_iql/hopper_weak_seed1/r_spec_action_hopper_eval.json
offline,RSC-IQL,RSC-IQL,theta_a,spec_action_hopper,cmd_gauss_0.20,1,0,939.6293,94.10330474582615,842.476901976546,846.9456301470475,262.4,20,29.4939,10000,last,0,runs/causaldro_iql/hopper_weak_seed1/r_spec_action_hopper_eval.json
offline,RSC-IQL,RSC-IQL,theta_a,spec_action_hopper,cmd_oppose_0.20,1,1,618.2061,2.826793828974242,613.3328034769161,613.3673460431116,197.6,20,19.6178,10000,last,0,runs/causaldro_iql/hopper_weak_seed1/r_spec_action_hopper_eval.json
offline,RSC-IQL,RSC-IQL,theta_a,spec_action_hopper,nominal,2,0,3317.9075,619.8485800592829,1751.9116978813831,1765.7194858469998,919.25,20,102.5689,10000,last,0,runs/causaldro_iql/hopper_weak_seed2/r_spec_action_hopper_eval.json
offline,RSC-IQL,RSC-IQL,theta_a,spec_action_hopper,act_gauss_0.05,2,0,1616.4834,682.7728755721715,1247.8485139705301,1249.5495568409642,424.3,20,50.2909,10000,last,0,runs/causaldro_iql/hopper_weak_seed2/r_spec_action_hopper_eval.json
offline,RSC-IQL,RSC-IQL,theta_a,spec_action_hopper,act_gauss_0.10,2,1,1124.8933,142.9908591363898,1012.0734209951995,1013.84073685097,303.15,20,35.1863,10000,last,0,runs/causaldro_iql/hopper_weak_seed2/r_spec_action_hopper_eval.json
offline,RSC-IQL,RSC-IQL,theta_a,spec_action_hopper,act_gauss_0.20,2,0,906.8158,133.05965714039144,459.8773335881286,629.2540460882084,256.85,20,28.4857,10000,last,0,runs/causaldro_iql/hopper_weak_seed2/r_spec_action_hopper_eval.json
offline,RSC-IQL,RSC-IQL,theta_a,spec_action_hopper,act_uni_0.10,2,1,1556.1290,426.183559115452,1184.3497701942877,1199.2697442477534,398.85,20,48.4365,10000,last,0,runs/causaldro_iql/hopper_weak_seed2/r_spec_action_hopper_eval.json
offline,RSC-IQL,RSC-IQL,theta_a,spec_action_hopper,act_offset_0.05,2,1,983.0188,7.373098720784438,970.6208031915069,970.7989370629164,272.0,20,30.8271,10000,last,0,runs/causaldro_iql/hopper_weak_seed2/r_spec_action_hopper_eval.json
offline,RSC-IQL,RSC-IQL,theta_a,spec_action_hopper,act_oppose_0.10,2,1,859.0229,19.0611682953626,814.5563089372863,823.5861913361978,244.0,20,27.0172,10000,last,0,runs/causaldro_iql/hopper_weak_seed2/r_spec_action_hopper_eval.json
offline,RSC-IQL,RSC-IQL,theta_a,spec_action_hopper,act_oppose_0.20,2,0,606.3134,2.2297058982390676,601.3041001456988,601.7285326187516,195.25,20,19.2524,10000,last,0,runs/causaldro_iql/hopper_weak_seed2/r_spec_action_hopper_eval.json
offline,RSC-IQL,RSC-IQL,theta_a,spec_action_hopper,cmd_gauss_0.20,2,0,906.8158,133.05965714039144,459.8773335881286,629.2540460882084,256.85,20,28.4857,10000,last,0,runs/causaldro_iql/hopper_weak_seed2/r_spec_action_hopper_eval.json
offline,RSC-IQL,RSC-IQL,theta_a,spec_action_hopper,cmd_oppose_0.20,2,1,606.3134,2.2297058982390676,601.3041001456988,601.7285326187516,195.25,20,19.2524,10000,last,0,runs/causaldro_iql/hopper_weak_seed2/r_spec_action_hopper_eval.json
offline,RSC-IQL,RSC-IQL,theta_a,spec_action_hopper,nominal,3407,0,3592.5274,66.60344109437358,3506.6381705431772,3523.3872786571965,1000.0,20,111.0069,10000,last,0,runs/causaldro_iql/hopper_weak_seed3407/r_spec_action_hopper_eval.json
offline,RSC-IQL,RSC-IQL,theta_a,spec_action_hopper,act_gauss_0.05,3407,0,1768.3385,779.2162731271003,1253.0695863159913,1290.748636962193,465.75,20,54.9568,10000,last,0,runs/causaldro_iql/hopper_weak_seed3407/r_spec_action_hopper_eval.json
offline,RSC-IQL,RSC-IQL,theta_a,spec_action_hopper,act_gauss_0.10,3407,1,1175.0264,143.04260685051906,1023.950171774105,1029.1282886727618,312.7,20,36.7267,10000,last,0,runs/causaldro_iql/hopper_weak_seed3407/r_spec_action_hopper_eval.json
offline,RSC-IQL,RSC-IQL,theta_a,spec_action_hopper,act_gauss_0.20,3407,0,958.2505,77.50227253954981,869.866622743156,874.5920487456953,268.95,20,30.0660,10000,last,0,runs/causaldro_iql/hopper_weak_seed3407/r_spec_action_hopper_eval.json
offline,RSC-IQL,RSC-IQL,theta_a,spec_action_hopper,act_uni_0.10,3407,1,1760.3695,656.7232550566,1273.1566602041132,1283.6594685061166,458.65,20,54.7120,10000,last,0,runs/causaldro_iql/hopper_weak_seed3407/r_spec_action_hopper_eval.json
offline,RSC-IQL,RSC-IQL,theta_a,spec_action_hopper,act_offset_0.05,3407,1,1021.3817,17.463928810094288,999.5697709353708,1000.25721559558,281.45,20,32.0058,10000,last,0,runs/causaldro_iql/hopper_weak_seed3407/r_spec_action_hopper_eval.json
offline,RSC-IQL,RSC-IQL,theta_a,spec_action_hopper,act_oppose_0.10,3407,1,888.1497,6.7555657558888305,875.8459253695077,877.6409640282338,250.9,20,27.9121,10000,last,0,runs/causaldro_iql/hopper_weak_seed3407/r_spec_action_hopper_eval.json
offline,RSC-IQL,RSC-IQL,theta_a,spec_action_hopper,act_oppose_0.20,3407,0,484.2220,4.0100934734675375,472.99928817051637,473.6854497356562,165.35,20,15.5010,10000,last,0,runs/causaldro_iql/hopper_weak_seed3407/r_spec_action_hopper_eval.json
offline,RSC-IQL,RSC-IQL,theta_a,spec_action_hopper,cmd_gauss_0.20,3407,0,958.2505,77.50227253954981,869.866622743156,874.5920487456953,268.95,20,30.0660,10000,last,0,runs/causaldro_iql/hopper_weak_seed3407/r_spec_action_hopper_eval.json
offline,RSC-IQL,RSC-IQL,theta_a,spec_action_hopper,cmd_oppose_0.20,3407,1,484.2220,4.0100934734675375,472.99928817051637,473.6854497356562,165.35,20,15.5010,10000,last,0,runs/causaldro_iql/hopper_weak_seed3407/r_spec_action_hopper_eval.json
offline,RSC-IQL,RSC-IQL,theta_a,spec_action_hopper,nominal,42,0,3551.3467,22.11437390875494,3522.4318209363387,3523.0618716391946,1000.0,20,109.7416,10000,last,0,runs/causaldro_iql/hopper_weak_seed42/r_spec_action_hopper_eval.json
offline,RSC-IQL,RSC-IQL,theta_a,spec_action_hopper,act_gauss_0.05,42,0,1816.7358,732.9166548942147,1338.4586739377535,1346.3804471479148,479.05,20,56.4439,10000,last,0,runs/causaldro_iql/hopper_weak_seed42/r_spec_action_hopper_eval.json
offline,RSC-IQL,RSC-IQL,theta_a,spec_action_hopper,act_gauss_0.10,42,1,1238.6918,221.62655234811646,1072.700879300567,1073.5592766911532,327.0,20,38.6829,10000,last,0,runs/causaldro_iql/hopper_weak_seed42/r_spec_action_hopper_eval.json
offline,RSC-IQL,RSC-IQL,theta_a,spec_action_hopper,act_gauss_0.20,42,0,1015.8840,79.87988834594226,906.9519931992452,925.4352369679584,282.05,20,31.8369,10000,last,0,runs/causaldro_iql/hopper_weak_seed42/r_spec_action_hopper_eval.json
offline,RSC-IQL,RSC-IQL,theta_a,spec_action_hopper,act_uni_0.10,42,1,1714.3638,490.390285160965,1303.459647806286,1311.3869188048307,442.55,20,53.2984,10000,last,0,runs/causaldro_iql/hopper_weak_seed42/r_spec_action_hopper_eval.json
offline,RSC-IQL,RSC-IQL,theta_a,spec_action_hopper,act_offset_0.05,42,1,1055.1009,16.65381203187925,1002.8012591980372,1018.5820653216967,286.45,20,33.0419,10000,last,0,runs/causaldro_iql/hopper_weak_seed42/r_spec_action_hopper_eval.json
offline,RSC-IQL,RSC-IQL,theta_a,spec_action_hopper,act_oppose_0.10,42,1,924.9202,6.809426419511163,908.9020144003454,910.4681378525255,258.9,20,29.0419,10000,last,0,runs/causaldro_iql/hopper_weak_seed42/r_spec_action_hopper_eval.json
offline,RSC-IQL,RSC-IQL,theta_a,spec_action_hopper,act_oppose_0.20,42,0,645.7346,3.0600278594375205,638.6861521088396,640.0483807047827,205.55,20,20.4637,10000,last,0,runs/causaldro_iql/hopper_weak_seed42/r_spec_action_hopper_eval.json
offline,RSC-IQL,RSC-IQL,theta_a,spec_action_hopper,cmd_gauss_0.20,42,0,1015.8840,79.87988834594226,906.9519931992452,925.4352369679584,282.05,20,31.8369,10000,last,0,runs/causaldro_iql/hopper_weak_seed42/r_spec_action_hopper_eval.json
offline,RSC-IQL,RSC-IQL,theta_a,spec_action_hopper,cmd_oppose_0.20,42,1,645.7346,3.0600278594375205,638.6861521088396,640.0483807047827,205.55,20,20.4637,10000,last,0,runs/causaldro_iql/hopper_weak_seed42/r_spec_action_hopper_eval.json
offline,RSC-IQL,RSC-IQL,theta_p,spec_transition_hopper,nominal,0,0,2640.6289,789.1638846399579,1729.0020124950393,1732.9834734766653,701.25,20,81.7588,10000,last,0,runs/causaldro_iql/hopper_weak_seed0/r_spec_transition_hopper_eval.json
offline,RSC-IQL,RSC-IQL,theta_p,spec_transition_hopper,trans_t1,0,1,1725.4638,954.6132779561566,960.8034310722959,977.8332849186743,462.95,20,53.6395,10000,last,0,runs/causaldro_iql/hopper_weak_seed0/r_spec_transition_hopper_eval.json
offline,RSC-IQL,RSC-IQL,theta_p,spec_transition_hopper,trans_t2,0,0,1682.8847,1006.932160377583,731.2831310771095,770.8992505900063,461.35,20,52.3312,10000,last,0,runs/causaldro_iql/hopper_weak_seed0/r_spec_transition_hopper_eval.json
offline,RSC-IQL,RSC-IQL,theta_p,spec_transition_hopper,trans_t3,0,0,1142.5918,689.4125860080867,28.73197651183522,288.30736694679763,322.15,20,35.7301,10000,last,0,runs/causaldro_iql/hopper_weak_seed0/r_spec_transition_hopper_eval.json
offline,RSC-IQL,RSC-IQL,theta_p,spec_transition_hopper,nominal,1,0,3201.1558,657.9792605210755,1846.5542273391402,1871.3149231785492,880.5,20,98.9816,10000,last,0,runs/causaldro_iql/hopper_weak_seed1/r_spec_transition_hopper_eval.json
offline,RSC-IQL,RSC-IQL,theta_p,spec_transition_hopper,trans_t1,1,1,1699.1275,840.6414258883999,977.2642768407417,988.190164471747,456.4,20,52.8303,10000,last,0,runs/causaldro_iql/hopper_weak_seed1/r_spec_transition_hopper_eval.json
offline,RSC-IQL,RSC-IQL,theta_p,spec_transition_hopper,trans_t2,1,0,1227.2808,552.9865373774031,796.4586359503683,806.9702730000474,335.75,20,38.3323,10000,last,0,runs/causaldro_iql/hopper_weak_seed1/r_spec_transition_hopper_eval.json
offline,RSC-IQL,RSC-IQL,theta_p,spec_transition_hopper,trans_t3,1,0,1221.0397,739.4077429044355,26.700646590628526,298.83786420354727,344.05,20,38.1405,10000,last,0,runs/causaldro_iql/hopper_weak_seed1/r_spec_transition_hopper_eval.json
offline,RSC-IQL,RSC-IQL,theta_p,spec_transition_hopper,nominal,2,0,3317.9075,619.8485800592829,1751.9116978813831,1765.7194858469998,919.25,20,102.5689,10000,last,0,runs/causaldro_iql/hopper_weak_seed2/r_spec_transition_hopper_eval.json
offline,RSC-IQL,RSC-IQL,theta_p,spec_transition_hopper,trans_t1,2,1,1655.9038,842.8052558614546,946.7448363760913,1019.3100474387181,440.4,20,51.5022,10000,last,0,runs/causaldro_iql/hopper_weak_seed2/r_spec_transition_hopper_eval.json
offline,RSC-IQL,RSC-IQL,theta_p,spec_transition_hopper,trans_t2,2,0,1406.1808,806.1630757614001,745.8233665879127,787.6880386195655,385.45,20,43.8292,10000,last,0,runs/causaldro_iql/hopper_weak_seed2/r_spec_transition_hopper_eval.json
offline,RSC-IQL,RSC-IQL,theta_p,spec_transition_hopper,trans_t3,2,0,942.3126,390.1212907093165,27.846528148716448,290.3113438281227,271.7,20,29.5763,10000,last,0,runs/causaldro_iql/hopper_weak_seed2/r_spec_transition_hopper_eval.json
offline,RSC-IQL,RSC-IQL,theta_p,spec_transition_hopper,nominal,3407,0,3592.5274,66.60344109437358,3506.6381705431772,3523.3872786571965,1000.0,20,111.0069,10000,last,0,runs/causaldro_iql/hopper_weak_seed3407/r_spec_transition_hopper_eval.json
offline,RSC-IQL,RSC-IQL,theta_p,spec_transition_hopper,trans_t1,3407,1,1743.0793,837.6683851810432,1005.0066844334763,1076.1900092921924,458.9,20,54.1807,10000,last,0,runs/causaldro_iql/hopper_weak_seed3407/r_spec_transition_hopper_eval.json
offline,RSC-IQL,RSC-IQL,theta_p,spec_transition_hopper,trans_t2,3407,0,1209.0276,421.43251823199705,780.7424742307415,798.7799388356395,331.6,20,37.7714,10000,last,0,runs/causaldro_iql/hopper_weak_seed3407/r_spec_transition_hopper_eval.json
offline,RSC-IQL,RSC-IQL,theta_p,spec_transition_hopper,trans_t3,3407,0,1079.1854,594.3898645638083,29.064334288237248,299.1438304310318,303.45,20,33.7819,10000,last,0,runs/causaldro_iql/hopper_weak_seed3407/r_spec_transition_hopper_eval.json
offline,RSC-IQL,RSC-IQL,theta_p,spec_transition_hopper,nominal,42,0,3551.3467,22.11437390875494,3522.4318209363387,3523.0618716391946,1000.0,20,109.7416,10000,last,0,runs/causaldro_iql/hopper_weak_seed42/r_spec_transition_hopper_eval.json
offline,RSC-IQL,RSC-IQL,theta_p,spec_transition_hopper,trans_t1,42,1,1729.5613,908.6322168316451,1049.8721627965874,1076.9218831654257,470.0,20,53.7654,10000,last,0,runs/causaldro_iql/hopper_weak_seed42/r_spec_transition_hopper_eval.json
offline,RSC-IQL,RSC-IQL,theta_p,spec_transition_hopper,trans_t2,42,0,1252.9617,519.577137413566,731.0034313272771,750.5267823918762,342.5,20,39.1214,10000,last,0,runs/causaldro_iql/hopper_weak_seed42/r_spec_transition_hopper_eval.json
offline,RSC-IQL,RSC-IQL,theta_p,spec_transition_hopper,trans_t3,42,0,957.5264,533.2788938732813,27.548821771446153,280.15994972229345,275.45,20,30.0438,10000,last,0,runs/causaldro_iql/hopper_weak_seed42/r_spec_transition_hopper_eval.json
offline,RSC-IQL,RSC-IQL,theta_p,spec_push_hopper,nominal,0,0,2640.6289,789.1638846399579,1729.0020124950393,1732.9834734766653,701.25,20,81.7588,10000,last,0,runs/causaldro_iql/hopper_weak_seed0/r_spec_push_hopper_eval.json
offline,RSC-IQL,RSC-IQL,theta_p,spec_push_hopper,push_30,0,0,1991.4424,914.1040192008846,895.2389244666144,935.3130347944825,520.35,20,61.8119,10000,last,0,runs/causaldro_iql/hopper_weak_seed0/r_spec_push_hopper_eval.json
offline,RSC-IQL,RSC-IQL,theta_p,spec_push_hopper,push_60,0,1,1482.4567,864.4876770299998,704.4656246318798,722.8552003642556,402.25,20,46.1728,10000,last,0,runs/causaldro_iql/hopper_weak_seed0/r_spec_push_hopper_eval.json
offline,RSC-IQL,RSC-IQL,theta_p,spec_push_hopper,push_100,0,0,1162.7210,743.4939332346962,495.1331405190609,537.2570764856423,331.45,20,36.3486,10000,last,0,runs/causaldro_iql/hopper_weak_seed0/r_spec_push_hopper_eval.json
offline,RSC-IQL,RSC-IQL,theta_p,spec_push_hopper,push_150,0,0,682.0439,507.44637977436213,42.11452812878346,141.7754566327734,203.95,20,21.5793,10000,last,0,runs/causaldro_iql/hopper_weak_seed0/r_spec_push_hopper_eval.json
offline,RSC-IQL,RSC-IQL,theta_p,spec_push_hopper,nominal,1,0,3201.1558,657.9792605210755,1846.5542273391402,1871.3149231785492,880.5,20,98.9816,10000,last,0,runs/causaldro_iql/hopper_weak_seed1/r_spec_push_hopper_eval.json
offline,RSC-IQL,RSC-IQL,theta_p,spec_push_hopper,push_30,1,0,1954.7503,962.4136022940173,971.3489444071571,1007.5508470042962,520.25,20,60.6845,10000,last,0,runs/causaldro_iql/hopper_weak_seed1/r_spec_push_hopper_eval.json
offline,RSC-IQL,RSC-IQL,theta_p,spec_push_hopper,push_60,1,1,1416.7614,776.1431839983507,710.7210221831581,730.5920964171523,383.4,20,44.1543,10000,last,0,runs/causaldro_iql/hopper_weak_seed1/r_spec_push_hopper_eval.json
offline,RSC-IQL,RSC-IQL,theta_p,spec_push_hopper,push_100,1,0,1034.8228,620.145939080819,272.0604562937557,393.4654500694815,291.1,20,32.4188,10000,last,0,runs/causaldro_iql/hopper_weak_seed1/r_spec_push_hopper_eval.json
offline,RSC-IQL,RSC-IQL,theta_p,spec_push_hopper,push_150,1,0,714.8682,583.7761023277506,40.89711225206985,141.74083122131037,209.0,20,22.5879,10000,last,0,runs/causaldro_iql/hopper_weak_seed1/r_spec_push_hopper_eval.json
offline,RSC-IQL,RSC-IQL,theta_p,spec_push_hopper,nominal,2,0,3317.9075,619.8485800592829,1751.9116978813831,1765.7194858469998,919.25,20,102.5689,10000,last,0,runs/causaldro_iql/hopper_weak_seed2/r_spec_push_hopper_eval.json
offline,RSC-IQL,RSC-IQL,theta_p,spec_push_hopper,push_30,2,0,2165.1452,934.3539753229832,935.9182001399906,973.9853067673587,577.25,20,67.1491,10000,last,0,runs/causaldro_iql/hopper_weak_seed2/r_spec_push_hopper_eval.json
offline,RSC-IQL,RSC-IQL,theta_p,spec_push_hopper,push_60,2,1,1431.1993,752.6474841041316,696.092181360835,716.6162530865681,390.85,20,44.5979,10000,last,0,runs/causaldro_iql/hopper_weak_seed2/r_spec_push_hopper_eval.json
offline,RSC-IQL,RSC-IQL,theta_p,spec_push_hopper,push_100,2,0,895.9076,634.3180099849792,48.80432575373527,167.14671987386635,254.55,20,28.1505,10000,last,0,runs/causaldro_iql/hopper_weak_seed2/r_spec_push_hopper_eval.json
offline,RSC-IQL,RSC-IQL,theta_p,spec_push_hopper,push_150,2,0,700.9302,535.7413154354554,42.01540498912118,147.70525839154604,203.4,20,22.1596,10000,last,0,runs/causaldro_iql/hopper_weak_seed2/r_spec_push_hopper_eval.json
offline,RSC-IQL,RSC-IQL,theta_p,spec_push_hopper,nominal,3407,0,3592.5274,66.60344109437358,3506.6381705431772,3523.3872786571965,1000.0,20,111.0069,10000,last,0,runs/causaldro_iql/hopper_weak_seed3407/r_spec_push_hopper_eval.json
offline,RSC-IQL,RSC-IQL,theta_p,spec_push_hopper,push_30,3407,0,2073.7442,891.0831222730546,925.7676358001593,966.8012582529482,553.85,20,64.3407,10000,last,0,runs/causaldro_iql/hopper_weak_seed3407/r_spec_push_hopper_eval.json
offline,RSC-IQL,RSC-IQL,theta_p,spec_push_hopper,push_60,3407,1,1571.1667,981.6518205334919,691.3533423135494,705.5674611463323,423.6,20,48.8985,10000,last,0,runs/causaldro_iql/hopper_weak_seed3407/r_spec_push_hopper_eval.json
offline,RSC-IQL,RSC-IQL,theta_p,spec_push_hopper,push_100,3407,0,1155.5259,778.368074654406,204.49686692206154,391.4382431934424,328.7,20,36.1275,10000,last,0,runs/causaldro_iql/hopper_weak_seed3407/r_spec_push_hopper_eval.json
offline,RSC-IQL,RSC-IQL,theta_p,spec_push_hopper,push_150,3407,0,739.7194,556.1823478656768,42.00506448880238,123.196885828653,221.25,20,23.3515,10000,last,0,runs/causaldro_iql/hopper_weak_seed3407/r_spec_push_hopper_eval.json
offline,RSC-IQL,RSC-IQL,theta_p,spec_push_hopper,nominal,42,0,3551.3467,22.11437390875494,3522.4318209363387,3523.0618716391946,1000.0,20,109.7416,10000,last,0,runs/causaldro_iql/hopper_weak_seed42/r_spec_push_hopper_eval.json
offline,RSC-IQL,RSC-IQL,theta_p,spec_push_hopper,push_30,42,0,2312.1586,1079.5234502709354,949.3328799678893,993.2152999422482,616.45,20,71.6663,10000,last,0,runs/causaldro_iql/hopper_weak_seed42/r_spec_push_hopper_eval.json
offline,RSC-IQL,RSC-IQL,theta_p,spec_push_hopper,push_60,42,1,1455.3398,788.8710165514732,712.8606367123035,735.5346646381681,401.0,20,45.3396,10000,last,0,runs/causaldro_iql/hopper_weak_seed42/r_spec_push_hopper_eval.json
offline,RSC-IQL,RSC-IQL,theta_p,spec_push_hopper,push_100,42,0,1068.3474,574.5442265607562,483.080608522125,530.3195493912503,310.4,20,33.4489,10000,last,0,runs/causaldro_iql/hopper_weak_seed42/r_spec_push_hopper_eval.json
offline,RSC-IQL,RSC-IQL,theta_p,spec_push_hopper,push_150,42,0,702.0356,476.84825449060713,39.0860470389089,142.90559799883573,205.4,20,22.1936,10000,last,0,runs/causaldro_iql/hopper_weak_seed42/r_spec_push_hopper_eval.json
offline,RSC-IQL,RSC-IQL,theta_p,spec_timevar_hopper,nominal,0,0,2640.6289,789.1638846399579,1729.0020124950393,1732.9834734766653,701.25,20,81.7588,10000,last,0,runs/causaldro_iql/hopper_weak_seed0/r_spec_timevar_hopper_eval.json
offline,RSC-IQL,RSC-IQL,theta_p,spec_timevar_hopper,gear_static_0.8,0,1,605.9769,4.140681494195591,597.8499131034764,598.2873542144774,197.2,20,19.2421,10000,last,0,runs/causaldro_iql/hopper_weak_seed0/r_spec_timevar_hopper_eval.json
offline,RSC-IQL,RSC-IQL,theta_p,spec_timevar_hopper,gear_step_0.8,0,0,2181.8909,287.64924010733586,1729.0020124950393,1732.9834734766653,570.6,20,67.6637,10000,last,0,runs/causaldro_iql/hopper_weak_seed0/r_spec_timevar_hopper_eval.json
offline,RSC-IQL,RSC-IQL,theta_p,spec_timevar_hopper,gear_ramp_0.8,0,1,1235.8466,37.073839428998426,1175.026319497479,1177.340154359784,325.7,20,38.5955,10000,last,0,runs/causaldro_iql/hopper_weak_seed0/r_spec_timevar_hopper_eval.json
offline,RSC-IQL,RSC-IQL,theta_p,spec_timevar_hopper,gear_sine_p200,0,0,997.7016,14.860330510476258,966.0057799742334,970.3471948505328,273.7,20,31.2782,10000,last,0,runs/causaldro_iql/hopper_weak_seed0/r_spec_timevar_hopper_eval.json
offline,RSC-IQL,RSC-IQL,theta_p,spec_timevar_hopper,gear_sine_p500,0,1,1739.5535,18.299890101957182,1714.2883989334707,1715.42991742685,478.25,20,54.0724,10000,last,0,runs/causaldro_iql/hopper_weak_seed0/r_spec_timevar_hopper_eval.json
offline,RSC-IQL,RSC-IQL,theta_p,spec_timevar_hopper,gravity_ramp_1.2,0,0,1767.9510,653.9020660901092,1325.4255099282557,1349.276177355815,456.05,20,54.9449,10000,last,0,runs/causaldro_iql/hopper_weak_seed0/r_spec_timevar_hopper_eval.json
offline,RSC-IQL,RSC-IQL,theta_p,spec_timevar_hopper,nominal,1,0,3201.1558,657.9792605210755,1846.5542273391402,1871.3149231785492,880.5,20,98.9816,10000,last,0,runs/causaldro_iql/hopper_weak_seed1/r_spec_timevar_hopper_eval.json
offline,RSC-IQL,RSC-IQL,theta_p,spec_timevar_hopper,gear_static_0.8,1,1,614.4417,4.031604519473904,606.7183063865234,607.7311357706083,198.7,20,19.5022,10000,last,0,runs/causaldro_iql/hopper_weak_seed1/r_spec_timevar_hopper_eval.json
offline,RSC-IQL,RSC-IQL,theta_p,spec_timevar_hopper,gear_step_0.8,1,0,2392.4966,239.39382436798036,1846.5542273391402,1871.3149231785492,647.1,20,74.1347,10000,last,0,runs/causaldro_iql/hopper_weak_seed1/r_spec_timevar_hopper_eval.json
offline,RSC-IQL,RSC-IQL,theta_p,spec_timevar_hopper,gear_ramp_0.8,1,1,1267.4869,30.46965937004558,1217.215098856783,1218.643226605967,333.9,20,39.5676,10000,last,0,runs/causaldro_iql/hopper_weak_seed1/r_spec_timevar_hopper_eval.json
offline,RSC-IQL,RSC-IQL,theta_p,spec_timevar_hopper,gear_sine_p200,1,0,1019.9789,46.22016210604639,988.7634140466297,990.8123184070537,277.6,20,31.9627,10000,last,0,runs/causaldro_iql/hopper_weak_seed1/r_spec_timevar_hopper_eval.json
offline,RSC-IQL,RSC-IQL,theta_p,spec_timevar_hopper,gear_sine_p500,1,1,1701.8308,17.64733547150691,1665.8549778745296,1667.8014667858993,471.7,20,52.9133,10000,last,0,runs/causaldro_iql/hopper_weak_seed1/r_spec_timevar_hopper_eval.json
offline,RSC-IQL,RSC-IQL,theta_p,spec_timevar_hopper,gravity_ramp_1.2,1,0,2275.9755,912.7394477269647,1381.4136300685998,1382.1510125756852,597.95,20,70.5545,10000,last,0,runs/causaldro_iql/hopper_weak_seed1/r_spec_timevar_hopper_eval.json
offline,RSC-IQL,RSC-IQL,theta_p,spec_timevar_hopper,nominal,2,0,3317.9075,619.8485800592829,1751.9116978813831,1765.7194858469998,919.25,20,102.5689,10000,last,0,runs/causaldro_iql/hopper_weak_seed2/r_spec_timevar_hopper_eval.json
offline,RSC-IQL,RSC-IQL,theta_p,spec_timevar_hopper,gear_static_0.8,2,1,592.3861,2.318375805610082,588.0708818282814,588.195098185392,193.2,20,18.8245,10000,last,0,runs/causaldro_iql/hopper_weak_seed2/r_spec_timevar_hopper_eval.json
offline,RSC-IQL,RSC-IQL,theta_p,spec_timevar_hopper,gear_step_0.8,2,0,2362.4616,226.91080850680507,1751.9116978813831,1765.7194858469998,645.75,20,73.2119,10000,last,0,runs/causaldro_iql/hopper_weak_seed2/r_spec_timevar_hopper_eval.json
offline,RSC-IQL,RSC-IQL,theta_p,spec_timevar_hopper,gear_ramp_0.8,2,1,1246.4252,43.039562438466994,1185.0653035933967,1192.3301774926742,329.95,20,38.9205,10000,last,0,runs/causaldro_iql/hopper_weak_seed2/r_spec_timevar_hopper_eval.json
offline,RSC-IQL,RSC-IQL,theta_p,spec_timevar_hopper,gear_sine_p200,2,0,1021.4543,8.199398223664122,1001.9102717570339,1006.4915483616228,278.35,20,32.0080,10000,last,0,runs/causaldro_iql/hopper_weak_seed2/r_spec_timevar_hopper_eval.json
offline,RSC-IQL,RSC-IQL,theta_p,spec_timevar_hopper,gear_sine_p500,2,1,1703.0675,12.072184520433677,1685.9449524230354,1686.5371297771078,480.2,20,52.9513,10000,last,0,runs/causaldro_iql/hopper_weak_seed2/r_spec_timevar_hopper_eval.json
offline,RSC-IQL,RSC-IQL,theta_p,spec_timevar_hopper,gravity_ramp_1.2,2,0,2240.7374,762.6414936174684,1468.2935560024243,1518.7270513389417,575.5,20,69.4718,10000,last,0,runs/causaldro_iql/hopper_weak_seed2/r_spec_timevar_hopper_eval.json
offline,RSC-IQL,RSC-IQL,theta_p,spec_timevar_hopper,nominal,3407,0,3592.5274,66.60344109437358,3506.6381705431772,3523.3872786571965,1000.0,20,111.0069,10000,last,0,runs/causaldro_iql/hopper_weak_seed3407/r_spec_timevar_hopper_eval.json
offline,RSC-IQL,RSC-IQL,theta_p,spec_timevar_hopper,gear_static_0.8,3407,1,473.4976,1.0698872610383965,471.2420103843565,471.64709378643596,163.6,20,15.1715,10000,last,0,runs/causaldro_iql/hopper_weak_seed3407/r_spec_timevar_hopper_eval.json
offline,RSC-IQL,RSC-IQL,theta_p,spec_timevar_hopper,gear_step_0.8,3407,0,2450.9559,40.426751143381246,2410.5765193722004,2412.7326887275503,674.3,20,75.9310,10000,last,0,runs/causaldro_iql/hopper_weak_seed3407/r_spec_timevar_hopper_eval.json
offline,RSC-IQL,RSC-IQL,theta_p,spec_timevar_hopper,gear_ramp_0.8,3407,1,1310.0646,44.925526379829535,1228.4888424810288,1229.8617460343844,344.25,20,40.8759,10000,last,0,runs/causaldro_iql/hopper_weak_seed3407/r_spec_timevar_hopper_eval.json
offline,RSC-IQL,RSC-IQL,theta_p,spec_timevar_hopper,gear_sine_p200,3407,0,1014.2377,15.36471252510834,1001.9008933006395,1002.9815437518735,276.3,20,31.7863,10000,last,0,runs/causaldro_iql/hopper_weak_seed3407/r_spec_timevar_hopper_eval.json
offline,RSC-IQL,RSC-IQL,theta_p,spec_timevar_hopper,gear_sine_p500,3407,1,1686.4845,22.41019439025412,1659.4856337839803,1660.8685509016461,470.75,20,52.4418,10000,last,0,runs/causaldro_iql/hopper_weak_seed3407/r_spec_timevar_hopper_eval.json
offline,RSC-IQL,RSC-IQL,theta_p,spec_timevar_hopper,gravity_ramp_1.2,3407,0,2802.3349,928.9653946738712,1462.2291560061444,1521.9896073134028,748.0,20,86.7274,10000,last,0,runs/causaldro_iql/hopper_weak_seed3407/r_spec_timevar_hopper_eval.json
offline,RSC-IQL,RSC-IQL,theta_p,spec_timevar_hopper,nominal,42,0,3551.3467,22.11437390875494,3522.4318209363387,3523.0618716391946,1000.0,20,109.7416,10000,last,0,runs/causaldro_iql/hopper_weak_seed42/r_spec_timevar_hopper_eval.json
offline,RSC-IQL,RSC-IQL,theta_p,spec_timevar_hopper,gear_static_0.8,42,1,601.9298,4.6730041315243875,594.4533972947744,594.5668521330516,196.0,20,19.1177,10000,last,0,runs/causaldro_iql/hopper_weak_seed42/r_spec_timevar_hopper_eval.json
offline,RSC-IQL,RSC-IQL,theta_p,spec_timevar_hopper,gear_step_0.8,42,0,2493.4855,60.449131279101245,2446.0746521002598,2446.602448218565,691.45,20,77.2377,10000,last,0,runs/causaldro_iql/hopper_weak_seed42/r_spec_timevar_hopper_eval.json
offline,RSC-IQL,RSC-IQL,theta_p,spec_timevar_hopper,gear_ramp_0.8,42,1,1332.7838,22.816804781213083,1265.2133874579436,1279.2804382428399,349.95,20,41.5740,10000,last,0,runs/causaldro_iql/hopper_weak_seed42/r_spec_timevar_hopper_eval.json
offline,RSC-IQL,RSC-IQL,theta_p,spec_timevar_hopper,gear_sine_p200,42,0,1097.7419,55.04793827435798,1026.8203823112383,1030.085710906278,291.25,20,34.3521,10000,last,0,runs/causaldro_iql/hopper_weak_seed42/r_spec_timevar_hopper_eval.json
offline,RSC-IQL,RSC-IQL,theta_p,spec_timevar_hopper,gear_sine_p500,42,1,1924.1572,87.12832265583953,1811.7507620086662,1813.0962110916303,532.65,20,59.7445,10000,last,0,runs/causaldro_iql/hopper_weak_seed42/r_spec_timevar_hopper_eval.json
offline,RSC-IQL,RSC-IQL,theta_p,spec_timevar_hopper,gravity_ramp_1.2,42,0,2839.3804,921.7036058963917,1548.173324223749,1583.2399625109092,772.45,20,87.8657,10000,last,0,runs/causaldro_iql/hopper_weak_seed42/r_spec_timevar_hopper_eval.json
offline,RSC-IQL,RSC-IQL,theta_tau_exec,spec_timing_hopper,nominal,0,0,2640.6289,789.1638846399579,1729.0020124950393,1732.9834734766653,701.25,20,81.7588,10000,last,0,runs/causaldro_iql/hopper_weak_seed0/r_spec_timing_hopper_eval.json
offline,RSC-IQL,RSC-IQL,theta_tau_exec,spec_timing_hopper,act_delay_8ms,0,1,1012.7296,24.801334928173127,966.3836572844891,967.5078787477303,273.25,20,31.7400,10000,last,0,runs/causaldro_iql/hopper_weak_seed0/r_spec_timing_hopper_eval.json
offline,RSC-IQL,RSC-IQL,theta_tau_exec,spec_timing_hopper,act_delay_rand1,0,1,2081.8604,1067.0610404613262,968.6321002109715,984.5909836959323,559.3,20,64.5901,10000,last,0,runs/causaldro_iql/hopper_weak_seed0/r_spec_timing_hopper_eval.json
offline,RSC-IQL,RSC-IQL,theta_tau_exec,spec_timing_hopper,act_delay_rand2,0,0,1324.6000,1117.0197981955348,17.504153266212338,18.121546686935254,361.0,20,41.3225,10000,last,0,runs/causaldro_iql/hopper_weak_seed0/r_spec_timing_hopper_eval.json
offline,RSC-IQL,RSC-IQL,theta_tau_exec,spec_timing_hopper,substep,0,0,1661.8805,921.9147930310949,681.3206313705824,780.8595280672173,430.1,20,51.6858,10000,last,0,runs/causaldro_iql/hopper_weak_seed0/r_spec_timing_hopper_eval.json
offline,RSC-IQL,RSC-IQL,theta_tau_exec,spec_timing_hopper,obs_delay_4ms,0,1,1299.4502,53.95921684147769,1207.8512557947004,1223.6615505628718,336.1,20,40.5498,10000,last,0,runs/causaldro_iql/hopper_weak_seed0/r_spec_timing_hopper_eval.json
offline,RSC-IQL,RSC-IQL,theta_tau_exec,spec_timing_hopper,obs_delay_8ms,0,1,1141.6625,62.50863654419519,969.6187086394551,1000.5103982093253,301.65,20,35.7016,10000,last,0,runs/causaldro_iql/hopper_weak_seed0/r_spec_timing_hopper_eval.json
offline,RSC-IQL,RSC-IQL,theta_tau_exec,spec_timing_hopper,obs_delay_16ms,0,1,815.6471,312.57832004640824,18.800139875232002,244.03105822024347,232.9,20,25.6844,10000,last,0,runs/causaldro_iql/hopper_weak_seed0/r_spec_timing_hopper_eval.json
offline,RSC-IQL,RSC-IQL,theta_tau_exec,spec_timing_hopper,nominal,1,0,3201.1558,657.9792605210755,1846.5542273391402,1871.3149231785492,880.5,20,98.9816,10000,last,0,runs/causaldro_iql/hopper_weak_seed1/r_spec_timing_hopper_eval.json
offline,RSC-IQL,RSC-IQL,theta_tau_exec,spec_timing_hopper,act_delay_8ms,1,1,1214.9312,131.1332201105038,1047.732361992529,1049.971587456249,321.5,20,37.9528,10000,last,0,runs/causaldro_iql/hopper_weak_seed1/r_spec_timing_hopper_eval.json
offline,RSC-IQL,RSC-IQL,theta_tau_exec,spec_timing_hopper,act_delay_rand1,1,1,2522.2818,1094.6100774901545,1067.118981210268,1098.5648407017484,690.2,20,78.1225,10000,last,0,runs/causaldro_iql/hopper_weak_seed1/r_spec_timing_hopper_eval.json
offline,RSC-IQL,RSC-IQL,theta_tau_exec,spec_timing_hopper,act_delay_rand2,1,0,1735.2191,1230.6813487274605,486.5550945928031,486.97416774465904,484.65,20,53.9392,10000,last,0,runs/causaldro_iql/hopper_weak_seed1/r_spec_timing_hopper_eval.json
offline,RSC-IQL,RSC-IQL,theta_tau_exec,spec_timing_hopper,substep,1,0,1662.8553,1008.1767077517503,801.9688724797371,827.6725522050041,440.35,20,51.7158,10000,last,0,runs/causaldro_iql/hopper_weak_seed1/r_spec_timing_hopper_eval.json
offline,RSC-IQL,RSC-IQL,theta_tau_exec,spec_timing_hopper,obs_delay_4ms,1,1,1315.7990,97.85104813508185,1193.3871078716127,1199.1804092010723,340.5,20,41.0521,10000,last,0,runs/causaldro_iql/hopper_weak_seed1/r_spec_timing_hopper_eval.json
offline,RSC-IQL,RSC-IQL,theta_tau_exec,spec_timing_hopper,obs_delay_8ms,1,1,1113.6142,89.06890115930872,1025.5784983611816,1026.8466314778298,298.25,20,34.8398,10000,last,0,runs/causaldro_iql/hopper_weak_seed1/r_spec_timing_hopper_eval.json
offline,RSC-IQL,RSC-IQL,theta_tau_exec,spec_timing_hopper,obs_delay_16ms,1,1,932.0937,244.39488789142212,477.3965085486707,478.9069889001246,261.7,20,29.2623,10000,last,0,runs/causaldro_iql/hopper_weak_seed1/r_spec_timing_hopper_eval.json
offline,RSC-IQL,RSC-IQL,theta_tau_exec,spec_timing_hopper,nominal,2,0,3317.9075,619.8485800592829,1751.9116978813831,1765.7194858469998,919.25,20,102.5689,10000,last,0,runs/causaldro_iql/hopper_weak_seed2/r_spec_timing_hopper_eval.json
offline,RSC-IQL,RSC-IQL,theta_tau_exec,spec_timing_hopper,act_delay_8ms,2,1,867.1463,256.48324520802504,473.21976187555,473.6723230027441,245.15,20,27.2668,10000,last,0,runs/causaldro_iql/hopper_weak_seed2/r_spec_timing_hopper_eval.json
offline,RSC-IQL,RSC-IQL,theta_tau_exec,spec_timing_hopper,act_delay_rand1,2,1,2319.8629,1291.9676099867645,473.21976187555,475.44493929533087,643.8,20,71.9030,10000,last,0,runs/causaldro_iql/hopper_weak_seed2/r_spec_timing_hopper_eval.json
offline,RSC-IQL,RSC-IQL,theta_tau_exec,spec_timing_hopper,act_delay_rand2,2,0,1671.4355,1271.2898290883359,465.64758074439106,469.4336713099705,472.75,20,51.9794,10000,last,0,runs/causaldro_iql/hopper_weak_seed2/r_spec_timing_hopper_eval.json
offline,RSC-IQL,RSC-IQL,theta_tau_exec,spec_timing_hopper,substep,2,0,2053.2120,1132.0547224070374,668.8868674017956,710.354902428585,542.85,20,63.7099,10000,last,0,runs/causaldro_iql/hopper_weak_seed2/r_spec_timing_hopper_eval.json
offline,RSC-IQL,RSC-IQL,theta_tau_exec,spec_timing_hopper,obs_delay_4ms,2,1,1359.7560,143.51095732445293,1210.3073739786043,1210.7445115277792,351.1,20,42.4027,10000,last,0,runs/causaldro_iql/hopper_weak_seed2/r_spec_timing_hopper_eval.json
offline,RSC-IQL,RSC-IQL,theta_tau_exec,spec_timing_hopper,obs_delay_8ms,2,1,1030.9923,190.66106348774235,473.0498453406003,473.66373299406416,280.8,20,32.3011,10000,last,0,runs/causaldro_iql/hopper_weak_seed2/r_spec_timing_hopper_eval.json
offline,RSC-IQL,RSC-IQL,theta_tau_exec,spec_timing_hopper,obs_delay_16ms,2,1,690.4389,271.5155382572453,463.88582222433655,465.15751458593866,208.05,20,21.8373,10000,last,0,runs/causaldro_iql/hopper_weak_seed2/r_spec_timing_hopper_eval.json
offline,RSC-IQL,RSC-IQL,theta_tau_exec,spec_timing_hopper,nominal,3407,0,3592.5274,66.60344109437358,3506.6381705431772,3523.3872786571965,1000.0,20,111.0069,10000,last,0,runs/causaldro_iql/hopper_weak_seed3407/r_spec_timing_hopper_eval.json
offline,RSC-IQL,RSC-IQL,theta_tau_exec,spec_timing_hopper,act_delay_8ms,3407,1,1111.8484,53.34648901102234,1046.3417782497754,1047.5078484205023,299.8,20,34.7855,10000,last,0,runs/causaldro_iql/hopper_weak_seed3407/r_spec_timing_hopper_eval.json
offline,RSC-IQL,RSC-IQL,theta_tau_exec,spec_timing_hopper,act_delay_rand1,3407,1,2600.5113,1208.3739506376053,1070.290932451031,1076.5638067584018,721.0,20,80.5262,10000,last,0,runs/causaldro_iql/hopper_weak_seed3407/r_spec_timing_hopper_eval.json
offline,RSC-IQL,RSC-IQL,theta_tau_exec,spec_timing_hopper,act_delay_rand2,3407,0,1791.1152,1175.9492542886394,471.5373985414078,604.3878910011397,500.65,20,55.6567,10000,last,0,runs/causaldro_iql/hopper_weak_seed3407/r_spec_timing_hopper_eval.json
offline,RSC-IQL,RSC-IQL,theta_tau_exec,spec_timing_hopper,substep,3407,0,2475.5949,1192.6239361640244,828.4818879987132,829.7757880072195,670.4,20,76.6880,10000,last,0,runs/causaldro_iql/hopper_weak_seed3407/r_spec_timing_hopper_eval.json
offline,RSC-IQL,RSC-IQL,theta_tau_exec,spec_timing_hopper,obs_delay_4ms,3407,1,1438.1458,96.71781794789078,1284.6755595345367,1303.1237390985114,368.6,20,44.8113,10000,last,0,runs/causaldro_iql/hopper_weak_seed3407/r_spec_timing_hopper_eval.json
offline,RSC-IQL,RSC-IQL,theta_tau_exec,spec_timing_hopper,obs_delay_8ms,3407,1,1211.0224,56.985328002451354,1079.8562745949885,1086.3470194991648,318.5,20,37.8327,10000,last,0,runs/causaldro_iql/hopper_weak_seed3407/r_spec_timing_hopper_eval.json
offline,RSC-IQL,RSC-IQL,theta_tau_exec,spec_timing_hopper,obs_delay_16ms,3407,1,916.3487,295.69072069274307,239.46460994108804,240.94672502219981,259.35,20,28.7786,10000,last,0,runs/causaldro_iql/hopper_weak_seed3407/r_spec_timing_hopper_eval.json
offline,RSC-IQL,RSC-IQL,theta_tau_exec,spec_timing_hopper,nominal,42,0,3551.3467,22.11437390875494,3522.4318209363387,3523.0618716391946,1000.0,20,109.7416,10000,last,0,runs/causaldro_iql/hopper_weak_seed42/r_spec_timing_hopper_eval.json
offline,RSC-IQL,RSC-IQL,theta_tau_exec,spec_timing_hopper,act_delay_8ms,42,1,1136.2151,26.88380976781463,1091.9295001827072,1096.5043748596145,301.95,20,35.5342,10000,last,0,runs/causaldro_iql/hopper_weak_seed42/r_spec_timing_hopper_eval.json
offline,RSC-IQL,RSC-IQL,theta_tau_exec,spec_timing_hopper,act_delay_rand1,42,1,2584.6128,1186.7781379511387,1101.079249536522,1104.768524212147,720.35,20,80.0377,10000,last,0,runs/causaldro_iql/hopper_weak_seed42/r_spec_timing_hopper_eval.json
offline,RSC-IQL,RSC-IQL,theta_tau_exec,spec_timing_hopper,act_delay_rand2,42,0,1711.8250,1230.8038338135984,445.72390671107627,446.95328455622604,480.45,20,53.2204,10000,last,0,runs/causaldro_iql/hopper_weak_seed42/r_spec_timing_hopper_eval.json
offline,RSC-IQL,RSC-IQL,theta_tau_exec,spec_timing_hopper,substep,42,0,2516.4159,1206.7962163499606,792.9387406656921,802.3492018455363,687.75,20,77.9423,10000,last,0,runs/causaldro_iql/hopper_weak_seed42/r_spec_timing_hopper_eval.json
offline,RSC-IQL,RSC-IQL,theta_tau_exec,spec_timing_hopper,obs_delay_4ms,42,1,1418.7412,84.15803388383392,1304.3814525339606,1306.3678295728007,364.8,20,44.2151,10000,last,0,runs/causaldro_iql/hopper_weak_seed42/r_spec_timing_hopper_eval.json
offline,RSC-IQL,RSC-IQL,theta_tau_exec,spec_timing_hopper,obs_delay_8ms,42,1,1211.9282,66.37619737296342,1085.7794689266257,1097.764666514296,318.4,20,37.8606,10000,last,0,runs/causaldro_iql/hopper_weak_seed42/r_spec_timing_hopper_eval.json
offline,RSC-IQL,RSC-IQL,theta_tau_exec,spec_timing_hopper,obs_delay_16ms,42,1,803.3236,297.9638454157149,449.8087258623935,462.05880492740357,232.4,20,25.3058,10000,last,0,runs/causaldro_iql/hopper_weak_seed42/r_spec_timing_hopper_eval.json
offline,ROMB-IQL,ROMB-IQL,theta_o,spec_obsadv_hopper,nominal,0,0,3354.2162,585.2146725194694,1869.0942561945121,1876.2194689216453,923.35,20,103.6845,10000,last,0,runs/romb_iql/hopper_medium_re10_seed0/r_spec_obsadv_hopper_eval.json
offline,ROMB-IQL,ROMB-IQL,theta_o,spec_obsadv_hopper,obs_uni_0.05,0,0,1844.1150,725.3989525227361,1122.1348527756554,1153.9629450393502,483.35,20,57.2851,10000,last,0,runs/romb_iql/hopper_medium_re10_seed0/r_spec_obsadv_hopper_eval.json
offline,ROMB-IQL,ROMB-IQL,theta_o,spec_obsadv_hopper,obs_uni_0.10,0,1,1230.5945,318.2884709171375,740.5942868450253,788.8844239007985,326.05,20,38.4341,10000,last,0,runs/romb_iql/hopper_medium_re10_seed0/r_spec_obsadv_hopper_eval.json
offline,ROMB-IQL,ROMB-IQL,theta_o,spec_obsadv_hopper,obs_uni_0.15,0,0,944.7639,297.1411060568022,28.970013860723217,385.3079570026737,263.4,20,29.6517,10000,last,0,runs/romb_iql/hopper_medium_re10_seed0/r_spec_obsadv_hopper_eval.json
offline,ROMB-IQL,ROMB-IQL,theta_o,spec_obsadv_hopper,obs_rel_0.05,0,0,2695.4824,995.7246213581332,1391.0433189815749,1394.5081455507661,734.45,20,83.4443,10000,last,0,runs/romb_iql/hopper_medium_re10_seed0/r_spec_obsadv_hopper_eval.json
offline,ROMB-IQL,ROMB-IQL,theta_o,spec_obsadv_hopper,obs_rel_0.10,0,1,2129.3032,968.6118505532688,1066.8790010234784,1105.3838693752118,566.2,20,66.0478,10000,last,0,runs/romb_iql/hopper_medium_re10_seed0/r_spec_obsadv_hopper_eval.json
offline,ROMB-IQL,ROMB-IQL,theta_o,spec_obsadv_hopper,obs_bias_0.05,0,0,2452.4475,1146.157587065156,744.1584722872709,880.6578758018152,692.6,20,75.9768,10000,last,0,runs/romb_iql/hopper_medium_re10_seed0/r_spec_obsadv_hopper_eval.json
offline,ROMB-IQL,ROMB-IQL,theta_o,spec_obsadv_hopper,obs_gauss_0.05,0,0,1306.6123,378.71923210105933,723.6833462279582,829.6197209768422,343.85,20,40.7698,10000,last,0,runs/romb_iql/hopper_medium_re10_seed0/r_spec_obsadv_hopper_eval.json
offline,ROMB-IQL,ROMB-IQL,theta_o,spec_obsadv_hopper,obs_gauss_0.10,0,1,841.4884,309.20118283441104,31.064389930929423,91.53281437793612,238.25,20,26.4784,10000,last,0,runs/romb_iql/hopper_medium_re10_seed0/r_spec_obsadv_hopper_eval.json
offline,ROMB-IQL,ROMB-IQL,theta_o,spec_obsadv_hopper,obs_shift_0.01,0,0,1460.5316,114.12264905270564,1275.9061828213955,1322.3860721258484,373.4,20,45.4991,10000,last,0,runs/romb_iql/hopper_medium_re10_seed0/r_spec_obsadv_hopper_eval.json
offline,ROMB-IQL,ROMB-IQL,theta_o,spec_obsadv_hopper,obs_shift_0.02,0,0,1197.5792,34.15857568152141,1145.8641477472954,1149.763633843158,313.65,20,37.4197,10000,last,0,runs/romb_iql/hopper_medium_re10_seed0/r_spec_obsadv_hopper_eval.json
offline,ROMB-IQL,ROMB-IQL,theta_o,spec_obsadv_hopper,nominal,1,0,3621.8003,65.25330819920549,3529.639154336383,3539.317917690658,999.55,20,111.9063,10000,last,0,runs/romb_iql/hopper_medium_re10_seed1/r_spec_obsadv_hopper_eval.json
offline,ROMB-IQL,ROMB-IQL,theta_o,spec_obsadv_hopper,obs_uni_0.05,1,0,2219.0964,951.6777037016936,1154.743164514676,1217.0130585241336,586.55,20,68.8068,10000,last,0,runs/romb_iql/hopper_medium_re10_seed1/r_spec_obsadv_hopper_eval.json
offline,ROMB-IQL,ROMB-IQL,theta_o,spec_obsadv_hopper,obs_uni_0.10,1,1,1397.7806,401.1038655818519,975.2090368678136,990.0319291699027,369.4,20,43.5711,10000,last,0,runs/romb_iql/hopper_medium_re10_seed1/r_spec_obsadv_hopper_eval.json
offline,ROMB-IQL,ROMB-IQL,theta_o,spec_obsadv_hopper,obs_uni_0.15,1,0,1054.2649,110.46445402146189,860.0379285415012,861.948247522133,288.55,20,33.0162,10000,last,0,runs/romb_iql/hopper_medium_re10_seed1/r_spec_obsadv_hopper_eval.json
offline,ROMB-IQL,ROMB-IQL,theta_o,spec_obsadv_hopper,obs_rel_0.05,1,0,2900.9175,807.2253580903731,1655.3569343299496,1664.3723937159825,779.55,20,89.7565,10000,last,0,runs/romb_iql/hopper_medium_re10_seed1/r_spec_obsadv_hopper_eval.json
offline,ROMB-IQL,ROMB-IQL,theta_o,spec_obsadv_hopper,obs_rel_0.10,1,1,2452.2702,929.7509711315016,1257.1694884311648,1314.5226640047747,658.1,20,75.9713,10000,last,0,runs/romb_iql/hopper_medium_re10_seed1/r_spec_obsadv_hopper_eval.json
offline,ROMB-IQL,ROMB-IQL,theta_o,spec_obsadv_hopper,obs_bias_0.05,1,0,2483.8972,1163.4122488283328,719.5197241361117,869.0185067928165,694.6,20,76.9431,10000,last,0,runs/romb_iql/hopper_medium_re10_seed1/r_spec_obsadv_hopper_eval.json
offline,ROMB-IQL,ROMB-IQL,theta_o,spec_obsadv_hopper,obs_gauss_0.05,1,0,1594.9364,742.50838174331,986.2252532872848,1000.057813154247,421.2,20,49.6289,10000,last,0,runs/romb_iql/hopper_medium_re10_seed1/r_spec_obsadv_hopper_eval.json
offline,ROMB-IQL,ROMB-IQL,theta_o,spec_obsadv_hopper,obs_gauss_0.10,1,1,935.1761,234.0588466230264,148.97562340375217,411.35010575307507,262.75,20,29.3571,10000,last,0,runs/romb_iql/hopper_medium_re10_seed1/r_spec_obsadv_hopper_eval.json
offline,ROMB-IQL,ROMB-IQL,theta_o,spec_obsadv_hopper,obs_shift_0.01,1,0,1619.1919,118.3444631335461,1449.2190483376512,1451.6103675226336,407.95,20,50.3741,10000,last,0,runs/romb_iql/hopper_medium_re10_seed1/r_spec_obsadv_hopper_eval.json
offline,ROMB-IQL,ROMB-IQL,theta_o,spec_obsadv_hopper,obs_shift_0.02,1,0,1236.8332,20.3910970440108,1207.6367824759695,1208.925486075786,320.95,20,38.6258,10000,last,0,runs/romb_iql/hopper_medium_re10_seed1/r_spec_obsadv_hopper_eval.json
offline,ROMB-IQL,ROMB-IQL,theta_o,spec_obsadv_hopper,nominal,2,0,2438.6048,786.3054162802256,1628.135122991693,1678.68977132506,638.8,20,75.5514,10000,last,0,runs/romb_iql/hopper_medium_re10_seed2/r_spec_obsadv_hopper_eval.json
offline,ROMB-IQL,ROMB-IQL,theta_o,spec_obsadv_hopper,obs_uni_0.05,2,0,1718.4809,698.2896528781021,1164.6223766553999,1169.823150687701,447.2,20,53.4249,10000,last,0,runs/romb_iql/hopper_medium_re10_seed2/r_spec_obsadv_hopper_eval.json
offline,ROMB-IQL,ROMB-IQL,theta_o,spec_obsadv_hopper,obs_uni_0.10,2,1,1273.8761,334.1625829481311,857.3576454134782,874.5093128438095,338.75,20,39.7640,10000,last,0,runs/romb_iql/hopper_medium_re10_seed2/r_spec_obsadv_hopper_eval.json
offline,ROMB-IQL,ROMB-IQL,theta_o,spec_obsadv_hopper,obs_uni_0.15,2,0,1003.0858,286.723283240541,684.441133993382,691.6156045329728,280.95,20,31.4437,10000,last,0,runs/romb_iql/hopper_medium_re10_seed2/r_spec_obsadv_hopper_eval.json
offline,ROMB-IQL,ROMB-IQL,theta_o,spec_obsadv_hopper,obs_rel_0.05,2,0,2282.6009,1004.1309022086658,1294.444851203073,1326.5640070050988,607.85,20,70.7581,10000,last,0,runs/romb_iql/hopper_medium_re10_seed2/r_spec_obsadv_hopper_eval.json
offline,ROMB-IQL,ROMB-IQL,theta_o,spec_obsadv_hopper,obs_rel_0.10,2,1,1717.2048,755.4607044033137,1173.633331077574,1177.506873983013,451.8,20,53.3857,10000,last,0,runs/romb_iql/hopper_medium_re10_seed2/r_spec_obsadv_hopper_eval.json
offline,ROMB-IQL,ROMB-IQL,theta_o,spec_obsadv_hopper,obs_bias_0.05,2,0,2322.9335,1234.516294713085,27.490713203993984,386.12838182566924,652.4,20,71.9973,10000,last,0,runs/romb_iql/hopper_medium_re10_seed2/r_spec_obsadv_hopper_eval.json
offline,ROMB-IQL,ROMB-IQL,theta_o,spec_obsadv_hopper,obs_gauss_0.05,2,0,1279.8490,285.291848156943,709.2269998025644,810.5477059183329,338.15,20,39.9475,10000,last,0,runs/romb_iql/hopper_medium_re10_seed2/r_spec_obsadv_hopper_eval.json
offline,ROMB-IQL,ROMB-IQL,theta_o,spec_obsadv_hopper,obs_gauss_0.10,2,1,848.6349,287.9780647417541,30.225040106389763,286.9234642371916,241.6,20,26.6980,10000,last,0,runs/romb_iql/hopper_medium_re10_seed2/r_spec_obsadv_hopper_eval.json
offline,ROMB-IQL,ROMB-IQL,theta_o,spec_obsadv_hopper,obs_shift_0.01,2,0,1364.0623,48.19147736907044,1295.7545713856105,1301.7084972207947,351.35,20,42.5350,10000,last,0,runs/romb_iql/hopper_medium_re10_seed2/r_spec_obsadv_hopper_eval.json
offline,ROMB-IQL,ROMB-IQL,theta_o,spec_obsadv_hopper,obs_shift_0.02,2,0,1184.4283,29.735684912070674,1131.833655772458,1134.8516220120682,310.2,20,37.0156,10000,last,0,runs/romb_iql/hopper_medium_re10_seed2/r_spec_obsadv_hopper_eval.json
offline,ROMB-IQL,ROMB-IQL,theta_o,spec_obsadv_hopper,nominal,3407,0,3068.5254,758.6062229670152,1827.0504035835395,1864.5512169993742,828.5,20,94.9064,10000,last,0,runs/romb_iql/hopper_medium_re10_seed3407/r_spec_obsadv_hopper_eval.json
offline,ROMB-IQL,ROMB-IQL,theta_o,spec_obsadv_hopper,obs_uni_0.05,3407,0,1712.4849,696.6627760485203,1183.5347929846757,1189.0866852822433,441.45,20,53.2407,10000,last,0,runs/romb_iql/hopper_medium_re10_seed3407/r_spec_obsadv_hopper_eval.json
offline,ROMB-IQL,ROMB-IQL,theta_o,spec_obsadv_hopper,obs_uni_0.10,3407,1,1206.5061,225.19675542816242,891.8388367788441,895.0765929080874,320.8,20,37.6940,10000,last,0,runs/romb_iql/hopper_medium_re10_seed3407/r_spec_obsadv_hopper_eval.json
offline,ROMB-IQL,ROMB-IQL,theta_o,spec_obsadv_hopper,obs_uni_0.15,3407,0,966.8458,168.1906364765927,703.9180444549969,705.5052877501173,269.35,20,30.3301,10000,last,0,runs/romb_iql/hopper_medium_re10_seed3407/r_spec_obsadv_hopper_eval.json
offline,ROMB-IQL,ROMB-IQL,theta_o,spec_obsadv_hopper,obs_rel_0.05,3407,0,2390.0553,929.7382946618881,1291.6637636451942,1351.3505614489159,631.95,20,74.0597,10000,last,0,runs/romb_iql/hopper_medium_re10_seed3407/r_spec_obsadv_hopper_eval.json
offline,ROMB-IQL,ROMB-IQL,theta_o,spec_obsadv_hopper,obs_rel_0.10,3407,1,1942.7596,816.9697425206177,1154.5149427464542,1171.5804172847236,513.25,20,60.3161,10000,last,0,runs/romb_iql/hopper_medium_re10_seed3407/r_spec_obsadv_hopper_eval.json
offline,ROMB-IQL,ROMB-IQL,theta_o,spec_obsadv_hopper,obs_bias_0.05,3407,0,2447.0260,1132.4324344606532,907.8598499629658,966.7980985330655,691.65,20,75.8102,10000,last,0,runs/romb_iql/hopper_medium_re10_seed3407/r_spec_obsadv_hopper_eval.json
offline,ROMB-IQL,ROMB-IQL,theta_o,spec_obsadv_hopper,obs_gauss_0.05,3407,0,1264.4908,240.5389153614849,1018.1649827488753,1019.3281091607263,332.4,20,39.4756,10000,last,0,runs/romb_iql/hopper_medium_re10_seed3407/r_spec_obsadv_hopper_eval.json
offline,ROMB-IQL,ROMB-IQL,theta_o,spec_obsadv_hopper,obs_gauss_0.10,3407,1,871.2113,157.33681875775608,593.2890395432589,639.9157255275968,249.4,20,27.3917,10000,last,0,runs/romb_iql/hopper_medium_re10_seed3407/r_spec_obsadv_hopper_eval.json
offline,ROMB-IQL,ROMB-IQL,theta_o,spec_obsadv_hopper,obs_shift_0.01,3407,0,1373.8672,45.72044464059398,1301.7618503786098,1303.1922581385857,353.45,20,42.8363,10000,last,0,runs/romb_iql/hopper_medium_re10_seed3407/r_spec_obsadv_hopper_eval.json
offline,ROMB-IQL,ROMB-IQL,theta_o,spec_obsadv_hopper,obs_shift_0.02,3407,0,1178.9951,10.201204685393678,1152.1594229662767,1159.3005971371363,308.25,20,36.8487,10000,last,0,runs/romb_iql/hopper_medium_re10_seed3407/r_spec_obsadv_hopper_eval.json
offline,ROMB-IQL,ROMB-IQL,theta_o,spec_obsadv_hopper,nominal,42,0,3548.2297,29.946988804591456,3503.354553093797,3510.402449197464,1000.0,20,109.6458,10000,last,0,runs/romb_iql/hopper_medium_re10_seed42/r_spec_obsadv_hopper_eval.json
offline,ROMB-IQL,ROMB-IQL,theta_o,spec_obsadv_hopper,obs_uni_0.05,42,0,2858.4854,933.3182375110439,1242.5046778825586,1302.2173516918178,776.8,20,88.4527,10000,last,0,runs/romb_iql/hopper_medium_re10_seed42/r_spec_obsadv_hopper_eval.json
offline,ROMB-IQL,ROMB-IQL,theta_o,spec_obsadv_hopper,obs_uni_0.10,42,1,1414.1568,480.67309965022565,937.0333346179375,961.1311429430264,374.6,20,44.0742,10000,last,0,runs/romb_iql/hopper_medium_re10_seed42/r_spec_obsadv_hopper_eval.json
offline,ROMB-IQL,ROMB-IQL,theta_o,spec_obsadv_hopper,obs_uni_0.15,42,0,1096.7178,195.22599873744252,727.1309223986577,779.4685623539946,300.7,20,34.3206,10000,last,0,runs/romb_iql/hopper_medium_re10_seed42/r_spec_obsadv_hopper_eval.json
offline,ROMB-IQL,ROMB-IQL,theta_o,spec_obsadv_hopper,obs_rel_0.05,42,0,3327.7742,547.0064956012204,1762.8376219808881,1885.3742353287676,926.55,20,102.8721,10000,last,0,runs/romb_iql/hopper_medium_re10_seed42/r_spec_obsadv_hopper_eval.json
offline,ROMB-IQL,ROMB-IQL,theta_o,spec_obsadv_hopper,obs_rel_0.10,42,1,2791.6451,914.6607405824,1319.0840270272734,1403.7037941893193,755.9,20,86.3990,10000,last,0,runs/romb_iql/hopper_medium_re10_seed42/r_spec_obsadv_hopper_eval.json
offline,ROMB-IQL,ROMB-IQL,theta_o,spec_obsadv_hopper,obs_bias_0.05,42,0,2663.5300,1013.6013212904799,966.9655700962311,1001.7136650066034,751.4,20,82.4625,10000,last,0,runs/romb_iql/hopper_medium_re10_seed42/r_spec_obsadv_hopper_eval.json
offline,ROMB-IQL,ROMB-IQL,theta_o,spec_obsadv_hopper,obs_gauss_0.05,42,0,1718.2338,728.4029516442188,991.6633895960787,1012.8881083643225,451.15,20,53.4173,10000,last,0,runs/romb_iql/hopper_medium_re10_seed42/r_spec_obsadv_hopper_eval.json
offline,ROMB-IQL,ROMB-IQL,theta_o,spec_obsadv_hopper,obs_gauss_0.10,42,1,989.5960,198.06838816466063,704.8018617747795,711.2513784213752,277.55,20,31.0292,10000,last,0,runs/romb_iql/hopper_medium_re10_seed42/r_spec_obsadv_hopper_eval.json
offline,ROMB-IQL,ROMB-IQL,theta_o,spec_obsadv_hopper,obs_shift_0.01,42,0,3230.3352,720.8627554721678,1886.388735696045,1929.368192243749,872.85,20,99.8782,10000,last,0,runs/romb_iql/hopper_medium_re10_seed42/r_spec_obsadv_hopper_eval.json
offline,ROMB-IQL,ROMB-IQL,theta_o,spec_obsadv_hopper,obs_shift_0.02,42,0,1440.7785,51.90569301591895,1374.8119087614393,1382.3758441796888,369.25,20,44.8922,10000,last,0,runs/romb_iql/hopper_medium_re10_seed42/r_spec_obsadv_hopper_eval.json
offline,ROMB-IQL,ROMB-IQL,theta_o,spec_obsadv_mad_hopper,nominal,0,0,3354.2162,585.2146725194694,1869.0942561945121,2607.2765061261116,,20,103.6845,10000,,0,runs/romb_iql/hopper_medium_re10_seed0/r_spec_obsadv_mad_hopper_eval.json
offline,ROMB-IQL,ROMB-IQL,theta_o,spec_obsadv_mad_hopper,mad_0.02,0,1,1774.1500,946.7205404862011,1014.6469659646267,1122.5724371539973,,20,55.1354,10000,,0,runs/romb_iql/hopper_medium_re10_seed0/r_spec_obsadv_mad_hopper_eval.json
offline,ROMB-IQL,ROMB-IQL,theta_o,spec_obsadv_mad_hopper,mad_0.035,0,0,1303.9412,405.2610790180931,868.6409284465985,938.4473571044966,,20,40.6877,10000,,0,runs/romb_iql/hopper_medium_re10_seed0/r_spec_obsadv_mad_hopper_eval.json
offline,ROMB-IQL,ROMB-IQL,theta_o,spec_obsadv_mad_hopper,mad_0.05,0,1,1049.5409,178.81197395891874,717.1996304216524,808.6197393568384,,20,32.8710,10000,,0,runs/romb_iql/hopper_medium_re10_seed0/r_spec_obsadv_mad_hopper_eval.json
offline,ROMB-IQL,ROMB-IQL,theta_o,spec_obsadv_mad_hopper,mad_0.075,0,0,591.0710,359.79962436463626,21.295432906326116,23.411446011685776,,20,18.7841,10000,,0,runs/romb_iql/hopper_medium_re10_seed0/r_spec_obsadv_mad_hopper_eval.json
offline,ROMB-IQL,ROMB-IQL,theta_o,spec_obsadv_mad_hopper,mad_0.10,0,0,310.5049,233.9913318725437,12.69520260783682,23.221756274172105,,20,10.1634,10000,,0,runs/romb_iql/hopper_medium_re10_seed0/r_spec_obsadv_mad_hopper_eval.json
offline,ROMB-IQL,ROMB-IQL,theta_o,spec_obsadv_mad_hopper,nominal,1,0,3621.8003,65.25330819920549,3529.639154336383,3559.494775738653,,20,111.9063,10000,,0,runs/romb_iql/hopper_medium_re10_seed1/r_spec_obsadv_mad_hopper_eval.json
offline,ROMB-IQL,ROMB-IQL,theta_o,spec_obsadv_mad_hopper,mad_0.02,1,1,1883.4189,967.278084418753,1009.5362125012592,1146.5393864595653,,20,58.4928,10000,,0,runs/romb_iql/hopper_medium_re10_seed1/r_spec_obsadv_mad_hopper_eval.json
offline,ROMB-IQL,ROMB-IQL,theta_o,spec_obsadv_mad_hopper,mad_0.035,1,0,1216.6137,318.3909422554879,861.9621477238283,973.0601364302869,,20,38.0045,10000,,0,runs/romb_iql/hopper_medium_re10_seed1/r_spec_obsadv_mad_hopper_eval.json
offline,ROMB-IQL,ROMB-IQL,theta_o,spec_obsadv_mad_hopper,mad_0.05,1,1,1036.7215,150.6332142557737,772.0662503410183,861.4452561581829,,20,32.4771,10000,,0,runs/romb_iql/hopper_medium_re10_seed1/r_spec_obsadv_mad_hopper_eval.json
offline,ROMB-IQL,ROMB-IQL,theta_o,spec_obsadv_mad_hopper,mad_0.075,1,0,707.3212,272.82165538422555,20.373696303546012,318.9299925906351,,20,22.3560,10000,,0,runs/romb_iql/hopper_medium_re10_seed1/r_spec_obsadv_mad_hopper_eval.json
offline,ROMB-IQL,ROMB-IQL,theta_o,spec_obsadv_mad_hopper,mad_0.10,1,0,387.2647,245.7504466633025,15.27243379047625,50.424953662339306,,20,12.5219,10000,,0,runs/romb_iql/hopper_medium_re10_seed1/r_spec_obsadv_mad_hopper_eval.json
offline,ROMB-IQL,ROMB-IQL,theta_o,spec_obsadv_mad_hopper,nominal,2,0,2438.6048,786.3054162802256,1628.135122991693,1761.9430276925698,,20,75.5514,10000,,0,runs/romb_iql/hopper_medium_re10_seed2/r_spec_obsadv_mad_hopper_eval.json
offline,ROMB-IQL,ROMB-IQL,theta_o,spec_obsadv_mad_hopper,mad_0.02,2,1,1319.1018,320.06521272238797,1027.051768036268,1066.6381105723901,,20,41.1536,10000,,0,runs/romb_iql/hopper_medium_re10_seed2/r_spec_obsadv_mad_hopper_eval.json
offline,ROMB-IQL,ROMB-IQL,theta_o,spec_obsadv_mad_hopper,mad_0.035,2,0,1090.5436,240.20819625879494,449.93336041028937,833.4720131882784,,20,34.1309,10000,,0,runs/romb_iql/hopper_medium_re10_seed2/r_spec_obsadv_mad_hopper_eval.json
offline,ROMB-IQL,ROMB-IQL,theta_o,spec_obsadv_mad_hopper,mad_0.05,2,1,947.7034,216.08717420202805,464.30722435899094,706.8936282671517,,20,29.7420,10000,,0,runs/romb_iql/hopper_medium_re10_seed2/r_spec_obsadv_mad_hopper_eval.json
offline,ROMB-IQL,ROMB-IQL,theta_o,spec_obsadv_mad_hopper,mad_0.075,2,0,636.3699,251.69546536749007,21.14966940102256,309.90099345376655,,20,20.1759,10000,,0,runs/romb_iql/hopper_medium_re10_seed2/r_spec_obsadv_mad_hopper_eval.json
offline,ROMB-IQL,ROMB-IQL,theta_o,spec_obsadv_mad_hopper,mad_0.10,2,0,246.3054,233.35447589509064,18.927813200062655,24.69756729992648,,20,8.1908,10000,,0,runs/romb_iql/hopper_medium_re10_seed2/r_spec_obsadv_mad_hopper_eval.json
offline,ROMB-IQL,ROMB-IQL,theta_o,spec_obsadv_mad_hopper,nominal,3407,0,3068.5254,758.6062229670152,1827.0504035835395,1985.4763354636532,,20,94.9064,10000,,0,runs/romb_iql/hopper_medium_re10_seed3407/r_spec_obsadv_mad_hopper_eval.json
offline,ROMB-IQL,ROMB-IQL,theta_o,spec_obsadv_mad_hopper,mad_0.02,3407,1,1424.8736,373.4812604427168,1013.0053331492172,1070.645709696096,,20,44.4035,10000,,0,runs/romb_iql/hopper_medium_re10_seed3407/r_spec_obsadv_mad_hopper_eval.json
offline,ROMB-IQL,ROMB-IQL,theta_o,spec_obsadv_mad_hopper,mad_0.035,3407,0,1227.2937,196.89362716111674,943.9362542671372,993.2968943381644,,20,38.3327,10000,,0,runs/romb_iql/hopper_medium_re10_seed3407/r_spec_obsadv_mad_hopper_eval.json
offline,ROMB-IQL,ROMB-IQL,theta_o,spec_obsadv_mad_hopper,mad_0.05,3407,1,1023.4645,268.89973984549147,720.7413958294453,788.3108248189128,,20,32.0698,10000,,0,runs/romb_iql/hopper_medium_re10_seed3407/r_spec_obsadv_mad_hopper_eval.json
offline,ROMB-IQL,ROMB-IQL,theta_o,spec_obsadv_mad_hopper,mad_0.075,3407,0,712.7377,148.45931575348146,455.6504686566574,512.8284828119786,,20,22.5224,10000,,0,runs/romb_iql/hopper_medium_re10_seed3407/r_spec_obsadv_mad_hopper_eval.json
offline,ROMB-IQL,ROMB-IQL,theta_o,spec_obsadv_mad_hopper,mad_0.10,3407,0,430.1833,244.54341556814092,25.765112420425112,102.88201753051688,,20,13.8406,10000,,0,runs/romb_iql/hopper_medium_re10_seed3407/r_spec_obsadv_mad_hopper_eval.json
offline,ROMB-IQL,ROMB-IQL,theta_o,spec_obsadv_mad_hopper,nominal,42,0,3548.2297,29.946988804591456,3503.354553093797,3516.9579245049217,,20,109.6458,10000,,0,runs/romb_iql/hopper_medium_re10_seed42/r_spec_obsadv_mad_hopper_eval.json
offline,ROMB-IQL,ROMB-IQL,theta_o,spec_obsadv_mad_hopper,mad_0.02,42,1,1892.7045,802.683150383948,1241.4660019006171,1282.6680154275014,,20,58.7781,10000,,0,runs/romb_iql/hopper_medium_re10_seed42/r_spec_obsadv_mad_hopper_eval.json
offline,ROMB-IQL,ROMB-IQL,theta_o,spec_obsadv_mad_hopper,mad_0.035,42,0,1392.1853,349.4159747167617,909.8518894189307,1022.4223709160257,,20,43.3991,10000,,0,runs/romb_iql/hopper_medium_re10_seed42/r_spec_obsadv_mad_hopper_eval.json
offline,ROMB-IQL,ROMB-IQL,theta_o,spec_obsadv_mad_hopper,mad_0.05,42,1,980.3170,326.164225689375,20.432777994262555,593.4648305814613,,20,30.7441,10000,,0,runs/romb_iql/hopper_medium_re10_seed42/r_spec_obsadv_mad_hopper_eval.json
offline,ROMB-IQL,ROMB-IQL,theta_o,spec_obsadv_mad_hopper,mad_0.075,42,0,684.2217,255.9913186474768,28.536582903738008,348.4635827102637,,20,21.6462,10000,,0,runs/romb_iql/hopper_medium_re10_seed42/r_spec_obsadv_mad_hopper_eval.json
offline,ROMB-IQL,ROMB-IQL,theta_o,spec_obsadv_mad_hopper,mad_0.10,42,0,322.2459,272.183344107197,18.938148457694474,21.424332014380578,,20,10.5242,10000,,0,runs/romb_iql/hopper_medium_re10_seed42/r_spec_obsadv_mad_hopper_eval.json
offline,ROMB-IQL,ROMB-IQL,theta_a,spec_action_hopper,nominal,0,0,3354.2162,585.2146725194694,1869.0942561945121,1876.2194689216453,923.35,20,103.6845,10000,last,0,runs/romb_iql/hopper_medium_re10_seed0/r_spec_action_hopper_eval.json
offline,ROMB-IQL,ROMB-IQL,theta_a,spec_action_hopper,act_gauss_0.05,0,0,1637.8334,593.1728907399082,1230.9948685394,1255.2501792819567,424.05,20,50.9469,10000,last,0,runs/romb_iql/hopper_medium_re10_seed0/r_spec_action_hopper_eval.json
offline,ROMB-IQL,ROMB-IQL,theta_a,spec_action_hopper,act_gauss_0.10,0,1,1199.3418,157.35548051776996,1024.779002213725,1026.1564328345348,316.95,20,37.4738,10000,last,0,runs/romb_iql/hopper_medium_re10_seed0/r_spec_action_hopper_eval.json
offline,ROMB-IQL,ROMB-IQL,theta_a,spec_action_hopper,act_gauss_0.20,0,0,944.3015,89.44021632030045,702.9723770318914,772.2226449445526,265.1,20,29.6374,10000,last,0,runs/romb_iql/hopper_medium_re10_seed0/r_spec_action_hopper_eval.json
offline,ROMB-IQL,ROMB-IQL,theta_a,spec_action_hopper,act_uni_0.10,0,1,1591.7099,486.80364291103524,1194.6046005230733,1231.977793237767,411.9,20,49.5297,10000,last,0,runs/romb_iql/hopper_medium_re10_seed0/r_spec_action_hopper_eval.json
offline,ROMB-IQL,ROMB-IQL,theta_a,spec_action_hopper,act_offset_0.05,0,1,1011.7019,18.31001719898268,998.0762300285426,998.0960943390223,278.15,20,31.7084,10000,last,0,runs/romb_iql/hopper_medium_re10_seed0/r_spec_action_hopper_eval.json
offline,ROMB-IQL,ROMB-IQL,theta_a,spec_action_hopper,act_oppose_0.10,0,1,894.0042,12.400614196949492,876.0050459329963,876.5670723721674,251.0,20,28.0920,10000,last,0,runs/romb_iql/hopper_medium_re10_seed0/r_spec_action_hopper_eval.json
offline,ROMB-IQL,ROMB-IQL,theta_a,spec_action_hopper,act_oppose_0.20,0,0,586.2473,2.0621900299848943,582.8930379211881,582.9442302031459,191.2,20,18.6359,10000,last,0,runs/romb_iql/hopper_medium_re10_seed0/r_spec_action_hopper_eval.json
offline,ROMB-IQL,ROMB-IQL,theta_a,spec_action_hopper,cmd_gauss_0.20,0,0,944.3015,89.44021632030045,702.9723770318914,772.2226449445526,265.1,20,29.6374,10000,last,0,runs/romb_iql/hopper_medium_re10_seed0/r_spec_action_hopper_eval.json
offline,ROMB-IQL,ROMB-IQL,theta_a,spec_action_hopper,cmd_oppose_0.20,0,1,586.2473,2.0621900299848943,582.8930379211881,582.9442302031459,191.2,20,18.6359,10000,last,0,runs/romb_iql/hopper_medium_re10_seed0/r_spec_action_hopper_eval.json
offline,ROMB-IQL,ROMB-IQL,theta_a,spec_action_hopper,nominal,1,0,3621.8003,65.25330819920549,3529.639154336383,3539.317917690658,999.55,20,111.9063,10000,last,0,runs/romb_iql/hopper_medium_re10_seed1/r_spec_action_hopper_eval.json
offline,ROMB-IQL,ROMB-IQL,theta_a,spec_action_hopper,act_gauss_0.05,1,0,2254.3628,823.1669730792219,1430.3340263560733,1492.1790364203384,589.6,20,69.8904,10000,last,0,runs/romb_iql/hopper_medium_re10_seed1/r_spec_action_hopper_eval.json
offline,ROMB-IQL,ROMB-IQL,theta_a,spec_action_hopper,act_gauss_0.10,1,1,1376.9844,547.5369877600747,1162.564972076708,1169.8224072455826,362.45,20,42.9321,10000,last,0,runs/romb_iql/hopper_medium_re10_seed1/r_spec_action_hopper_eval.json
offline,ROMB-IQL,ROMB-IQL,theta_a,spec_action_hopper,act_gauss_0.20,1,0,979.7598,100.8445212491274,882.2619286134342,885.1988066427361,271.3,20,30.7269,10000,last,0,runs/romb_iql/hopper_medium_re10_seed1/r_spec_action_hopper_eval.json
offline,ROMB-IQL,ROMB-IQL,theta_a,spec_action_hopper,act_uni_0.10,1,1,2622.9412,984.2094157282512,1327.2361441342136,1353.2594079946284,699.0,20,81.2154,10000,last,0,runs/romb_iql/hopper_medium_re10_seed1/r_spec_action_hopper_eval.json
offline,ROMB-IQL,ROMB-IQL,theta_a,spec_action_hopper,act_offset_0.05,1,1,1139.0703,26.21262509013688,1096.8303440448544,1098.073739898006,299.95,20,35.6219,10000,last,0,runs/romb_iql/hopper_medium_re10_seed1/r_spec_action_hopper_eval.json
offline,ROMB-IQL,ROMB-IQL,theta_a,spec_action_hopper,act_oppose_0.10,1,1,914.7273,10.170126380085991,896.5649652801367,898.3419875042396,256.8,20,28.7288,10000,last,0,runs/romb_iql/hopper_medium_re10_seed1/r_spec_action_hopper_eval.json
offline,ROMB-IQL,ROMB-IQL,theta_a,spec_action_hopper,act_oppose_0.20,1,0,637.2539,2.576842129166476,633.0545190700145,633.3555521848556,202.8,20,20.2031,10000,last,0,runs/romb_iql/hopper_medium_re10_seed1/r_spec_action_hopper_eval.json
offline,ROMB-IQL,ROMB-IQL,theta_a,spec_action_hopper,cmd_gauss_0.20,1,0,979.7598,100.8445212491274,882.2619286134342,885.1988066427361,271.3,20,30.7269,10000,last,0,runs/romb_iql/hopper_medium_re10_seed1/r_spec_action_hopper_eval.json
offline,ROMB-IQL,ROMB-IQL,theta_a,spec_action_hopper,cmd_oppose_0.20,1,1,637.2539,2.576842129166476,633.0545190700145,633.3555521848556,202.8,20,20.2031,10000,last,0,runs/romb_iql/hopper_medium_re10_seed1/r_spec_action_hopper_eval.json
offline,ROMB-IQL,ROMB-IQL,theta_a,spec_action_hopper,nominal,2,0,2438.6048,786.3054162802256,1628.135122991693,1678.68977132506,638.8,20,75.5514,10000,last,0,runs/romb_iql/hopper_medium_re10_seed2/r_spec_action_hopper_eval.json
offline,ROMB-IQL,ROMB-IQL,theta_a,spec_action_hopper,act_gauss_0.05,2,0,1416.6362,222.79325670041183,1232.9550767323587,1240.9688279101028,365.15,20,44.1504,10000,last,0,runs/romb_iql/hopper_medium_re10_seed2/r_spec_action_hopper_eval.json
offline,ROMB-IQL,ROMB-IQL,theta_a,spec_action_hopper,act_gauss_0.10,2,1,1139.2520,107.55987527952912,998.1346485613622,1010.3573647436858,303.05,20,35.6275,10000,last,0,runs/romb_iql/hopper_medium_re10_seed2/r_spec_action_hopper_eval.json
offline,ROMB-IQL,ROMB-IQL,theta_a,spec_action_hopper,act_gauss_0.20,2,0,958.0893,66.30277964445563,886.2100919388299,888.184821524095,266.7,20,30.0611,10000,last,0,runs/romb_iql/hopper_medium_re10_seed2/r_spec_action_hopper_eval.json
offline,ROMB-IQL,ROMB-IQL,theta_a,spec_action_hopper,act_uni_0.10,2,1,1386.2540,168.8243851388875,1205.904813306351,1206.2723074689752,358.65,20,43.2169,10000,last,0,runs/romb_iql/hopper_medium_re10_seed2/r_spec_action_hopper_eval.json
offline,ROMB-IQL,ROMB-IQL,theta_a,spec_action_hopper,act_offset_0.05,2,1,1016.3142,36.38447377335782,975.7506771240962,976.8854431938403,277.3,20,31.8501,10000,last,0,runs/romb_iql/hopper_medium_re10_seed2/r_spec_action_hopper_eval.json
offline,ROMB-IQL,ROMB-IQL,theta_a,spec_action_hopper,act_oppose_0.10,2,1,869.4473,7.5609403528212935,855.6466660978257,857.7572811710985,245.5,20,27.3375,10000,last,0,runs/romb_iql/hopper_medium_re10_seed2/r_spec_action_hopper_eval.json
offline,ROMB-IQL,ROMB-IQL,theta_a,spec_action_hopper,act_oppose_0.20,2,0,445.9675,1.7747858616446792,443.0867733839786,443.258684600262,155.9,20,14.3256,10000,last,0,runs/romb_iql/hopper_medium_re10_seed2/r_spec_action_hopper_eval.json
offline,ROMB-IQL,ROMB-IQL,theta_a,spec_action_hopper,cmd_gauss_0.20,2,0,958.0893,66.30277964445563,886.2100919388299,888.184821524095,266.7,20,30.0611,10000,last,0,runs/romb_iql/hopper_medium_re10_seed2/r_spec_action_hopper_eval.json
offline,ROMB-IQL,ROMB-IQL,theta_a,spec_action_hopper,cmd_oppose_0.20,2,1,445.9675,1.7747858616446792,443.0867733839786,443.258684600262,155.9,20,14.3256,10000,last,0,runs/romb_iql/hopper_medium_re10_seed2/r_spec_action_hopper_eval.json
offline,ROMB-IQL,ROMB-IQL,theta_a,spec_action_hopper,nominal,3407,0,3068.5254,758.6062229670152,1827.0504035835395,1864.5512169993742,828.5,20,94.9064,10000,last,0,runs/romb_iql/hopper_medium_re10_seed3407/r_spec_action_hopper_eval.json
offline,ROMB-IQL,ROMB-IQL,theta_a,spec_action_hopper,act_gauss_0.05,3407,0,1715.8791,680.7805829125326,1275.6539586690615,1285.8488512062688,447.5,20,53.3450,10000,last,0,runs/romb_iql/hopper_medium_re10_seed3407/r_spec_action_hopper_eval.json
offline,ROMB-IQL,ROMB-IQL,theta_a,spec_action_hopper,act_gauss_0.10,3407,1,1224.1681,144.299444696281,1113.1028517278871,1121.8225176802598,321.6,20,38.2366,10000,last,0,runs/romb_iql/hopper_medium_re10_seed3407/r_spec_action_hopper_eval.json
offline,ROMB-IQL,ROMB-IQL,theta_a,spec_action_hopper,act_gauss_0.20,3407,0,1070.4589,187.16935038282207,870.766450136725,891.6296116070067,295.05,20,33.5138,10000,last,0,runs/romb_iql/hopper_medium_re10_seed3407/r_spec_action_hopper_eval.json
offline,ROMB-IQL,ROMB-IQL,theta_a,spec_action_hopper,act_uni_0.10,3407,1,1546.6913,264.83623519777535,1196.3186898910712,1208.1227407016895,395.3,20,48.1465,10000,last,0,runs/romb_iql/hopper_medium_re10_seed3407/r_spec_action_hopper_eval.json
offline,ROMB-IQL,ROMB-IQL,theta_a,spec_action_hopper,act_offset_0.05,3407,1,1061.7770,45.916808132213404,1000.0357824643982,1002.9959202517341,287.35,20,33.2470,10000,last,0,runs/romb_iql/hopper_medium_re10_seed3407/r_spec_action_hopper_eval.json
offline,ROMB-IQL,ROMB-IQL,theta_a,spec_action_hopper,act_oppose_0.10,3407,1,899.2843,9.446664485323854,878.497722188981,881.2661272840613,253.65,20,28.2542,10000,last,0,runs/romb_iql/hopper_medium_re10_seed3407/r_spec_action_hopper_eval.json
offline,ROMB-IQL,ROMB-IQL,theta_a,spec_action_hopper,act_oppose_0.20,3407,0,794.3316,13.908286839110742,768.7177319453599,770.3558520461206,236.2,20,25.0295,10000,last,0,runs/romb_iql/hopper_medium_re10_seed3407/r_spec_action_hopper_eval.json
offline,ROMB-IQL,ROMB-IQL,theta_a,spec_action_hopper,cmd_gauss_0.20,3407,0,1070.4589,187.16935038282207,870.766450136725,891.6296116070067,295.05,20,33.5138,10000,last,0,runs/romb_iql/hopper_medium_re10_seed3407/r_spec_action_hopper_eval.json
offline,ROMB-IQL,ROMB-IQL,theta_a,spec_action_hopper,cmd_oppose_0.20,3407,1,794.3316,13.908286839110742,768.7177319453599,770.3558520461206,236.2,20,25.0295,10000,last,0,runs/romb_iql/hopper_medium_re10_seed3407/r_spec_action_hopper_eval.json
offline,ROMB-IQL,ROMB-IQL,theta_a,spec_action_hopper,nominal,42,0,3548.2297,29.946988804591456,3503.354553093797,3510.402449197464,1000.0,20,109.6458,10000,last,0,runs/romb_iql/hopper_medium_re10_seed42/r_spec_action_hopper_eval.json
offline,ROMB-IQL,ROMB-IQL,theta_a,spec_action_hopper,act_gauss_0.05,42,0,3372.6791,542.1036556687192,1916.1584185049294,2032.4914701409602,929.15,20,104.2518,10000,last,0,runs/romb_iql/hopper_medium_re10_seed42/r_spec_action_hopper_eval.json
offline,ROMB-IQL,ROMB-IQL,theta_a,spec_action_hopper,act_gauss_0.10,42,1,1527.6971,654.6314369856324,1182.9785969693598,1183.9182805502455,397.25,20,47.5629,10000,last,0,runs/romb_iql/hopper_medium_re10_seed42/r_spec_action_hopper_eval.json
offline,ROMB-IQL,ROMB-IQL,theta_a,spec_action_hopper,act_gauss_0.20,42,0,1038.6592,113.51686677706853,917.8393869149666,929.8533907691035,285.4,20,32.5367,10000,last,0,runs/romb_iql/hopper_medium_re10_seed42/r_spec_action_hopper_eval.json
offline,ROMB-IQL,ROMB-IQL,theta_a,spec_action_hopper,act_uni_0.10,42,1,3097.7652,818.4958764751129,1404.1202608046349,1551.7647345882997,857.1,20,95.8048,10000,last,0,runs/romb_iql/hopper_medium_re10_seed42/r_spec_action_hopper_eval.json
offline,ROMB-IQL,ROMB-IQL,theta_a,spec_action_hopper,act_offset_0.05,42,1,1132.2456,11.25067710399432,1113.2032376655175,1115.7034185098942,302.8,20,35.4122,10000,last,0,runs/romb_iql/hopper_medium_re10_seed42/r_spec_action_hopper_eval.json
offline,ROMB-IQL,ROMB-IQL,theta_a,spec_action_hopper,act_oppose_0.10,42,1,962.3173,10.423958055074046,940.4843506149766,940.7087942738415,266.2,20,30.1910,10000,last,0,runs/romb_iql/hopper_medium_re10_seed42/r_spec_action_hopper_eval.json
offline,ROMB-IQL,ROMB-IQL,theta_a,spec_action_hopper,act_oppose_0.20,42,0,633.0229,3.3099031363968603,624.6220433458847,626.4707824624911,200.75,20,20.0731,10000,last,0,runs/romb_iql/hopper_medium_re10_seed42/r_spec_action_hopper_eval.json
offline,ROMB-IQL,ROMB-IQL,theta_a,spec_action_hopper,cmd_gauss_0.20,42,0,1038.6592,113.51686677706853,917.8393869149666,929.8533907691035,285.4,20,32.5367,10000,last,0,runs/romb_iql/hopper_medium_re10_seed42/r_spec_action_hopper_eval.json
offline,ROMB-IQL,ROMB-IQL,theta_a,spec_action_hopper,cmd_oppose_0.20,42,1,633.0229,3.3099031363968603,624.6220433458847,626.4707824624911,200.75,20,20.0731,10000,last,0,runs/romb_iql/hopper_medium_re10_seed42/r_spec_action_hopper_eval.json
offline,ROMB-IQL,ROMB-IQL,theta_p,spec_transition_hopper,nominal,0,0,3354.2162,585.2146725194694,1869.0942561945121,1876.2194689216453,923.35,20,103.6845,10000,last,0,runs/romb_iql/hopper_medium_re10_seed0/r_spec_transition_hopper_eval.json
offline,ROMB-IQL,ROMB-IQL,theta_p,spec_transition_hopper,trans_t1,0,1,1735.9304,908.8438538074464,998.484027061334,1033.3678932537123,465.1,20,53.9611,10000,last,0,runs/romb_iql/hopper_medium_re10_seed0/r_spec_transition_hopper_eval.json
offline,ROMB-IQL,ROMB-IQL,theta_p,spec_transition_hopper,trans_t2,0,0,1431.1551,771.8978167468531,887.8826775526225,899.874856851804,391.8,20,44.5965,10000,last,0,runs/romb_iql/hopper_medium_re10_seed0/r_spec_transition_hopper_eval.json
offline,ROMB-IQL,ROMB-IQL,theta_p,spec_transition_hopper,trans_t3,0,0,906.8829,392.6335962964727,29.82330984521794,274.7442281910578,262.8,20,28.4877,10000,last,0,runs/romb_iql/hopper_medium_re10_seed0/r_spec_transition_hopper_eval.json
offline,ROMB-IQL,ROMB-IQL,theta_p,spec_transition_hopper,nominal,1,0,3621.8003,65.25330819920549,3529.639154336383,3539.317917690658,999.55,20,111.9063,10000,last,0,runs/romb_iql/hopper_medium_re10_seed1/r_spec_transition_hopper_eval.json
offline,ROMB-IQL,ROMB-IQL,theta_p,spec_transition_hopper,trans_t1,1,1,1801.1562,799.7730638071441,1178.0466689567993,1179.7115783378763,473.75,20,55.9652,10000,last,0,runs/romb_iql/hopper_medium_re10_seed1/r_spec_transition_hopper_eval.json
offline,ROMB-IQL,ROMB-IQL,theta_p,spec_transition_hopper,trans_t2,1,0,1288.0319,489.79438153228165,783.5290006760097,784.6739890570154,351.95,20,40.1989,10000,last,0,runs/romb_iql/hopper_medium_re10_seed1/r_spec_transition_hopper_eval.json
offline,ROMB-IQL,ROMB-IQL,theta_p,spec_transition_hopper,trans_t3,1,0,1071.4598,565.7050386765726,29.946473692216948,266.8529179723328,300.7,20,33.5445,10000,last,0,runs/romb_iql/hopper_medium_re10_seed1/r_spec_transition_hopper_eval.json
offline,ROMB-IQL,ROMB-IQL,theta_p,spec_transition_hopper,nominal,2,0,2438.6048,786.3054162802256,1628.135122991693,1678.68977132506,638.8,20,75.5514,10000,last,0,runs/romb_iql/hopper_medium_re10_seed2/r_spec_transition_hopper_eval.json
offline,ROMB-IQL,ROMB-IQL,theta_p,spec_transition_hopper,trans_t1,2,1,1710.4229,833.0984285026062,995.1173183884464,1000.4164523756547,454.95,20,53.1773,10000,last,0,runs/romb_iql/hopper_medium_re10_seed2/r_spec_transition_hopper_eval.json
offline,ROMB-IQL,ROMB-IQL,theta_p,spec_transition_hopper,trans_t2,2,0,1316.5647,557.21928349794,788.457385560274,825.2596650453343,358.75,20,41.0756,10000,last,0,runs/romb_iql/hopper_medium_re10_seed2/r_spec_transition_hopper_eval.json
offline,ROMB-IQL,ROMB-IQL,theta_p,spec_transition_hopper,trans_t3,2,0,991.3820,523.9807052651722,27.79739259412566,260.7314874956492,284.55,20,31.0840,10000,last,0,runs/romb_iql/hopper_medium_re10_seed2/r_spec_transition_hopper_eval.json
offline,ROMB-IQL,ROMB-IQL,theta_p,spec_transition_hopper,nominal,3407,0,3068.5254,758.6062229670152,1827.0504035835395,1864.5512169993742,828.5,20,94.9064,10000,last,0,runs/romb_iql/hopper_medium_re10_seed3407/r_spec_transition_hopper_eval.json
offline,ROMB-IQL,ROMB-IQL,theta_p,spec_transition_hopper,trans_t1,3407,1,1794.1391,882.699138247155,1010.7132613401398,1022.4274842023507,474.15,20,55.7496,10000,last,0,runs/romb_iql/hopper_medium_re10_seed3407/r_spec_transition_hopper_eval.json
offline,ROMB-IQL,ROMB-IQL,theta_p,spec_transition_hopper,trans_t2,3407,0,1422.9394,584.6772655287388,832.07746257337,868.4434948772043,387.65,20,44.3441,10000,last,0,runs/romb_iql/hopper_medium_re10_seed3407/r_spec_transition_hopper_eval.json
offline,ROMB-IQL,ROMB-IQL,theta_p,spec_transition_hopper,trans_t3,3407,0,1115.0584,491.9912982198962,498.4515906521522,512.8463537622798,318.75,20,34.8841,10000,last,0,runs/romb_iql/hopper_medium_re10_seed3407/r_spec_transition_hopper_eval.json
offline,ROMB-IQL,ROMB-IQL,theta_p,spec_transition_hopper,nominal,42,0,3548.2297,29.946988804591456,3503.354553093797,3510.402449197464,1000.0,20,109.6458,10000,last,0,runs/romb_iql/hopper_medium_re10_seed42/r_spec_transition_hopper_eval.json
offline,ROMB-IQL,ROMB-IQL,theta_p,spec_transition_hopper,trans_t1,42,1,2066.7549,958.7731558146136,1202.1894050731128,1209.7235095029673,555.95,20,64.1260,10000,last,0,runs/romb_iql/hopper_medium_re10_seed42/r_spec_transition_hopper_eval.json
offline,ROMB-IQL,ROMB-IQL,theta_p,spec_transition_hopper,trans_t2,42,0,1487.1156,724.8166796168565,864.1757193324091,874.2555063198187,406.45,20,46.3160,10000,last,0,runs/romb_iql/hopper_medium_re10_seed42/r_spec_transition_hopper_eval.json
offline,ROMB-IQL,ROMB-IQL,theta_p,spec_transition_hopper,trans_t3,42,0,1079.1589,586.0834071353368,27.549177847425934,271.6181725559336,308.35,20,33.7811,10000,last,0,runs/romb_iql/hopper_medium_re10_seed42/r_spec_transition_hopper_eval.json
offline,ROMB-IQL,ROMB-IQL,theta_p,spec_push_hopper,nominal,0,0,3354.2162,585.2146725194694,1869.0942561945121,1876.2194689216453,923.35,20,103.6845,10000,last,0,runs/romb_iql/hopper_medium_re10_seed0/r_spec_push_hopper_eval.json
offline,ROMB-IQL,ROMB-IQL,theta_p,spec_push_hopper,push_30,0,0,2139.4500,926.8571064508009,1006.9249014154009,1026.3828742450323,564.5,20,66.3596,10000,last,0,runs/romb_iql/hopper_medium_re10_seed0/r_spec_push_hopper_eval.json
offline,ROMB-IQL,ROMB-IQL,theta_p,spec_push_hopper,push_60,0,1,1458.2594,808.6352123508462,703.7005745562451,718.5034578123295,392.4,20,45.4293,10000,last,0,runs/romb_iql/hopper_medium_re10_seed0/r_spec_push_hopper_eval.json
offline,ROMB-IQL,ROMB-IQL,theta_p,spec_push_hopper,push_100,0,0,1178.3800,764.1358309371102,488.0290587931478,536.3451651654733,330.5,20,36.8297,10000,last,0,runs/romb_iql/hopper_medium_re10_seed0/r_spec_push_hopper_eval.json
offline,ROMB-IQL,ROMB-IQL,theta_p,spec_push_hopper,push_150,0,0,743.0325,615.625262598309,41.840892678234525,148.86016878386863,213.3,20,23.4533,10000,last,0,runs/romb_iql/hopper_medium_re10_seed0/r_spec_push_hopper_eval.json
offline,ROMB-IQL,ROMB-IQL,theta_p,spec_push_hopper,nominal,1,0,3621.8003,65.25330819920549,3529.639154336383,3539.317917690658,999.55,20,111.9063,10000,last,0,runs/romb_iql/hopper_medium_re10_seed1/r_spec_push_hopper_eval.json
offline,ROMB-IQL,ROMB-IQL,theta_p,spec_push_hopper,push_30,1,0,2397.8238,993.9756716361953,1119.4645992171968,1138.2818926004297,638.45,20,74.2984,10000,last,0,runs/romb_iql/hopper_medium_re10_seed1/r_spec_push_hopper_eval.json
offline,ROMB-IQL,ROMB-IQL,theta_p,spec_push_hopper,push_60,1,1,1512.8886,911.2501789805012,734.9355829240366,751.0532242463597,412.95,20,47.1079,10000,last,0,runs/romb_iql/hopper_medium_re10_seed1/r_spec_push_hopper_eval.json
offline,ROMB-IQL,ROMB-IQL,theta_p,spec_push_hopper,push_100,1,0,1051.0003,551.8707460645675,520.5984623897124,546.8902088273712,297.55,20,32.9159,10000,last,0,runs/romb_iql/hopper_medium_re10_seed1/r_spec_push_hopper_eval.json
offline,ROMB-IQL,ROMB-IQL,theta_p,spec_push_hopper,push_150,1,0,844.0319,631.4000912630621,55.23188255618044,154.074948293612,246.1,20,26.5566,10000,last,0,runs/romb_iql/hopper_medium_re10_seed1/r_spec_push_hopper_eval.json
offline,ROMB-IQL,ROMB-IQL,theta_p,spec_push_hopper,nominal,2,0,2438.6048,786.3054162802256,1628.135122991693,1678.68977132506,638.8,20,75.5514,10000,last,0,runs/romb_iql/hopper_medium_re10_seed2/r_spec_push_hopper_eval.json
offline,ROMB-IQL,ROMB-IQL,theta_p,spec_push_hopper,push_30,2,0,1972.3143,931.6702656304905,833.2416504185334,910.4029866307504,523.95,20,61.2242,10000,last,0,runs/romb_iql/hopper_medium_re10_seed2/r_spec_push_hopper_eval.json
offline,ROMB-IQL,ROMB-IQL,theta_p,spec_push_hopper,push_60,2,1,1516.3417,912.7555581476084,701.8892012948583,729.8219725297954,415.1,20,47.2140,10000,last,0,runs/romb_iql/hopper_medium_re10_seed2/r_spec_push_hopper_eval.json
offline,ROMB-IQL,ROMB-IQL,theta_p,spec_push_hopper,push_100,2,0,1153.8504,793.05975302776,195.73496799278075,389.2070459009983,326.85,20,36.0761,10000,last,0,runs/romb_iql/hopper_medium_re10_seed2/r_spec_push_hopper_eval.json
offline,ROMB-IQL,ROMB-IQL,theta_p,spec_push_hopper,push_150,2,0,752.4165,591.6380649613176,63.71820815349175,129.07329048473412,223.9,20,23.7416,10000,last,0,runs/romb_iql/hopper_medium_re10_seed2/r_spec_push_hopper_eval.json
offline,ROMB-IQL,ROMB-IQL,theta_p,spec_push_hopper,nominal,3407,0,3068.5254,758.6062229670152,1827.0504035835395,1864.5512169993742,828.5,20,94.9064,10000,last,0,runs/romb_iql/hopper_medium_re10_seed3407/r_spec_push_hopper_eval.json
offline,ROMB-IQL,ROMB-IQL,theta_p,spec_push_hopper,push_30,3407,0,2175.4839,974.0296453018525,944.9898858837144,985.1986508592671,583.05,20,67.4668,10000,last,0,runs/romb_iql/hopper_medium_re10_seed3407/r_spec_push_hopper_eval.json
offline,ROMB-IQL,ROMB-IQL,theta_p,spec_push_hopper,push_60,3407,1,1478.6127,839.3292683972202,708.5356817409977,730.507462827245,403.95,20,46.0547,10000,last,0,runs/romb_iql/hopper_medium_re10_seed3407/r_spec_push_hopper_eval.json
offline,ROMB-IQL,ROMB-IQL,theta_p,spec_push_hopper,push_100,3407,0,1151.1587,736.726144135858,464.6028673427363,516.4520741422313,328.7,20,35.9933,10000,last,0,runs/romb_iql/hopper_medium_re10_seed3407/r_spec_push_hopper_eval.json
offline,ROMB-IQL,ROMB-IQL,theta_p,spec_push_hopper,push_150,3407,0,818.4211,614.505356713045,69.26560703593861,163.29902022589044,241.55,20,25.7696,10000,last,0,runs/romb_iql/hopper_medium_re10_seed3407/r_spec_push_hopper_eval.json
offline,ROMB-IQL,ROMB-IQL,theta_p,spec_push_hopper,nominal,42,0,3548.2297,29.946988804591456,3503.354553093797,3510.402449197464,1000.0,20,109.6458,10000,last,0,runs/romb_iql/hopper_medium_re10_seed42/r_spec_push_hopper_eval.json
offline,ROMB-IQL,ROMB-IQL,theta_p,spec_push_hopper,push_30,42,0,2405.6022,981.535402391202,1032.8647508357612,1107.7538614271089,644.6,20,74.5374,10000,last,0,runs/romb_iql/hopper_medium_re10_seed42/r_spec_push_hopper_eval.json
offline,ROMB-IQL,ROMB-IQL,theta_p,spec_push_hopper,push_60,42,1,1622.8477,961.783411059901,732.4412253500741,747.8477769260919,441.5,20,50.4865,10000,last,0,runs/romb_iql/hopper_medium_re10_seed42/r_spec_push_hopper_eval.json
offline,ROMB-IQL,ROMB-IQL,theta_p,spec_push_hopper,push_100,42,0,1110.1273,783.8802176005518,316.67848868542535,410.5401869757819,319.3,20,34.7326,10000,last,0,runs/romb_iql/hopper_medium_re10_seed42/r_spec_push_hopper_eval.json
offline,ROMB-IQL,ROMB-IQL,theta_p,spec_push_hopper,push_150,42,0,724.5358,594.6023821431189,72.83331959367742,163.95060918487215,216.3,20,22.8849,10000,last,0,runs/romb_iql/hopper_medium_re10_seed42/r_spec_push_hopper_eval.json
offline,ROMB-IQL,ROMB-IQL,theta_p,spec_timevar_hopper,nominal,0,0,3354.2162,585.2146725194694,1869.0942561945121,1876.2194689216453,923.35,20,103.6845,10000,last,0,runs/romb_iql/hopper_medium_re10_seed0/r_spec_timevar_hopper_eval.json
offline,ROMB-IQL,ROMB-IQL,theta_p,spec_timevar_hopper,gear_static_0.8,0,1,585.6084,2.589301160716849,581.6474546242797,581.6755883673641,192.3,20,18.6162,10000,last,0,runs/romb_iql/hopper_medium_re10_seed0/r_spec_timevar_hopper_eval.json
offline,ROMB-IQL,ROMB-IQL,theta_p,spec_timevar_hopper,gear_step_0.8,0,0,2407.9063,199.78825840236064,1869.0942561945121,1876.2194689216453,648.7,20,74.6082,10000,last,0,runs/romb_iql/hopper_medium_re10_seed0/r_spec_timevar_hopper_eval.json
offline,ROMB-IQL,ROMB-IQL,theta_p,spec_timevar_hopper,gear_ramp_0.8,0,1,1297.1030,48.66374114112376,1223.167895260872,1225.785745927052,340.6,20,40.4776,10000,last,0,runs/romb_iql/hopper_medium_re10_seed0/r_spec_timevar_hopper_eval.json
offline,ROMB-IQL,ROMB-IQL,theta_p,spec_timevar_hopper,gear_sine_p200,0,0,1013.4238,34.13639470678153,986.3838469401953,986.6002139786444,276.45,20,31.7613,10000,last,0,runs/romb_iql/hopper_medium_re10_seed0/r_spec_timevar_hopper_eval.json
offline,ROMB-IQL,ROMB-IQL,theta_p,spec_timevar_hopper,gear_sine_p500,0,1,1868.4771,77.72717129111531,1765.9881888825448,1773.1272535066496,508.15,20,58.0337,10000,last,0,runs/romb_iql/hopper_medium_re10_seed0/r_spec_timevar_hopper_eval.json
offline,ROMB-IQL,ROMB-IQL,theta_p,spec_timevar_hopper,gravity_ramp_1.2,0,0,2187.1291,822.4049628535262,1426.0977390785822,1454.031220656746,561.65,20,67.8246,10000,last,0,runs/romb_iql/hopper_medium_re10_seed0/r_spec_timevar_hopper_eval.json
offline,ROMB-IQL,ROMB-IQL,theta_p,spec_timevar_hopper,nominal,1,0,3621.8003,65.25330819920549,3529.639154336383,3539.317917690658,999.55,20,111.9063,10000,last,0,runs/romb_iql/hopper_medium_re10_seed1/r_spec_timevar_hopper_eval.json
offline,ROMB-IQL,ROMB-IQL,theta_p,spec_timevar_hopper,gear_static_0.8,1,1,612.0761,1.8306356782234763,607.9252644622056,608.9612551195235,199.35,20,19.4295,10000,last,0,runs/romb_iql/hopper_medium_re10_seed1/r_spec_timevar_hopper_eval.json
offline,ROMB-IQL,ROMB-IQL,theta_p,spec_timevar_hopper,gear_step_0.8,1,0,2450.2132,50.28441562946762,2393.487009165994,2397.9516419961956,671.55,20,75.9081,10000,last,0,runs/romb_iql/hopper_medium_re10_seed1/r_spec_timevar_hopper_eval.json
offline,ROMB-IQL,ROMB-IQL,theta_p,spec_timevar_hopper,gear_ramp_0.8,1,1,1424.9644,68.93627002521407,1325.2754736093634,1342.2106215765443,372.0,20,44.4063,10000,last,0,runs/romb_iql/hopper_medium_re10_seed1/r_spec_timevar_hopper_eval.json
offline,ROMB-IQL,ROMB-IQL,theta_p,spec_timevar_hopper,gear_sine_p200,1,0,1020.0574,29.006660007017373,998.7725917055067,1000.2213960748036,278.9,20,31.9651,10000,last,0,runs/romb_iql/hopper_medium_re10_seed1/r_spec_timevar_hopper_eval.json
offline,ROMB-IQL,ROMB-IQL,theta_p,spec_timevar_hopper,gear_sine_p500,1,1,1823.9014,27.3799049428789,1769.9091732690401,1781.6408256261554,505.9,20,56.6641,10000,last,0,runs/romb_iql/hopper_medium_re10_seed1/r_spec_timevar_hopper_eval.json
offline,ROMB-IQL,ROMB-IQL,theta_p,spec_timevar_hopper,gravity_ramp_1.2,1,0,3549.2897,454.261459128865,2176.4559559612767,2210.425090319447,950.15,20,109.6784,10000,last,0,runs/romb_iql/hopper_medium_re10_seed1/r_spec_timevar_hopper_eval.json
offline,ROMB-IQL,ROMB-IQL,theta_p,spec_timevar_hopper,nominal,2,0,2438.6048,786.3054162802256,1628.135122991693,1678.68977132506,638.8,20,75.5514,10000,last,0,runs/romb_iql/hopper_medium_re10_seed2/r_spec_timevar_hopper_eval.json
offline,ROMB-IQL,ROMB-IQL,theta_p,spec_timevar_hopper,gear_static_0.8,2,1,445.6966,1.7537948034714976,441.64183510591744,442.6389805388074,156.35,20,14.3173,10000,last,0,runs/romb_iql/hopper_medium_re10_seed2/r_spec_timevar_hopper_eval.json
offline,ROMB-IQL,ROMB-IQL,theta_p,spec_timevar_hopper,gear_step_0.8,2,0,2088.0412,296.10495509321197,1628.135122991693,1678.68977132506,540.3,20,64.7800,10000,last,0,runs/romb_iql/hopper_medium_re10_seed2/r_spec_timevar_hopper_eval.json
offline,ROMB-IQL,ROMB-IQL,theta_p,spec_timevar_hopper,gear_ramp_0.8,2,1,1242.3413,34.31373438100393,1184.8149301953185,1188.6759991465563,326.6,20,38.7950,10000,last,0,runs/romb_iql/hopper_medium_re10_seed2/r_spec_timevar_hopper_eval.json
offline,ROMB-IQL,ROMB-IQL,theta_p,spec_timevar_hopper,gear_sine_p200,2,0,1022.6952,44.89210664767094,988.7639182369778,989.281619264219,277.7,20,32.0462,10000,last,0,runs/romb_iql/hopper_medium_re10_seed2/r_spec_timevar_hopper_eval.json
offline,ROMB-IQL,ROMB-IQL,theta_p,spec_timevar_hopper,gear_sine_p500,2,1,1844.7381,57.885513965476186,1749.2856429333335,1759.7132843980476,516.8,20,57.3043,10000,last,0,runs/romb_iql/hopper_medium_re10_seed2/r_spec_timevar_hopper_eval.json
offline,ROMB-IQL,ROMB-IQL,theta_p,spec_timevar_hopper,gravity_ramp_1.2,2,0,1546.7142,95.23966140895433,1376.7029941376165,1378.9594220179354,393.45,20,48.1472,10000,last,0,runs/romb_iql/hopper_medium_re10_seed2/r_spec_timevar_hopper_eval.json
offline,ROMB-IQL,ROMB-IQL,theta_p,spec_timevar_hopper,nominal,3407,0,3068.5254,758.6062229670152,1827.0504035835395,1864.5512169993742,828.5,20,94.9064,10000,last,0,runs/romb_iql/hopper_medium_re10_seed3407/r_spec_timevar_hopper_eval.json
offline,ROMB-IQL,ROMB-IQL,theta_p,spec_timevar_hopper,gear_static_0.8,3407,1,630.0359,3.781277526794503,622.1328256951531,623.1417362799623,201.65,20,19.9813,10000,last,0,runs/romb_iql/hopper_medium_re10_seed3407/r_spec_timevar_hopper_eval.json
offline,ROMB-IQL,ROMB-IQL,theta_p,spec_timevar_hopper,gear_step_0.8,3407,0,2282.6732,214.8565484865469,1827.0504035835395,1864.5512169993742,606.5,20,70.7603,10000,last,0,runs/romb_iql/hopper_medium_re10_seed3407/r_spec_timevar_hopper_eval.json
offline,ROMB-IQL,ROMB-IQL,theta_p,spec_timevar_hopper,gear_ramp_0.8,3407,1,1272.4401,39.634867853720515,1212.6399059225587,1217.7959316303345,335.15,20,39.7198,10000,last,0,runs/romb_iql/hopper_medium_re10_seed3407/r_spec_timevar_hopper_eval.json
offline,ROMB-IQL,ROMB-IQL,theta_p,spec_timevar_hopper,gear_sine_p200,3407,0,910.5906,15.158205896342565,890.2737936753614,892.6008298131794,258.4,20,28.6016,10000,last,0,runs/romb_iql/hopper_medium_re10_seed3407/r_spec_timevar_hopper_eval.json
offline,ROMB-IQL,ROMB-IQL,theta_p,spec_timevar_hopper,gear_sine_p500,3407,1,1895.9176,49.522351315880236,1854.9035047486686,1855.74697326481,525.35,20,58.8768,10000,last,0,runs/romb_iql/hopper_medium_re10_seed3407/r_spec_timevar_hopper_eval.json
offline,ROMB-IQL,ROMB-IQL,theta_p,spec_timevar_hopper,gravity_ramp_1.2,3407,0,2110.5920,813.4575380526799,1496.1084240228902,1498.6851495655676,546.75,20,65.4729,10000,last,0,runs/romb_iql/hopper_medium_re10_seed3407/r_spec_timevar_hopper_eval.json
offline,ROMB-IQL,ROMB-IQL,theta_p,spec_timevar_hopper,nominal,42,0,3548.2297,29.946988804591456,3503.354553093797,3510.402449197464,1000.0,20,109.6458,10000,last,0,runs/romb_iql/hopper_medium_re10_seed42/r_spec_timevar_hopper_eval.json
offline,ROMB-IQL,ROMB-IQL,theta_p,spec_timevar_hopper,gear_static_0.8,42,1,587.0620,2.805400066365484,582.1060111122101,582.2113768959923,190.35,20,18.6609,10000,last,0,runs/romb_iql/hopper_medium_re10_seed42/r_spec_timevar_hopper_eval.json
offline,ROMB-IQL,ROMB-IQL,theta_p,spec_timevar_hopper,gear_step_0.8,42,0,2495.6801,69.82247337848861,2422.7724365700888,2425.661959199875,687.8,20,77.3051,10000,last,0,runs/romb_iql/hopper_medium_re10_seed42/r_spec_timevar_hopper_eval.json
offline,ROMB-IQL,ROMB-IQL,theta_p,spec_timevar_hopper,gear_ramp_0.8,42,1,1648.4523,171.9981963852605,1390.0677913673685,1430.8130181984886,423.55,20,51.2732,10000,last,0,runs/romb_iql/hopper_medium_re10_seed42/r_spec_timevar_hopper_eval.json
offline,ROMB-IQL,ROMB-IQL,theta_p,spec_timevar_hopper,gear_sine_p200,42,0,998.7519,8.331050853911615,980.4038016478016,981.2550380633804,274.95,20,31.3105,10000,last,0,runs/romb_iql/hopper_medium_re10_seed42/r_spec_timevar_hopper_eval.json
offline,ROMB-IQL,ROMB-IQL,theta_p,spec_timevar_hopper,gear_sine_p500,42,1,1933.7831,26.137210860972015,1872.162654170546,1881.4635384580824,530.9,20,60.0403,10000,last,0,runs/romb_iql/hopper_medium_re10_seed42/r_spec_timevar_hopper_eval.json
offline,ROMB-IQL,ROMB-IQL,theta_p,spec_timevar_hopper,gravity_ramp_1.2,42,0,3552.9854,28.93899380642903,3523.4552602663116,3525.075171271271,1000.0,20,109.7919,10000,last,0,runs/romb_iql/hopper_medium_re10_seed42/r_spec_timevar_hopper_eval.json
offline,ROMB-IQL,ROMB-IQL,theta_tau_exec,spec_timing_hopper,nominal,0,0,3354.2162,585.2146725194694,1869.0942561945121,1876.2194689216453,923.35,20,103.6845,10000,last,0,runs/romb_iql/hopper_medium_re10_seed0/r_spec_timing_hopper_eval.json
offline,ROMB-IQL,ROMB-IQL,theta_tau_exec,spec_timing_hopper,act_delay_8ms,0,1,1141.2236,169.97178221636173,740.9419416396738,744.0773299340211,305.85,20,35.6881,10000,last,0,runs/romb_iql/hopper_medium_re10_seed0/r_spec_timing_hopper_eval.json
offline,ROMB-IQL,ROMB-IQL,theta_tau_exec,spec_timing_hopper,act_delay_rand1,0,1,2342.3073,1168.6136216390344,740.9419416396738,744.0773299340211,641.25,20,72.5926,10000,last,0,runs/romb_iql/hopper_medium_re10_seed0/r_spec_timing_hopper_eval.json
offline,ROMB-IQL,ROMB-IQL,theta_tau_exec,spec_timing_hopper,act_delay_rand2,0,0,1439.3798,1191.6594943391262,40.342278198995004,41.2229206191341,398.5,20,44.8492,10000,last,0,runs/romb_iql/hopper_medium_re10_seed0/r_spec_timing_hopper_eval.json
offline,ROMB-IQL,ROMB-IQL,theta_tau_exec,spec_timing_hopper,substep,0,0,2121.6855,1088.2711996756925,875.9836088984018,888.6269903833843,560.75,20,65.8138,10000,last,0,runs/romb_iql/hopper_medium_re10_seed0/r_spec_timing_hopper_eval.json
offline,ROMB-IQL,ROMB-IQL,theta_tau_exec,spec_timing_hopper,obs_delay_4ms,0,1,1429.3526,114.85682902126187,1263.1684012957385,1281.2436236234857,365.75,20,44.5411,10000,last,0,runs/romb_iql/hopper_medium_re10_seed0/r_spec_timing_hopper_eval.json
offline,ROMB-IQL,ROMB-IQL,theta_tau_exec,spec_timing_hopper,obs_delay_8ms,0,1,1170.1503,147.7391783946649,745.1676073552251,746.3004358838705,310.5,20,36.5769,10000,last,0,runs/romb_iql/hopper_medium_re10_seed0/r_spec_timing_hopper_eval.json
offline,ROMB-IQL,ROMB-IQL,theta_tau_exec,spec_timing_hopper,obs_delay_16ms,0,1,965.8564,651.34500602243,159.48010915492776,308.5534019698462,279.0,20,30.2997,10000,last,0,runs/romb_iql/hopper_medium_re10_seed0/r_spec_timing_hopper_eval.json
offline,ROMB-IQL,ROMB-IQL,theta_tau_exec,spec_timing_hopper,nominal,1,0,3621.8003,65.25330819920549,3529.639154336383,3539.317917690658,999.55,20,111.9063,10000,last,0,runs/romb_iql/hopper_medium_re10_seed1/r_spec_timing_hopper_eval.json
offline,ROMB-IQL,ROMB-IQL,theta_tau_exec,spec_timing_hopper,act_delay_8ms,1,1,1160.5009,44.478285666526155,1070.3028090705473,1089.499106426082,306.85,20,36.2804,10000,last,0,runs/romb_iql/hopper_medium_re10_seed1/r_spec_timing_hopper_eval.json
offline,ROMB-IQL,ROMB-IQL,theta_tau_exec,spec_timing_hopper,act_delay_rand1,1,1,2637.3843,1204.7973793412598,1108.695403781617,1118.6987810627415,722.85,20,81.6592,10000,last,0,runs/romb_iql/hopper_medium_re10_seed1/r_spec_timing_hopper_eval.json
offline,ROMB-IQL,ROMB-IQL,theta_tau_exec,spec_timing_hopper,act_delay_rand2,1,0,1803.1617,1202.2792247963491,470.2959354203598,587.7395696014609,497.0,20,56.0268,10000,last,0,runs/romb_iql/hopper_medium_re10_seed1/r_spec_timing_hopper_eval.json
offline,ROMB-IQL,ROMB-IQL,theta_tau_exec,spec_timing_hopper,substep,1,0,2814.7230,1157.3994931231161,927.0820513986365,932.5065952539319,763.75,20,87.1081,10000,last,0,runs/romb_iql/hopper_medium_re10_seed1/r_spec_timing_hopper_eval.json
offline,ROMB-IQL,ROMB-IQL,theta_tau_exec,spec_timing_hopper,obs_delay_4ms,1,1,2135.6250,794.5536871887653,1392.4397973662833,1416.2413033731982,551.3,20,66.2421,10000,last,0,runs/romb_iql/hopper_medium_re10_seed1/r_spec_timing_hopper_eval.json
offline,ROMB-IQL,ROMB-IQL,theta_tau_exec,spec_timing_hopper,obs_delay_8ms,1,1,1259.5269,82.95764183335963,1114.9177628245084,1123.4838422660218,328.6,20,39.3231,10000,last,0,runs/romb_iql/hopper_medium_re10_seed1/r_spec_timing_hopper_eval.json
offline,ROMB-IQL,ROMB-IQL,theta_tau_exec,spec_timing_hopper,obs_delay_16ms,1,1,899.8774,426.8416740579374,182.73043023214052,183.44115424822235,252.65,20,28.2725,10000,last,0,runs/romb_iql/hopper_medium_re10_seed1/r_spec_timing_hopper_eval.json
offline,ROMB-IQL,ROMB-IQL,theta_tau_exec,spec_timing_hopper,nominal,2,0,2438.6048,786.3054162802256,1628.135122991693,1678.68977132506,638.8,20,75.5514,10000,last,0,runs/romb_iql/hopper_medium_re10_seed2/r_spec_timing_hopper_eval.json
offline,ROMB-IQL,ROMB-IQL,theta_tau_exec,spec_timing_hopper,act_delay_8ms,2,1,1177.7633,50.16635643780994,1077.7157892513942,1083.7224349422818,309.2,20,36.8108,10000,last,0,runs/romb_iql/hopper_medium_re10_seed2/r_spec_timing_hopper_eval.json
offline,ROMB-IQL,ROMB-IQL,theta_tau_exec,spec_timing_hopper,act_delay_rand1,2,1,2081.6401,963.025306120207,1132.4183253107694,1139.6606881987036,550.0,20,64.5833,10000,last,0,runs/romb_iql/hopper_medium_re10_seed2/r_spec_timing_hopper_eval.json
offline,ROMB-IQL,ROMB-IQL,theta_tau_exec,spec_timing_hopper,act_delay_rand2,2,0,1379.1565,1140.201507572449,16.840564683216304,16.865736412075492,368.35,20,42.9988,10000,last,0,runs/romb_iql/hopper_medium_re10_seed2/r_spec_timing_hopper_eval.json
offline,ROMB-IQL,ROMB-IQL,theta_tau_exec,spec_timing_hopper,substep,2,0,1442.4326,643.8236867387632,502.61998283746146,644.0883530717414,368.5,20,44.9430,10000,last,0,runs/romb_iql/hopper_medium_re10_seed2/r_spec_timing_hopper_eval.json
offline,ROMB-IQL,ROMB-IQL,theta_tau_exec,spec_timing_hopper,obs_delay_4ms,2,1,1317.4149,54.36094435459947,1251.6908840243586,1252.163304884893,341.05,20,41.1017,10000,last,0,runs/romb_iql/hopper_medium_re10_seed2/r_spec_timing_hopper_eval.json
offline,ROMB-IQL,ROMB-IQL,theta_tau_exec,spec_timing_hopper,obs_delay_8ms,2,1,1162.5403,44.49747278334581,1077.5908562092843,1089.041158919224,307.3,20,36.3431,10000,last,0,runs/romb_iql/hopper_medium_re10_seed2/r_spec_timing_hopper_eval.json
offline,ROMB-IQL,ROMB-IQL,theta_tau_exec,spec_timing_hopper,obs_delay_16ms,2,1,915.0799,288.4974780392245,16.910482923935433,241.3114627999489,254.65,20,28.7396,10000,last,0,runs/romb_iql/hopper_medium_re10_seed2/r_spec_timing_hopper_eval.json
offline,ROMB-IQL,ROMB-IQL,theta_tau_exec,spec_timing_hopper,nominal,3407,0,3068.5254,758.6062229670152,1827.0504035835395,1864.5512169993742,828.5,20,94.9064,10000,last,0,runs/romb_iql/hopper_medium_re10_seed3407/r_spec_timing_hopper_eval.json
offline,ROMB-IQL,ROMB-IQL,theta_tau_exec,spec_timing_hopper,act_delay_8ms,3407,1,1204.6850,51.116128428240046,1061.8861674134732,1099.3499018255511,316.7,20,37.6380,10000,last,0,runs/romb_iql/hopper_medium_re10_seed3407/r_spec_timing_hopper_eval.json
offline,ROMB-IQL,ROMB-IQL,theta_tau_exec,spec_timing_hopper,act_delay_rand1,3407,1,2267.0293,1057.7778541158132,1142.7724254542463,1154.7118069375051,605.1,20,70.2796,10000,last,0,runs/romb_iql/hopper_medium_re10_seed3407/r_spec_timing_hopper_eval.json
offline,ROMB-IQL,ROMB-IQL,theta_tau_exec,spec_timing_hopper,act_delay_rand2,3407,0,1529.3654,1023.6035658488171,140.01180315160326,142.66090188579275,412.95,20,47.6141,10000,last,0,runs/romb_iql/hopper_medium_re10_seed3407/r_spec_timing_hopper_eval.json
offline,ROMB-IQL,ROMB-IQL,theta_tau_exec,spec_timing_hopper,substep,3407,0,1882.5051,882.1810745760174,917.7381500779337,919.9670370425667,486.9,20,58.4647,10000,last,0,runs/romb_iql/hopper_medium_re10_seed3407/r_spec_timing_hopper_eval.json
offline,ROMB-IQL,ROMB-IQL,theta_tau_exec,spec_timing_hopper,obs_delay_4ms,3407,1,1469.8191,114.37913387721147,1316.3522842601194,1329.9000334513917,375.85,20,45.7845,10000,last,0,runs/romb_iql/hopper_medium_re10_seed3407/r_spec_timing_hopper_eval.json
offline,ROMB-IQL,ROMB-IQL,theta_tau_exec,spec_timing_hopper,obs_delay_8ms,3407,1,1260.8156,46.42408384025498,1192.2358662196227,1200.1942014232536,329.7,20,39.3627,10000,last,0,runs/romb_iql/hopper_medium_re10_seed3407/r_spec_timing_hopper_eval.json
offline,ROMB-IQL,ROMB-IQL,theta_tau_exec,spec_timing_hopper,obs_delay_16ms,3407,1,1012.8009,312.660398553656,139.93821892785678,304.31200241060924,279.7,20,31.7422,10000,last,0,runs/romb_iql/hopper_medium_re10_seed3407/r_spec_timing_hopper_eval.json
offline,ROMB-IQL,ROMB-IQL,theta_tau_exec,spec_timing_hopper,nominal,42,0,3548.2297,29.946988804591456,3503.354553093797,3510.402449197464,1000.0,20,109.6458,10000,last,0,runs/romb_iql/hopper_medium_re10_seed42/r_spec_timing_hopper_eval.json
offline,ROMB-IQL,ROMB-IQL,theta_tau_exec,spec_timing_hopper,act_delay_8ms,42,1,1323.4774,34.95254548930931,1242.3121473479296,1256.1429694276467,343.4,20,41.2880,10000,last,0,runs/romb_iql/hopper_medium_re10_seed42/r_spec_timing_hopper_eval.json
offline,ROMB-IQL,ROMB-IQL,theta_tau_exec,spec_timing_hopper,act_delay_rand1,42,1,2652.7938,1097.2899165088513,1269.9737915073636,1276.8542929068901,736.05,20,82.1326,10000,last,0,runs/romb_iql/hopper_medium_re10_seed42/r_spec_timing_hopper_eval.json
offline,ROMB-IQL,ROMB-IQL,theta_tau_exec,spec_timing_hopper,act_delay_rand2,42,0,1869.5854,1121.9700240087986,461.7664611822458,599.7913030050331,515.25,20,58.0677,10000,last,0,runs/romb_iql/hopper_medium_re10_seed42/r_spec_timing_hopper_eval.json
offline,ROMB-IQL,ROMB-IQL,theta_tau_exec,spec_timing_hopper,substep,42,0,3205.4586,947.1506783372506,923.0974201118664,930.1512623073215,886.85,20,99.1138,10000,last,0,runs/romb_iql/hopper_medium_re10_seed42/r_spec_timing_hopper_eval.json
offline,ROMB-IQL,ROMB-IQL,theta_tau_exec,spec_timing_hopper,obs_delay_4ms,42,1,3008.2246,834.8762966474593,1524.589284371778,1579.9827148319812,803.15,20,93.0536,10000,last,0,runs/romb_iql/hopper_medium_re10_seed42/r_spec_timing_hopper_eval.json
offline,ROMB-IQL,ROMB-IQL,theta_tau_exec,spec_timing_hopper,obs_delay_8ms,42,1,1440.8428,130.25175526638253,1258.786690885816,1275.4264888925732,370.05,20,44.8942,10000,last,0,runs/romb_iql/hopper_medium_re10_seed42/r_spec_timing_hopper_eval.json
offline,ROMB-IQL,ROMB-IQL,theta_tau_exec,spec_timing_hopper,obs_delay_16ms,42,1,1232.5620,368.5891716758856,722.6878536254966,762.0339675563741,331.45,20,38.4945,10000,last,0,runs/romb_iql/hopper_medium_re10_seed42/r_spec_timing_hopper_eval.json
offline,FWM-IQL,FWM-IQL,theta_o,spec_obsadv_hopper,nominal,0,0,3571.6417,23.138387696072563,3528.8707124960765,3532.081551923752,1000.0,20,110.3652,10000,last,0,runs/fwm_iql/hopper_medium_seed0/r_spec_obsadv_hopper_eval.json
offline,FWM-IQL,FWM-IQL,theta_o,spec_obsadv_hopper,obs_uni_0.05,0,0,2426.6101,996.1926782155431,1243.6627072208053,1280.0958929482163,639.7,20,75.1829,10000,last,0,runs/fwm_iql/hopper_medium_seed0/r_spec_obsadv_hopper_eval.json
offline,FWM-IQL,FWM-IQL,theta_o,spec_obsadv_hopper,obs_uni_0.10,0,1,1335.2059,429.3899872887653,772.7094949794644,865.6572925742237,357.1,20,41.6484,10000,last,0,runs/fwm_iql/hopper_medium_seed0/r_spec_obsadv_hopper_eval.json
offline,FWM-IQL,FWM-IQL,theta_o,spec_obsadv_hopper,obs_uni_0.15,0,0,1026.4401,255.14125697434446,699.9624542007921,704.5398609823174,286.4,20,32.1612,10000,last,0,runs/fwm_iql/hopper_medium_seed0/r_spec_obsadv_hopper_eval.json
offline,FWM-IQL,FWM-IQL,theta_o,spec_obsadv_hopper,obs_rel_0.05,0,0,2707.6669,960.4257385716608,1374.544414449082,1381.0679813300267,739.9,20,83.8187,10000,last,0,runs/fwm_iql/hopper_medium_seed0/r_spec_obsadv_hopper_eval.json
offline,FWM-IQL,FWM-IQL,theta_o,spec_obsadv_hopper,obs_rel_0.10,0,1,2500.7499,909.864230976254,1140.185500457615,1202.0239104036154,666.8,20,77.4609,10000,last,0,runs/fwm_iql/hopper_medium_seed0/r_spec_obsadv_hopper_eval.json
offline,FWM-IQL,FWM-IQL,theta_o,spec_obsadv_hopper,obs_bias_0.05,0,0,2499.4783,1091.5532210174931,921.194975430096,994.7191555574768,702.9,20,77.4218,10000,last,0,runs/fwm_iql/hopper_medium_seed0/r_spec_obsadv_hopper_eval.json
offline,FWM-IQL,FWM-IQL,theta_o,spec_obsadv_hopper,obs_gauss_0.05,0,0,1357.5264,409.95705701406735,725.4257149275184,872.1309752610402,359.7,20,42.3342,10000,last,0,runs/fwm_iql/hopper_medium_seed0/r_spec_obsadv_hopper_eval.json
offline,FWM-IQL,FWM-IQL,theta_o,spec_obsadv_hopper,obs_gauss_0.10,0,1,939.3597,316.21864638292965,147.19926485226833,339.4374986572303,266.4,20,29.4856,10000,last,0,runs/fwm_iql/hopper_medium_seed0/r_spec_obsadv_hopper_eval.json
offline,FWM-IQL,FWM-IQL,theta_o,spec_obsadv_hopper,obs_shift_0.01,0,0,1605.1963,141.89704660541858,1423.7273712714905,1424.541621219374,405.9,20,49.9441,10000,last,0,runs/fwm_iql/hopper_medium_seed0/r_spec_obsadv_hopper_eval.json
offline,FWM-IQL,FWM-IQL,theta_o,spec_obsadv_hopper,obs_shift_0.02,0,0,1211.2479,31.78178601263339,1169.4037677930992,1171.0415432700456,317.15,20,37.8397,10000,last,0,runs/fwm_iql/hopper_medium_seed0/r_spec_obsadv_hopper_eval.json
offline,FWM-IQL,FWM-IQL,theta_o,spec_obsadv_hopper,nominal,1,0,3228.3724,689.5423609428649,1942.8428655858431,1947.1477406973854,877.25,20,99.8179,10000,last,0,runs/fwm_iql/hopper_medium_seed1/r_spec_obsadv_hopper_eval.json
offline,FWM-IQL,FWM-IQL,theta_o,spec_obsadv_hopper,obs_uni_0.05,1,0,2020.4281,948.0884976731337,1058.6190904161217,1098.990243212183,537.8,20,62.7025,10000,last,0,runs/fwm_iql/hopper_medium_seed1/r_spec_obsadv_hopper_eval.json
offline,FWM-IQL,FWM-IQL,theta_o,spec_obsadv_hopper,obs_uni_0.10,1,1,1401.4336,634.0150545546404,735.1034843760448,735.6027964156423,373.65,20,43.6833,10000,last,0,runs/fwm_iql/hopper_medium_seed1/r_spec_obsadv_hopper_eval.json
offline,FWM-IQL,FWM-IQL,theta_o,spec_obsadv_hopper,obs_uni_0.15,1,0,1076.8982,223.4389961932767,623.1784282711116,672.5874504295127,295.55,20,33.7116,10000,last,0,runs/fwm_iql/hopper_medium_seed1/r_spec_obsadv_hopper_eval.json
offline,FWM-IQL,FWM-IQL,theta_o,spec_obsadv_hopper,obs_rel_0.05,1,0,2663.1180,1024.0233773334091,1264.2121613709692,1327.1389085412852,726.65,20,82.4498,10000,last,0,runs/fwm_iql/hopper_medium_seed1/r_spec_obsadv_hopper_eval.json
offline,FWM-IQL,FWM-IQL,theta_o,spec_obsadv_hopper,obs_rel_0.10,1,1,2240.4731,846.0598188426991,1272.0815036445138,1286.2856507197016,588.9,20,69.4636,10000,last,0,runs/fwm_iql/hopper_medium_seed1/r_spec_obsadv_hopper_eval.json
offline,FWM-IQL,FWM-IQL,theta_o,spec_obsadv_hopper,obs_bias_0.05,1,0,2458.6190,1152.80456204267,738.8035093218849,809.840718461091,692.5,20,76.1664,10000,last,0,runs/fwm_iql/hopper_medium_seed1/r_spec_obsadv_hopper_eval.json
offline,FWM-IQL,FWM-IQL,theta_o,spec_obsadv_hopper,obs_gauss_0.05,1,0,1405.4852,416.3222902392972,799.7191954181952,908.9615970868124,366.7,20,43.8078,10000,last,0,runs/fwm_iql/hopper_medium_seed1/r_spec_obsadv_hopper_eval.json
offline,FWM-IQL,FWM-IQL,theta_o,spec_obsadv_hopper,obs_gauss_0.10,1,1,864.2446,320.49816870935587,144.37345499961575,147.52948523351813,245.05,20,27.1776,10000,last,0,runs/fwm_iql/hopper_medium_seed1/r_spec_obsadv_hopper_eval.json
offline,FWM-IQL,FWM-IQL,theta_o,spec_obsadv_hopper,obs_shift_0.01,1,0,1375.7300,48.39074347367083,1283.9885210628768,1287.0849460692634,355.5,20,42.8935,10000,last,0,runs/fwm_iql/hopper_medium_seed1/r_spec_obsadv_hopper_eval.json
offline,FWM-IQL,FWM-IQL,theta_o,spec_obsadv_hopper,obs_shift_0.02,1,0,1096.6798,40.338466156530274,1065.6291067528618,1066.323690624762,296.6,20,34.3194,10000,last,0,runs/fwm_iql/hopper_medium_seed1/r_spec_obsadv_hopper_eval.json
offline,FWM-IQL,FWM-IQL,theta_o,spec_obsadv_hopper,nominal,2,0,2461.3011,791.2366648242725,1691.4610482455057,1699.1234062556953,640.65,20,76.2488,10000,last,0,runs/fwm_iql/hopper_medium_seed2/r_spec_obsadv_hopper_eval.json
offline,FWM-IQL,FWM-IQL,theta_o,spec_obsadv_hopper,obs_uni_0.05,2,0,2034.5274,1050.5543984742571,1044.1073392543378,1107.1976560959374,542.7,20,63.1358,10000,last,0,runs/fwm_iql/hopper_medium_seed2/r_spec_obsadv_hopper_eval.json
offline,FWM-IQL,FWM-IQL,theta_o,spec_obsadv_hopper,obs_uni_0.10,2,1,1342.3996,476.6626539275198,748.4662350127165,810.1354651334162,357.85,20,41.8694,10000,last,0,runs/fwm_iql/hopper_medium_seed2/r_spec_obsadv_hopper_eval.json
offline,FWM-IQL,FWM-IQL,theta_o,spec_obsadv_hopper,obs_uni_0.15,2,0,1055.1345,207.2992790128786,789.0691034803303,829.1571956835321,289.1,20,33.0429,10000,last,0,runs/fwm_iql/hopper_medium_seed2/r_spec_obsadv_hopper_eval.json
offline,FWM-IQL,FWM-IQL,theta_o,spec_obsadv_hopper,obs_rel_0.05,2,0,2542.0603,1035.5293110503478,1294.879519477358,1302.015914727263,692.8,20,78.7302,10000,last,0,runs/fwm_iql/hopper_medium_seed2/r_spec_obsadv_hopper_eval.json
offline,FWM-IQL,FWM-IQL,theta_o,spec_obsadv_hopper,obs_rel_0.10,2,1,2431.2954,1043.7550556971955,1201.1974962173495,1228.9533044148677,653.2,20,75.3269,10000,last,0,runs/fwm_iql/hopper_medium_seed2/r_spec_obsadv_hopper_eval.json
offline,FWM-IQL,FWM-IQL,theta_o,spec_obsadv_hopper,obs_bias_0.05,2,0,2446.1192,1145.3168382760427,1039.0931258515006,1041.1464195112605,691.25,20,75.7823,10000,last,0,runs/fwm_iql/hopper_medium_seed2/r_spec_obsadv_hopper_eval.json
offline,FWM-IQL,FWM-IQL,theta_o,spec_obsadv_hopper,obs_gauss_0.05,2,0,1422.9759,572.7507775453028,936.818476937804,983.9949554179613,376.3,20,44.3452,10000,last,0,runs/fwm_iql/hopper_medium_seed2/r_spec_obsadv_hopper_eval.json
offline,FWM-IQL,FWM-IQL,theta_o,spec_obsadv_hopper,obs_gauss_0.10,2,1,987.8270,223.78755797560248,461.85926298454876,579.7784083298777,276.75,20,30.9748,10000,last,0,runs/fwm_iql/hopper_medium_seed2/r_spec_obsadv_hopper_eval.json
offline,FWM-IQL,FWM-IQL,theta_o,spec_obsadv_hopper,obs_shift_0.01,2,0,1314.2942,60.31848321889576,1224.251449337757,1228.5074599934042,340.35,20,41.0059,10000,last,0,runs/fwm_iql/hopper_medium_seed2/r_spec_obsadv_hopper_eval.json
offline,FWM-IQL,FWM-IQL,theta_o,spec_obsadv_hopper,obs_shift_0.02,2,0,1105.3024,50.064288954500796,1057.2214018429966,1059.7017891729083,295.7,20,34.5844,10000,last,0,runs/fwm_iql/hopper_medium_seed2/r_spec_obsadv_hopper_eval.json
offline,FWM-IQL,FWM-IQL,theta_o,spec_obsadv_hopper,nominal,3407,0,3594.3131,27.311745827852153,3545.306750640227,3546.7705649632703,1000.0,20,111.0618,10000,last,0,runs/fwm_iql/hopper_medium_seed3407/r_spec_obsadv_hopper_eval.json
offline,FWM-IQL,FWM-IQL,theta_o,spec_obsadv_hopper,obs_uni_0.05,3407,0,2167.4863,1003.0163749911495,1235.0789962559204,1243.7113662768816,573.45,20,67.2211,10000,last,0,runs/fwm_iql/hopper_medium_seed3407/r_spec_obsadv_hopper_eval.json
offline,FWM-IQL,FWM-IQL,theta_o,spec_obsadv_hopper,obs_uni_0.10,3407,1,1284.0528,435.74761645284383,732.1575467993407,836.2021588582076,342.15,20,40.0767,10000,last,0,runs/fwm_iql/hopper_medium_seed3407/r_spec_obsadv_hopper_eval.json
offline,FWM-IQL,FWM-IQL,theta_o,spec_obsadv_hopper,obs_uni_0.15,3407,0,1025.6609,215.3080119463711,461.83752877070816,563.6075175965517,281.35,20,32.1373,10000,last,0,runs/fwm_iql/hopper_medium_seed3407/r_spec_obsadv_hopper_eval.json
offline,FWM-IQL,FWM-IQL,theta_o,spec_obsadv_hopper,obs_rel_0.05,3407,0,2823.7541,945.0319646679308,1300.9469993567263,1471.8260419436192,756.0,20,87.3856,10000,last,0,runs/fwm_iql/hopper_medium_seed3407/r_spec_obsadv_hopper_eval.json
offline,FWM-IQL,FWM-IQL,theta_o,spec_obsadv_hopper,obs_rel_0.10,3407,1,2285.3610,940.3978980184937,1025.8375671258066,1039.09174408223,613.35,20,70.8429,10000,last,0,runs/fwm_iql/hopper_medium_seed3407/r_spec_obsadv_hopper_eval.json
offline,FWM-IQL,FWM-IQL,theta_o,spec_obsadv_hopper,obs_bias_0.05,3407,0,2430.7624,1205.1580378263268,454.34917497108603,599.0763800119538,685.8,20,75.3105,10000,last,0,runs/fwm_iql/hopper_medium_seed3407/r_spec_obsadv_hopper_eval.json
offline,FWM-IQL,FWM-IQL,theta_o,spec_obsadv_hopper,obs_gauss_0.05,3407,0,1526.3460,616.7239407752728,1020.5089317477124,1044.991320719271,395.45,20,47.5214,10000,last,0,runs/fwm_iql/hopper_medium_seed3407/r_spec_obsadv_hopper_eval.json
offline,FWM-IQL,FWM-IQL,theta_o,spec_obsadv_hopper,obs_gauss_0.10,3407,1,945.9968,204.93560847464565,487.4404813431758,588.9358126897756,265.4,20,29.6895,10000,last,0,runs/fwm_iql/hopper_medium_seed3407/r_spec_obsadv_hopper_eval.json
offline,FWM-IQL,FWM-IQL,theta_o,spec_obsadv_hopper,obs_shift_0.01,3407,0,1576.7710,111.73910636505325,1420.710865623839,1421.753464154839,398.8,20,49.0707,10000,last,0,runs/fwm_iql/hopper_medium_seed3407/r_spec_obsadv_hopper_eval.json
offline,FWM-IQL,FWM-IQL,theta_o,spec_obsadv_hopper,obs_shift_0.02,3407,0,1247.9096,30.916500601051986,1206.7338689286628,1206.9199077533422,323.65,20,38.9661,10000,last,0,runs/fwm_iql/hopper_medium_seed3407/r_spec_obsadv_hopper_eval.json
offline,FWM-IQL,FWM-IQL,theta_o,spec_obsadv_hopper,nominal,42,0,3502.1320,143.10747516783707,2884.4126780522283,3194.778833613563,985.45,20,108.2294,10000,last,0,runs/fwm_iql/hopper_medium_seed42/r_spec_obsadv_hopper_eval.json
offline,FWM-IQL,FWM-IQL,theta_o,spec_obsadv_hopper,obs_uni_0.05,42,0,2159.3856,998.080495268033,1055.318503795133,1142.9035298267163,566.5,20,66.9722,10000,last,0,runs/fwm_iql/hopper_medium_seed42/r_spec_obsadv_hopper_eval.json
offline,FWM-IQL,FWM-IQL,theta_o,spec_obsadv_hopper,obs_uni_0.10,42,1,1288.4789,383.77878885479754,777.5558590716961,808.5568153458412,344.8,20,40.2127,10000,last,0,runs/fwm_iql/hopper_medium_seed42/r_spec_obsadv_hopper_eval.json
offline,FWM-IQL,FWM-IQL,theta_o,spec_obsadv_hopper,obs_uni_0.15,42,0,1063.4111,259.2070566227161,693.2790459157657,731.7094696067845,293.3,20,33.2972,10000,last,0,runs/fwm_iql/hopper_medium_seed42/r_spec_obsadv_hopper_eval.json
offline,FWM-IQL,FWM-IQL,theta_o,spec_obsadv_hopper,obs_rel_0.05,42,0,2539.1919,962.1581071623705,1168.8960266333834,1240.1876732174155,687.4,20,78.6421,10000,last,0,runs/fwm_iql/hopper_medium_seed42/r_spec_obsadv_hopper_eval.json
offline,FWM-IQL,FWM-IQL,theta_o,spec_obsadv_hopper,obs_rel_0.10,42,1,2171.1274,966.4529638586287,1045.6745313302597,1139.909966958925,585.25,20,67.3329,10000,last,0,runs/fwm_iql/hopper_medium_seed42/r_spec_obsadv_hopper_eval.json
offline,FWM-IQL,FWM-IQL,theta_o,spec_obsadv_hopper,obs_bias_0.05,42,0,2303.7257,1102.501234898552,739.006864846231,824.8410719543583,642.1,20,71.4071,10000,last,0,runs/fwm_iql/hopper_medium_seed42/r_spec_obsadv_hopper_eval.json
offline,FWM-IQL,FWM-IQL,theta_o,spec_obsadv_hopper,obs_gauss_0.05,42,0,1441.5096,574.4383481668723,973.763748693587,980.2128029480276,381.6,20,44.9147,10000,last,0,runs/fwm_iql/hopper_medium_seed42/r_spec_obsadv_hopper_eval.json
offline,FWM-IQL,FWM-IQL,theta_o,spec_obsadv_hopper,obs_gauss_0.10,42,1,905.4832,275.20777075323963,32.028964894083046,236.29605730217983,254.35,20,28.4447,10000,last,0,runs/fwm_iql/hopper_medium_seed42/r_spec_obsadv_hopper_eval.json
offline,FWM-IQL,FWM-IQL,theta_o,spec_obsadv_hopper,obs_shift_0.01,42,0,1394.4801,51.38233213911816,1298.038231266261,1298.3024089977348,359.3,20,43.4696,10000,last,0,runs/fwm_iql/hopper_medium_seed42/r_spec_obsadv_hopper_eval.json
offline,FWM-IQL,FWM-IQL,theta_o,spec_obsadv_hopper,obs_shift_0.02,42,0,1104.6567,55.42232238279209,1053.7121966134168,1055.450963791362,296.45,20,34.5645,10000,last,0,runs/fwm_iql/hopper_medium_seed42/r_spec_obsadv_hopper_eval.json
offline,FWM-IQL,FWM-IQL,theta_o,spec_obsadv_mad_hopper,nominal,0,0,3571.6417,23.138387696072563,3528.8707124960765,3541.596576370189,,20,110.3652,10000,,0,runs/fwm_iql/hopper_medium_seed0/r_spec_obsadv_mad_hopper_eval.json
offline,FWM-IQL,FWM-IQL,theta_o,spec_obsadv_mad_hopper,mad_0.02,0,1,1589.8064,670.1267602573753,1068.406803000404,1113.4606415424876,,20,49.4712,10000,,0,runs/fwm_iql/hopper_medium_seed0/r_spec_obsadv_mad_hopper_eval.json
offline,FWM-IQL,FWM-IQL,theta_o,spec_obsadv_mad_hopper,mad_0.035,0,0,1211.6498,370.2137334123652,717.7009439719253,916.3583568139657,,20,37.8520,10000,,0,runs/fwm_iql/hopper_medium_seed0/r_spec_obsadv_mad_hopper_eval.json
offline,FWM-IQL,FWM-IQL,theta_o,spec_obsadv_mad_hopper,mad_0.05,0,1,1031.1358,181.64429241972587,705.7711691583485,806.7713153546676,,20,32.3055,10000,,0,runs/fwm_iql/hopper_medium_seed0/r_spec_obsadv_mad_hopper_eval.json
offline,FWM-IQL,FWM-IQL,theta_o,spec_obsadv_mad_hopper,mad_0.075,0,0,486.1862,358.4093426621232,15.697235963160514,19.622010459488827,,20,15.5614,10000,,0,runs/fwm_iql/hopper_medium_seed0/r_spec_obsadv_mad_hopper_eval.json
offline,FWM-IQL,FWM-IQL,theta_o,spec_obsadv_mad_hopper,mad_0.10,0,0,262.2004,272.7136378464749,15.250435313447898,15.76738098406581,,20,8.6792,10000,,0,runs/fwm_iql/hopper_medium_seed0/r_spec_obsadv_mad_hopper_eval.json
offline,FWM-IQL,FWM-IQL,theta_o,spec_obsadv_mad_hopper,nominal,1,0,3228.3724,689.5423609428649,1942.8428655858431,2039.4017288431012,,20,99.8179,10000,,0,runs/fwm_iql/hopper_medium_seed1/r_spec_obsadv_mad_hopper_eval.json
offline,FWM-IQL,FWM-IQL,theta_o,spec_obsadv_mad_hopper,mad_0.02,1,1,1744.8913,947.8116097381935,980.976595816761,1085.386055239896,,20,54.2364,10000,,0,runs/fwm_iql/hopper_medium_seed1/r_spec_obsadv_mad_hopper_eval.json
offline,FWM-IQL,FWM-IQL,theta_o,spec_obsadv_mad_hopper,mad_0.035,1,0,1307.8303,362.55322392265083,1042.6886478902563,1056.6883822986513,,20,40.8072,10000,,0,runs/fwm_iql/hopper_medium_seed1/r_spec_obsadv_mad_hopper_eval.json
offline,FWM-IQL,FWM-IQL,theta_o,spec_obsadv_mad_hopper,mad_0.05,1,1,1059.7363,157.5096176627846,852.2176453641737,894.8640453673049,,20,33.1843,10000,,0,runs/fwm_iql/hopper_medium_seed1/r_spec_obsadv_mad_hopper_eval.json
offline,FWM-IQL,FWM-IQL,theta_o,spec_obsadv_mad_hopper,mad_0.075,1,0,748.6061,227.52604045606202,17.060526898649528,478.55836450638736,,20,23.6245,10000,,0,runs/fwm_iql/hopper_medium_seed1/r_spec_obsadv_mad_hopper_eval.json
offline,FWM-IQL,FWM-IQL,theta_o,spec_obsadv_mad_hopper,mad_0.10,1,0,351.1773,259.47304543925424,11.572457252164948,25.461471645812686,,20,11.4131,10000,,0,runs/fwm_iql/hopper_medium_seed1/r_spec_obsadv_mad_hopper_eval.json
offline,FWM-IQL,FWM-IQL,theta_o,spec_obsadv_mad_hopper,nominal,2,0,2461.3011,791.2366648242725,1691.4610482455057,1748.413973029381,,20,76.2488,10000,,0,runs/fwm_iql/hopper_medium_seed2/r_spec_obsadv_mad_hopper_eval.json
offline,FWM-IQL,FWM-IQL,theta_o,spec_obsadv_mad_hopper,mad_0.02,2,1,1808.0447,825.2832410025786,1073.311708509898,1144.3968373296925,,20,56.1768,10000,,0,runs/fwm_iql/hopper_medium_seed2/r_spec_obsadv_mad_hopper_eval.json
offline,FWM-IQL,FWM-IQL,theta_o,spec_obsadv_mad_hopper,mad_0.035,2,0,1203.7980,194.36412595914538,934.7029149375822,985.1391280994679,,20,37.6107,10000,,0,runs/fwm_iql/hopper_medium_seed2/r_spec_obsadv_mad_hopper_eval.json
offline,FWM-IQL,FWM-IQL,theta_o,spec_obsadv_mad_hopper,mad_0.05,2,1,994.7260,350.9931308340634,29.156658480053242,620.8068459688535,,20,31.1868,10000,,0,runs/fwm_iql/hopper_medium_seed2/r_spec_obsadv_mad_hopper_eval.json
offline,FWM-IQL,FWM-IQL,theta_o,spec_obsadv_mad_hopper,mad_0.075,2,0,578.0651,371.69669814577287,20.193518025266503,26.816814966784698,,20,18.3845,10000,,0,runs/fwm_iql/hopper_medium_seed2/r_spec_obsadv_mad_hopper_eval.json
offline,FWM-IQL,FWM-IQL,theta_o,spec_obsadv_mad_hopper,mad_0.10,2,0,303.6900,337.28571754928385,12.209344364269905,15.241542449105484,,20,9.9540,10000,,0,runs/fwm_iql/hopper_medium_seed2/r_spec_obsadv_mad_hopper_eval.json
offline,FWM-IQL,FWM-IQL,theta_o,spec_obsadv_mad_hopper,nominal,3407,0,3594.3131,27.311745827852153,3545.306750640227,3556.387302781505,,20,111.0618,10000,,0,runs/fwm_iql/hopper_medium_seed3407/r_spec_obsadv_mad_hopper_eval.json
offline,FWM-IQL,FWM-IQL,theta_o,spec_obsadv_mad_hopper,mad_0.02,3407,1,1654.1273,790.9562066623729,1031.7461857047983,1104.7294112951051,,20,51.4476,10000,,0,runs/fwm_iql/hopper_medium_seed3407/r_spec_obsadv_mad_hopper_eval.json
offline,FWM-IQL,FWM-IQL,theta_o,spec_obsadv_mad_hopper,mad_0.035,3407,0,1136.1148,205.07696034313798,889.4870464645924,928.4122485506208,,20,35.5311,10000,,0,runs/fwm_iql/hopper_medium_seed3407/r_spec_obsadv_mad_hopper_eval.json
offline,FWM-IQL,FWM-IQL,theta_o,spec_obsadv_mad_hopper,mad_0.05,3407,1,955.4187,254.65447644378185,283.1410268890818,682.7100432408107,,20,29.9790,10000,,0,runs/fwm_iql/hopper_medium_seed3407/r_spec_obsadv_mad_hopper_eval.json
offline,FWM-IQL,FWM-IQL,theta_o,spec_obsadv_mad_hopper,mad_0.075,3407,0,603.7913,257.7784619407926,25.45115621681247,211.93424335921677,,20,19.1749,10000,,0,runs/fwm_iql/hopper_medium_seed3407/r_spec_obsadv_mad_hopper_eval.json
offline,FWM-IQL,FWM-IQL,theta_o,spec_obsadv_mad_hopper,mad_0.10,3407,0,417.4268,225.8918858173989,16.656003168821215,93.51137865888514,,20,13.4487,10000,,0,runs/fwm_iql/hopper_medium_seed3407/r_spec_obsadv_mad_hopper_eval.json
offline,FWM-IQL,FWM-IQL,theta_o,spec_obsadv_mad_hopper,nominal,42,0,3502.1320,143.10747516783707,2884.4126780522283,3386.3831368887795,,20,108.2294,10000,,0,runs/fwm_iql/hopper_medium_seed42/r_spec_obsadv_mad_hopper_eval.json
offline,FWM-IQL,FWM-IQL,theta_o,spec_obsadv_mad_hopper,mad_0.02,42,1,1888.9658,967.2311066349806,1046.9259238996572,1087.6614632575447,,20,58.6632,10000,,0,runs/fwm_iql/hopper_medium_seed42/r_spec_obsadv_mad_hopper_eval.json
offline,FWM-IQL,FWM-IQL,theta_o,spec_obsadv_mad_hopper,mad_0.035,42,0,1108.5345,177.0526818112489,879.6317350444481,945.6778606497508,,20,34.6837,10000,,0,runs/fwm_iql/hopper_medium_seed42/r_spec_obsadv_mad_hopper_eval.json
offline,FWM-IQL,FWM-IQL,theta_o,spec_obsadv_mad_hopper,mad_0.05,42,1,879.4073,283.9996205929065,29.135740272148734,503.07700832842454,,20,27.6435,10000,,0,runs/fwm_iql/hopper_medium_seed42/r_spec_obsadv_mad_hopper_eval.json
offline,FWM-IQL,FWM-IQL,theta_o,spec_obsadv_mad_hopper,mad_0.075,42,0,537.0766,252.0089668798245,27.210479700397187,169.3343871658263,,20,17.1250,10000,,0,runs/fwm_iql/hopper_medium_seed42/r_spec_obsadv_mad_hopper_eval.json
offline,FWM-IQL,FWM-IQL,theta_o,spec_obsadv_mad_hopper,mad_0.10,42,0,378.5138,177.31655244969127,37.035160446747454,152.1195899479342,,20,12.2530,10000,,0,runs/fwm_iql/hopper_medium_seed42/r_spec_obsadv_mad_hopper_eval.json
offline,FWM-IQL,FWM-IQL,theta_a,spec_action_hopper,nominal,0,0,3571.6417,23.138387696072563,3528.8707124960765,3532.081551923752,1000.0,20,110.3652,10000,last,0,runs/fwm_iql/hopper_medium_seed0/r_spec_action_hopper_eval.json
offline,FWM-IQL,FWM-IQL,theta_a,spec_action_hopper,act_gauss_0.05,0,0,2141.7488,794.778974883869,1391.398312464696,1397.253692452748,561.55,20,66.4302,10000,last,0,runs/fwm_iql/hopper_medium_seed0/r_spec_action_hopper_eval.json
offline,FWM-IQL,FWM-IQL,theta_a,spec_action_hopper,act_gauss_0.10,0,1,1255.3418,154.98873245100364,1069.3007281507303,1095.043957505255,331.0,20,39.1945,10000,last,0,runs/fwm_iql/hopper_medium_seed0/r_spec_action_hopper_eval.json
offline,FWM-IQL,FWM-IQL,theta_a,spec_action_hopper,act_gauss_0.20,0,0,1067.9785,158.2121567050428,904.8807384327264,911.372703261396,294.05,20,33.4376,10000,last,0,runs/fwm_iql/hopper_medium_seed0/r_spec_action_hopper_eval.json
offline,FWM-IQL,FWM-IQL,theta_a,spec_action_hopper,act_uni_0.10,0,1,2474.1060,984.2861546741665,1253.9668527552014,1288.3612721265001,663.65,20,76.6423,10000,last,0,runs/fwm_iql/hopper_medium_seed0/r_spec_action_hopper_eval.json
offline,FWM-IQL,FWM-IQL,theta_a,spec_action_hopper,act_offset_0.05,0,1,1035.8341,11.342346188825399,1021.2268684475637,1022.56209056338,286.5,20,32.4499,10000,last,0,runs/fwm_iql/hopper_medium_seed0/r_spec_action_hopper_eval.json
offline,FWM-IQL,FWM-IQL,theta_a,spec_action_hopper,act_oppose_0.10,0,1,930.1929,6.493099091761763,919.0276823299225,919.1826558109977,259.85,20,29.2039,10000,last,0,runs/fwm_iql/hopper_medium_seed0/r_spec_action_hopper_eval.json
offline,FWM-IQL,FWM-IQL,theta_a,spec_action_hopper,act_oppose_0.20,0,0,796.0502,6.913553991216529,781.5585360454185,783.6010694790774,235.0,20,25.0823,10000,last,0,runs/fwm_iql/hopper_medium_seed0/r_spec_action_hopper_eval.json
offline,FWM-IQL,FWM-IQL,theta_a,spec_action_hopper,cmd_gauss_0.20,0,0,1067.9785,158.2121567050428,904.8807384327264,911.372703261396,294.05,20,33.4376,10000,last,0,runs/fwm_iql/hopper_medium_seed0/r_spec_action_hopper_eval.json
offline,FWM-IQL,FWM-IQL,theta_a,spec_action_hopper,cmd_oppose_0.20,0,1,796.0502,6.913553991216529,781.5585360454185,783.6010694790774,235.0,20,25.0823,10000,last,0,runs/fwm_iql/hopper_medium_seed0/r_spec_action_hopper_eval.json
offline,FWM-IQL,FWM-IQL,theta_a,spec_action_hopper,nominal,1,0,3228.3724,689.5423609428649,1942.8428655858431,1947.1477406973854,877.25,20,99.8179,10000,last,0,runs/fwm_iql/hopper_medium_seed1/r_spec_action_hopper_eval.json
offline,FWM-IQL,FWM-IQL,theta_a,spec_action_hopper,act_gauss_0.05,1,0,1551.0534,518.5213110971313,1257.5756075228014,1262.585652969342,403.25,20,48.2805,10000,last,0,runs/fwm_iql/hopper_medium_seed1/r_spec_action_hopper_eval.json
offline,FWM-IQL,FWM-IQL,theta_a,spec_action_hopper,act_gauss_0.10,1,1,1127.1952,158.1898166510542,987.7212765790176,1001.002142259211,304.35,20,35.2570,10000,last,0,runs/fwm_iql/hopper_medium_seed1/r_spec_action_hopper_eval.json
offline,FWM-IQL,FWM-IQL,theta_a,spec_action_hopper,act_gauss_0.20,1,0,921.6964,93.49163392862455,797.6254330506277,803.9640754807484,259.65,20,28.9429,10000,last,0,runs/fwm_iql/hopper_medium_seed1/r_spec_action_hopper_eval.json
offline,FWM-IQL,FWM-IQL,theta_a,spec_action_hopper,act_uni_0.10,1,1,1570.5317,523.9571037370248,1164.0306841534916,1183.0094764205369,408.2,20,48.8790,10000,last,0,runs/fwm_iql/hopper_medium_seed1/r_spec_action_hopper_eval.json
offline,FWM-IQL,FWM-IQL,theta_a,spec_action_hopper,act_offset_0.05,1,1,986.2363,11.661561108923552,958.3924814938927,965.3714557386224,272.95,20,30.9259,10000,last,0,runs/fwm_iql/hopper_medium_seed1/r_spec_action_hopper_eval.json
offline,FWM-IQL,FWM-IQL,theta_a,spec_action_hopper,act_oppose_0.10,1,1,807.8228,11.28047664856555,790.1920976417119,790.7435141845455,235.95,20,25.4440,10000,last,0,runs/fwm_iql/hopper_medium_seed1/r_spec_action_hopper_eval.json
offline,FWM-IQL,FWM-IQL,theta_a,spec_action_hopper,act_oppose_0.20,1,0,611.3702,3.255377920071336,607.7446722374957,607.8758814212058,197.75,20,19.4078,10000,last,0,runs/fwm_iql/hopper_medium_seed1/r_spec_action_hopper_eval.json
offline,FWM-IQL,FWM-IQL,theta_a,spec_action_hopper,cmd_gauss_0.20,1,0,921.6964,93.49163392862455,797.6254330506277,803.9640754807484,259.65,20,28.9429,10000,last,0,runs/fwm_iql/hopper_medium_seed1/r_spec_action_hopper_eval.json
offline,FWM-IQL,FWM-IQL,theta_a,spec_action_hopper,cmd_oppose_0.20,1,1,611.3702,3.255377920071336,607.7446722374957,607.8758814212058,197.75,20,19.4078,10000,last,0,runs/fwm_iql/hopper_medium_seed1/r_spec_action_hopper_eval.json
offline,FWM-IQL,FWM-IQL,theta_a,spec_action_hopper,nominal,2,0,2461.3011,791.2366648242725,1691.4610482455057,1699.1234062556953,640.65,20,76.2488,10000,last,0,runs/fwm_iql/hopper_medium_seed2/r_spec_action_hopper_eval.json
offline,FWM-IQL,FWM-IQL,theta_a,spec_action_hopper,act_gauss_0.05,2,0,1389.8099,185.5374585277339,1185.5965596330177,1189.1206748356963,359.05,20,43.3262,10000,last,0,runs/fwm_iql/hopper_medium_seed2/r_spec_action_hopper_eval.json
offline,FWM-IQL,FWM-IQL,theta_a,spec_action_hopper,act_gauss_0.10,2,1,1105.2616,100.60782239053071,1011.9265962040636,1014.5461670724637,298.7,20,34.5831,10000,last,0,runs/fwm_iql/hopper_medium_seed2/r_spec_action_hopper_eval.json
offline,FWM-IQL,FWM-IQL,theta_a,spec_action_hopper,act_gauss_0.20,2,0,1064.3316,118.34833038986834,906.3511319426942,922.77835482463,293.2,20,33.3255,10000,last,0,runs/fwm_iql/hopper_medium_seed2/r_spec_action_hopper_eval.json
offline,FWM-IQL,FWM-IQL,theta_a,spec_action_hopper,act_uni_0.10,2,1,1365.6679,145.28970490772457,1184.8288261944062,1185.7243649257543,355.15,20,42.5844,10000,last,0,runs/fwm_iql/hopper_medium_seed2/r_spec_action_hopper_eval.json
offline,FWM-IQL,FWM-IQL,theta_a,spec_action_hopper,act_offset_0.05,2,1,1001.9408,7.042050798727274,991.0111673483101,991.6590725422097,276.0,20,31.4085,10000,last,0,runs/fwm_iql/hopper_medium_seed2/r_spec_action_hopper_eval.json
offline,FWM-IQL,FWM-IQL,theta_a,spec_action_hopper,act_oppose_0.10,2,1,927.5314,8.824895185556766,911.852095210942,913.0632939945374,258.35,20,29.1222,10000,last,0,runs/fwm_iql/hopper_medium_seed2/r_spec_action_hopper_eval.json
offline,FWM-IQL,FWM-IQL,theta_a,spec_action_hopper,act_oppose_0.20,2,0,636.5068,4.990061686386184,625.3179704194606,628.0319019056528,205.45,20,20.1801,10000,last,0,runs/fwm_iql/hopper_medium_seed2/r_spec_action_hopper_eval.json
offline,FWM-IQL,FWM-IQL,theta_a,spec_action_hopper,cmd_gauss_0.20,2,0,1064.3316,118.34833038986834,906.3511319426942,922.77835482463,293.2,20,33.3255,10000,last,0,runs/fwm_iql/hopper_medium_seed2/r_spec_action_hopper_eval.json
offline,FWM-IQL,FWM-IQL,theta_a,spec_action_hopper,cmd_oppose_0.20,2,1,636.5068,4.990061686386184,625.3179704194606,628.0319019056528,205.45,20,20.1801,10000,last,0,runs/fwm_iql/hopper_medium_seed2/r_spec_action_hopper_eval.json
offline,FWM-IQL,FWM-IQL,theta_a,spec_action_hopper,nominal,3407,0,3594.3131,27.311745827852153,3545.306750640227,3546.7705649632703,1000.0,20,111.0618,10000,last,0,runs/fwm_iql/hopper_medium_seed3407/r_spec_action_hopper_eval.json
offline,FWM-IQL,FWM-IQL,theta_a,spec_action_hopper,act_gauss_0.05,3407,0,2124.0366,891.5306721454315,1396.2025630325722,1400.1360145929957,559.45,20,65.8860,10000,last,0,runs/fwm_iql/hopper_medium_seed3407/r_spec_action_hopper_eval.json
offline,FWM-IQL,FWM-IQL,theta_a,spec_action_hopper,act_gauss_0.10,3407,1,1242.5315,106.97574543655189,1140.4840607726246,1144.653319220439,325.15,20,38.8009,10000,last,0,runs/fwm_iql/hopper_medium_seed3407/r_spec_action_hopper_eval.json
offline,FWM-IQL,FWM-IQL,theta_a,spec_action_hopper,act_gauss_0.20,3407,0,958.3379,156.15004566492695,680.7308227709199,686.7335363387082,269.4,20,30.0687,10000,last,0,runs/fwm_iql/hopper_medium_seed3407/r_spec_action_hopper_eval.json
offline,FWM-IQL,FWM-IQL,theta_a,spec_action_hopper,act_uni_0.10,3407,1,2234.7347,841.222282690059,1307.2441552869527,1307.3915847218304,578.1,20,69.2873,10000,last,0,runs/fwm_iql/hopper_medium_seed3407/r_spec_action_hopper_eval.json
offline,FWM-IQL,FWM-IQL,theta_a,spec_action_hopper,act_offset_0.05,3407,1,1044.6062,55.205378592832496,999.091347368727,1000.0779819125244,285.15,20,32.7194,10000,last,0,runs/fwm_iql/hopper_medium_seed3407/r_spec_action_hopper_eval.json
offline,FWM-IQL,FWM-IQL,theta_a,spec_action_hopper,act_oppose_0.10,3407,1,925.4779,9.800322910122068,906.745132014474,907.9933991287077,257.8,20,29.0591,10000,last,0,runs/fwm_iql/hopper_medium_seed3407/r_spec_action_hopper_eval.json
offline,FWM-IQL,FWM-IQL,theta_a,spec_action_hopper,act_oppose_0.20,3407,0,752.7515,46.4513779452507,652.2599153764288,654.3738564715529,227.85,20,23.7519,10000,last,0,runs/fwm_iql/hopper_medium_seed3407/r_spec_action_hopper_eval.json
offline,FWM-IQL,FWM-IQL,theta_a,spec_action_hopper,cmd_gauss_0.20,3407,0,958.3379,156.15004566492695,680.7308227709199,686.7335363387082,269.4,20,30.0687,10000,last,0,runs/fwm_iql/hopper_medium_seed3407/r_spec_action_hopper_eval.json
offline,FWM-IQL,FWM-IQL,theta_a,spec_action_hopper,cmd_oppose_0.20,3407,1,752.7515,46.4513779452507,652.2599153764288,654.3738564715529,227.85,20,23.7519,10000,last,0,runs/fwm_iql/hopper_medium_seed3407/r_spec_action_hopper_eval.json
offline,FWM-IQL,FWM-IQL,theta_a,spec_action_hopper,nominal,42,0,3502.1320,143.10747516783707,2884.4126780522283,3194.778833613563,985.45,20,108.2294,10000,last,0,runs/fwm_iql/hopper_medium_seed42/r_spec_action_hopper_eval.json
offline,FWM-IQL,FWM-IQL,theta_a,spec_action_hopper,act_gauss_0.05,42,0,1820.6392,780.7729984483872,1255.499221105012,1274.7542164796118,478.35,20,56.5638,10000,last,0,runs/fwm_iql/hopper_medium_seed42/r_spec_action_hopper_eval.json
offline,FWM-IQL,FWM-IQL,theta_a,spec_action_hopper,act_gauss_0.10,42,1,1211.6305,209.53048891225146,1013.3418773314464,1019.4506506484358,320.2,20,37.8514,10000,last,0,runs/fwm_iql/hopper_medium_seed42/r_spec_action_hopper_eval.json
offline,FWM-IQL,FWM-IQL,theta_a,spec_action_hopper,act_gauss_0.20,42,0,973.4987,69.76116262372102,871.7403777880735,882.0399585347291,270.45,20,30.5346,10000,last,0,runs/fwm_iql/hopper_medium_seed42/r_spec_action_hopper_eval.json
offline,FWM-IQL,FWM-IQL,theta_a,spec_action_hopper,act_uni_0.10,42,1,1539.0888,250.367574353881,1259.0477861684049,1285.8304524006842,395.1,20,47.9129,10000,last,0,runs/fwm_iql/hopper_medium_seed42/r_spec_action_hopper_eval.json
offline,FWM-IQL,FWM-IQL,theta_a,spec_action_hopper,act_offset_0.05,42,1,993.9241,11.292790447650415,973.1164646500804,973.7292553845916,274.8,20,31.1622,10000,last,0,runs/fwm_iql/hopper_medium_seed42/r_spec_action_hopper_eval.json
offline,FWM-IQL,FWM-IQL,theta_a,spec_action_hopper,act_oppose_0.10,42,1,885.1549,5.421579079955451,877.4434632784843,877.4867161005191,248.8,20,27.8201,10000,last,0,runs/fwm_iql/hopper_medium_seed42/r_spec_action_hopper_eval.json
offline,FWM-IQL,FWM-IQL,theta_a,spec_action_hopper,act_oppose_0.20,42,0,755.4528,11.57804536766563,731.6062181472446,736.7367646307482,227.55,20,23.8349,10000,last,0,runs/fwm_iql/hopper_medium_seed42/r_spec_action_hopper_eval.json
offline,FWM-IQL,FWM-IQL,theta_a,spec_action_hopper,cmd_gauss_0.20,42,0,973.4987,69.76116262372102,871.7403777880735,882.0399585347291,270.45,20,30.5346,10000,last,0,runs/fwm_iql/hopper_medium_seed42/r_spec_action_hopper_eval.json
offline,FWM-IQL,FWM-IQL,theta_a,spec_action_hopper,cmd_oppose_0.20,42,1,755.4528,11.57804536766563,731.6062181472446,736.7367646307482,227.55,20,23.8349,10000,last,0,runs/fwm_iql/hopper_medium_seed42/r_spec_action_hopper_eval.json
offline,FWM-IQL,FWM-IQL,theta_p,spec_transition_hopper,nominal,0,0,3571.6417,23.138387696072563,3528.8707124960765,3532.081551923752,1000.0,20,110.3652,10000,last,0,runs/fwm_iql/hopper_medium_seed0/r_spec_transition_hopper_eval.json
offline,FWM-IQL,FWM-IQL,theta_p,spec_transition_hopper,trans_t1,0,1,1763.2386,739.7766485217442,1066.5803762887508,1095.2159980969582,463.8,20,54.8001,10000,last,0,runs/fwm_iql/hopper_medium_seed0/r_spec_transition_hopper_eval.json
offline,FWM-IQL,FWM-IQL,theta_p,spec_transition_hopper,trans_t2,0,0,1293.9514,468.73017176406137,807.8432763365356,818.5807289913679,353.4,20,40.3808,10000,last,0,runs/fwm_iql/hopper_medium_seed0/r_spec_transition_hopper_eval.json
offline,FWM-IQL,FWM-IQL,theta_p,spec_transition_hopper,trans_t3,0,0,934.1933,415.33752224068013,31.845915150729333,316.8570827342066,270.1,20,29.3269,10000,last,0,runs/fwm_iql/hopper_medium_seed0/r_spec_transition_hopper_eval.json
offline,FWM-IQL,FWM-IQL,theta_p,spec_transition_hopper,nominal,1,0,3228.3724,689.5423609428649,1942.8428655858431,1947.1477406973854,877.25,20,99.8179,10000,last,0,runs/fwm_iql/hopper_medium_seed1/r_spec_transition_hopper_eval.json
offline,FWM-IQL,FWM-IQL,theta_p,spec_transition_hopper,trans_t1,1,1,1661.1242,813.9309927475825,1005.0260068999404,1017.3834853960643,441.4,20,51.6626,10000,last,0,runs/fwm_iql/hopper_medium_seed1/r_spec_transition_hopper_eval.json
offline,FWM-IQL,FWM-IQL,theta_p,spec_transition_hopper,trans_t2,1,0,1310.9005,553.0997029754228,835.7430563396209,852.703312839985,357.35,20,40.9016,10000,last,0,runs/fwm_iql/hopper_medium_seed1/r_spec_transition_hopper_eval.json
offline,FWM-IQL,FWM-IQL,theta_p,spec_transition_hopper,trans_t3,1,0,1244.7528,599.2396935456868,510.7932966509352,547.2493274321953,349.9,20,38.8691,10000,last,0,runs/fwm_iql/hopper_medium_seed1/r_spec_transition_hopper_eval.json
offline,FWM-IQL,FWM-IQL,theta_p,spec_transition_hopper,nominal,2,0,2461.3011,791.2366648242725,1691.4610482455057,1699.1234062556953,640.65,20,76.2488,10000,last,0,runs/fwm_iql/hopper_medium_seed2/r_spec_transition_hopper_eval.json
offline,FWM-IQL,FWM-IQL,theta_p,spec_transition_hopper,trans_t1,2,1,1649.9471,861.9001428401712,986.8925558865074,997.2445460297869,439.65,20,51.3191,10000,last,0,runs/fwm_iql/hopper_medium_seed2/r_spec_transition_hopper_eval.json
offline,FWM-IQL,FWM-IQL,theta_p,spec_transition_hopper,trans_t2,2,0,1458.0210,732.1355430918289,803.7876475561687,821.5262021843362,396.5,20,45.4220,10000,last,0,runs/fwm_iql/hopper_medium_seed2/r_spec_transition_hopper_eval.json
offline,FWM-IQL,FWM-IQL,theta_p,spec_transition_hopper,trans_t3,2,0,1165.4257,623.0278934544791,485.0087535456249,494.8502093193637,333.3,20,36.4317,10000,last,0,runs/fwm_iql/hopper_medium_seed2/r_spec_transition_hopper_eval.json
offline,FWM-IQL,FWM-IQL,theta_p,spec_transition_hopper,nominal,3407,0,3594.3131,27.311745827852153,3545.306750640227,3546.7705649632703,1000.0,20,111.0618,10000,last,0,runs/fwm_iql/hopper_medium_seed3407/r_spec_transition_hopper_eval.json
offline,FWM-IQL,FWM-IQL,theta_p,spec_transition_hopper,trans_t1,3407,1,1751.6381,795.7314424831654,1019.0420653018176,1025.0327144772918,461.75,20,54.4437,10000,last,0,runs/fwm_iql/hopper_medium_seed3407/r_spec_transition_hopper_eval.json
offline,FWM-IQL,FWM-IQL,theta_p,spec_transition_hopper,trans_t2,3407,0,1326.7597,636.0100874545616,711.9921391525049,758.157351966913,363.25,20,41.3889,10000,last,0,runs/fwm_iql/hopper_medium_seed3407/r_spec_transition_hopper_eval.json
offline,FWM-IQL,FWM-IQL,theta_p,spec_transition_hopper,trans_t3,3407,0,1166.6546,495.76877993425035,554.5018942833539,615.6492327717077,328.95,20,36.4695,10000,last,0,runs/fwm_iql/hopper_medium_seed3407/r_spec_transition_hopper_eval.json
offline,FWM-IQL,FWM-IQL,theta_p,spec_transition_hopper,nominal,42,0,3502.1320,143.10747516783707,2884.4126780522283,3194.778833613563,985.45,20,108.2294,10000,last,0,runs/fwm_iql/hopper_medium_seed42/r_spec_transition_hopper_eval.json
offline,FWM-IQL,FWM-IQL,theta_p,spec_transition_hopper,trans_t1,42,1,1633.9200,755.7291238588023,996.0750027225802,1004.9169444368839,432.9,20,50.8267,10000,last,0,runs/fwm_iql/hopper_medium_seed42/r_spec_transition_hopper_eval.json
offline,FWM-IQL,FWM-IQL,theta_p,spec_transition_hopper,trans_t2,42,0,1430.2986,761.088468531267,716.1143007311777,747.872523607218,393.2,20,44.5702,10000,last,0,runs/fwm_iql/hopper_medium_seed42/r_spec_transition_hopper_eval.json
offline,FWM-IQL,FWM-IQL,theta_p,spec_transition_hopper,trans_t3,42,0,1253.4016,574.4244219186986,619.4230504816072,650.9590221943541,354.6,20,39.1349,10000,last,0,runs/fwm_iql/hopper_medium_seed42/r_spec_transition_hopper_eval.json
offline,FWM-IQL,FWM-IQL,theta_p,spec_push_hopper,nominal,0,0,3571.6417,23.138387696072563,3528.8707124960765,3532.081551923752,1000.0,20,110.3652,10000,last,0,runs/fwm_iql/hopper_medium_seed0/r_spec_push_hopper_eval.json
offline,FWM-IQL,FWM-IQL,theta_p,spec_push_hopper,push_30,0,0,2403.1754,960.6722436775897,983.7575073094025,1095.0137985967197,637.9,20,74.4628,10000,last,0,runs/fwm_iql/hopper_medium_seed0/r_spec_push_hopper_eval.json
offline,FWM-IQL,FWM-IQL,theta_p,spec_push_hopper,push_60,0,1,1415.9050,719.319371009248,718.2518955348157,734.8766637246634,379.15,20,44.1279,10000,last,0,runs/fwm_iql/hopper_medium_seed0/r_spec_push_hopper_eval.json
offline,FWM-IQL,FWM-IQL,theta_p,spec_push_hopper,push_100,0,0,1008.3694,567.1748226433109,513.1950167785022,543.0499721378128,280.0,20,31.6060,10000,last,0,runs/fwm_iql/hopper_medium_seed0/r_spec_push_hopper_eval.json
offline,FWM-IQL,FWM-IQL,theta_p,spec_push_hopper,push_150,0,0,617.3050,485.5449567935021,42.234430989547164,139.74539570289676,180.8,20,19.5901,10000,last,0,runs/fwm_iql/hopper_medium_seed0/r_spec_push_hopper_eval.json
offline,FWM-IQL,FWM-IQL,theta_p,spec_push_hopper,nominal,1,0,3228.3724,689.5423609428649,1942.8428655858431,1947.1477406973854,877.25,20,99.8179,10000,last,0,runs/fwm_iql/hopper_medium_seed1/r_spec_push_hopper_eval.json
offline,FWM-IQL,FWM-IQL,theta_p,spec_push_hopper,push_30,1,0,2258.6996,1055.2534069370718,951.6951802654283,995.349603648518,600.45,20,70.0237,10000,last,0,runs/fwm_iql/hopper_medium_seed1/r_spec_push_hopper_eval.json
offline,FWM-IQL,FWM-IQL,theta_p,spec_push_hopper,push_60,1,1,1474.5280,873.5344650620833,698.9640698639025,712.0053169745901,395.6,20,45.9292,10000,last,0,runs/fwm_iql/hopper_medium_seed1/r_spec_push_hopper_eval.json
offline,FWM-IQL,FWM-IQL,theta_p,spec_push_hopper,push_100,1,0,1026.5771,561.4049872414877,502.68418757982755,523.5798728337229,292.2,20,32.1655,10000,last,0,runs/fwm_iql/hopper_medium_seed1/r_spec_push_hopper_eval.json
offline,FWM-IQL,FWM-IQL,theta_p,spec_push_hopper,push_150,1,0,775.3154,564.4046904713551,69.5765384538186,150.13885689817957,225.6,20,24.4452,10000,last,0,runs/fwm_iql/hopper_medium_seed1/r_spec_push_hopper_eval.json
offline,FWM-IQL,FWM-IQL,theta_p,spec_push_hopper,nominal,2,0,2461.3011,791.2366648242725,1691.4610482455057,1699.1234062556953,640.65,20,76.2488,10000,last,0,runs/fwm_iql/hopper_medium_seed2/r_spec_push_hopper_eval.json
offline,FWM-IQL,FWM-IQL,theta_p,spec_push_hopper,push_30,2,0,1997.6282,919.5620414229636,961.6764918254868,1005.1513514860817,526.95,20,62.0020,10000,last,0,runs/fwm_iql/hopper_medium_seed2/r_spec_push_hopper_eval.json
offline,FWM-IQL,FWM-IQL,theta_p,spec_push_hopper,push_60,2,1,1520.6453,864.2709436837313,696.2272808368127,717.7787491811227,404.65,20,47.3462,10000,last,0,runs/fwm_iql/hopper_medium_seed2/r_spec_push_hopper_eval.json
offline,FWM-IQL,FWM-IQL,theta_p,spec_push_hopper,push_100,2,0,1027.0119,590.8870042783186,461.30226641343916,509.3608462117011,291.4,20,32.1788,10000,last,0,runs/fwm_iql/hopper_medium_seed2/r_spec_push_hopper_eval.json
offline,FWM-IQL,FWM-IQL,theta_p,spec_push_hopper,push_150,2,0,826.7319,626.7864577518219,52.888276847495064,155.05485927740045,242.65,20,26.0250,10000,last,0,runs/fwm_iql/hopper_medium_seed2/r_spec_push_hopper_eval.json
offline,FWM-IQL,FWM-IQL,theta_p,spec_push_hopper,nominal,3407,0,3594.3131,27.311745827852153,3545.306750640227,3546.7705649632703,1000.0,20,111.0618,10000,last,0,runs/fwm_iql/hopper_medium_seed3407/r_spec_push_hopper_eval.json
offline,FWM-IQL,FWM-IQL,theta_p,spec_push_hopper,push_30,3407,0,2333.3567,985.9030241681951,1037.1176709543329,1043.333270824819,620.15,20,72.3176,10000,last,0,runs/fwm_iql/hopper_medium_seed3407/r_spec_push_hopper_eval.json
offline,FWM-IQL,FWM-IQL,theta_p,spec_push_hopper,push_60,3407,1,1354.0411,592.8046587966828,734.2280251831866,750.1305800790504,360.3,20,42.2271,10000,last,0,runs/fwm_iql/hopper_medium_seed3407/r_spec_push_hopper_eval.json
offline,FWM-IQL,FWM-IQL,theta_p,spec_push_hopper,push_100,3407,0,1163.4103,767.1101258127865,200.03579547287305,380.3539613820383,327.6,20,36.3698,10000,last,0,runs/fwm_iql/hopper_medium_seed3407/r_spec_push_hopper_eval.json
offline,FWM-IQL,FWM-IQL,theta_p,spec_push_hopper,push_150,3407,0,772.5520,617.2177449977119,74.31717454444335,136.760727116738,225.7,20,24.3603,10000,last,0,runs/fwm_iql/hopper_medium_seed3407/r_spec_push_hopper_eval.json
offline,FWM-IQL,FWM-IQL,theta_p,spec_push_hopper,nominal,42,0,3502.1320,143.10747516783707,2884.4126780522283,3194.778833613563,985.45,20,108.2294,10000,last,0,runs/fwm_iql/hopper_medium_seed42/r_spec_push_hopper_eval.json
offline,FWM-IQL,FWM-IQL,theta_p,spec_push_hopper,push_30,42,0,2227.7059,979.625991644572,966.2659662374131,1002.8673722119544,593.35,20,69.0714,10000,last,0,runs/fwm_iql/hopper_medium_seed42/r_spec_push_hopper_eval.json
offline,FWM-IQL,FWM-IQL,theta_p,spec_push_hopper,push_60,42,1,1499.1713,850.6471358029685,714.2788650826107,738.0882316066828,406.0,20,46.6864,10000,last,0,runs/fwm_iql/hopper_medium_seed42/r_spec_push_hopper_eval.json
offline,FWM-IQL,FWM-IQL,theta_p,spec_push_hopper,push_100,42,0,999.3181,605.3526826974664,317.8265644890641,417.35781856292954,283.9,20,31.3279,10000,last,0,runs/fwm_iql/hopper_medium_seed42/r_spec_push_hopper_eval.json
offline,FWM-IQL,FWM-IQL,theta_p,spec_push_hopper,push_150,42,0,776.8594,638.7624582104107,42.21773359181499,118.3773649466155,225.05,20,24.4926,10000,last,0,runs/fwm_iql/hopper_medium_seed42/r_spec_push_hopper_eval.json
offline,FWM-IQL,FWM-IQL,theta_p,spec_timevar_hopper,nominal,0,0,3571.6417,23.138387696072563,3528.8707124960765,3532.081551923752,1000.0,20,110.3652,10000,last,0,runs/fwm_iql/hopper_medium_seed0/r_spec_timevar_hopper_eval.json
offline,FWM-IQL,FWM-IQL,theta_p,spec_timevar_hopper,gear_static_0.8,0,1,667.9832,18.455754977175506,622.0938975169748,630.4985681363055,208.95,20,21.1473,10000,last,0,runs/fwm_iql/hopper_medium_seed0/r_spec_timevar_hopper_eval.json
offline,FWM-IQL,FWM-IQL,theta_p,spec_timevar_hopper,gear_step_0.8,0,0,2454.0447,54.45263973656495,2402.0549765156534,2402.9973616109414,676.65,20,76.0259,10000,last,0,runs/fwm_iql/hopper_medium_seed0/r_spec_timevar_hopper_eval.json
offline,FWM-IQL,FWM-IQL,theta_p,spec_timevar_hopper,gear_ramp_0.8,0,1,1399.6031,73.71514266604017,1323.461560583828,1327.1788228265482,366.8,20,43.6271,10000,last,0,runs/fwm_iql/hopper_medium_seed0/r_spec_timevar_hopper_eval.json
offline,FWM-IQL,FWM-IQL,theta_p,spec_timevar_hopper,gear_sine_p200,0,0,1035.7563,14.958228829612803,1009.9414750219607,1010.1179854899206,282.95,20,32.4475,10000,last,0,runs/fwm_iql/hopper_medium_seed0/r_spec_timevar_hopper_eval.json
offline,FWM-IQL,FWM-IQL,theta_p,spec_timevar_hopper,gear_sine_p500,0,1,1804.0438,36.602695684728396,1721.2215806777665,1730.2594053728171,500.2,20,56.0539,10000,last,0,runs/fwm_iql/hopper_medium_seed0/r_spec_timevar_hopper_eval.json
offline,FWM-IQL,FWM-IQL,theta_p,spec_timevar_hopper,gravity_ramp_1.2,0,0,3505.9269,360.168185928791,1967.7786833852754,2666.948306873474,954.25,20,108.3460,10000,last,0,runs/fwm_iql/hopper_medium_seed0/r_spec_timevar_hopper_eval.json
offline,FWM-IQL,FWM-IQL,theta_p,spec_timevar_hopper,nominal,1,0,3228.3724,689.5423609428649,1942.8428655858431,1947.1477406973854,877.25,20,99.8179,10000,last,0,runs/fwm_iql/hopper_medium_seed1/r_spec_timevar_hopper_eval.json
offline,FWM-IQL,FWM-IQL,theta_p,spec_timevar_hopper,gear_static_0.8,1,1,590.8416,2.2937991829026547,586.9568008015596,586.9911430633681,193.2,20,18.7770,10000,last,0,runs/fwm_iql/hopper_medium_seed1/r_spec_timevar_hopper_eval.json
offline,FWM-IQL,FWM-IQL,theta_p,spec_timevar_hopper,gear_step_0.8,1,0,2360.4336,199.63011713198367,1942.8428655858431,1947.1477406973854,630.5,20,73.1496,10000,last,0,runs/fwm_iql/hopper_medium_seed1/r_spec_timevar_hopper_eval.json
offline,FWM-IQL,FWM-IQL,theta_p,spec_timevar_hopper,gear_ramp_0.8,1,1,1259.3985,43.15519513570974,1179.8749800200308,1191.276833250532,332.95,20,39.3191,10000,last,0,runs/fwm_iql/hopper_medium_seed1/r_spec_timevar_hopper_eval.json
offline,FWM-IQL,FWM-IQL,theta_p,spec_timevar_hopper,gear_sine_p200,1,0,1011.6646,11.930108904206717,989.048397906634,991.8460026358637,276.1,20,31.7072,10000,last,0,runs/fwm_iql/hopper_medium_seed1/r_spec_timevar_hopper_eval.json
offline,FWM-IQL,FWM-IQL,theta_p,spec_timevar_hopper,gear_sine_p500,1,1,1861.9605,42.89101720306971,1711.125886574086,1743.4014230744497,517.4,20,57.8335,10000,last,0,runs/fwm_iql/hopper_medium_seed1/r_spec_timevar_hopper_eval.json
offline,FWM-IQL,FWM-IQL,theta_p,spec_timevar_hopper,gravity_ramp_1.2,1,0,2222.1240,862.1842385543687,1467.846754088663,1495.5112640059365,576.05,20,68.8999,10000,last,0,runs/fwm_iql/hopper_medium_seed1/r_spec_timevar_hopper_eval.json
offline,FWM-IQL,FWM-IQL,theta_p,spec_timevar_hopper,nominal,2,0,2461.3011,791.2366648242725,1691.4610482455057,1699.1234062556953,640.65,20,76.2488,10000,last,0,runs/fwm_iql/hopper_medium_seed2/r_spec_timevar_hopper_eval.json
offline,FWM-IQL,FWM-IQL,theta_p,spec_timevar_hopper,gear_static_0.8,2,1,608.9132,2.2149786861167695,605.4482619901219,605.6270183111133,197.05,20,19.3323,10000,last,0,runs/fwm_iql/hopper_medium_seed2/r_spec_timevar_hopper_eval.json
offline,FWM-IQL,FWM-IQL,theta_p,spec_timevar_hopper,gear_step_0.8,2,0,2105.7573,299.98813016740763,1691.4610482455057,1699.1234062556953,542.05,20,65.3244,10000,last,0,runs/fwm_iql/hopper_medium_seed2/r_spec_timevar_hopper_eval.json
offline,FWM-IQL,FWM-IQL,theta_p,spec_timevar_hopper,gear_ramp_0.8,2,1,1202.7605,21.231136753208933,1176.519410109037,1177.6167411873944,318.1,20,37.5789,10000,last,0,runs/fwm_iql/hopper_medium_seed2/r_spec_timevar_hopper_eval.json
offline,FWM-IQL,FWM-IQL,theta_p,spec_timevar_hopper,gear_sine_p200,2,0,976.1492,9.745001595802151,958.2037206594841,958.8205134892006,268.6,20,30.6160,10000,last,0,runs/fwm_iql/hopper_medium_seed2/r_spec_timevar_hopper_eval.json
offline,FWM-IQL,FWM-IQL,theta_p,spec_timevar_hopper,gear_sine_p500,2,1,1963.6236,377.5703781769713,1843.4251983769848,1851.3358838850256,542.55,20,60.9572,10000,last,0,runs/fwm_iql/hopper_medium_seed2/r_spec_timevar_hopper_eval.json
offline,FWM-IQL,FWM-IQL,theta_p,spec_timevar_hopper,gravity_ramp_1.2,2,0,1738.3813,651.5840288473696,1347.7619948165875,1348.7231020437744,449.7,20,54.0364,10000,last,0,runs/fwm_iql/hopper_medium_seed2/r_spec_timevar_hopper_eval.json
offline,FWM-IQL,FWM-IQL,theta_p,spec_timevar_hopper,nominal,3407,0,3594.3131,27.311745827852153,3545.306750640227,3546.7705649632703,1000.0,20,111.0618,10000,last,0,runs/fwm_iql/hopper_medium_seed3407/r_spec_timevar_hopper_eval.json
offline,FWM-IQL,FWM-IQL,theta_p,spec_timevar_hopper,gear_static_0.8,3407,1,626.1499,2.7407280839868156,621.8534992641182,622.1416102201878,201.1,20,19.8619,10000,last,0,runs/fwm_iql/hopper_medium_seed3407/r_spec_timevar_hopper_eval.json
offline,FWM-IQL,FWM-IQL,theta_p,spec_timevar_hopper,gear_step_0.8,3407,0,2459.0120,44.773608478536175,2411.2745067029455,2419.314881831676,675.45,20,76.1785,10000,last,0,runs/fwm_iql/hopper_medium_seed3407/r_spec_timevar_hopper_eval.json
offline,FWM-IQL,FWM-IQL,theta_p,spec_timevar_hopper,gear_ramp_0.8,3407,1,1400.3295,85.997057145089,1302.6402451735485,1303.307753570628,365.75,20,43.6494,10000,last,0,runs/fwm_iql/hopper_medium_seed3407/r_spec_timevar_hopper_eval.json
offline,FWM-IQL,FWM-IQL,theta_p,spec_timevar_hopper,gear_sine_p200,3407,0,999.0853,7.914507036878578,985.2205074127995,985.589526611018,273.65,20,31.3207,10000,last,0,runs/fwm_iql/hopper_medium_seed3407/r_spec_timevar_hopper_eval.json
offline,FWM-IQL,FWM-IQL,theta_p,spec_timevar_hopper,gear_sine_p500,3407,1,1820.6025,32.401381661689335,1787.139710252982,1787.3732314660774,498.85,20,56.5627,10000,last,0,runs/fwm_iql/hopper_medium_seed3407/r_spec_timevar_hopper_eval.json
offline,FWM-IQL,FWM-IQL,theta_p,spec_timevar_hopper,gravity_ramp_1.2,3407,0,3154.3271,604.6732669197206,1555.1871373443582,1713.1802811952919,831.1,20,97.5428,10000,last,0,runs/fwm_iql/hopper_medium_seed3407/r_spec_timevar_hopper_eval.json
offline,FWM-IQL,FWM-IQL,theta_p,spec_timevar_hopper,nominal,42,0,3502.1320,143.10747516783707,2884.4126780522283,3194.778833613563,985.45,20,108.2294,10000,last,0,runs/fwm_iql/hopper_medium_seed42/r_spec_timevar_hopper_eval.json
offline,FWM-IQL,FWM-IQL,theta_p,spec_timevar_hopper,gear_static_0.8,42,1,623.8569,4.3867789530515795,615.7656996824112,616.3857433042292,200.4,20,19.7915,10000,last,0,runs/fwm_iql/hopper_medium_seed42/r_spec_timevar_hopper_eval.json
offline,FWM-IQL,FWM-IQL,theta_p,spec_timevar_hopper,gear_step_0.8,42,0,2426.0270,33.343082191345964,2378.4413002318915,2381.24445896167,671.4,20,75.1650,10000,last,0,runs/fwm_iql/hopper_medium_seed42/r_spec_timevar_hopper_eval.json
offline,FWM-IQL,FWM-IQL,theta_p,spec_timevar_hopper,gear_ramp_0.8,42,1,1303.0180,38.814814992543276,1249.9149563690805,1251.8248476200383,342.0,20,40.6594,10000,last,0,runs/fwm_iql/hopper_medium_seed42/r_spec_timevar_hopper_eval.json
offline,FWM-IQL,FWM-IQL,theta_p,spec_timevar_hopper,gear_sine_p200,42,0,996.7426,8.451124922100213,985.5940197016726,985.967774474158,272.3,20,31.2488,10000,last,0,runs/fwm_iql/hopper_medium_seed42/r_spec_timevar_hopper_eval.json
offline,FWM-IQL,FWM-IQL,theta_p,spec_timevar_hopper,gear_sine_p500,42,1,1792.1160,53.8477738532093,1697.150561866779,1700.093266573705,496.4,20,55.6874,10000,last,0,runs/fwm_iql/hopper_medium_seed42/r_spec_timevar_hopper_eval.json
offline,FWM-IQL,FWM-IQL,theta_p,spec_timevar_hopper,gravity_ramp_1.2,42,0,2271.5874,730.0749082067738,1618.347620117728,1631.1878731746624,579.8,20,70.4197,10000,last,0,runs/fwm_iql/hopper_medium_seed42/r_spec_timevar_hopper_eval.json
offline,FWM-IQL,FWM-IQL,theta_tau_exec,spec_timing_hopper,nominal,0,0,3571.6417,23.138387696072563,3528.8707124960765,3532.081551923752,1000.0,20,110.3652,10000,last,0,runs/fwm_iql/hopper_medium_seed0/r_spec_timing_hopper_eval.json
offline,FWM-IQL,FWM-IQL,theta_tau_exec,spec_timing_hopper,act_delay_8ms,0,1,1154.6668,34.46508224263006,1090.6453697592706,1092.1948931512989,310.0,20,36.1011,10000,last,0,runs/fwm_iql/hopper_medium_seed0/r_spec_timing_hopper_eval.json
offline,FWM-IQL,FWM-IQL,theta_tau_exec,spec_timing_hopper,act_delay_rand1,0,1,2599.3556,1187.2617621859074,1093.744416543327,1093.8242033981642,723.15,20,80.4907,10000,last,0,runs/fwm_iql/hopper_medium_seed0/r_spec_timing_hopper_eval.json
offline,FWM-IQL,FWM-IQL,theta_tau_exec,spec_timing_hopper,act_delay_rand2,0,0,1705.3200,1245.9363603670206,457.0932210137323,458.7895608344145,479.5,20,53.0205,10000,last,0,runs/fwm_iql/hopper_medium_seed0/r_spec_timing_hopper_eval.json
offline,FWM-IQL,FWM-IQL,theta_tau_exec,spec_timing_hopper,substep,0,0,2773.5004,1173.3122951438766,896.7747751290242,900.9371583678924,759.0,20,85.8415,10000,last,0,runs/fwm_iql/hopper_medium_seed0/r_spec_timing_hopper_eval.json
offline,FWM-IQL,FWM-IQL,theta_tau_exec,spec_timing_hopper,obs_delay_4ms,0,1,1766.6520,573.6443864176833,1369.0901444012627,1370.5962008804468,448.65,20,54.9050,10000,last,0,runs/fwm_iql/hopper_medium_seed0/r_spec_timing_hopper_eval.json
offline,FWM-IQL,FWM-IQL,theta_tau_exec,spec_timing_hopper,obs_delay_8ms,0,1,1230.9722,71.54825265843544,1099.4845832261108,1127.851847419568,323.65,20,38.4457,10000,last,0,runs/fwm_iql/hopper_medium_seed0/r_spec_timing_hopper_eval.json
offline,FWM-IQL,FWM-IQL,theta_tau_exec,spec_timing_hopper,obs_delay_16ms,0,1,803.7844,338.06015952398906,461.52748690791515,464.160976247877,234.3,20,25.3199,10000,last,0,runs/fwm_iql/hopper_medium_seed0/r_spec_timing_hopper_eval.json
offline,FWM-IQL,FWM-IQL,theta_tau_exec,spec_timing_hopper,nominal,1,0,3228.3724,689.5423609428649,1942.8428655858431,1947.1477406973854,877.25,20,99.8179,10000,last,0,runs/fwm_iql/hopper_medium_seed1/r_spec_timing_hopper_eval.json
offline,FWM-IQL,FWM-IQL,theta_tau_exec,spec_timing_hopper,act_delay_8ms,1,1,1070.4119,33.26619685464605,1028.239935347811,1032.58778402876,291.05,20,33.5123,10000,last,0,runs/fwm_iql/hopper_medium_seed1/r_spec_timing_hopper_eval.json
offline,FWM-IQL,FWM-IQL,theta_tau_exec,spec_timing_hopper,act_delay_rand1,1,1,2436.7293,1213.8992756955565,1038.9048930205468,1049.131681108588,666.1,20,75.4938,10000,last,0,runs/fwm_iql/hopper_medium_seed1/r_spec_timing_hopper_eval.json
offline,FWM-IQL,FWM-IQL,theta_tau_exec,spec_timing_hopper,act_delay_rand2,1,0,1716.0962,1108.056245315758,840.4152538967802,847.4915135193736,473.1,20,53.3516,10000,last,0,runs/fwm_iql/hopper_medium_seed1/r_spec_timing_hopper_eval.json
offline,FWM-IQL,FWM-IQL,theta_tau_exec,spec_timing_hopper,substep,1,0,1879.6899,987.2479088370678,843.2231258815847,884.120942959029,488.75,20,58.3782,10000,last,0,runs/fwm_iql/hopper_medium_seed1/r_spec_timing_hopper_eval.json
offline,FWM-IQL,FWM-IQL,theta_tau_exec,spec_timing_hopper,obs_delay_4ms,1,1,1359.3038,72.3285967946894,1232.6090296400478,1252.5357015893442,352.15,20,42.3888,10000,last,0,runs/fwm_iql/hopper_medium_seed1/r_spec_timing_hopper_eval.json
offline,FWM-IQL,FWM-IQL,theta_tau_exec,spec_timing_hopper,obs_delay_8ms,1,1,1202.7623,61.9352438462953,1073.445859953231,1075.5508262175904,318.65,20,37.5789,10000,last,0,runs/fwm_iql/hopper_medium_seed1/r_spec_timing_hopper_eval.json
offline,FWM-IQL,FWM-IQL,theta_tau_exec,spec_timing_hopper,obs_delay_16ms,1,1,1025.9217,267.4602024124341,471.3600351435573,472.4946772964491,285.8,20,32.1453,10000,last,0,runs/fwm_iql/hopper_medium_seed1/r_spec_timing_hopper_eval.json
offline,FWM-IQL,FWM-IQL,theta_tau_exec,spec_timing_hopper,nominal,2,0,2461.3011,791.2366648242725,1691.4610482455057,1699.1234062556953,640.65,20,76.2488,10000,last,0,runs/fwm_iql/hopper_medium_seed2/r_spec_timing_hopper_eval.json
offline,FWM-IQL,FWM-IQL,theta_tau_exec,spec_timing_hopper,act_delay_8ms,2,1,1211.9524,104.00078240321595,1075.3536819012086,1076.9187824518722,321.25,20,37.8613,10000,last,0,runs/fwm_iql/hopper_medium_seed2/r_spec_timing_hopper_eval.json
offline,FWM-IQL,FWM-IQL,theta_tau_exec,spec_timing_hopper,act_delay_rand1,2,1,1884.1613,809.2085649716926,1082.034367530231,1127.9726227003562,491.45,20,58.5156,10000,last,0,runs/fwm_iql/hopper_medium_seed2/r_spec_timing_hopper_eval.json
offline,FWM-IQL,FWM-IQL,theta_tau_exec,spec_timing_hopper,act_delay_rand2,2,0,1295.3115,493.92328711417906,192.8415282438646,336.2559045197578,341.2,20,40.4226,10000,last,0,runs/fwm_iql/hopper_medium_seed2/r_spec_timing_hopper_eval.json
offline,FWM-IQL,FWM-IQL,theta_tau_exec,spec_timing_hopper,substep,2,0,1560.7846,922.7872764589002,772.7218515306095,792.9254333780134,408.0,20,48.5795,10000,last,0,runs/fwm_iql/hopper_medium_seed2/r_spec_timing_hopper_eval.json
offline,FWM-IQL,FWM-IQL,theta_tau_exec,spec_timing_hopper,obs_delay_4ms,2,1,1319.6410,61.00228887531293,1202.2451310766824,1218.9349203132028,342.5,20,41.1701,10000,last,0,runs/fwm_iql/hopper_medium_seed2/r_spec_timing_hopper_eval.json
offline,FWM-IQL,FWM-IQL,theta_tau_exec,spec_timing_hopper,obs_delay_8ms,2,1,1204.0510,31.256506855000158,1145.3333767158479,1152.8875174786622,317.3,20,37.6185,10000,last,0,runs/fwm_iql/hopper_medium_seed2/r_spec_timing_hopper_eval.json
offline,FWM-IQL,FWM-IQL,theta_tau_exec,spec_timing_hopper,obs_delay_16ms,2,1,1186.7491,638.8499456097051,464.17758333773054,465.9435807743218,324.25,20,37.0869,10000,last,0,runs/fwm_iql/hopper_medium_seed2/r_spec_timing_hopper_eval.json
offline,FWM-IQL,FWM-IQL,theta_tau_exec,spec_timing_hopper,nominal,3407,0,3594.3131,27.311745827852153,3545.306750640227,3546.7705649632703,1000.0,20,111.0618,10000,last,0,runs/fwm_iql/hopper_medium_seed3407/r_spec_timing_hopper_eval.json
offline,FWM-IQL,FWM-IQL,theta_tau_exec,spec_timing_hopper,act_delay_8ms,3407,1,1133.9217,25.861258267779693,1067.9577713238398,1068.5505841097724,302.2,20,35.4637,10000,last,0,runs/fwm_iql/hopper_medium_seed3407/r_spec_timing_hopper_eval.json
offline,FWM-IQL,FWM-IQL,theta_tau_exec,spec_timing_hopper,act_delay_rand1,3407,1,2613.3505,1209.4406462320378,1067.9577713238398,1088.9794918173877,720.7,20,80.9207,10000,last,0,runs/fwm_iql/hopper_medium_seed3407/r_spec_timing_hopper_eval.json
offline,FWM-IQL,FWM-IQL,theta_tau_exec,spec_timing_hopper,act_delay_rand2,3407,0,1816.8297,1176.497377416776,688.7715357361205,747.145934610297,498.75,20,56.4468,10000,last,0,runs/fwm_iql/hopper_medium_seed3407/r_spec_timing_hopper_eval.json
offline,FWM-IQL,FWM-IQL,theta_tau_exec,spec_timing_hopper,substep,3407,0,2974.8033,1056.0310421715758,871.6324701777545,904.4589402665129,815.45,20,92.0267,10000,last,0,runs/fwm_iql/hopper_medium_seed3407/r_spec_timing_hopper_eval.json
offline,FWM-IQL,FWM-IQL,theta_tau_exec,spec_timing_hopper,obs_delay_4ms,3407,1,1624.9151,328.72178661213974,1280.9101666576664,1309.240026789007,410.95,20,50.5500,10000,last,0,runs/fwm_iql/hopper_medium_seed3407/r_spec_timing_hopper_eval.json
offline,FWM-IQL,FWM-IQL,theta_tau_exec,spec_timing_hopper,obs_delay_8ms,3407,1,1227.4670,50.49069647885563,1134.7133650120934,1142.7874032601915,320.3,20,38.3380,10000,last,0,runs/fwm_iql/hopper_medium_seed3407/r_spec_timing_hopper_eval.json
offline,FWM-IQL,FWM-IQL,theta_tau_exec,spec_timing_hopper,obs_delay_16ms,3407,1,774.3693,290.9720626451815,462.0732760094336,462.3492144604604,229.0,20,24.4161,10000,last,0,runs/fwm_iql/hopper_medium_seed3407/r_spec_timing_hopper_eval.json
offline,FWM-IQL,FWM-IQL,theta_tau_exec,spec_timing_hopper,nominal,42,0,3502.1320,143.10747516783707,2884.4126780522283,3194.778833613563,985.45,20,108.2294,10000,last,0,runs/fwm_iql/hopper_medium_seed42/r_spec_timing_hopper_eval.json
offline,FWM-IQL,FWM-IQL,theta_tau_exec,spec_timing_hopper,act_delay_8ms,42,1,1113.4088,47.44248707655137,1049.6794140933898,1056.7712674738987,300.1,20,34.8334,10000,last,0,runs/fwm_iql/hopper_medium_seed42/r_spec_timing_hopper_eval.json
offline,FWM-IQL,FWM-IQL,theta_tau_exec,spec_timing_hopper,act_delay_rand1,42,1,2560.9295,1199.2852271900545,1063.8631208544077,1065.1003168378775,718.2,20,79.3100,10000,last,0,runs/fwm_iql/hopper_medium_seed42/r_spec_timing_hopper_eval.json
offline,FWM-IQL,FWM-IQL,theta_tau_exec,spec_timing_hopper,act_delay_rand2,42,0,1578.3052,1347.756823844381,40.47442084088429,40.49875156921493,444.1,20,49.1179,10000,last,0,runs/fwm_iql/hopper_medium_seed42/r_spec_timing_hopper_eval.json
offline,FWM-IQL,FWM-IQL,theta_tau_exec,spec_timing_hopper,substep,42,0,2014.6260,1144.9570430473716,500.6619289338579,511.5507855421285,537.9,20,62.5243,10000,last,0,runs/fwm_iql/hopper_medium_seed42/r_spec_timing_hopper_eval.json
offline,FWM-IQL,FWM-IQL,theta_tau_exec,spec_timing_hopper,obs_delay_4ms,42,1,1461.1401,138.0093971973111,1304.6559613326963,1311.6260625030784,373.25,20,45.5178,10000,last,0,runs/fwm_iql/hopper_medium_seed42/r_spec_timing_hopper_eval.json
offline,FWM-IQL,FWM-IQL,theta_tau_exec,spec_timing_hopper,obs_delay_8ms,42,1,1181.5997,75.83299700173058,1066.2020585397775,1067.0574881409582,312.75,20,36.9287,10000,last,0,runs/fwm_iql/hopper_medium_seed42/r_spec_timing_hopper_eval.json
offline,FWM-IQL,FWM-IQL,theta_tau_exec,spec_timing_hopper,obs_delay_16ms,42,1,831.2599,398.90680453830925,40.660874215214534,146.1105506069735,234.15,20,26.1641,10000,last,0,runs/fwm_iql/hopper_medium_seed42/r_spec_timing_hopper_eval.json
offline,FMGAN-IQL,PLR-PVL-IQL,theta_o,spec_obsadv_hopper,nominal,0,0,3223.3309,641.9896213424072,1888.4804985043338,1908.1981934521366,882.4,20,99.6630,10000,last,0,runs/fmgan_iql/hopper_medium_seed0/r_spec_obsadv_hopper_eval.json
offline,FMGAN-IQL,PLR-PVL-IQL,theta_o,spec_obsadv_hopper,obs_uni_0.05,0,0,2290.9104,1003.2537043186792,1249.6600454933389,1259.9251937148542,615.55,20,71.0134,10000,last,0,runs/fmgan_iql/hopper_medium_seed0/r_spec_obsadv_hopper_eval.json
offline,FMGAN-IQL,PLR-PVL-IQL,theta_o,spec_obsadv_hopper,obs_uni_0.10,0,1,1620.4051,857.7772849765591,922.1899177746764,926.938098269695,431.35,20,50.4114,10000,last,0,runs/fmgan_iql/hopper_medium_seed0/r_spec_obsadv_hopper_eval.json
offline,FMGAN-IQL,PLR-PVL-IQL,theta_o,spec_obsadv_hopper,obs_uni_0.15,0,0,1054.1964,211.87521962066515,770.3377029527971,770.6177402938998,293.15,20,33.0141,10000,last,0,runs/fmgan_iql/hopper_medium_seed0/r_spec_obsadv_hopper_eval.json
offline,FMGAN-IQL,PLR-PVL-IQL,theta_o,spec_obsadv_hopper,obs_rel_0.05,0,0,2901.2663,951.0224083033689,1269.6241052378193,1289.5595618577916,796.2,20,89.7672,10000,last,0,runs/fmgan_iql/hopper_medium_seed0/r_spec_obsadv_hopper_eval.json
offline,FMGAN-IQL,PLR-PVL-IQL,theta_o,spec_obsadv_hopper,obs_rel_0.10,0,1,2498.2107,962.2440905225978,1205.1311872569877,1208.014376915759,675.45,20,77.3829,10000,last,0,runs/fmgan_iql/hopper_medium_seed0/r_spec_obsadv_hopper_eval.json
offline,FMGAN-IQL,PLR-PVL-IQL,theta_o,spec_obsadv_hopper,obs_bias_0.05,0,0,2586.1772,1102.6997525384706,940.0074490566692,1034.013841263225,729.65,20,80.0858,10000,last,0,runs/fmgan_iql/hopper_medium_seed0/r_spec_obsadv_hopper_eval.json
offline,FMGAN-IQL,PLR-PVL-IQL,theta_o,spec_obsadv_hopper,obs_gauss_0.05,0,0,1467.2042,522.3564649174305,861.5274334499999,913.7094065119534,384.5,20,45.7042,10000,last,0,runs/fmgan_iql/hopper_medium_seed0/r_spec_obsadv_hopper_eval.json
offline,FMGAN-IQL,PLR-PVL-IQL,theta_o,spec_obsadv_hopper,obs_gauss_0.10,0,1,899.5974,257.72133259158124,154.75528680979153,414.0079361650504,254.05,20,28.2639,10000,last,0,runs/fmgan_iql/hopper_medium_seed0/r_spec_obsadv_hopper_eval.json
offline,FMGAN-IQL,PLR-PVL-IQL,theta_o,spec_obsadv_hopper,obs_shift_0.01,0,0,1616.6822,142.37106251699268,1422.3176071031353,1424.039483151376,408.05,20,50.2970,10000,last,0,runs/fmgan_iql/hopper_medium_seed0/r_spec_obsadv_hopper_eval.json
offline,FMGAN-IQL,PLR-PVL-IQL,theta_o,spec_obsadv_hopper,obs_shift_0.02,0,0,1214.2936,38.90511488815456,1142.4353245796208,1150.5500288864803,318.45,20,37.9332,10000,last,0,runs/fmgan_iql/hopper_medium_seed0/r_spec_obsadv_hopper_eval.json
offline,FMGAN-IQL,PLR-PVL-IQL,theta_o,spec_obsadv_hopper,nominal,1,0,3569.7862,270.7381912252875,2436.6380759857443,2974.573694503896,975.3,20,110.3082,10000,last,0,runs/fmgan_iql/hopper_medium_seed1/r_spec_obsadv_hopper_eval.json
offline,FMGAN-IQL,PLR-PVL-IQL,theta_o,spec_obsadv_hopper,obs_uni_0.05,1,0,1966.6643,783.416864359164,1205.065143271507,1214.1702889579885,513.25,20,61.0506,10000,last,0,runs/fmgan_iql/hopper_medium_seed1/r_spec_obsadv_hopper_eval.json
offline,FMGAN-IQL,PLR-PVL-IQL,theta_o,spec_obsadv_hopper,obs_uni_0.10,1,1,1331.4095,298.7210724600342,957.4170670036422,981.0824840204691,353.05,20,41.5317,10000,last,0,runs/fmgan_iql/hopper_medium_seed1/r_spec_obsadv_hopper_eval.json
offline,FMGAN-IQL,PLR-PVL-IQL,theta_o,spec_obsadv_hopper,obs_uni_0.15,1,0,1083.3663,310.41543722480185,445.07830116107925,626.3060221401568,297.5,20,33.9104,10000,last,0,runs/fmgan_iql/hopper_medium_seed1/r_spec_obsadv_hopper_eval.json
offline,FMGAN-IQL,PLR-PVL-IQL,theta_o,spec_obsadv_hopper,obs_rel_0.05,1,0,3188.6791,772.3045311119484,1575.135973661435,1578.1176367363564,871.05,20,98.5983,10000,last,0,runs/fmgan_iql/hopper_medium_seed1/r_spec_obsadv_hopper_eval.json
offline,FMGAN-IQL,PLR-PVL-IQL,theta_o,spec_obsadv_hopper,obs_rel_0.10,1,1,2475.6122,853.2864951605015,1265.0656581299143,1304.705720283726,661.05,20,76.6885,10000,last,0,runs/fmgan_iql/hopper_medium_seed1/r_spec_obsadv_hopper_eval.json
offline,FMGAN-IQL,PLR-PVL-IQL,theta_o,spec_obsadv_hopper,obs_bias_0.05,1,0,2576.1748,1129.5264376567254,740.5183068822006,836.6628802546843,727.2,20,79.7784,10000,last,0,runs/fmgan_iql/hopper_medium_seed1/r_spec_obsadv_hopper_eval.json
offline,FMGAN-IQL,PLR-PVL-IQL,theta_o,spec_obsadv_hopper,obs_gauss_0.05,1,0,1440.5019,527.1731977340492,721.894014574127,737.6808636935658,378.4,20,44.8837,10000,last,0,runs/fmgan_iql/hopper_medium_seed1/r_spec_obsadv_hopper_eval.json
offline,FMGAN-IQL,PLR-PVL-IQL,theta_o,spec_obsadv_hopper,obs_gauss_0.10,1,1,950.6374,198.76619160812294,538.651048442753,608.6099131694593,266.75,20,29.8321,10000,last,0,runs/fmgan_iql/hopper_medium_seed1/r_spec_obsadv_hopper_eval.json
offline,FMGAN-IQL,PLR-PVL-IQL,theta_o,spec_obsadv_hopper,obs_shift_0.01,1,0,1535.6793,88.21101101556467,1379.7119522847775,1391.328672831986,389.0,20,47.8081,10000,last,0,runs/fmgan_iql/hopper_medium_seed1/r_spec_obsadv_hopper_eval.json
offline,FMGAN-IQL,PLR-PVL-IQL,theta_o,spec_obsadv_hopper,obs_shift_0.02,1,0,1251.0242,20.10402989830902,1208.8824975186283,1216.655456329652,325.65,20,39.0618,10000,last,0,runs/fmgan_iql/hopper_medium_seed1/r_spec_obsadv_hopper_eval.json
offline,FMGAN-IQL,PLR-PVL-IQL,theta_o,spec_obsadv_hopper,nominal,2,0,3376.0734,506.75329902881094,2061.6383742099365,2218.6023393223522,918.85,20,104.3561,10000,last,0,runs/fmgan_iql/hopper_medium_seed2/r_spec_obsadv_hopper_eval.json
offline,FMGAN-IQL,PLR-PVL-IQL,theta_o,spec_obsadv_hopper,obs_uni_0.05,2,0,1962.6714,981.0456866986849,733.2448091590824,931.8434380795393,519.85,20,60.9279,10000,last,0,runs/fmgan_iql/hopper_medium_seed2/r_spec_obsadv_hopper_eval.json
offline,FMGAN-IQL,PLR-PVL-IQL,theta_o,spec_obsadv_hopper,obs_uni_0.10,2,1,1435.5316,495.4039270074288,953.4899006079108,959.781780147066,382.5,20,44.7310,10000,last,0,runs/fmgan_iql/hopper_medium_seed2/r_spec_obsadv_hopper_eval.json
offline,FMGAN-IQL,PLR-PVL-IQL,theta_o,spec_obsadv_hopper,obs_uni_0.15,2,0,868.6680,315.7366363762573,40.031226693365326,178.21581211811602,244.95,20,27.3135,10000,last,0,runs/fmgan_iql/hopper_medium_seed2/r_spec_obsadv_hopper_eval.json
offline,FMGAN-IQL,PLR-PVL-IQL,theta_o,spec_obsadv_hopper,obs_rel_0.05,2,0,2403.4756,983.1577849171224,1239.3975978118865,1274.2190094859404,641.55,20,74.4721,10000,last,0,runs/fmgan_iql/hopper_medium_seed2/r_spec_obsadv_hopper_eval.json
offline,FMGAN-IQL,PLR-PVL-IQL,theta_o,spec_obsadv_hopper,obs_rel_0.10,2,1,2187.4899,965.6634147721742,1128.2900272693223,1167.081722149744,588.75,20,67.8357,10000,last,0,runs/fmgan_iql/hopper_medium_seed2/r_spec_obsadv_hopper_eval.json
offline,FMGAN-IQL,PLR-PVL-IQL,theta_o,spec_obsadv_hopper,obs_bias_0.05,2,0,2384.4382,1121.6257768193818,737.126399508244,869.5162631443081,667.35,20,73.8871,10000,last,0,runs/fmgan_iql/hopper_medium_seed2/r_spec_obsadv_hopper_eval.json
offline,FMGAN-IQL,PLR-PVL-IQL,theta_o,spec_obsadv_hopper,obs_gauss_0.05,2,0,1532.3172,644.3725766266551,717.3012182970285,813.2043390717233,405.2,20,47.7048,10000,last,0,runs/fmgan_iql/hopper_medium_seed2/r_spec_obsadv_hopper_eval.json
offline,FMGAN-IQL,PLR-PVL-IQL,theta_o,spec_obsadv_hopper,obs_gauss_0.10,2,1,825.8620,284.32385235268737,193.14270872721636,274.20651435189455,238.05,20,25.9983,10000,last,0,runs/fmgan_iql/hopper_medium_seed2/r_spec_obsadv_hopper_eval.json
offline,FMGAN-IQL,PLR-PVL-IQL,theta_o,spec_obsadv_hopper,obs_shift_0.01,2,0,1389.9259,38.92245718661173,1305.4877135571526,1323.2909991438291,358.6,20,43.3297,10000,last,0,runs/fmgan_iql/hopper_medium_seed2/r_spec_obsadv_hopper_eval.json
offline,FMGAN-IQL,PLR-PVL-IQL,theta_o,spec_obsadv_hopper,obs_shift_0.02,2,0,1163.2423,30.35098921577404,1101.9109534249922,1109.8456617051384,307.05,20,36.3646,10000,last,0,runs/fmgan_iql/hopper_medium_seed2/r_spec_obsadv_hopper_eval.json
offline,FMGAN-IQL,PLR-PVL-IQL,theta_o,spec_obsadv_hopper,nominal,3407,0,3548.2308,20.58236465884456,3512.509085234951,3518.1489852907694,1000.0,20,109.6458,10000,last,0,runs/fmgan_iql/hopper_medium_seed3407/r_spec_obsadv_hopper_eval.json
offline,FMGAN-IQL,PLR-PVL-IQL,theta_o,spec_obsadv_hopper,obs_uni_0.05,3407,0,2763.0836,930.1493224276219,1325.973327457227,1338.9964365552644,747.2,20,85.5214,10000,last,0,runs/fmgan_iql/hopper_medium_seed3407/r_spec_obsadv_hopper_eval.json
offline,FMGAN-IQL,PLR-PVL-IQL,theta_o,spec_obsadv_hopper,obs_uni_0.10,3407,1,1343.4035,347.6832807218954,796.3145919470272,910.002186508002,359.45,20,41.9003,10000,last,0,runs/fmgan_iql/hopper_medium_seed3407/r_spec_obsadv_hopper_eval.json
offline,FMGAN-IQL,PLR-PVL-IQL,theta_o,spec_obsadv_hopper,obs_uni_0.15,3407,0,1005.3482,353.2417342617964,39.0043931295639,252.75442254124033,282.5,20,31.5132,10000,last,0,runs/fmgan_iql/hopper_medium_seed3407/r_spec_obsadv_hopper_eval.json
offline,FMGAN-IQL,PLR-PVL-IQL,theta_o,spec_obsadv_hopper,obs_rel_0.05,3407,0,3398.7413,461.0950281563068,1978.4845183899338,2019.2530251775097,950.3,20,105.0526,10000,last,0,runs/fmgan_iql/hopper_medium_seed3407/r_spec_obsadv_hopper_eval.json
offline,FMGAN-IQL,PLR-PVL-IQL,theta_o,spec_obsadv_hopper,obs_rel_0.10,3407,1,2310.9904,786.7637578327566,1275.2225022667435,1343.4630250536793,613.45,20,71.6304,10000,last,0,runs/fmgan_iql/hopper_medium_seed3407/r_spec_obsadv_hopper_eval.json
offline,FMGAN-IQL,PLR-PVL-IQL,theta_o,spec_obsadv_hopper,obs_bias_0.05,3407,0,2573.4158,1111.377301034752,741.8113081782103,742.3305859317486,732.6,20,79.6937,10000,last,0,runs/fmgan_iql/hopper_medium_seed3407/r_spec_obsadv_hopper_eval.json
offline,FMGAN-IQL,PLR-PVL-IQL,theta_o,spec_obsadv_hopper,obs_gauss_0.05,3407,0,1505.5989,468.7423160609193,1085.663424430586,1093.1046255142378,397.7,20,46.8839,10000,last,0,runs/fmgan_iql/hopper_medium_seed3407/r_spec_obsadv_hopper_eval.json
offline,FMGAN-IQL,PLR-PVL-IQL,theta_o,spec_obsadv_hopper,obs_gauss_0.10,3407,1,819.2481,338.78518157152,33.009237779593,39.936486623771785,233.65,20,25.7951,10000,last,0,runs/fmgan_iql/hopper_medium_seed3407/r_spec_obsadv_hopper_eval.json
offline,FMGAN-IQL,PLR-PVL-IQL,theta_o,spec_obsadv_hopper,obs_shift_0.01,3407,0,3309.3181,693.9657606448561,1756.7509681628917,1767.0962157049257,897.0,20,102.3050,10000,last,0,runs/fmgan_iql/hopper_medium_seed3407/r_spec_obsadv_hopper_eval.json
offline,FMGAN-IQL,PLR-PVL-IQL,theta_o,spec_obsadv_hopper,obs_shift_0.02,3407,0,1459.3950,69.34456159979813,1376.9331453717873,1389.7052694622926,373.55,20,45.4642,10000,last,0,runs/fmgan_iql/hopper_medium_seed3407/r_spec_obsadv_hopper_eval.json
offline,FMGAN-IQL,PLR-PVL-IQL,theta_o,spec_obsadv_hopper,nominal,42,0,3547.1812,22.883851788713937,3513.6032148720838,3515.133084095838,1000.0,20,109.6136,10000,last,0,runs/fmgan_iql/hopper_medium_seed42/r_spec_obsadv_hopper_eval.json
offline,FMGAN-IQL,PLR-PVL-IQL,theta_o,spec_obsadv_hopper,obs_uni_0.05,42,0,2148.8892,952.1474867140837,1248.692351010344,1264.3052088567574,568.2,20,66.6496,10000,last,0,runs/fmgan_iql/hopper_medium_seed42/r_spec_obsadv_hopper_eval.json
offline,FMGAN-IQL,PLR-PVL-IQL,theta_o,spec_obsadv_hopper,obs_uni_0.10,42,1,1404.4964,501.1229238882682,899.5389362180167,939.4727127855116,369.7,20,43.7774,10000,last,0,runs/fmgan_iql/hopper_medium_seed42/r_spec_obsadv_hopper_eval.json
offline,FMGAN-IQL,PLR-PVL-IQL,theta_o,spec_obsadv_hopper,obs_uni_0.15,42,0,1053.1405,217.49063181631482,655.7910536130231,726.9656177624831,289.95,20,32.9816,10000,last,0,runs/fmgan_iql/hopper_medium_seed42/r_spec_obsadv_hopper_eval.json
offline,FMGAN-IQL,PLR-PVL-IQL,theta_o,spec_obsadv_hopper,obs_rel_0.05,42,0,2933.3298,808.1532561794238,1402.9571786202391,1403.7723625179922,798.75,20,90.7524,10000,last,0,runs/fmgan_iql/hopper_medium_seed42/r_spec_obsadv_hopper_eval.json
offline,FMGAN-IQL,PLR-PVL-IQL,theta_o,spec_obsadv_hopper,obs_rel_0.10,42,1,2680.6512,1007.4576634900562,1237.92950716375,1239.3909625047995,729.1,20,82.9886,10000,last,0,runs/fmgan_iql/hopper_medium_seed42/r_spec_obsadv_hopper_eval.json
offline,FMGAN-IQL,PLR-PVL-IQL,theta_o,spec_obsadv_hopper,obs_bias_0.05,42,0,2628.8139,1041.802082741895,923.8777223985375,1027.0589604157037,742.2,20,81.3958,10000,last,0,runs/fmgan_iql/hopper_medium_seed42/r_spec_obsadv_hopper_eval.json
offline,FMGAN-IQL,PLR-PVL-IQL,theta_o,spec_obsadv_hopper,obs_gauss_0.05,42,0,1559.4912,661.3106102054337,925.0376975148075,948.0451615367933,407.7,20,48.5398,10000,last,0,runs/fmgan_iql/hopper_medium_seed42/r_spec_obsadv_hopper_eval.json
offline,FMGAN-IQL,PLR-PVL-IQL,theta_o,spec_obsadv_hopper,obs_gauss_0.10,42,1,930.6349,137.92177487878067,608.0848948133679,669.0645972273267,262.15,20,29.2175,10000,last,0,runs/fmgan_iql/hopper_medium_seed42/r_spec_obsadv_hopper_eval.json
offline,FMGAN-IQL,PLR-PVL-IQL,theta_o,spec_obsadv_hopper,obs_shift_0.01,42,0,1945.3295,440.883160977642,1530.745497064766,1547.477515807253,487.1,20,60.3951,10000,last,0,runs/fmgan_iql/hopper_medium_seed42/r_spec_obsadv_hopper_eval.json
offline,FMGAN-IQL,PLR-PVL-IQL,theta_o,spec_obsadv_hopper,obs_shift_0.02,42,0,1292.3431,28.240921705456607,1253.6286258511598,1256.7869962724917,334.0,20,40.3314,10000,last,0,runs/fmgan_iql/hopper_medium_seed42/r_spec_obsadv_hopper_eval.json
offline,FMGAN-IQL,PLR-PVL-IQL,theta_o,spec_obsadv_mad_hopper,nominal,0,0,3223.3309,641.9896213424072,1888.4804985043338,2134.248924900292,,20,99.6630,10000,,0,runs/fmgan_iql/hopper_medium_seed0/r_spec_obsadv_mad_hopper_eval.json
offline,FMGAN-IQL,PLR-PVL-IQL,theta_o,spec_obsadv_mad_hopper,mad_0.02,0,1,1745.9223,825.804644585694,1004.415557418244,1129.5157251810335,,20,54.2681,10000,,0,runs/fmgan_iql/hopper_medium_seed0/r_spec_obsadv_mad_hopper_eval.json
offline,FMGAN-IQL,PLR-PVL-IQL,theta_o,spec_obsadv_mad_hopper,mad_0.035,0,0,1273.0094,275.1557648418738,893.4618922815642,1000.0143192485473,,20,39.7373,10000,,0,runs/fmgan_iql/hopper_medium_seed0/r_spec_obsadv_mad_hopper_eval.json
offline,FMGAN-IQL,PLR-PVL-IQL,theta_o,spec_obsadv_mad_hopper,mad_0.05,0,1,936.8791,139.90156585052327,469.8837740694021,755.6078806817957,,20,29.4094,10000,,0,runs/fmgan_iql/hopper_medium_seed0/r_spec_obsadv_mad_hopper_eval.json
offline,FMGAN-IQL,PLR-PVL-IQL,theta_o,spec_obsadv_mad_hopper,mad_0.075,0,0,717.2307,209.9929457886735,189.07426496529314,413.3202472075915,,20,22.6605,10000,,0,runs/fmgan_iql/hopper_medium_seed0/r_spec_obsadv_mad_hopper_eval.json
offline,FMGAN-IQL,PLR-PVL-IQL,theta_o,spec_obsadv_mad_hopper,mad_0.10,0,0,472.8676,246.15201494467738,153.12754942658344,159.27003773655946,,20,15.1522,10000,,0,runs/fmgan_iql/hopper_medium_seed0/r_spec_obsadv_mad_hopper_eval.json
offline,FMGAN-IQL,PLR-PVL-IQL,theta_o,spec_obsadv_mad_hopper,nominal,1,0,3569.7862,270.7381912252875,2436.6380759857443,3326.072953879809,,20,110.3082,10000,,0,runs/fmgan_iql/hopper_medium_seed1/r_spec_obsadv_mad_hopper_eval.json
offline,FMGAN-IQL,PLR-PVL-IQL,theta_o,spec_obsadv_mad_hopper,mad_0.02,1,1,1997.9564,968.8691888246793,1125.0539731425065,1238.7009605555081,,20,62.0121,10000,,0,runs/fmgan_iql/hopper_medium_seed1/r_spec_obsadv_mad_hopper_eval.json
offline,FMGAN-IQL,PLR-PVL-IQL,theta_o,spec_obsadv_mad_hopper,mad_0.035,1,0,1348.3790,410.95825927174354,995.0325193657374,1032.7685657767743,,20,42.0531,10000,,0,runs/fmgan_iql/hopper_medium_seed1/r_spec_obsadv_mad_hopper_eval.json
offline,FMGAN-IQL,PLR-PVL-IQL,theta_o,spec_obsadv_mad_hopper,mad_0.05,1,1,1119.4050,207.549315539538,720.1456102307526,884.7850677398303,,20,35.0177,10000,,0,runs/fmgan_iql/hopper_medium_seed1/r_spec_obsadv_mad_hopper_eval.json
offline,FMGAN-IQL,PLR-PVL-IQL,theta_o,spec_obsadv_mad_hopper,mad_0.075,1,0,720.8108,324.61309004283,23.19283999137491,281.72793927662923,,20,22.7705,10000,,0,runs/fmgan_iql/hopper_medium_seed1/r_spec_obsadv_mad_hopper_eval.json
offline,FMGAN-IQL,PLR-PVL-IQL,theta_o,spec_obsadv_mad_hopper,mad_0.10,1,0,357.6018,308.8286486425897,19.605142263789205,23.340828690878148,,20,11.6105,10000,,0,runs/fmgan_iql/hopper_medium_seed1/r_spec_obsadv_mad_hopper_eval.json
offline,FMGAN-IQL,PLR-PVL-IQL,theta_o,spec_obsadv_mad_hopper,nominal,2,0,3376.0734,506.75329902881094,2061.6383742099365,2617.137604722885,,20,104.3561,10000,,0,runs/fmgan_iql/hopper_medium_seed2/r_spec_obsadv_mad_hopper_eval.json
offline,FMGAN-IQL,PLR-PVL-IQL,theta_o,spec_obsadv_mad_hopper,mad_0.02,2,1,1420.9079,373.0003417276369,1095.772644887932,1153.2097475919895,,20,44.2817,10000,,0,runs/fmgan_iql/hopper_medium_seed2/r_spec_obsadv_mad_hopper_eval.json
offline,FMGAN-IQL,PLR-PVL-IQL,theta_o,spec_obsadv_mad_hopper,mad_0.035,2,0,1279.1051,270.45570879131657,833.0794941564745,998.4384294512665,,20,39.9246,10000,,0,runs/fmgan_iql/hopper_medium_seed2/r_spec_obsadv_mad_hopper_eval.json
offline,FMGAN-IQL,PLR-PVL-IQL,theta_o,spec_obsadv_mad_hopper,mad_0.05,2,1,962.0267,263.4743625217673,339.07099904017036,641.1371506440522,,20,30.1821,10000,,0,runs/fmgan_iql/hopper_medium_seed2/r_spec_obsadv_mad_hopper_eval.json
offline,FMGAN-IQL,PLR-PVL-IQL,theta_o,spec_obsadv_mad_hopper,mad_0.075,2,0,530.1859,280.1595819624071,20.997952271922657,144.79933416860348,,20,16.9133,10000,,0,runs/fmgan_iql/hopper_medium_seed2/r_spec_obsadv_mad_hopper_eval.json
offline,FMGAN-IQL,PLR-PVL-IQL,theta_o,spec_obsadv_mad_hopper,mad_0.10,2,0,261.2764,200.39695416104172,18.313010522082067,54.928706562262576,,20,8.6508,10000,,0,runs/fmgan_iql/hopper_medium_seed2/r_spec_obsadv_mad_hopper_eval.json
offline,FMGAN-IQL,PLR-PVL-IQL,theta_o,spec_obsadv_mad_hopper,nominal,3407,0,3548.2308,20.58236465884456,3512.509085234951,3524.935895483161,,20,109.6458,10000,,0,runs/fmgan_iql/hopper_medium_seed3407/r_spec_obsadv_mad_hopper_eval.json
offline,FMGAN-IQL,PLR-PVL-IQL,theta_o,spec_obsadv_mad_hopper,mad_0.02,3407,1,1887.8872,785.1920359235024,1112.6710034810783,1230.5828142916153,,20,58.6301,10000,,0,runs/fmgan_iql/hopper_medium_seed3407/r_spec_obsadv_mad_hopper_eval.json
offline,FMGAN-IQL,PLR-PVL-IQL,theta_o,spec_obsadv_mad_hopper,mad_0.035,3407,0,1289.0963,293.56878656733426,980.9662530458387,1031.402299250334,,20,40.2316,10000,,0,runs/fmgan_iql/hopper_medium_seed3407/r_spec_obsadv_mad_hopper_eval.json
offline,FMGAN-IQL,PLR-PVL-IQL,theta_o,spec_obsadv_mad_hopper,mad_0.05,3407,1,1146.9935,144.86007434871792,851.6873219440539,949.9965781079616,,20,35.8654,10000,,0,runs/fmgan_iql/hopper_medium_seed3407/r_spec_obsadv_mad_hopper_eval.json
offline,FMGAN-IQL,PLR-PVL-IQL,theta_o,spec_obsadv_mad_hopper,mad_0.075,3407,0,727.1105,262.3558196596865,30.83146336138389,379.8301531593446,,20,22.9640,10000,,0,runs/fmgan_iql/hopper_medium_seed3407/r_spec_obsadv_mad_hopper_eval.json
offline,FMGAN-IQL,PLR-PVL-IQL,theta_o,spec_obsadv_mad_hopper,mad_0.10,3407,0,399.2825,243.62502774649514,21.287626069599586,62.42434072035401,,20,12.8912,10000,,0,runs/fmgan_iql/hopper_medium_seed3407/r_spec_obsadv_mad_hopper_eval.json
offline,FMGAN-IQL,PLR-PVL-IQL,theta_o,spec_obsadv_mad_hopper,nominal,42,0,3547.1812,22.883851788713937,3513.6032148720838,3518.628679872355,,20,109.6136,10000,,0,runs/fmgan_iql/hopper_medium_seed42/r_spec_obsadv_mad_hopper_eval.json
offline,FMGAN-IQL,PLR-PVL-IQL,theta_o,spec_obsadv_mad_hopper,mad_0.02,42,1,1802.7312,834.7546273959545,1144.7181233791969,1229.4016660413179,,20,56.0136,10000,,0,runs/fmgan_iql/hopper_medium_seed42/r_spec_obsadv_mad_hopper_eval.json
offline,FMGAN-IQL,PLR-PVL-IQL,theta_o,spec_obsadv_mad_hopper,mad_0.035,42,0,1432.3438,348.7379646688453,943.6294817126774,1015.6314628679186,,20,44.6330,10000,,0,runs/fmgan_iql/hopper_medium_seed42/r_spec_obsadv_mad_hopper_eval.json
offline,FMGAN-IQL,PLR-PVL-IQL,theta_o,spec_obsadv_mad_hopper,mad_0.05,42,1,1062.9037,371.6700525341506,27.291044440294637,675.5004755177994,,20,33.2816,10000,,0,runs/fmgan_iql/hopper_medium_seed42/r_spec_obsadv_mad_hopper_eval.json
offline,FMGAN-IQL,PLR-PVL-IQL,theta_o,spec_obsadv_mad_hopper,mad_0.075,42,0,734.6354,287.0915305757398,25.20082460464757,367.28369111961126,,20,23.1952,10000,,0,runs/fmgan_iql/hopper_medium_seed42/r_spec_obsadv_mad_hopper_eval.json
offline,FMGAN-IQL,PLR-PVL-IQL,theta_o,spec_obsadv_mad_hopper,mad_0.10,42,0,388.6109,224.8005100949783,20.978827995466183,55.67505794175686,,20,12.5633,10000,,0,runs/fmgan_iql/hopper_medium_seed42/r_spec_obsadv_mad_hopper_eval.json
offline,FMGAN-IQL,PLR-PVL-IQL,theta_a,spec_action_hopper,nominal,0,0,3223.3309,641.9896213424072,1888.4804985043338,1908.1981934521366,882.4,20,99.6630,10000,last,0,runs/fmgan_iql/hopper_medium_seed0/r_spec_action_hopper_eval.json
offline,FMGAN-IQL,PLR-PVL-IQL,theta_a,spec_action_hopper,act_gauss_0.05,0,0,1809.7960,654.1374168937235,1294.2724161867418,1316.6516318712756,469.6,20,56.2307,10000,last,0,runs/fmgan_iql/hopper_medium_seed0/r_spec_action_hopper_eval.json
offline,FMGAN-IQL,PLR-PVL-IQL,theta_a,spec_action_hopper,act_gauss_0.10,0,1,1258.6792,164.77885413271756,1104.9212372490683,1108.4903439072305,330.85,20,39.2970,10000,last,0,runs/fmgan_iql/hopper_medium_seed0/r_spec_action_hopper_eval.json
offline,FMGAN-IQL,PLR-PVL-IQL,theta_a,spec_action_hopper,act_gauss_0.20,0,0,996.6671,112.23203922765465,885.0521339793754,885.9778927589216,276.1,20,31.2464,10000,last,0,runs/fmgan_iql/hopper_medium_seed0/r_spec_action_hopper_eval.json
offline,FMGAN-IQL,PLR-PVL-IQL,theta_a,spec_action_hopper,act_uni_0.10,0,1,1677.6762,526.6470500925225,1219.5149914201393,1245.3539815001295,432.8,20,52.1711,10000,last,0,runs/fmgan_iql/hopper_medium_seed0/r_spec_action_hopper_eval.json
offline,FMGAN-IQL,PLR-PVL-IQL,theta_a,spec_action_hopper,act_offset_0.05,0,1,1008.9921,17.51736304466776,991.8092355127295,992.6286293292383,279.5,20,31.6251,10000,last,0,runs/fmgan_iql/hopper_medium_seed0/r_spec_action_hopper_eval.json
offline,FMGAN-IQL,PLR-PVL-IQL,theta_a,spec_action_hopper,act_oppose_0.10,0,1,917.9361,11.711571075008058,894.7310816595299,896.5061408446986,256.15,20,28.8273,10000,last,0,runs/fmgan_iql/hopper_medium_seed0/r_spec_action_hopper_eval.json
offline,FMGAN-IQL,PLR-PVL-IQL,theta_a,spec_action_hopper,act_oppose_0.20,0,0,646.9919,6.717094383427897,639.3331244687151,639.6856040711709,204.7,20,20.5023,10000,last,0,runs/fmgan_iql/hopper_medium_seed0/r_spec_action_hopper_eval.json
offline,FMGAN-IQL,PLR-PVL-IQL,theta_a,spec_action_hopper,cmd_gauss_0.20,0,0,996.6671,112.23203922765465,885.0521339793754,885.9778927589216,276.1,20,31.2464,10000,last,0,runs/fmgan_iql/hopper_medium_seed0/r_spec_action_hopper_eval.json
offline,FMGAN-IQL,PLR-PVL-IQL,theta_a,spec_action_hopper,cmd_oppose_0.20,0,1,646.9919,6.717094383427897,639.3331244687151,639.6856040711709,204.7,20,20.5023,10000,last,0,runs/fmgan_iql/hopper_medium_seed0/r_spec_action_hopper_eval.json
offline,FMGAN-IQL,PLR-PVL-IQL,theta_a,spec_action_hopper,nominal,1,0,3569.7862,270.7381912252875,2436.6380759857443,2974.573694503896,975.3,20,110.3082,10000,last,0,runs/fmgan_iql/hopper_medium_seed1/r_spec_action_hopper_eval.json
offline,FMGAN-IQL,PLR-PVL-IQL,theta_a,spec_action_hopper,act_gauss_0.05,1,0,1782.9479,631.5262720054164,1374.0786237034195,1384.0591991633391,462.55,20,55.4057,10000,last,0,runs/fmgan_iql/hopper_medium_seed1/r_spec_action_hopper_eval.json
offline,FMGAN-IQL,PLR-PVL-IQL,theta_a,spec_action_hopper,act_gauss_0.10,1,1,1278.2279,166.8227163389927,1133.947760962239,1139.8315169515192,335.85,20,39.8977,10000,last,0,runs/fmgan_iql/hopper_medium_seed1/r_spec_action_hopper_eval.json
offline,FMGAN-IQL,PLR-PVL-IQL,theta_a,spec_action_hopper,act_gauss_0.20,1,0,996.6270,101.3181732573713,699.6347719827148,817.280426483576,278.65,20,31.2452,10000,last,0,runs/fmgan_iql/hopper_medium_seed1/r_spec_action_hopper_eval.json
offline,FMGAN-IQL,PLR-PVL-IQL,theta_a,spec_action_hopper,act_uni_0.10,1,1,1711.0777,487.3914338545263,1281.868613601805,1323.2839490303004,438.85,20,53.1974,10000,last,0,runs/fmgan_iql/hopper_medium_seed1/r_spec_action_hopper_eval.json
offline,FMGAN-IQL,PLR-PVL-IQL,theta_a,spec_action_hopper,act_offset_0.05,1,1,1091.7236,21.232857483050818,1047.0427827259618,1053.215077882256,296.05,20,34.1671,10000,last,0,runs/fmgan_iql/hopper_medium_seed1/r_spec_action_hopper_eval.json
offline,FMGAN-IQL,PLR-PVL-IQL,theta_a,spec_action_hopper,act_oppose_0.10,1,1,915.2542,8.15861746318325,900.1570920517586,902.5611247305949,256.9,20,28.7449,10000,last,0,runs/fmgan_iql/hopper_medium_seed1/r_spec_action_hopper_eval.json
offline,FMGAN-IQL,PLR-PVL-IQL,theta_a,spec_action_hopper,act_oppose_0.20,1,0,691.7757,13.18473294042885,663.0948511727557,663.1264830554226,214.1,20,21.8783,10000,last,0,runs/fmgan_iql/hopper_medium_seed1/r_spec_action_hopper_eval.json
offline,FMGAN-IQL,PLR-PVL-IQL,theta_a,spec_action_hopper,cmd_gauss_0.20,1,0,996.6270,101.3181732573713,699.6347719827148,817.280426483576,278.65,20,31.2452,10000,last,0,runs/fmgan_iql/hopper_medium_seed1/r_spec_action_hopper_eval.json
offline,FMGAN-IQL,PLR-PVL-IQL,theta_a,spec_action_hopper,cmd_oppose_0.20,1,1,691.7757,13.18473294042885,663.0948511727557,663.1264830554226,214.1,20,21.8783,10000,last,0,runs/fmgan_iql/hopper_medium_seed1/r_spec_action_hopper_eval.json
offline,FMGAN-IQL,PLR-PVL-IQL,theta_a,spec_action_hopper,nominal,2,0,3376.0734,506.75329902881094,2061.6383742099365,2218.6023393223522,918.85,20,104.3561,10000,last,0,runs/fmgan_iql/hopper_medium_seed2/r_spec_action_hopper_eval.json
offline,FMGAN-IQL,PLR-PVL-IQL,theta_a,spec_action_hopper,act_gauss_0.05,2,0,1534.8384,510.40191045149516,1267.941228274507,1268.4809160199588,399.4,20,47.7823,10000,last,0,runs/fmgan_iql/hopper_medium_seed2/r_spec_action_hopper_eval.json
offline,FMGAN-IQL,PLR-PVL-IQL,theta_a,spec_action_hopper,act_gauss_0.10,2,1,1127.1835,93.2766002502215,1005.1506806501832,1019.2386364695816,301.95,20,35.2567,10000,last,0,runs/fmgan_iql/hopper_medium_seed2/r_spec_action_hopper_eval.json
offline,FMGAN-IQL,PLR-PVL-IQL,theta_a,spec_action_hopper,act_gauss_0.20,2,0,1066.0664,135.1191726227211,856.495546679311,893.2048166244164,294.45,20,33.3788,10000,last,0,runs/fmgan_iql/hopper_medium_seed2/r_spec_action_hopper_eval.json
offline,FMGAN-IQL,PLR-PVL-IQL,theta_a,spec_action_hopper,act_uni_0.10,2,1,1518.7704,326.9744103568134,1197.3157277779071,1211.108710775114,390.75,20,47.2886,10000,last,0,runs/fmgan_iql/hopper_medium_seed2/r_spec_action_hopper_eval.json
offline,FMGAN-IQL,PLR-PVL-IQL,theta_a,spec_action_hopper,act_offset_0.05,2,1,992.0354,11.475122907510174,981.4828187258719,981.9104356706321,273.6,20,31.1041,10000,last,0,runs/fmgan_iql/hopper_medium_seed2/r_spec_action_hopper_eval.json
offline,FMGAN-IQL,PLR-PVL-IQL,theta_a,spec_action_hopper,act_oppose_0.10,2,1,900.3490,7.848748487789691,885.6856467217756,886.8865062435591,251.75,20,28.2870,10000,last,0,runs/fmgan_iql/hopper_medium_seed2/r_spec_action_hopper_eval.json
offline,FMGAN-IQL,PLR-PVL-IQL,theta_a,spec_action_hopper,act_oppose_0.20,2,0,766.1366,8.892361358348234,747.0536894164971,748.9921808899846,227.85,20,24.1631,10000,last,0,runs/fmgan_iql/hopper_medium_seed2/r_spec_action_hopper_eval.json
offline,FMGAN-IQL,PLR-PVL-IQL,theta_a,spec_action_hopper,cmd_gauss_0.20,2,0,1066.0664,135.1191726227211,856.495546679311,893.2048166244164,294.45,20,33.3788,10000,last,0,runs/fmgan_iql/hopper_medium_seed2/r_spec_action_hopper_eval.json
offline,FMGAN-IQL,PLR-PVL-IQL,theta_a,spec_action_hopper,cmd_oppose_0.20,2,1,766.1366,8.892361358348234,747.0536894164971,748.9921808899846,227.85,20,24.1631,10000,last,0,runs/fmgan_iql/hopper_medium_seed2/r_spec_action_hopper_eval.json
offline,FMGAN-IQL,PLR-PVL-IQL,theta_a,spec_action_hopper,nominal,3407,0,3548.2308,20.58236465884456,3512.509085234951,3518.1489852907694,1000.0,20,109.6458,10000,last,0,runs/fmgan_iql/hopper_medium_seed3407/r_spec_action_hopper_eval.json
offline,FMGAN-IQL,PLR-PVL-IQL,theta_a,spec_action_hopper,act_gauss_0.05,3407,0,3291.6359,614.5261428671163,1787.4799641873274,1874.6842897139632,905.6,20,101.7617,10000,last,0,runs/fmgan_iql/hopper_medium_seed3407/r_spec_action_hopper_eval.json
offline,FMGAN-IQL,PLR-PVL-IQL,theta_a,spec_action_hopper,act_gauss_0.10,3407,1,1538.6166,703.4300924431568,1150.8706786194489,1158.713876314972,409.15,20,47.8984,10000,last,0,runs/fmgan_iql/hopper_medium_seed3407/r_spec_action_hopper_eval.json
offline,FMGAN-IQL,PLR-PVL-IQL,theta_a,spec_action_hopper,act_gauss_0.20,3407,0,1048.9628,147.98732831704933,697.7295174188445,797.785324640709,288.0,20,32.8533,10000,last,0,runs/fmgan_iql/hopper_medium_seed3407/r_spec_action_hopper_eval.json
offline,FMGAN-IQL,PLR-PVL-IQL,theta_a,spec_action_hopper,act_uni_0.10,3407,1,3027.9502,774.8381129167328,1481.1099324330933,1588.085931433547,826.25,20,93.6597,10000,last,0,runs/fmgan_iql/hopper_medium_seed3407/r_spec_action_hopper_eval.json
offline,FMGAN-IQL,PLR-PVL-IQL,theta_a,spec_action_hopper,act_offset_0.05,3407,1,1118.7645,45.185988953728476,1038.8116807894114,1045.8932509186175,303.4,20,34.9980,10000,last,0,runs/fmgan_iql/hopper_medium_seed3407/r_spec_action_hopper_eval.json
offline,FMGAN-IQL,PLR-PVL-IQL,theta_a,spec_action_hopper,act_oppose_0.10,3407,1,940.4556,9.832007919765577,918.3812571936585,922.6983390563001,261.7,20,29.5193,10000,last,0,runs/fmgan_iql/hopper_medium_seed3407/r_spec_action_hopper_eval.json
offline,FMGAN-IQL,PLR-PVL-IQL,theta_a,spec_action_hopper,act_oppose_0.20,3407,0,679.1043,12.83352844648574,664.510162758973,664.8086794604974,212.0,20,21.4890,10000,last,0,runs/fmgan_iql/hopper_medium_seed3407/r_spec_action_hopper_eval.json
offline,FMGAN-IQL,PLR-PVL-IQL,theta_a,spec_action_hopper,cmd_gauss_0.20,3407,0,1048.9628,147.98732831704933,697.7295174188445,797.785324640709,288.0,20,32.8533,10000,last,0,runs/fmgan_iql/hopper_medium_seed3407/r_spec_action_hopper_eval.json
offline,FMGAN-IQL,PLR-PVL-IQL,theta_a,spec_action_hopper,cmd_oppose_0.20,3407,1,679.1043,12.83352844648574,664.510162758973,664.8086794604974,212.0,20,21.4890,10000,last,0,runs/fmgan_iql/hopper_medium_seed3407/r_spec_action_hopper_eval.json
offline,FMGAN-IQL,PLR-PVL-IQL,theta_a,spec_action_hopper,nominal,42,0,3547.1812,22.883851788713937,3513.6032148720838,3515.133084095838,1000.0,20,109.6136,10000,last,0,runs/fmgan_iql/hopper_medium_seed42/r_spec_action_hopper_eval.json
offline,FMGAN-IQL,PLR-PVL-IQL,theta_a,spec_action_hopper,act_gauss_0.05,42,0,2421.3519,856.7085250222196,1474.1417059157625,1525.1147013001669,644.9,20,75.0213,10000,last,0,runs/fmgan_iql/hopper_medium_seed42/r_spec_action_hopper_eval.json
offline,FMGAN-IQL,PLR-PVL-IQL,theta_a,spec_action_hopper,act_gauss_0.10,42,1,1370.8992,527.6296001562962,1159.2327389298148,1160.8109116482296,361.25,20,42.7451,10000,last,0,runs/fmgan_iql/hopper_medium_seed42/r_spec_action_hopper_eval.json
offline,FMGAN-IQL,PLR-PVL-IQL,theta_a,spec_action_hopper,act_gauss_0.20,42,0,1045.0014,119.29798016440647,932.5655058831601,936.269478018301,285.6,20,32.7316,10000,last,0,runs/fmgan_iql/hopper_medium_seed42/r_spec_action_hopper_eval.json
offline,FMGAN-IQL,PLR-PVL-IQL,theta_a,spec_action_hopper,act_uni_0.10,42,1,2621.3892,920.4965918229228,1339.4933846348035,1423.4224044160192,700.9,20,81.1677,10000,last,0,runs/fmgan_iql/hopper_medium_seed42/r_spec_action_hopper_eval.json
offline,FMGAN-IQL,PLR-PVL-IQL,theta_a,spec_action_hopper,act_offset_0.05,42,1,1117.8131,33.61212331344374,1001.4209925368341,1025.2583039143242,294.95,20,34.9688,10000,last,0,runs/fmgan_iql/hopper_medium_seed42/r_spec_action_hopper_eval.json
offline,FMGAN-IQL,PLR-PVL-IQL,theta_a,spec_action_hopper,act_oppose_0.10,42,1,958.7604,8.699905247276451,943.2550033434021,943.894025746655,264.9,20,30.0817,10000,last,0,runs/fmgan_iql/hopper_medium_seed42/r_spec_action_hopper_eval.json
offline,FMGAN-IQL,PLR-PVL-IQL,theta_a,spec_action_hopper,act_oppose_0.20,42,0,644.8310,3.0821187830460777,640.2542887738393,640.9570938049644,204.8,20,20.4359,10000,last,0,runs/fmgan_iql/hopper_medium_seed42/r_spec_action_hopper_eval.json
offline,FMGAN-IQL,PLR-PVL-IQL,theta_a,spec_action_hopper,cmd_gauss_0.20,42,0,1045.0014,119.29798016440647,932.5655058831601,936.269478018301,285.6,20,32.7316,10000,last,0,runs/fmgan_iql/hopper_medium_seed42/r_spec_action_hopper_eval.json
offline,FMGAN-IQL,PLR-PVL-IQL,theta_a,spec_action_hopper,cmd_oppose_0.20,42,1,644.8310,3.0821187830460777,640.2542887738393,640.9570938049644,204.8,20,20.4359,10000,last,0,runs/fmgan_iql/hopper_medium_seed42/r_spec_action_hopper_eval.json
offline,FMGAN-IQL,PLR-PVL-IQL,theta_p,spec_transition_hopper,nominal,0,0,3223.3309,641.9896213424072,1888.4804985043338,1908.1981934521366,882.4,20,99.6630,10000,last,0,runs/fmgan_iql/hopper_medium_seed0/r_spec_transition_hopper_eval.json
offline,FMGAN-IQL,PLR-PVL-IQL,theta_p,spec_transition_hopper,trans_t1,0,1,1835.4617,915.115088124955,1111.2838317969922,1124.6632580663452,489.5,20,57.0193,10000,last,0,runs/fmgan_iql/hopper_medium_seed0/r_spec_transition_hopper_eval.json
offline,FMGAN-IQL,PLR-PVL-IQL,theta_p,spec_transition_hopper,trans_t2,0,0,1369.3225,629.6598587216346,809.3313898158581,841.09528830309,374.5,20,42.6967,10000,last,0,runs/fmgan_iql/hopper_medium_seed0/r_spec_transition_hopper_eval.json
offline,FMGAN-IQL,PLR-PVL-IQL,theta_p,spec_transition_hopper,trans_t3,0,0,1115.3731,416.91297580918007,603.4802043344963,643.7483124443158,318.85,20,34.8938,10000,last,0,runs/fmgan_iql/hopper_medium_seed0/r_spec_transition_hopper_eval.json
offline,FMGAN-IQL,PLR-PVL-IQL,theta_p,spec_transition_hopper,nominal,1,0,3569.7862,270.7381912252875,2436.6380759857443,2974.573694503896,975.3,20,110.3082,10000,last,0,runs/fmgan_iql/hopper_medium_seed1/r_spec_transition_hopper_eval.json
offline,FMGAN-IQL,PLR-PVL-IQL,theta_p,spec_transition_hopper,trans_t1,1,1,1907.0848,919.9248263687947,1151.126784159244,1157.379154748995,508.7,20,59.2200,10000,last,0,runs/fmgan_iql/hopper_medium_seed1/r_spec_transition_hopper_eval.json
offline,FMGAN-IQL,PLR-PVL-IQL,theta_p,spec_transition_hopper,trans_t2,1,0,1396.7526,686.6522300828406,851.1265248947401,864.8172277294768,380.0,20,43.5395,10000,last,0,runs/fmgan_iql/hopper_medium_seed1/r_spec_transition_hopper_eval.json
offline,FMGAN-IQL,PLR-PVL-IQL,theta_p,spec_transition_hopper,trans_t3,1,0,1078.2123,551.8288210527658,28.342163891138576,283.77155867311205,302.9,20,33.7520,10000,last,0,runs/fmgan_iql/hopper_medium_seed1/r_spec_transition_hopper_eval.json
offline,FMGAN-IQL,PLR-PVL-IQL,theta_p,spec_transition_hopper,nominal,2,0,3376.0734,506.75329902881094,2061.6383742099365,2218.6023393223522,918.85,20,104.3561,10000,last,0,runs/fmgan_iql/hopper_medium_seed2/r_spec_transition_hopper_eval.json
offline,FMGAN-IQL,PLR-PVL-IQL,theta_p,spec_transition_hopper,trans_t1,2,1,1641.4482,861.4189241341827,955.8935629977583,1013.7938882847177,437.1,20,51.0580,10000,last,0,runs/fmgan_iql/hopper_medium_seed2/r_spec_transition_hopper_eval.json
offline,FMGAN-IQL,PLR-PVL-IQL,theta_p,spec_transition_hopper,trans_t2,2,0,1356.1663,558.0883262037427,781.7587517590551,783.8004880573692,363.55,20,42.2924,10000,last,0,runs/fmgan_iql/hopper_medium_seed2/r_spec_transition_hopper_eval.json
offline,FMGAN-IQL,PLR-PVL-IQL,theta_p,spec_transition_hopper,trans_t3,2,0,897.5442,440.29887074907083,29.455805798686654,117.388967634522,256.7,20,28.2008,10000,last,0,runs/fmgan_iql/hopper_medium_seed2/r_spec_transition_hopper_eval.json
offline,FMGAN-IQL,PLR-PVL-IQL,theta_p,spec_transition_hopper,nominal,3407,0,3548.2308,20.58236465884456,3512.509085234951,3518.1489852907694,1000.0,20,109.6458,10000,last,0,runs/fmgan_iql/hopper_medium_seed3407/r_spec_transition_hopper_eval.json
offline,FMGAN-IQL,PLR-PVL-IQL,theta_p,spec_transition_hopper,trans_t1,3407,1,1943.2324,838.0757188485697,1164.3102145557132,1189.5107631803771,519.75,20,60.3306,10000,last,0,runs/fmgan_iql/hopper_medium_seed3407/r_spec_transition_hopper_eval.json
offline,FMGAN-IQL,PLR-PVL-IQL,theta_p,spec_transition_hopper,trans_t2,3407,0,1437.9769,689.2436991535112,825.6457098750536,847.6297167310422,392.55,20,44.8061,10000,last,0,runs/fmgan_iql/hopper_medium_seed3407/r_spec_transition_hopper_eval.json
offline,FMGAN-IQL,PLR-PVL-IQL,theta_p,spec_transition_hopper,trans_t3,3407,0,1050.0613,558.2762953819255,28.114645782142382,276.6079037116157,301.0,20,32.8870,10000,last,0,runs/fmgan_iql/hopper_medium_seed3407/r_spec_transition_hopper_eval.json
offline,FMGAN-IQL,PLR-PVL-IQL,theta_p,spec_transition_hopper,nominal,42,0,3547.1812,22.883851788713937,3513.6032148720838,3515.133084095838,1000.0,20,109.6136,10000,last,0,runs/fmgan_iql/hopper_medium_seed42/r_spec_transition_hopper_eval.json
offline,FMGAN-IQL,PLR-PVL-IQL,theta_p,spec_transition_hopper,trans_t1,42,1,2033.1115,957.1785887826186,1183.3483529271125,1185.4471998256247,542.9,20,63.0923,10000,last,0,runs/fmgan_iql/hopper_medium_seed42/r_spec_transition_hopper_eval.json
offline,FMGAN-IQL,PLR-PVL-IQL,theta_p,spec_transition_hopper,trans_t2,42,0,1465.8024,782.5562925988837,748.5619996850803,815.5438465647673,401.2,20,45.6611,10000,last,0,runs/fmgan_iql/hopper_medium_seed42/r_spec_transition_hopper_eval.json
offline,FMGAN-IQL,PLR-PVL-IQL,theta_p,spec_transition_hopper,trans_t3,42,0,972.1303,415.7514404086917,28.359701446545586,294.0003063590447,280.1,20,30.4925,10000,last,0,runs/fmgan_iql/hopper_medium_seed42/r_spec_transition_hopper_eval.json
offline,FMGAN-IQL,PLR-PVL-IQL,theta_p,spec_push_hopper,nominal,0,0,3223.3309,641.9896213424072,1888.4804985043338,1908.1981934521366,882.4,20,99.6630,10000,last,0,runs/fmgan_iql/hopper_medium_seed0/r_spec_push_hopper_eval.json
offline,FMGAN-IQL,PLR-PVL-IQL,theta_p,spec_push_hopper,push_30,0,0,2206.1234,911.0305942758739,1002.4235354424628,1022.3242777765884,579.45,20,68.4082,10000,last,0,runs/fmgan_iql/hopper_medium_seed0/r_spec_push_hopper_eval.json
offline,FMGAN-IQL,PLR-PVL-IQL,theta_p,spec_push_hopper,push_60,0,1,1496.5743,863.4149906079889,704.3587181859341,720.4605464242758,398.2,20,46.6066,10000,last,0,runs/fmgan_iql/hopper_medium_seed0/r_spec_push_hopper_eval.json
offline,FMGAN-IQL,PLR-PVL-IQL,theta_p,spec_push_hopper,push_100,0,0,1167.3355,734.5937683784043,495.425339055013,535.6220722246351,329.85,20,36.4904,10000,last,0,runs/fmgan_iql/hopper_medium_seed0/r_spec_push_hopper_eval.json
offline,FMGAN-IQL,PLR-PVL-IQL,theta_p,spec_push_hopper,push_150,0,0,723.2540,532.4904548320047,74.23180205922863,165.86196878455422,214.65,20,22.8455,10000,last,0,runs/fmgan_iql/hopper_medium_seed0/r_spec_push_hopper_eval.json
offline,FMGAN-IQL,PLR-PVL-IQL,theta_p,spec_push_hopper,nominal,1,0,3569.7862,270.7381912252875,2436.6380759857443,2974.573694503896,975.3,20,110.3082,10000,last,0,runs/fmgan_iql/hopper_medium_seed1/r_spec_push_hopper_eval.json
offline,FMGAN-IQL,PLR-PVL-IQL,theta_p,spec_push_hopper,push_30,1,0,2154.4948,851.4564578593763,939.0780922707522,1041.646342311161,568.55,20,66.8219,10000,last,0,runs/fmgan_iql/hopper_medium_seed1/r_spec_push_hopper_eval.json
offline,FMGAN-IQL,PLR-PVL-IQL,theta_p,spec_push_hopper,push_60,1,1,1383.0308,664.4055900247254,709.2897424658008,729.8091114520564,366.15,20,43.1179,10000,last,0,runs/fmgan_iql/hopper_medium_seed1/r_spec_push_hopper_eval.json
offline,FMGAN-IQL,PLR-PVL-IQL,theta_p,spec_push_hopper,push_100,1,0,1046.4301,560.5452298078409,495.1496281435103,535.9329938023312,296.45,20,32.7755,10000,last,0,runs/fmgan_iql/hopper_medium_seed1/r_spec_push_hopper_eval.json
offline,FMGAN-IQL,PLR-PVL-IQL,theta_p,spec_push_hopper,push_150,1,0,696.0076,559.4498188467921,40.88416437837036,119.95353780505695,208.6,20,22.0084,10000,last,0,runs/fmgan_iql/hopper_medium_seed1/r_spec_push_hopper_eval.json
offline,FMGAN-IQL,PLR-PVL-IQL,theta_p,spec_push_hopper,nominal,2,0,3376.0734,506.75329902881094,2061.6383742099365,2218.6023393223522,918.85,20,104.3561,10000,last,0,runs/fmgan_iql/hopper_medium_seed2/r_spec_push_hopper_eval.json
offline,FMGAN-IQL,PLR-PVL-IQL,theta_p,spec_push_hopper,push_30,2,0,2092.2704,928.3897483359265,923.5207290907176,968.7044158539122,551.45,20,64.9100,10000,last,0,runs/fmgan_iql/hopper_medium_seed2/r_spec_push_hopper_eval.json
offline,FMGAN-IQL,PLR-PVL-IQL,theta_p,spec_push_hopper,push_60,2,1,1460.4828,831.443074095111,701.8698582676262,718.029685588574,393.5,20,45.4976,10000,last,0,runs/fmgan_iql/hopper_medium_seed2/r_spec_push_hopper_eval.json
offline,FMGAN-IQL,PLR-PVL-IQL,theta_p,spec_push_hopper,push_100,2,0,1053.7841,582.0556401338167,483.02900594751304,521.5070758464724,297.1,20,33.0014,10000,last,0,runs/fmgan_iql/hopper_medium_seed2/r_spec_push_hopper_eval.json
offline,FMGAN-IQL,PLR-PVL-IQL,theta_p,spec_push_hopper,push_150,2,0,837.4339,652.802137996925,75.93562266247905,137.85423729771816,244.1,20,26.3538,10000,last,0,runs/fmgan_iql/hopper_medium_seed2/r_spec_push_hopper_eval.json
offline,FMGAN-IQL,PLR-PVL-IQL,theta_p,spec_push_hopper,nominal,3407,0,3548.2308,20.58236465884456,3512.509085234951,3518.1489852907694,1000.0,20,109.6458,10000,last,0,runs/fmgan_iql/hopper_medium_seed3407/r_spec_push_hopper_eval.json
offline,FMGAN-IQL,PLR-PVL-IQL,theta_p,spec_push_hopper,push_30,3407,0,2365.8668,934.9887465207951,1197.1007846929715,1200.6742575980222,628.75,20,73.3165,10000,last,0,runs/fmgan_iql/hopper_medium_seed3407/r_spec_push_hopper_eval.json
offline,FMGAN-IQL,PLR-PVL-IQL,theta_p,spec_push_hopper,push_60,3407,1,1571.9559,922.0333098252859,736.6563482653884,737.9988777890137,423.35,20,48.9228,10000,last,0,runs/fmgan_iql/hopper_medium_seed3407/r_spec_push_hopper_eval.json
offline,FMGAN-IQL,PLR-PVL-IQL,theta_p,spec_push_hopper,push_100,3407,0,1168.2041,733.4450857143038,526.0987329704616,547.5785631928268,331.75,20,36.5171,10000,last,0,runs/fmgan_iql/hopper_medium_seed3407/r_spec_push_hopper_eval.json
offline,FMGAN-IQL,PLR-PVL-IQL,theta_p,spec_push_hopper,push_150,3407,0,705.6507,547.5124923866791,66.74527474452545,155.9173127903055,210.55,20,22.3047,10000,last,0,runs/fmgan_iql/hopper_medium_seed3407/r_spec_push_hopper_eval.json
offline,FMGAN-IQL,PLR-PVL-IQL,theta_p,spec_push_hopper,nominal,42,0,3547.1812,22.883851788713937,3513.6032148720838,3515.133084095838,1000.0,20,109.6136,10000,last,0,runs/fmgan_iql/hopper_medium_seed42/r_spec_push_hopper_eval.json
offline,FMGAN-IQL,PLR-PVL-IQL,theta_p,spec_push_hopper,push_30,42,0,2551.4169,1050.4005773734677,1044.9315330819118,1116.1784960172654,689.5,20,79.0177,10000,last,0,runs/fmgan_iql/hopper_medium_seed42/r_spec_push_hopper_eval.json
offline,FMGAN-IQL,PLR-PVL-IQL,theta_p,spec_push_hopper,push_60,42,1,1653.3383,968.6578032584622,738.1127434003187,753.5731812409167,443.15,20,51.4233,10000,last,0,runs/fmgan_iql/hopper_medium_seed42/r_spec_push_hopper_eval.json
offline,FMGAN-IQL,PLR-PVL-IQL,theta_p,spec_push_hopper,push_100,42,0,1169.2472,761.2768677605338,514.7705355777645,515.4962183300206,331.3,20,36.5491,10000,last,0,runs/fmgan_iql/hopper_medium_seed42/r_spec_push_hopper_eval.json
offline,FMGAN-IQL,PLR-PVL-IQL,theta_p,spec_push_hopper,push_150,42,0,785.3457,615.0598038318802,61.703308771645496,158.64568174195662,231.65,20,24.7534,10000,last,0,runs/fmgan_iql/hopper_medium_seed42/r_spec_push_hopper_eval.json
offline,FMGAN-IQL,PLR-PVL-IQL,theta_p,spec_timevar_hopper,nominal,0,0,3223.3309,641.9896213424072,1888.4804985043338,1908.1981934521366,882.4,20,99.6630,10000,last,0,runs/fmgan_iql/hopper_medium_seed0/r_spec_timevar_hopper_eval.json
offline,FMGAN-IQL,PLR-PVL-IQL,theta_p,spec_timevar_hopper,gear_static_0.8,0,1,612.1686,5.036954340935182,603.208427448292,604.2443607563046,199.2,20,19.4323,10000,last,0,runs/fmgan_iql/hopper_medium_seed0/r_spec_timevar_hopper_eval.json
offline,FMGAN-IQL,PLR-PVL-IQL,theta_p,spec_timevar_hopper,gear_step_0.8,0,0,2372.7906,200.7728687038996,1888.4804985043338,1908.1981934521366,636.95,20,73.5292,10000,last,0,runs/fmgan_iql/hopper_medium_seed0/r_spec_timevar_hopper_eval.json
offline,FMGAN-IQL,PLR-PVL-IQL,theta_p,spec_timevar_hopper,gear_ramp_0.8,0,1,1275.5828,43.29810773984575,1208.5007623724666,1211.5811333469692,336.45,20,39.8164,10000,last,0,runs/fmgan_iql/hopper_medium_seed0/r_spec_timevar_hopper_eval.json
offline,FMGAN-IQL,PLR-PVL-IQL,theta_p,spec_timevar_hopper,gear_sine_p200,0,0,1173.6281,13.588728044146215,1145.2898926643695,1145.976451665894,302.2,20,36.6837,10000,last,0,runs/fmgan_iql/hopper_medium_seed0/r_spec_timevar_hopper_eval.json
offline,FMGAN-IQL,PLR-PVL-IQL,theta_p,spec_timevar_hopper,gear_sine_p500,0,1,1915.4790,56.5078165810499,1837.6771380058492,1842.787507480793,527.65,20,59.4779,10000,last,0,runs/fmgan_iql/hopper_medium_seed0/r_spec_timevar_hopper_eval.json
offline,FMGAN-IQL,PLR-PVL-IQL,theta_p,spec_timevar_hopper,gravity_ramp_1.2,0,0,2325.5200,843.3567875205629,1561.644551774268,1584.099246855837,593.8,20,72.0768,10000,last,0,runs/fmgan_iql/hopper_medium_seed0/r_spec_timevar_hopper_eval.json
offline,FMGAN-IQL,PLR-PVL-IQL,theta_p,spec_timevar_hopper,nominal,1,0,3569.7862,270.7381912252875,2436.6380759857443,2974.573694503896,975.3,20,110.3082,10000,last,0,runs/fmgan_iql/hopper_medium_seed1/r_spec_timevar_hopper_eval.json
offline,FMGAN-IQL,PLR-PVL-IQL,theta_p,spec_timevar_hopper,gear_static_0.8,1,1,609.2174,3.6804566192840955,602.509864056476,602.8074942903885,197.05,20,19.3416,10000,last,0,runs/fmgan_iql/hopper_medium_seed1/r_spec_timevar_hopper_eval.json
offline,FMGAN-IQL,PLR-PVL-IQL,theta_p,spec_timevar_hopper,gear_step_0.8,1,0,2523.6158,139.89955827510906,2288.8514730267616,2342.4302456502605,688.15,20,78.1635,10000,last,0,runs/fmgan_iql/hopper_medium_seed1/r_spec_timevar_hopper_eval.json
offline,FMGAN-IQL,PLR-PVL-IQL,theta_p,spec_timevar_hopper,gear_ramp_0.8,1,1,1325.7793,28.846227436288125,1273.4398567346175,1280.8759888732184,348.85,20,41.3587,10000,last,0,runs/fmgan_iql/hopper_medium_seed1/r_spec_timevar_hopper_eval.json
offline,FMGAN-IQL,PLR-PVL-IQL,theta_p,spec_timevar_hopper,gear_sine_p200,1,0,1080.5854,37.400453601195004,1036.6935943163799,1038.6472084489078,288.1,20,33.8249,10000,last,0,runs/fmgan_iql/hopper_medium_seed1/r_spec_timevar_hopper_eval.json
offline,FMGAN-IQL,PLR-PVL-IQL,theta_p,spec_timevar_hopper,gear_sine_p500,1,1,1965.1947,69.91140290808069,1875.60318358877,1875.8491045330857,543.7,20,61.0054,10000,last,0,runs/fmgan_iql/hopper_medium_seed1/r_spec_timevar_hopper_eval.json
offline,FMGAN-IQL,PLR-PVL-IQL,theta_p,spec_timevar_hopper,gravity_ramp_1.2,1,0,2729.1199,883.8953658863423,1690.8276523363118,1747.1748050563963,716.35,20,84.4778,10000,last,0,runs/fmgan_iql/hopper_medium_seed1/r_spec_timevar_hopper_eval.json
offline,FMGAN-IQL,PLR-PVL-IQL,theta_p,spec_timevar_hopper,nominal,2,0,3376.0734,506.75329902881094,2061.6383742099365,2218.6023393223522,918.85,20,104.3561,10000,last,0,runs/fmgan_iql/hopper_medium_seed2/r_spec_timevar_hopper_eval.json
offline,FMGAN-IQL,PLR-PVL-IQL,theta_p,spec_timevar_hopper,gear_static_0.8,2,1,613.8748,6.769475129373901,604.121169801584,605.0747894902961,198.05,20,19.4847,10000,last,0,runs/fmgan_iql/hopper_medium_seed2/r_spec_timevar_hopper_eval.json
offline,FMGAN-IQL,PLR-PVL-IQL,theta_p,spec_timevar_hopper,gear_step_0.8,2,0,2415.2352,107.2659203530202,2061.648589793717,2166.07634253005,647.45,20,74.8334,10000,last,0,runs/fmgan_iql/hopper_medium_seed2/r_spec_timevar_hopper_eval.json
offline,FMGAN-IQL,PLR-PVL-IQL,theta_p,spec_timevar_hopper,gear_ramp_0.8,2,1,1254.4430,45.004100505574016,1202.6802581499921,1203.0691871479892,332.1,20,39.1669,10000,last,0,runs/fmgan_iql/hopper_medium_seed2/r_spec_timevar_hopper_eval.json
offline,FMGAN-IQL,PLR-PVL-IQL,theta_p,spec_timevar_hopper,gear_sine_p200,2,0,966.0761,19.511317749817085,932.6431702794843,933.1245363674176,267.4,20,30.3065,10000,last,0,runs/fmgan_iql/hopper_medium_seed2/r_spec_timevar_hopper_eval.json
offline,FMGAN-IQL,PLR-PVL-IQL,theta_p,spec_timevar_hopper,gear_sine_p500,2,1,1824.7470,67.42819363415043,1724.2494439067123,1728.6286878962069,502.7,20,56.6900,10000,last,0,runs/fmgan_iql/hopper_medium_seed2/r_spec_timevar_hopper_eval.json
offline,FMGAN-IQL,PLR-PVL-IQL,theta_p,spec_timevar_hopper,gravity_ramp_1.2,2,0,2092.9891,718.6079176416291,1566.29040142764,1568.2531863173203,535.35,20,64.9321,10000,last,0,runs/fmgan_iql/hopper_medium_seed2/r_spec_timevar_hopper_eval.json
offline,FMGAN-IQL,PLR-PVL-IQL,theta_p,spec_timevar_hopper,nominal,3407,0,3548.2308,20.58236465884456,3512.509085234951,3518.1489852907694,1000.0,20,109.6458,10000,last,0,runs/fmgan_iql/hopper_medium_seed3407/r_spec_timevar_hopper_eval.json
offline,FMGAN-IQL,PLR-PVL-IQL,theta_p,spec_timevar_hopper,gear_static_0.8,3407,1,647.4932,11.323947482635342,633.5200749639487,633.7031351096202,207.3,20,20.5177,10000,last,0,runs/fmgan_iql/hopper_medium_seed3407/r_spec_timevar_hopper_eval.json
offline,FMGAN-IQL,PLR-PVL-IQL,theta_p,spec_timevar_hopper,gear_step_0.8,3407,0,2417.5101,24.684552831339392,2387.5414095626156,2389.394128637429,669.95,20,74.9033,10000,last,0,runs/fmgan_iql/hopper_medium_seed3407/r_spec_timevar_hopper_eval.json
offline,FMGAN-IQL,PLR-PVL-IQL,theta_p,spec_timevar_hopper,gear_ramp_0.8,3407,1,1642.4827,91.99301883921446,1496.5441147235315,1514.8647911352691,423.5,20,51.0898,10000,last,0,runs/fmgan_iql/hopper_medium_seed3407/r_spec_timevar_hopper_eval.json
offline,FMGAN-IQL,PLR-PVL-IQL,theta_p,spec_timevar_hopper,gear_sine_p200,3407,0,1030.9439,7.201509713539203,1020.0315264344529,1021.1746636056617,281.25,20,32.2996,10000,last,0,runs/fmgan_iql/hopper_medium_seed3407/r_spec_timevar_hopper_eval.json
offline,FMGAN-IQL,PLR-PVL-IQL,theta_p,spec_timevar_hopper,gear_sine_p500,3407,1,2080.6135,398.1026712775173,1834.542647746084,1842.1460747133024,571.25,20,64.5518,10000,last,0,runs/fmgan_iql/hopper_medium_seed3407/r_spec_timevar_hopper_eval.json
offline,FMGAN-IQL,PLR-PVL-IQL,theta_p,spec_timevar_hopper,gravity_ramp_1.2,3407,0,3445.7579,191.89931145298337,3174.9157727759734,3183.5793237919515,914.9,20,106.4973,10000,last,0,runs/fmgan_iql/hopper_medium_seed3407/r_spec_timevar_hopper_eval.json
offline,FMGAN-IQL,PLR-PVL-IQL,theta_p,spec_timevar_hopper,nominal,42,0,3547.1812,22.883851788713937,3513.6032148720838,3515.133084095838,1000.0,20,109.6136,10000,last,0,runs/fmgan_iql/hopper_medium_seed42/r_spec_timevar_hopper_eval.json
offline,FMGAN-IQL,PLR-PVL-IQL,theta_p,spec_timevar_hopper,gear_static_0.8,42,1,629.1746,2.8331360444042417,623.375577081368,623.8188758827711,202.25,20,19.9549,10000,last,0,runs/fmgan_iql/hopper_medium_seed42/r_spec_timevar_hopper_eval.json
offline,FMGAN-IQL,PLR-PVL-IQL,theta_p,spec_timevar_hopper,gear_step_0.8,42,0,2455.1627,63.26742657430717,2405.5489017485675,2405.8157764835173,681.6,20,76.0602,10000,last,0,runs/fmgan_iql/hopper_medium_seed42/r_spec_timevar_hopper_eval.json
offline,FMGAN-IQL,PLR-PVL-IQL,theta_p,spec_timevar_hopper,gear_ramp_0.8,42,1,1464.4171,89.728440451133,1351.5540388034287,1353.6136395454737,380.0,20,45.6185,10000,last,0,runs/fmgan_iql/hopper_medium_seed42/r_spec_timevar_hopper_eval.json
offline,FMGAN-IQL,PLR-PVL-IQL,theta_p,spec_timevar_hopper,gear_sine_p200,42,0,1059.2312,58.21709307982961,1008.8768816324049,1011.7538458295778,285.15,20,33.1688,10000,last,0,runs/fmgan_iql/hopper_medium_seed42/r_spec_timevar_hopper_eval.json
offline,FMGAN-IQL,PLR-PVL-IQL,theta_p,spec_timevar_hopper,gear_sine_p500,42,1,1955.5038,137.26470304900167,1897.1552532421376,1897.252018611752,542.4,20,60.7077,10000,last,0,runs/fmgan_iql/hopper_medium_seed42/r_spec_timevar_hopper_eval.json
offline,FMGAN-IQL,PLR-PVL-IQL,theta_p,spec_timevar_hopper,gravity_ramp_1.2,42,0,3584.7216,54.94083468800328,3516.4406002777864,3518.631137796439,1000.0,20,110.7671,10000,last,0,runs/fmgan_iql/hopper_medium_seed42/r_spec_timevar_hopper_eval.json
offline,FMGAN-IQL,PLR-PVL-IQL,theta_tau_exec,spec_timing_hopper,nominal,0,0,3223.3309,641.9896213424072,1888.4804985043338,1908.1981934521366,882.4,20,99.6630,10000,last,0,runs/fmgan_iql/hopper_medium_seed0/r_spec_timing_hopper_eval.json
offline,FMGAN-IQL,PLR-PVL-IQL,theta_tau_exec,spec_timing_hopper,act_delay_8ms,0,1,1174.2947,55.725550713763916,1071.7495815457871,1073.273245011551,309.8,20,36.7042,10000,last,0,runs/fmgan_iql/hopper_medium_seed0/r_spec_timing_hopper_eval.json
offline,FMGAN-IQL,PLR-PVL-IQL,theta_tau_exec,spec_timing_hopper,act_delay_rand1,0,1,2509.2111,1138.6832887509597,1074.7969084773144,1087.117525732529,685.0,20,77.7209,10000,last,0,runs/fmgan_iql/hopper_medium_seed0/r_spec_timing_hopper_eval.json
offline,FMGAN-IQL,PLR-PVL-IQL,theta_tau_exec,spec_timing_hopper,act_delay_rand2,0,0,1716.0953,1255.5907659073662,459.4879502386847,459.6374488568596,479.05,20,53.3516,10000,last,0,runs/fmgan_iql/hopper_medium_seed0/r_spec_timing_hopper_eval.json
offline,FMGAN-IQL,PLR-PVL-IQL,theta_tau_exec,spec_timing_hopper,substep,0,0,2234.0237,1122.6252975878729,812.4720820311296,858.9132793283313,597.05,20,69.2655,10000,last,0,runs/fmgan_iql/hopper_medium_seed0/r_spec_timing_hopper_eval.json
offline,FMGAN-IQL,PLR-PVL-IQL,theta_tau_exec,spec_timing_hopper,obs_delay_4ms,0,1,1420.2176,109.38082016645345,1241.4178611338536,1284.618103700497,365.15,20,44.2605,10000,last,0,runs/fmgan_iql/hopper_medium_seed0/r_spec_timing_hopper_eval.json
offline,FMGAN-IQL,PLR-PVL-IQL,theta_tau_exec,spec_timing_hopper,obs_delay_8ms,0,1,1212.6286,37.29089627147854,1101.2927199948278,1120.8371179608023,317.75,20,37.8821,10000,last,0,runs/fmgan_iql/hopper_medium_seed0/r_spec_timing_hopper_eval.json
offline,FMGAN-IQL,PLR-PVL-IQL,theta_tau_exec,spec_timing_hopper,obs_delay_16ms,0,1,910.1638,227.48181784267206,363.24757041697677,411.34301622980377,255.15,20,28.5885,10000,last,0,runs/fmgan_iql/hopper_medium_seed0/r_spec_timing_hopper_eval.json
offline,FMGAN-IQL,PLR-PVL-IQL,theta_tau_exec,spec_timing_hopper,nominal,1,0,3569.7862,270.7381912252875,2436.6380759857443,2974.573694503896,975.3,20,110.3082,10000,last,0,runs/fmgan_iql/hopper_medium_seed1/r_spec_timing_hopper_eval.json
offline,FMGAN-IQL,PLR-PVL-IQL,theta_tau_exec,spec_timing_hopper,act_delay_8ms,1,1,1257.4166,40.92081378588265,1189.9250026937775,1194.2585171119485,328.15,20,39.2582,10000,last,0,runs/fmgan_iql/hopper_medium_seed1/r_spec_timing_hopper_eval.json
offline,FMGAN-IQL,PLR-PVL-IQL,theta_tau_exec,spec_timing_hopper,act_delay_rand1,1,1,2692.0455,1169.9904359968316,1198.5920315301198,1213.1644246354474,731.6,20,83.3387,10000,last,0,runs/fmgan_iql/hopper_medium_seed1/r_spec_timing_hopper_eval.json
offline,FMGAN-IQL,PLR-PVL-IQL,theta_tau_exec,spec_timing_hopper,act_delay_rand2,1,0,1666.5286,1378.4540533818836,40.54453747934524,40.668332876159866,454.7,20,51.8286,10000,last,0,runs/fmgan_iql/hopper_medium_seed1/r_spec_timing_hopper_eval.json
offline,FMGAN-IQL,PLR-PVL-IQL,theta_tau_exec,spec_timing_hopper,substep,1,0,2618.9554,1177.546309953854,857.8087816376403,894.0314818303625,708.2,20,81.0929,10000,last,0,runs/fmgan_iql/hopper_medium_seed1/r_spec_timing_hopper_eval.json
offline,FMGAN-IQL,PLR-PVL-IQL,theta_tau_exec,spec_timing_hopper,obs_delay_4ms,1,1,1561.3270,217.31296214885975,1331.282074739796,1356.8105398892749,395.9,20,48.5962,10000,last,0,runs/fmgan_iql/hopper_medium_seed1/r_spec_timing_hopper_eval.json
offline,FMGAN-IQL,PLR-PVL-IQL,theta_tau_exec,spec_timing_hopper,obs_delay_8ms,1,1,1263.4571,54.61261973288487,1155.7016381599403,1182.0020887508385,330.35,20,39.4438,10000,last,0,runs/fmgan_iql/hopper_medium_seed1/r_spec_timing_hopper_eval.json
offline,FMGAN-IQL,PLR-PVL-IQL,theta_tau_exec,spec_timing_hopper,obs_delay_16ms,1,1,1061.8701,559.8284019213472,40.53362664050696,40.63947503865478,289.85,20,33.2499,10000,last,0,runs/fmgan_iql/hopper_medium_seed1/r_spec_timing_hopper_eval.json
offline,FMGAN-IQL,PLR-PVL-IQL,theta_tau_exec,spec_timing_hopper,nominal,2,0,3376.0734,506.75329902881094,2061.6383742099365,2218.6023393223522,918.85,20,104.3561,10000,last,0,runs/fmgan_iql/hopper_medium_seed2/r_spec_timing_hopper_eval.json
offline,FMGAN-IQL,PLR-PVL-IQL,theta_tau_exec,spec_timing_hopper,act_delay_8ms,2,1,1122.5701,140.18520171252877,1016.6165993261324,1025.0565033003154,302.8,20,35.1149,10000,last,0,runs/fmgan_iql/hopper_medium_seed2/r_spec_timing_hopper_eval.json
offline,FMGAN-IQL,PLR-PVL-IQL,theta_tau_exec,spec_timing_hopper,act_delay_rand1,2,1,2494.8491,1195.787502846637,1049.3868933313129,1052.6971590076441,678.7,20,77.2796,10000,last,0,runs/fmgan_iql/hopper_medium_seed2/r_spec_timing_hopper_eval.json
offline,FMGAN-IQL,PLR-PVL-IQL,theta_tau_exec,spec_timing_hopper,act_delay_rand2,2,0,1738.0954,1167.3465079477373,20.81802018449638,358.3536292035053,475.65,20,54.0276,10000,last,0,runs/fmgan_iql/hopper_medium_seed2/r_spec_timing_hopper_eval.json
offline,FMGAN-IQL,PLR-PVL-IQL,theta_tau_exec,spec_timing_hopper,substep,2,0,2051.7932,1100.0769432444297,818.887932197722,822.7551543582739,541.85,20,63.6663,10000,last,0,runs/fmgan_iql/hopper_medium_seed2/r_spec_timing_hopper_eval.json
offline,FMGAN-IQL,PLR-PVL-IQL,theta_tau_exec,spec_timing_hopper,obs_delay_4ms,2,1,1312.5494,101.09465537980928,1193.4523026277134,1204.9875895856892,340.95,20,40.9522,10000,last,0,runs/fmgan_iql/hopper_medium_seed2/r_spec_timing_hopper_eval.json
offline,FMGAN-IQL,PLR-PVL-IQL,theta_tau_exec,spec_timing_hopper,obs_delay_8ms,2,1,1122.5001,48.70042408740015,1054.1760442110763,1054.7790930157717,298.95,20,35.1128,10000,last,0,runs/fmgan_iql/hopper_medium_seed2/r_spec_timing_hopper_eval.json
offline,FMGAN-IQL,PLR-PVL-IQL,theta_tau_exec,spec_timing_hopper,obs_delay_16ms,2,1,1182.7866,691.1710634103349,385.7450806719138,394.4648422190136,330.6,20,36.9651,10000,last,0,runs/fmgan_iql/hopper_medium_seed2/r_spec_timing_hopper_eval.json
offline,FMGAN-IQL,PLR-PVL-IQL,theta_tau_exec,spec_timing_hopper,nominal,3407,0,3548.2308,20.58236465884456,3512.509085234951,3518.1489852907694,1000.0,20,109.6458,10000,last,0,runs/fmgan_iql/hopper_medium_seed3407/r_spec_timing_hopper_eval.json
offline,FMGAN-IQL,PLR-PVL-IQL,theta_tau_exec,spec_timing_hopper,act_delay_8ms,3407,1,1389.6370,115.03563137229226,1175.695039603506,1177.950694444367,361.8,20,43.3208,10000,last,0,runs/fmgan_iql/hopper_medium_seed3407/r_spec_timing_hopper_eval.json
offline,FMGAN-IQL,PLR-PVL-IQL,theta_tau_exec,spec_timing_hopper,act_delay_rand1,3407,1,2680.3251,1063.9703445860346,1180.206349285228,1189.600373077009,744.0,20,82.9786,10000,last,0,runs/fmgan_iql/hopper_medium_seed3407/r_spec_timing_hopper_eval.json
offline,FMGAN-IQL,PLR-PVL-IQL,theta_tau_exec,spec_timing_hopper,act_delay_rand2,3407,0,1919.7237,1095.2230879177835,697.9110729535444,701.1386501931978,529.5,20,59.6083,10000,last,0,runs/fmgan_iql/hopper_medium_seed3407/r_spec_timing_hopper_eval.json
offline,FMGAN-IQL,PLR-PVL-IQL,theta_tau_exec,spec_timing_hopper,substep,3407,0,3195.1285,901.5245184952478,976.8627359074037,983.483341735009,886.7,20,98.7964,10000,last,0,runs/fmgan_iql/hopper_medium_seed3407/r_spec_timing_hopper_eval.json
offline,FMGAN-IQL,PLR-PVL-IQL,theta_tau_exec,spec_timing_hopper,obs_delay_4ms,3407,1,2978.5300,892.7040598677304,1471.0247598289868,1496.6970217928065,807.9,20,92.1412,10000,last,0,runs/fmgan_iql/hopper_medium_seed3407/r_spec_timing_hopper_eval.json
offline,FMGAN-IQL,PLR-PVL-IQL,theta_tau_exec,spec_timing_hopper,obs_delay_8ms,3407,1,1363.7441,136.20660166105108,1173.2967854248236,1178.873673940052,353.7,20,42.5253,10000,last,0,runs/fmgan_iql/hopper_medium_seed3407/r_spec_timing_hopper_eval.json
offline,FMGAN-IQL,PLR-PVL-IQL,theta_tau_exec,spec_timing_hopper,obs_delay_16ms,3407,1,1058.2248,310.2835074764326,44.69528975812498,348.6701833088664,287.95,20,33.1379,10000,last,0,runs/fmgan_iql/hopper_medium_seed3407/r_spec_timing_hopper_eval.json
offline,FMGAN-IQL,PLR-PVL-IQL,theta_tau_exec,spec_timing_hopper,nominal,42,0,3547.1812,22.883851788713937,3513.6032148720838,3515.133084095838,1000.0,20,109.6136,10000,last,0,runs/fmgan_iql/hopper_medium_seed42/r_spec_timing_hopper_eval.json
offline,FMGAN-IQL,PLR-PVL-IQL,theta_tau_exec,spec_timing_hopper,act_delay_8ms,42,1,1191.5771,38.32954271569853,1079.5555081723328,1091.467863191962,314.55,20,37.2352,10000,last,0,runs/fmgan_iql/hopper_medium_seed42/r_spec_timing_hopper_eval.json
offline,FMGAN-IQL,PLR-PVL-IQL,theta_tau_exec,spec_timing_hopper,act_delay_rand1,42,1,2612.9109,1143.1820373643052,1199.1402022300206,1200.2760907209235,727.55,20,80.9072,10000,last,0,runs/fmgan_iql/hopper_medium_seed42/r_spec_timing_hopper_eval.json
offline,FMGAN-IQL,PLR-PVL-IQL,theta_tau_exec,spec_timing_hopper,act_delay_rand2,42,0,1638.2285,1325.784778450815,42.29292619690159,42.55838400893107,455.85,20,50.9591,10000,last,0,runs/fmgan_iql/hopper_medium_seed42/r_spec_timing_hopper_eval.json
offline,FMGAN-IQL,PLR-PVL-IQL,theta_tau_exec,spec_timing_hopper,substep,42,0,2940.0661,1046.7267107558403,889.2535822113425,891.1064516799802,813.75,20,90.9594,10000,last,0,runs/fmgan_iql/hopper_medium_seed42/r_spec_timing_hopper_eval.json
offline,FMGAN-IQL,PLR-PVL-IQL,theta_tau_exec,spec_timing_hopper,obs_delay_4ms,42,1,1978.5470,754.5126059493846,1407.6727718048323,1411.6176828747725,509.45,20,61.4157,10000,last,0,runs/fmgan_iql/hopper_medium_seed42/r_spec_timing_hopper_eval.json
offline,FMGAN-IQL,PLR-PVL-IQL,theta_tau_exec,spec_timing_hopper,obs_delay_8ms,42,1,1234.4243,79.39801639323159,1066.3524222871083,1088.4621646521705,323.15,20,38.5518,10000,last,0,runs/fmgan_iql/hopper_medium_seed42/r_spec_timing_hopper_eval.json
offline,FMGAN-IQL,PLR-PVL-IQL,theta_tau_exec,spec_timing_hopper,obs_delay_16ms,42,1,1208.3038,616.2336619002585,43.28197695347895,345.93640938003006,328.7,20,37.7492,10000,last,0,runs/fmgan_iql/hopper_medium_seed42/r_spec_timing_hopper_eval.json
offline,RAMBO,RAMBO,theta_o,spec_obsadv_hopper,nominal,0,0,3401.4802,503.47963301419384,1839.49632653586,2123.1819457143342,933.05,20,105.1368,10000,last,0,runs/spec_offline/rambo_hopper_seed0/r_spec_obsadv_hopper_eval.json
offline,RAMBO,RAMBO,theta_o,spec_obsadv_hopper,obs_uni_0.05,0,0,1638.0451,795.7164298302079,1007.197051001953,1007.8996951167749,432.35,20,50.9534,10000,last,0,runs/spec_offline/rambo_hopper_seed0/r_spec_obsadv_hopper_eval.json
offline,RAMBO,RAMBO,theta_o,spec_obsadv_hopper,obs_uni_0.10,0,1,986.7644,174.97443755344378,757.7651422442633,760.6454270371321,273.55,20,30.9422,10000,last,0,runs/spec_offline/rambo_hopper_seed0/r_spec_obsadv_hopper_eval.json
offline,RAMBO,RAMBO,theta_o,spec_obsadv_hopper,obs_uni_0.15,0,0,631.6257,200.42001809688435,222.74433119388203,233.40888733373328,194.4,20,20.0302,10000,last,0,runs/spec_offline/rambo_hopper_seed0/r_spec_obsadv_hopper_eval.json
offline,RAMBO,RAMBO,theta_o,spec_obsadv_hopper,obs_rel_0.05,0,0,2105.1599,944.3228259094292,1241.3991688546546,1246.488052371832,551.2,20,65.3060,10000,last,0,runs/spec_offline/rambo_hopper_seed0/r_spec_obsadv_hopper_eval.json
offline,RAMBO,RAMBO,theta_o,spec_obsadv_hopper,obs_rel_0.10,0,1,1514.1094,479.37308983381706,1040.952330398888,1062.5334699609903,392.0,20,47.1454,10000,last,0,runs/spec_offline/rambo_hopper_seed0/r_spec_obsadv_hopper_eval.json
offline,RAMBO,RAMBO,theta_o,spec_obsadv_hopper,obs_bias_0.05,0,0,2376.6801,1256.5708052697794,201.24704341986882,476.4235607461943,674.55,20,73.6487,10000,last,0,runs/spec_offline/rambo_hopper_seed0/r_spec_obsadv_hopper_eval.json
offline,RAMBO,RAMBO,theta_o,spec_obsadv_hopper,obs_gauss_0.05,0,0,1009.4656,237.79871373365984,215.14541942659616,491.2496746647446,277.05,20,31.6397,10000,last,0,runs/spec_offline/rambo_hopper_seed0/r_spec_obsadv_hopper_eval.json
offline,RAMBO,RAMBO,theta_o,spec_obsadv_hopper,obs_gauss_0.10,0,1,510.8360,204.116249223289,146.0294797904161,148.2400418719629,166.3,20,16.3188,10000,last,0,runs/spec_offline/rambo_hopper_seed0/r_spec_obsadv_hopper_eval.json
offline,RAMBO,RAMBO,theta_o,spec_obsadv_hopper,obs_shift_0.01,0,0,1403.1018,57.10280958449516,1301.8150064613258,1304.7486534916293,362.6,20,43.7346,10000,last,0,runs/spec_offline/rambo_hopper_seed0/r_spec_obsadv_hopper_eval.json
offline,RAMBO,RAMBO,theta_o,spec_obsadv_hopper,obs_shift_0.02,0,0,1093.8611,28.614867885933823,1069.5016848104337,1070.4893951694612,299.2,20,34.2328,10000,last,0,runs/spec_offline/rambo_hopper_seed0/r_spec_obsadv_hopper_eval.json
offline,RAMBO,RAMBO,theta_o,spec_obsadv_hopper,nominal,1,0,2989.9510,815.3354763004944,1672.9563021566973,1696.4685754032641,800.05,20,92.4921,10000,last,0,runs/spec_offline/rambo_hopper_seed1/r_spec_obsadv_hopper_eval.json
offline,RAMBO,RAMBO,theta_o,spec_obsadv_hopper,obs_uni_0.05,1,0,1626.5465,750.6057313859063,1012.4240379785514,1024.5266664606609,423.35,20,50.6001,10000,last,0,runs/spec_offline/rambo_hopper_seed1/r_spec_obsadv_hopper_eval.json
offline,RAMBO,RAMBO,theta_o,spec_obsadv_hopper,obs_uni_0.10,1,1,988.2456,165.47078138793051,709.1180023040417,727.9383983947971,272.95,20,30.9877,10000,last,0,runs/spec_offline/rambo_hopper_seed1/r_spec_obsadv_hopper_eval.json
offline,RAMBO,RAMBO,theta_o,spec_obsadv_hopper,obs_uni_0.15,1,0,808.8888,266.3403520431311,31.01330947141661,247.02386522550574,236.95,20,25.4768,10000,last,0,runs/spec_offline/rambo_hopper_seed1/r_spec_obsadv_hopper_eval.json
offline,RAMBO,RAMBO,theta_o,spec_obsadv_hopper,obs_rel_0.05,1,0,2155.4454,911.0641755434021,1253.0453939026609,1283.1628787240206,562.8,20,66.8511,10000,last,0,runs/spec_offline/rambo_hopper_seed1/r_spec_obsadv_hopper_eval.json
offline,RAMBO,RAMBO,theta_o,spec_obsadv_hopper,obs_rel_0.10,1,1,1593.3536,452.5892926666227,1061.8615995665923,1075.168016467258,411.7,20,49.5802,10000,last,0,runs/spec_offline/rambo_hopper_seed1/r_spec_obsadv_hopper_eval.json
offline,RAMBO,RAMBO,theta_o,spec_obsadv_hopper,obs_bias_0.05,1,0,2456.5827,1200.0796930948295,749.455569290147,804.4815157733822,691.75,20,76.1038,10000,last,0,runs/spec_offline/rambo_hopper_seed1/r_spec_obsadv_hopper_eval.json
offline,RAMBO,RAMBO,theta_o,spec_obsadv_hopper,obs_gauss_0.05,1,0,1081.4254,218.0270305649139,613.6901624977456,703.2629478214004,294.5,20,33.8507,10000,last,0,runs/spec_offline/rambo_hopper_seed1/r_spec_obsadv_hopper_eval.json
offline,RAMBO,RAMBO,theta_o,spec_obsadv_hopper,obs_gauss_0.10,1,1,764.3503,207.8103775888661,144.87764795384223,302.9109810045228,225.35,20,24.1083,10000,last,0,runs/spec_offline/rambo_hopper_seed1/r_spec_obsadv_hopper_eval.json
offline,RAMBO,RAMBO,theta_o,spec_obsadv_hopper,obs_shift_0.01,1,0,1373.3773,68.88280974261245,1239.875556793604,1244.2903982753598,355.05,20,42.8212,10000,last,0,runs/spec_offline/rambo_hopper_seed1/r_spec_obsadv_hopper_eval.json
offline,RAMBO,RAMBO,theta_o,spec_obsadv_hopper,obs_shift_0.02,1,0,1130.9536,63.5240053115112,1068.6128806319118,1068.7373890943531,305.05,20,35.3725,10000,last,0,runs/spec_offline/rambo_hopper_seed1/r_spec_obsadv_hopper_eval.json
offline,RAMBO,RAMBO,theta_o,spec_obsadv_hopper,nominal,2,0,2921.0504,813.0424344545678,1730.6315101376852,1738.5855339997856,778.85,20,90.3751,10000,last,0,runs/spec_offline/rambo_hopper_seed2/r_spec_obsadv_hopper_eval.json
offline,RAMBO,RAMBO,theta_o,spec_obsadv_hopper,obs_uni_0.05,2,0,1597.6477,831.1428738021631,970.6445331460865,983.4479062654918,419.15,20,49.7122,10000,last,0,runs/spec_offline/rambo_hopper_seed2/r_spec_obsadv_hopper_eval.json
offline,RAMBO,RAMBO,theta_o,spec_obsadv_hopper,obs_uni_0.10,2,1,856.2857,177.45281361218844,501.97902824138845,529.875147412551,243.15,20,26.9331,10000,last,0,runs/spec_offline/rambo_hopper_seed2/r_spec_obsadv_hopper_eval.json
offline,RAMBO,RAMBO,theta_o,spec_obsadv_hopper,obs_uni_0.15,2,0,531.3676,182.5652474339564,221.32665044367707,224.73672105830974,171.35,20,16.9496,10000,last,0,runs/spec_offline/rambo_hopper_seed2/r_spec_obsadv_hopper_eval.json
offline,RAMBO,RAMBO,theta_o,spec_obsadv_hopper,obs_rel_0.05,2,0,1930.4647,874.8284233710681,1248.2976263557664,1266.326620895837,505.7,20,59.9383,10000,last,0,runs/spec_offline/rambo_hopper_seed2/r_spec_obsadv_hopper_eval.json
offline,RAMBO,RAMBO,theta_o,spec_obsadv_hopper,obs_rel_0.10,2,1,1573.4750,750.7064638880063,973.4384437921499,999.5332557709631,412.9,20,48.9695,10000,last,0,runs/spec_offline/rambo_hopper_seed2/r_spec_obsadv_hopper_eval.json
offline,RAMBO,RAMBO,theta_o,spec_obsadv_hopper,obs_bias_0.05,2,0,2405.7272,1183.654394968816,747.3065594904683,773.5190835446708,685.75,20,74.5413,10000,last,0,runs/spec_offline/rambo_hopper_seed2/r_spec_obsadv_hopper_eval.json
offline,RAMBO,RAMBO,theta_o,spec_obsadv_hopper,obs_gauss_0.05,2,0,1015.0378,160.3268733269607,794.5952963619998,813.2449502709071,276.55,20,31.8109,10000,last,0,runs/spec_offline/rambo_hopper_seed2/r_spec_obsadv_hopper_eval.json
offline,RAMBO,RAMBO,theta_o,spec_obsadv_hopper,obs_gauss_0.10,2,1,415.3265,162.791464007195,147.15316164910394,147.17083389303735,143.55,20,13.3841,10000,last,0,runs/spec_offline/rambo_hopper_seed2/r_spec_obsadv_hopper_eval.json
offline,RAMBO,RAMBO,theta_o,spec_obsadv_hopper,obs_shift_0.01,2,0,1383.2534,72.28326290774312,1243.2275018867772,1251.9810684569306,356.75,20,43.1247,10000,last,0,runs/spec_offline/rambo_hopper_seed2/r_spec_obsadv_hopper_eval.json
offline,RAMBO,RAMBO,theta_o,spec_obsadv_hopper,obs_shift_0.02,2,0,1215.9601,23.14844211198429,1165.2730931778838,1173.771820041012,317.15,20,37.9844,10000,last,0,runs/spec_offline/rambo_hopper_seed2/r_spec_obsadv_hopper_eval.json
offline,RAMBO,RAMBO,theta_o,spec_obsadv_hopper,nominal,3407,0,3592.4508,20.080196234236716,3560.635396339692,3562.990070768682,1000.0,20,111.0045,10000,last,0,runs/spec_offline/rambo_hopper_seed3407/r_spec_obsadv_hopper_eval.json
offline,RAMBO,RAMBO,theta_o,spec_obsadv_hopper,obs_uni_0.05,3407,0,1582.9996,541.2588445278092,1003.8959584044059,1020.271094030393,409.7,20,49.2621,10000,last,0,runs/spec_offline/rambo_hopper_seed3407/r_spec_obsadv_hopper_eval.json
offline,RAMBO,RAMBO,theta_o,spec_obsadv_hopper,obs_uni_0.10,3407,1,1059.9600,212.27932546080763,821.1231672712313,828.50349459378,287.7,20,33.1912,10000,last,0,runs/spec_offline/rambo_hopper_seed3407/r_spec_obsadv_hopper_eval.json
offline,RAMBO,RAMBO,theta_o,spec_obsadv_hopper,obs_uni_0.15,3407,0,703.1186,168.51080675080055,310.38430955251056,380.7092785266185,210.1,20,22.2269,10000,last,0,runs/spec_offline/rambo_hopper_seed3407/r_spec_obsadv_hopper_eval.json
offline,RAMBO,RAMBO,theta_o,spec_obsadv_hopper,obs_rel_0.05,3407,0,1940.2741,846.0208039337316,1219.4715515297044,1306.626762366794,510.45,20,60.2397,10000,last,0,runs/spec_offline/rambo_hopper_seed3407/r_spec_obsadv_hopper_eval.json
offline,RAMBO,RAMBO,theta_o,spec_obsadv_hopper,obs_rel_0.10,3407,1,1535.6679,661.6865100670112,1040.397541975551,1047.4858085063543,399.0,20,47.8078,10000,last,0,runs/spec_offline/rambo_hopper_seed3407/r_spec_obsadv_hopper_eval.json
offline,RAMBO,RAMBO,theta_o,spec_obsadv_hopper,obs_bias_0.05,3407,0,2533.4030,1175.3565424196152,746.3079790319945,806.1061732432288,719.25,20,78.4642,10000,last,0,runs/spec_offline/rambo_hopper_seed3407/r_spec_obsadv_hopper_eval.json
offline,RAMBO,RAMBO,theta_o,spec_obsadv_hopper,obs_gauss_0.05,3407,0,1186.6756,174.13159701764528,889.7485623300536,895.0320436472707,313.7,20,37.0846,10000,last,0,runs/spec_offline/rambo_hopper_seed3407/r_spec_obsadv_hopper_eval.json
offline,RAMBO,RAMBO,theta_o,spec_obsadv_hopper,obs_gauss_0.10,3407,1,619.8406,251.66409046137144,158.26747368206765,159.6251511210059,190.75,20,19.6681,10000,last,0,runs/spec_offline/rambo_hopper_seed3407/r_spec_obsadv_hopper_eval.json
offline,RAMBO,RAMBO,theta_o,spec_obsadv_hopper,obs_shift_0.01,3407,0,1496.1680,94.40873089588324,1370.4434537253683,1376.5586612261268,382.25,20,46.5941,10000,last,0,runs/spec_offline/rambo_hopper_seed3407/r_spec_obsadv_hopper_eval.json
offline,RAMBO,RAMBO,theta_o,spec_obsadv_hopper,obs_shift_0.02,3407,0,1222.1057,24.19438483378576,1186.9857100551912,1188.963576519066,318.15,20,38.1733,10000,last,0,runs/spec_offline/rambo_hopper_seed3407/r_spec_obsadv_hopper_eval.json
offline,RAMBO,RAMBO,theta_o,spec_obsadv_hopper,nominal,42,0,3288.6734,647.735952827975,1737.53191581136,1823.7112166066809,900.4,20,101.6707,10000,last,0,runs/spec_offline/rambo_hopper_seed42/r_spec_obsadv_hopper_eval.json
offline,RAMBO,RAMBO,theta_o,spec_obsadv_hopper,obs_uni_0.05,42,0,1489.1227,422.8012573405831,1036.1403684836243,1039.7686856209773,385.7,20,46.3776,10000,last,0,runs/spec_offline/rambo_hopper_seed42/r_spec_obsadv_hopper_eval.json
offline,RAMBO,RAMBO,theta_o,spec_obsadv_hopper,obs_uni_0.10,42,1,1089.2874,210.45531334196062,710.5489599439157,794.305350901176,296.3,20,34.0923,10000,last,0,runs/spec_offline/rambo_hopper_seed42/r_spec_obsadv_hopper_eval.json
offline,RAMBO,RAMBO,theta_o,spec_obsadv_hopper,obs_uni_0.15,42,0,895.5416,208.76531149913032,489.30520982208964,493.52590480918866,258.15,20,28.1393,10000,last,0,runs/spec_offline/rambo_hopper_seed42/r_spec_obsadv_hopper_eval.json
offline,RAMBO,RAMBO,theta_o,spec_obsadv_hopper,obs_rel_0.05,42,0,2216.6632,926.1010396400986,1297.380462936992,1324.778782741189,581.7,20,68.7321,10000,last,0,runs/spec_offline/rambo_hopper_seed42/r_spec_obsadv_hopper_eval.json
offline,RAMBO,RAMBO,theta_o,spec_obsadv_hopper,obs_rel_0.10,42,1,1670.4125,664.5183486128495,1062.810300515444,1143.13583343461,434.1,20,51.9480,10000,last,0,runs/spec_offline/rambo_hopper_seed42/r_spec_obsadv_hopper_eval.json
offline,RAMBO,RAMBO,theta_o,spec_obsadv_hopper,obs_bias_0.05,42,0,2437.3534,1166.6751652730563,729.8607539839862,738.9921391158971,692.0,20,75.5130,10000,last,0,runs/spec_offline/rambo_hopper_seed42/r_spec_obsadv_hopper_eval.json
offline,RAMBO,RAMBO,theta_o,spec_obsadv_hopper,obs_gauss_0.05,42,0,1122.8726,225.7479233736625,717.9686736866489,810.3836760525598,303.9,20,35.1242,10000,last,0,runs/spec_offline/rambo_hopper_seed42/r_spec_obsadv_hopper_eval.json
offline,RAMBO,RAMBO,theta_o,spec_obsadv_hopper,obs_gauss_0.10,42,1,742.4201,213.86068992110464,159.39797744660189,326.1284844584532,221.6,20,23.4344,10000,last,0,runs/spec_offline/rambo_hopper_seed42/r_spec_obsadv_hopper_eval.json
offline,RAMBO,RAMBO,theta_o,spec_obsadv_hopper,obs_shift_0.01,42,0,1358.9140,51.54942110253217,1230.904930864694,1257.0528668396296,352.15,20,42.3768,10000,last,0,runs/spec_offline/rambo_hopper_seed42/r_spec_obsadv_hopper_eval.json
offline,RAMBO,RAMBO,theta_o,spec_obsadv_hopper,obs_shift_0.02,42,0,1120.4986,42.96151522892145,1075.2396051069472,1076.8392746031204,302.25,20,35.0513,10000,last,0,runs/spec_offline/rambo_hopper_seed42/r_spec_obsadv_hopper_eval.json
offline,RAMBO,RAMBO,theta_o,spec_obsadv_mad_hopper,nominal,0,0,3401.4802,503.47963301419384,1839.49632653586,2765.9063943039073,,20,105.1368,10000,,0,runs/spec_offline/rambo_hopper_seed0/r_spec_obsadv_mad_hopper_eval.json
offline,RAMBO,RAMBO,theta_o,spec_obsadv_mad_hopper,mad_0.02,0,1,1301.8790,216.17591225740122,1053.9777439126005,1070.6047445982633,,20,40.6244,10000,,0,runs/spec_offline/rambo_hopper_seed0/r_spec_obsadv_mad_hopper_eval.json
offline,RAMBO,RAMBO,theta_o,spec_obsadv_mad_hopper,mad_0.035,0,0,1003.6555,68.16332377116936,827.9607336244627,908.1523959763366,,20,31.4612,10000,,0,runs/spec_offline/rambo_hopper_seed0/r_spec_obsadv_mad_hopper_eval.json
offline,RAMBO,RAMBO,theta_o,spec_obsadv_mad_hopper,mad_0.05,0,1,555.7046,315.21294946192324,170.5334192606281,211.02573333632836,,20,17.6974,10000,,0,runs/spec_offline/rambo_hopper_seed0/r_spec_obsadv_mad_hopper_eval.json
offline,RAMBO,RAMBO,theta_o,spec_obsadv_mad_hopper,mad_0.075,0,0,295.1743,140.62692823819,22.38729812219899,168.36031379114235,,20,9.6923,10000,,0,runs/spec_offline/rambo_hopper_seed0/r_spec_obsadv_mad_hopper_eval.json
offline,RAMBO,RAMBO,theta_o,spec_obsadv_mad_hopper,mad_0.10,0,0,258.8660,147.93024449081443,34.383262996460935,126.66934930889329,,20,8.5767,10000,,0,runs/spec_offline/rambo_hopper_seed0/r_spec_obsadv_mad_hopper_eval.json
offline,RAMBO,RAMBO,theta_o,spec_obsadv_mad_hopper,nominal,1,0,2989.9510,815.3354763004944,1672.9563021566973,1851.654899304788,,20,92.4921,10000,,0,runs/spec_offline/rambo_hopper_seed1/r_spec_obsadv_mad_hopper_eval.json
offline,RAMBO,RAMBO,theta_o,spec_obsadv_mad_hopper,mad_0.02,1,1,1266.3870,220.61060060320227,992.8427763404916,1040.981790200514,,20,39.5339,10000,,0,runs/spec_offline/rambo_hopper_seed1/r_spec_obsadv_mad_hopper_eval.json
offline,RAMBO,RAMBO,theta_o,spec_obsadv_mad_hopper,mad_0.035,1,0,1000.1253,110.02640665269352,817.957896127061,857.2764887409209,,20,31.3527,10000,,0,runs/spec_offline/rambo_hopper_seed1/r_spec_obsadv_mad_hopper_eval.json
offline,RAMBO,RAMBO,theta_o,spec_obsadv_mad_hopper,mad_0.05,1,1,826.5963,161.5683139689869,446.5704828067748,588.0658541608034,,20,26.0208,10000,,0,runs/spec_offline/rambo_hopper_seed1/r_spec_obsadv_mad_hopper_eval.json
offline,RAMBO,RAMBO,theta_o,spec_obsadv_mad_hopper,mad_0.075,1,0,543.8449,225.96283762042566,18.324746871061322,247.90578038780671,,20,17.3330,10000,,0,runs/spec_offline/rambo_hopper_seed1/r_spec_obsadv_mad_hopper_eval.json
offline,RAMBO,RAMBO,theta_o,spec_obsadv_mad_hopper,mad_0.10,1,0,325.4016,231.92718077012196,25.845573859625873,29.40190693685169,,20,10.6211,10000,,0,runs/spec_offline/rambo_hopper_seed1/r_spec_obsadv_mad_hopper_eval.json
offline,RAMBO,RAMBO,theta_o,spec_obsadv_mad_hopper,nominal,2,0,2921.0504,813.0424344545678,1730.6315101376852,1846.1845942422835,,20,90.3751,10000,,0,runs/spec_offline/rambo_hopper_seed2/r_spec_obsadv_mad_hopper_eval.json
offline,RAMBO,RAMBO,theta_o,spec_obsadv_mad_hopper,mad_0.02,2,1,1236.5464,307.05919610042355,1001.4706685381931,1007.5288868198456,,20,38.6170,10000,,0,runs/spec_offline/rambo_hopper_seed2/r_spec_obsadv_mad_hopper_eval.json
offline,RAMBO,RAMBO,theta_o,spec_obsadv_mad_hopper,mad_0.035,2,0,991.7545,147.7463420917742,473.5115371776906,829.2370829344543,,20,31.0955,10000,,0,runs/spec_offline/rambo_hopper_seed2/r_spec_obsadv_mad_hopper_eval.json
offline,RAMBO,RAMBO,theta_o,spec_obsadv_mad_hopper,mad_0.05,2,1,704.9366,168.40106037700357,271.25431320360144,444.35991630449064,,20,22.2827,10000,,0,runs/spec_offline/rambo_hopper_seed2/r_spec_obsadv_mad_hopper_eval.json
offline,RAMBO,RAMBO,theta_o,spec_obsadv_mad_hopper,mad_0.075,2,0,313.0687,110.77684715279896,167.9666146021371,205.01078702202943,,20,10.2422,10000,,0,runs/spec_offline/rambo_hopper_seed2/r_spec_obsadv_mad_hopper_eval.json
offline,RAMBO,RAMBO,theta_o,spec_obsadv_mad_hopper,mad_0.10,2,0,203.1376,103.0414869186876,24.582143413651572,52.32889872685671,,20,6.8644,10000,,0,runs/spec_offline/rambo_hopper_seed2/r_spec_obsadv_mad_hopper_eval.json
offline,RAMBO,RAMBO,theta_o,spec_obsadv_mad_hopper,nominal,3407,0,3592.4508,20.080196234236716,3560.635396339692,3569.6818928390967,,20,111.0045,10000,,0,runs/spec_offline/rambo_hopper_seed3407/r_spec_obsadv_mad_hopper_eval.json
offline,RAMBO,RAMBO,theta_o,spec_obsadv_mad_hopper,mad_0.02,3407,1,1322.8342,225.97887579459226,1036.5510731906686,1103.5954557700238,,20,41.2683,10000,,0,runs/spec_offline/rambo_hopper_seed3407/r_spec_obsadv_mad_hopper_eval.json
offline,RAMBO,RAMBO,theta_o,spec_obsadv_mad_hopper,mad_0.035,3407,0,1003.2454,331.76772393777765,193.68341702403467,571.8431574368904,,20,31.4486,10000,,0,runs/spec_offline/rambo_hopper_seed3407/r_spec_obsadv_mad_hopper_eval.json
offline,RAMBO,RAMBO,theta_o,spec_obsadv_mad_hopper,mad_0.05,3407,1,829.4983,185.6100597813342,433.23531054812423,571.0431470791715,,20,26.1100,10000,,0,runs/spec_offline/rambo_hopper_seed3407/r_spec_obsadv_mad_hopper_eval.json
offline,RAMBO,RAMBO,theta_o,spec_obsadv_mad_hopper,mad_0.075,3407,0,495.6457,228.15706173187618,19.3061128915873,181.32894317067007,,20,15.8520,10000,,0,runs/spec_offline/rambo_hopper_seed3407/r_spec_obsadv_mad_hopper_eval.json
offline,RAMBO,RAMBO,theta_o,spec_obsadv_mad_hopper,mad_0.10,3407,0,189.8654,147.4806981869312,15.675493380880134,20.355237473196844,,20,6.4566,10000,,0,runs/spec_offline/rambo_hopper_seed3407/r_spec_obsadv_mad_hopper_eval.json
offline,RAMBO,RAMBO,theta_o,spec_obsadv_mad_hopper,nominal,42,0,3288.6734,647.735952827975,1737.53191581136,2325.4969400013706,,20,101.6707,10000,,0,runs/spec_offline/rambo_hopper_seed42/r_spec_obsadv_mad_hopper_eval.json
offline,RAMBO,RAMBO,theta_o,spec_obsadv_mad_hopper,mad_0.02,42,1,1336.9575,198.2644371983524,1069.4959060627043,1119.163042018695,,20,41.7022,10000,,0,runs/spec_offline/rambo_hopper_seed42/r_spec_obsadv_mad_hopper_eval.json
offline,RAMBO,RAMBO,theta_o,spec_obsadv_mad_hopper,mad_0.035,42,0,1081.5463,181.63266847020702,722.8919047955083,869.6076935590372,,20,33.8544,10000,,0,runs/spec_offline/rambo_hopper_seed42/r_spec_obsadv_mad_hopper_eval.json
offline,RAMBO,RAMBO,theta_o,spec_obsadv_mad_hopper,mad_0.05,42,1,914.7041,139.75587882744412,651.3661909375355,713.4518211823809,,20,28.7280,10000,,0,runs/spec_offline/rambo_hopper_seed42/r_spec_obsadv_mad_hopper_eval.json
offline,RAMBO,RAMBO,theta_o,spec_obsadv_mad_hopper,mad_0.075,42,0,555.9857,208.7322000803903,27.056998693325465,282.31559957035745,,20,17.7060,10000,,0,runs/spec_offline/rambo_hopper_seed42/r_spec_obsadv_mad_hopper_eval.json
offline,RAMBO,RAMBO,theta_o,spec_obsadv_mad_hopper,mad_0.10,42,0,229.7817,225.17549827642858,17.203042719369453,26.77101889215544,,20,7.6831,10000,,0,runs/spec_offline/rambo_hopper_seed42/r_spec_obsadv_mad_hopper_eval.json
offline,RAMBO,RAMBO,theta_a,spec_action_hopper,nominal,0,0,3401.4802,503.47963301419384,1839.49632653586,2123.1819457143342,933.05,20,105.1368,10000,last,0,runs/spec_offline/rambo_hopper_seed0/r_spec_action_hopper_eval.json
offline,RAMBO,RAMBO,theta_a,spec_action_hopper,act_gauss_0.05,0,0,1480.7643,218.8671423867167,1279.1887117399958,1284.9273383530203,380.15,20,46.1208,10000,last,0,runs/spec_offline/rambo_hopper_seed0/r_spec_action_hopper_eval.json
offline,RAMBO,RAMBO,theta_a,spec_action_hopper,act_gauss_0.10,0,1,1166.7227,130.5160066036195,1017.0036038801458,1020.4606154191997,312.75,20,36.4716,10000,last,0,runs/spec_offline/rambo_hopper_seed0/r_spec_action_hopper_eval.json
offline,RAMBO,RAMBO,theta_a,spec_action_hopper,act_gauss_0.20,0,0,1140.3173,234.25070064939115,892.7279208098643,928.6824878385746,311.75,20,35.6602,10000,last,0,runs/spec_offline/rambo_hopper_seed0/r_spec_action_hopper_eval.json
offline,RAMBO,RAMBO,theta_a,spec_action_hopper,act_uni_0.10,0,1,1572.0476,363.3246288784639,1214.282599440255,1235.998941858768,402.35,20,48.9256,10000,last,0,runs/spec_offline/rambo_hopper_seed0/r_spec_action_hopper_eval.json
offline,RAMBO,RAMBO,theta_a,spec_action_hopper,act_offset_0.05,0,1,1005.5270,8.467470073055535,988.0426113280316,991.1887562194942,280.9,20,31.5187,10000,last,0,runs/spec_offline/rambo_hopper_seed0/r_spec_action_hopper_eval.json
offline,RAMBO,RAMBO,theta_a,spec_action_hopper,act_oppose_0.10,0,1,902.5544,8.966503060820978,881.8363704399069,886.1928227329726,254.95,20,28.3547,10000,last,0,runs/spec_offline/rambo_hopper_seed0/r_spec_action_hopper_eval.json
offline,RAMBO,RAMBO,theta_a,spec_action_hopper,act_oppose_0.20,0,0,701.1964,11.090519561056052,682.9773050015617,684.940338629491,214.65,20,22.1678,10000,last,0,runs/spec_offline/rambo_hopper_seed0/r_spec_action_hopper_eval.json
offline,RAMBO,RAMBO,theta_a,spec_action_hopper,cmd_gauss_0.20,0,0,1140.3173,234.25070064939115,892.7279208098643,928.6824878385746,311.75,20,35.6602,10000,last,0,runs/spec_offline/rambo_hopper_seed0/r_spec_action_hopper_eval.json
offline,RAMBO,RAMBO,theta_a,spec_action_hopper,cmd_oppose_0.20,0,1,701.1964,11.090519561056052,682.9773050015617,684.940338629491,214.65,20,22.1678,10000,last,0,runs/spec_offline/rambo_hopper_seed0/r_spec_action_hopper_eval.json
offline,RAMBO,RAMBO,theta_a,spec_action_hopper,nominal,1,0,2989.9510,815.3354763004944,1672.9563021566973,1696.4685754032641,800.05,20,92.4921,10000,last,0,runs/spec_offline/rambo_hopper_seed1/r_spec_action_hopper_eval.json
offline,RAMBO,RAMBO,theta_a,spec_action_hopper,act_gauss_0.05,1,0,1409.5950,181.65701614066077,1260.8964746323097,1266.6867272556683,364.1,20,43.9341,10000,last,0,runs/spec_offline/rambo_hopper_seed1/r_spec_action_hopper_eval.json
offline,RAMBO,RAMBO,theta_a,spec_action_hopper,act_gauss_0.10,1,1,1134.8124,156.55817815149672,1020.8489485060192,1022.4112198286126,306.0,20,35.4911,10000,last,0,runs/spec_offline/rambo_hopper_seed1/r_spec_action_hopper_eval.json
offline,RAMBO,RAMBO,theta_a,spec_action_hopper,act_gauss_0.20,1,0,998.4505,124.12825897047959,884.0610832484558,895.0498911398734,278.8,20,31.3012,10000,last,0,runs/spec_offline/rambo_hopper_seed1/r_spec_action_hopper_eval.json
offline,RAMBO,RAMBO,theta_a,spec_action_hopper,act_uni_0.10,1,1,1377.6508,170.44469196264603,1226.0532830687946,1237.0339971797612,357.75,20,42.9525,10000,last,0,runs/spec_offline/rambo_hopper_seed1/r_spec_action_hopper_eval.json
offline,RAMBO,RAMBO,theta_a,spec_action_hopper,act_offset_0.05,1,1,981.7893,8.191441768168582,968.1046421558968,969.0064901974418,274.8,20,30.7893,10000,last,0,runs/spec_offline/rambo_hopper_seed1/r_spec_action_hopper_eval.json
offline,RAMBO,RAMBO,theta_a,spec_action_hopper,act_oppose_0.10,1,1,939.7594,16.823033087940487,903.2052678217074,903.9458702461425,262.95,20,29.4979,10000,last,0,runs/spec_offline/rambo_hopper_seed1/r_spec_action_hopper_eval.json
offline,RAMBO,RAMBO,theta_a,spec_action_hopper,act_oppose_0.20,1,0,574.8354,71.70351018530738,463.5904907678518,464.0481284521638,187.65,20,18.2852,10000,last,0,runs/spec_offline/rambo_hopper_seed1/r_spec_action_hopper_eval.json
offline,RAMBO,RAMBO,theta_a,spec_action_hopper,cmd_gauss_0.20,1,0,998.4505,124.12825897047959,884.0610832484558,895.0498911398734,278.8,20,31.3012,10000,last,0,runs/spec_offline/rambo_hopper_seed1/r_spec_action_hopper_eval.json
offline,RAMBO,RAMBO,theta_a,spec_action_hopper,cmd_oppose_0.20,1,1,574.8354,71.70351018530738,463.5904907678518,464.0481284521638,187.65,20,18.2852,10000,last,0,runs/spec_offline/rambo_hopper_seed1/r_spec_action_hopper_eval.json
offline,RAMBO,RAMBO,theta_a,spec_action_hopper,nominal,2,0,2921.0504,813.0424344545678,1730.6315101376852,1738.5855339997856,778.85,20,90.3751,10000,last,0,runs/spec_offline/rambo_hopper_seed2/r_spec_action_hopper_eval.json
offline,RAMBO,RAMBO,theta_a,spec_action_hopper,act_gauss_0.05,2,0,1372.8548,121.57770906789032,1249.5987858223436,1251.1697217284486,354.35,20,42.8052,10000,last,0,runs/spec_offline/rambo_hopper_seed2/r_spec_action_hopper_eval.json
offline,RAMBO,RAMBO,theta_a,spec_action_hopper,act_gauss_0.10,2,1,1188.2818,133.0976620640582,1018.6096141216783,1020.205413903092,313.45,20,37.1340,10000,last,0,runs/spec_offline/rambo_hopper_seed2/r_spec_action_hopper_eval.json
offline,RAMBO,RAMBO,theta_a,spec_action_hopper,act_gauss_0.20,2,0,911.5641,109.863319274396,785.8155653321115,787.65021804239,258.15,20,28.6316,10000,last,0,runs/spec_offline/rambo_hopper_seed2/r_spec_action_hopper_eval.json
offline,RAMBO,RAMBO,theta_a,spec_action_hopper,act_uni_0.10,2,1,1396.3480,174.6078362612998,1221.955515782516,1236.8925084692396,360.75,20,43.5270,10000,last,0,runs/spec_offline/rambo_hopper_seed2/r_spec_action_hopper_eval.json
offline,RAMBO,RAMBO,theta_a,spec_action_hopper,act_offset_0.05,2,1,998.9343,13.87941277467272,972.2733481668936,976.8253263001664,277.0,20,31.3161,10000,last,0,runs/spec_offline/rambo_hopper_seed2/r_spec_action_hopper_eval.json
offline,RAMBO,RAMBO,theta_a,spec_action_hopper,act_oppose_0.10,2,1,772.9851,14.080044414530398,750.3748644414973,752.2902154333558,228.95,20,24.3736,10000,last,0,runs/spec_offline/rambo_hopper_seed2/r_spec_action_hopper_eval.json
offline,RAMBO,RAMBO,theta_a,spec_action_hopper,act_oppose_0.20,2,0,794.7040,14.08740203517398,769.6908686717297,769.8538853346035,234.45,20,25.0409,10000,last,0,runs/spec_offline/rambo_hopper_seed2/r_spec_action_hopper_eval.json
offline,RAMBO,RAMBO,theta_a,spec_action_hopper,cmd_gauss_0.20,2,0,911.5641,109.863319274396,785.8155653321115,787.65021804239,258.15,20,28.6316,10000,last,0,runs/spec_offline/rambo_hopper_seed2/r_spec_action_hopper_eval.json
offline,RAMBO,RAMBO,theta_a,spec_action_hopper,cmd_oppose_0.20,2,1,794.7040,14.08740203517398,769.6908686717297,769.8538853346035,234.45,20,25.0409,10000,last,0,runs/spec_offline/rambo_hopper_seed2/r_spec_action_hopper_eval.json
offline,RAMBO,RAMBO,theta_a,spec_action_hopper,nominal,3407,0,3592.4508,20.080196234236716,3560.635396339692,3562.990070768682,1000.0,20,111.0045,10000,last,0,runs/spec_offline/rambo_hopper_seed3407/r_spec_action_hopper_eval.json
offline,RAMBO,RAMBO,theta_a,spec_action_hopper,act_gauss_0.05,3407,0,1595.8260,503.7629795628842,1294.0022509766106,1304.448781207007,413.8,20,49.6562,10000,last,0,runs/spec_offline/rambo_hopper_seed3407/r_spec_action_hopper_eval.json
offline,RAMBO,RAMBO,theta_a,spec_action_hopper,act_gauss_0.10,3407,1,1194.9479,111.0839687804406,1019.3908065998121,1019.9537449421395,315.0,20,37.3388,10000,last,0,runs/spec_offline/rambo_hopper_seed3407/r_spec_action_hopper_eval.json
offline,RAMBO,RAMBO,theta_a,spec_action_hopper,act_gauss_0.20,3407,0,870.0581,126.2857263453094,739.9353248052647,742.2254479536232,249.9,20,27.3562,10000,last,0,runs/spec_offline/rambo_hopper_seed3407/r_spec_action_hopper_eval.json
offline,RAMBO,RAMBO,theta_a,spec_action_hopper,act_uni_0.10,3407,1,1737.2540,683.9902195901113,1227.155942451041,1256.5341055383337,452.45,20,54.0017,10000,last,0,runs/spec_offline/rambo_hopper_seed3407/r_spec_action_hopper_eval.json
offline,RAMBO,RAMBO,theta_a,spec_action_hopper,act_offset_0.05,3407,1,1003.6182,12.107718654992045,968.4745041895501,981.9401602050422,277.8,20,31.4600,10000,last,0,runs/spec_offline/rambo_hopper_seed3407/r_spec_action_hopper_eval.json
offline,RAMBO,RAMBO,theta_a,spec_action_hopper,act_oppose_0.10,3407,1,773.3264,8.687860853350129,755.1477635220116,756.4472523266742,229.7,20,24.3841,10000,last,0,runs/spec_offline/rambo_hopper_seed3407/r_spec_action_hopper_eval.json
offline,RAMBO,RAMBO,theta_a,spec_action_hopper,act_oppose_0.20,3407,0,458.9058,16.808155930810273,437.47245684877106,438.04137208230065,159.15,20,14.7232,10000,last,0,runs/spec_offline/rambo_hopper_seed3407/r_spec_action_hopper_eval.json
offline,RAMBO,RAMBO,theta_a,spec_action_hopper,cmd_gauss_0.20,3407,0,870.0581,126.2857263453094,739.9353248052647,742.2254479536232,249.9,20,27.3562,10000,last,0,runs/spec_offline/rambo_hopper_seed3407/r_spec_action_hopper_eval.json
offline,RAMBO,RAMBO,theta_a,spec_action_hopper,cmd_oppose_0.20,3407,1,458.9058,16.808155930810273,437.47245684877106,438.04137208230065,159.15,20,14.7232,10000,last,0,runs/spec_offline/rambo_hopper_seed3407/r_spec_action_hopper_eval.json
offline,RAMBO,RAMBO,theta_a,spec_action_hopper,nominal,42,0,3288.6734,647.735952827975,1737.53191581136,1823.7112166066809,900.4,20,101.6707,10000,last,0,runs/spec_offline/rambo_hopper_seed42/r_spec_action_hopper_eval.json
offline,RAMBO,RAMBO,theta_a,spec_action_hopper,act_gauss_0.05,42,0,1409.7907,164.3436196176427,1259.2064274938102,1262.212922483982,364.15,20,43.9401,10000,last,0,runs/spec_offline/rambo_hopper_seed42/r_spec_action_hopper_eval.json
offline,RAMBO,RAMBO,theta_a,spec_action_hopper,act_gauss_0.10,42,1,1186.8971,88.14451242494785,1044.692685143688,1047.412507668017,315.15,20,37.0914,10000,last,0,runs/spec_offline/rambo_hopper_seed42/r_spec_action_hopper_eval.json
offline,RAMBO,RAMBO,theta_a,spec_action_hopper,act_gauss_0.20,42,0,1188.9027,227.1225055237474,943.7256555448647,964.5920921016867,324.0,20,37.1531,10000,last,0,runs/spec_offline/rambo_hopper_seed42/r_spec_action_hopper_eval.json
offline,RAMBO,RAMBO,theta_a,spec_action_hopper,act_uni_0.10,42,1,1614.3515,688.0904922982461,1208.1910962364166,1211.7829235262404,424.15,20,50.2254,10000,last,0,runs/spec_offline/rambo_hopper_seed42/r_spec_action_hopper_eval.json
offline,RAMBO,RAMBO,theta_a,spec_action_hopper,act_offset_0.05,42,1,1036.4949,6.6611515173506,1025.4358518182696,1026.8705044337735,286.25,20,32.4702,10000,last,0,runs/spec_offline/rambo_hopper_seed42/r_spec_action_hopper_eval.json
offline,RAMBO,RAMBO,theta_a,spec_action_hopper,act_oppose_0.10,42,1,992.5302,10.168797523336695,960.0457280007322,970.3933286670342,275.0,20,31.1193,10000,last,0,runs/spec_offline/rambo_hopper_seed42/r_spec_action_hopper_eval.json
offline,RAMBO,RAMBO,theta_a,spec_action_hopper,act_oppose_0.20,42,0,750.6281,26.156122390163976,684.841563434133,690.7638484459326,229.6,20,23.6866,10000,last,0,runs/spec_offline/rambo_hopper_seed42/r_spec_action_hopper_eval.json
offline,RAMBO,RAMBO,theta_a,spec_action_hopper,cmd_gauss_0.20,42,0,1188.9027,227.1225055237474,943.7256555448647,964.5920921016867,324.0,20,37.1531,10000,last,0,runs/spec_offline/rambo_hopper_seed42/r_spec_action_hopper_eval.json
offline,RAMBO,RAMBO,theta_a,spec_action_hopper,cmd_oppose_0.20,42,1,750.6281,26.156122390163976,684.841563434133,690.7638484459326,229.6,20,23.6866,10000,last,0,runs/spec_offline/rambo_hopper_seed42/r_spec_action_hopper_eval.json
offline,RAMBO,RAMBO,theta_p,spec_transition_hopper,nominal,0,0,3401.4802,503.47963301419384,1839.49632653586,2123.1819457143342,933.05,20,105.1368,10000,last,0,runs/spec_offline/rambo_hopper_seed0/r_spec_transition_hopper_eval.json
offline,RAMBO,RAMBO,theta_p,spec_transition_hopper,trans_t1,0,1,2033.9697,1062.7239368649853,1000.4673871444293,1036.8774126331577,544.45,20,63.1186,10000,last,0,runs/spec_offline/rambo_hopper_seed0/r_spec_transition_hopper_eval.json
offline,RAMBO,RAMBO,theta_p,spec_transition_hopper,trans_t2,0,0,1641.6671,815.803543140604,882.7906593049112,920.1958393780563,439.85,20,51.0647,10000,last,0,runs/spec_offline/rambo_hopper_seed0/r_spec_transition_hopper_eval.json
offline,RAMBO,RAMBO,theta_p,spec_transition_hopper,trans_t3,0,0,1233.6705,616.4235762823871,635.104284794921,638.0445839717945,342.15,20,38.5286,10000,last,0,runs/spec_offline/rambo_hopper_seed0/r_spec_transition_hopper_eval.json
offline,RAMBO,RAMBO,theta_p,spec_transition_hopper,nominal,1,0,2989.9510,815.3354763004944,1672.9563021566973,1696.4685754032641,800.05,20,92.4921,10000,last,0,runs/spec_offline/rambo_hopper_seed1/r_spec_transition_hopper_eval.json
offline,RAMBO,RAMBO,theta_p,spec_transition_hopper,trans_t1,1,1,1793.1966,940.799071779354,1012.9873066117701,1020.9641865743874,478.25,20,55.7206,10000,last,0,runs/spec_offline/rambo_hopper_seed1/r_spec_transition_hopper_eval.json
offline,RAMBO,RAMBO,theta_p,spec_transition_hopper,trans_t2,1,0,1443.5071,568.4989561258487,720.4598936490637,812.2072293765574,382.85,20,44.9761,10000,last,0,runs/spec_offline/rambo_hopper_seed1/r_spec_transition_hopper_eval.json
offline,RAMBO,RAMBO,theta_p,spec_transition_hopper,trans_t3,1,0,1092.4159,614.1587265131726,30.446339440688632,105.99955043817569,308.25,20,34.1884,10000,last,0,runs/spec_offline/rambo_hopper_seed1/r_spec_transition_hopper_eval.json
offline,RAMBO,RAMBO,theta_p,spec_transition_hopper,nominal,2,0,2921.0504,813.0424344545678,1730.6315101376852,1738.5855339997856,778.85,20,90.3751,10000,last,0,runs/spec_offline/rambo_hopper_seed2/r_spec_transition_hopper_eval.json
offline,RAMBO,RAMBO,theta_p,spec_transition_hopper,trans_t1,2,1,1779.0954,894.0101904867761,1000.1236363015312,1011.6045844820196,473.4,20,55.2873,10000,last,0,runs/spec_offline/rambo_hopper_seed2/r_spec_transition_hopper_eval.json
offline,RAMBO,RAMBO,theta_p,spec_transition_hopper,trans_t2,2,0,1573.7497,737.0011897808378,769.3194491667582,876.8279984068639,421.65,20,48.9779,10000,last,0,runs/spec_offline/rambo_hopper_seed2/r_spec_transition_hopper_eval.json
offline,RAMBO,RAMBO,theta_p,spec_transition_hopper,trans_t3,2,0,1150.6051,517.3155501080872,444.1758084161148,445.87434122621534,325.65,20,35.9763,10000,last,0,runs/spec_offline/rambo_hopper_seed2/r_spec_transition_hopper_eval.json
offline,RAMBO,RAMBO,theta_p,spec_transition_hopper,nominal,3407,0,3592.4508,20.080196234236716,3560.635396339692,3562.990070768682,1000.0,20,111.0045,10000,last,0,runs/spec_offline/rambo_hopper_seed3407/r_spec_transition_hopper_eval.json
offline,RAMBO,RAMBO,theta_p,spec_transition_hopper,trans_t1,3407,1,1887.2737,934.5764627320813,1137.30995070687,1164.6226313500147,500.95,20,58.6112,10000,last,0,runs/spec_offline/rambo_hopper_seed3407/r_spec_transition_hopper_eval.json
offline,RAMBO,RAMBO,theta_p,spec_transition_hopper,trans_t2,3407,0,1470.1885,672.126142999476,794.7437230170164,853.9604473066598,394.75,20,45.7959,10000,last,0,runs/spec_offline/rambo_hopper_seed3407/r_spec_transition_hopper_eval.json
offline,RAMBO,RAMBO,theta_p,spec_transition_hopper,trans_t3,3407,0,1189.0570,635.6748215483952,176.0502225741859,302.6940701586723,335.8,20,37.1578,10000,last,0,runs/spec_offline/rambo_hopper_seed3407/r_spec_transition_hopper_eval.json
offline,RAMBO,RAMBO,theta_p,spec_transition_hopper,nominal,42,0,3288.6734,647.735952827975,1737.53191581136,1823.7112166066809,900.4,20,101.6707,10000,last,0,runs/spec_offline/rambo_hopper_seed42/r_spec_transition_hopper_eval.json
offline,RAMBO,RAMBO,theta_p,spec_transition_hopper,trans_t1,42,1,1831.4805,949.6398023684686,1132.9071817041024,1135.6887652457276,483.55,20,56.8969,10000,last,0,runs/spec_offline/rambo_hopper_seed42/r_spec_transition_hopper_eval.json
offline,RAMBO,RAMBO,theta_p,spec_transition_hopper,trans_t2,42,0,1670.1107,830.9825029126691,930.399651729153,960.9874779375857,443.85,20,51.9387,10000,last,0,runs/spec_offline/rambo_hopper_seed42/r_spec_transition_hopper_eval.json
offline,RAMBO,RAMBO,theta_p,spec_transition_hopper,trans_t3,42,0,1219.4046,607.7508310521963,520.1073678187371,592.1347271250962,339.95,20,38.0903,10000,last,0,runs/spec_offline/rambo_hopper_seed42/r_spec_transition_hopper_eval.json
offline,RAMBO,RAMBO,theta_p,spec_push_hopper,nominal,0,0,3401.4802,503.47963301419384,1839.49632653586,2123.1819457143342,933.05,20,105.1368,10000,last,0,runs/spec_offline/rambo_hopper_seed0/r_spec_push_hopper_eval.json
offline,RAMBO,RAMBO,theta_p,spec_push_hopper,push_30,0,0,2298.8512,899.5004721863744,1063.0381243985744,1063.0672824097528,605.0,20,71.2574,10000,last,0,runs/spec_offline/rambo_hopper_seed0/r_spec_push_hopper_eval.json
offline,RAMBO,RAMBO,theta_p,spec_push_hopper,push_60,0,1,1448.9318,784.0525482101227,670.527896583968,717.2388217646555,392.05,20,45.1427,10000,last,0,runs/spec_offline/rambo_hopper_seed0/r_spec_push_hopper_eval.json
offline,RAMBO,RAMBO,theta_p,spec_push_hopper,push_100,0,0,1175.9884,771.7089279551109,457.81323586234436,510.6175650389655,330.5,20,36.7563,10000,last,0,runs/spec_offline/rambo_hopper_seed0/r_spec_push_hopper_eval.json
offline,RAMBO,RAMBO,theta_p,spec_push_hopper,push_150,0,0,792.4895,625.3404578929157,40.431332511121525,142.5553738163834,226.7,20,24.9729,10000,last,0,runs/spec_offline/rambo_hopper_seed0/r_spec_push_hopper_eval.json
offline,RAMBO,RAMBO,theta_p,spec_push_hopper,nominal,1,0,2989.9510,815.3354763004944,1672.9563021566973,1696.4685754032641,800.05,20,92.4921,10000,last,0,runs/spec_offline/rambo_hopper_seed1/r_spec_push_hopper_eval.json
offline,RAMBO,RAMBO,theta_p,spec_push_hopper,push_30,1,0,2196.4591,1050.063459761238,875.064381206245,944.5879374268177,586.65,20,68.1113,10000,last,0,runs/spec_offline/rambo_hopper_seed1/r_spec_push_hopper_eval.json
offline,RAMBO,RAMBO,theta_p,spec_push_hopper,push_60,1,1,1366.6444,813.3764276163962,685.008326108945,685.239743947996,364.1,20,42.6144,10000,last,0,runs/spec_offline/rambo_hopper_seed1/r_spec_push_hopper_eval.json
offline,RAMBO,RAMBO,theta_p,spec_push_hopper,push_100,1,0,994.1839,561.4747858927612,191.43496573334156,380.4880220440174,286.9,20,31.1701,10000,last,0,runs/spec_offline/rambo_hopper_seed1/r_spec_push_hopper_eval.json
offline,RAMBO,RAMBO,theta_p,spec_push_hopper,push_150,1,0,801.5940,594.0658644154006,41.983284049109756,148.77947806249693,228.4,20,25.2526,10000,last,0,runs/spec_offline/rambo_hopper_seed1/r_spec_push_hopper_eval.json
offline,RAMBO,RAMBO,theta_p,spec_push_hopper,nominal,2,0,2921.0504,813.0424344545678,1730.6315101376852,1738.5855339997856,778.85,20,90.3751,10000,last,0,runs/spec_offline/rambo_hopper_seed2/r_spec_push_hopper_eval.json
offline,RAMBO,RAMBO,theta_p,spec_push_hopper,push_30,2,0,2069.6569,938.6470404592341,1032.0340113688749,1051.640637267399,544.0,20,64.2151,10000,last,0,runs/spec_offline/rambo_hopper_seed2/r_spec_push_hopper_eval.json
offline,RAMBO,RAMBO,theta_p,spec_push_hopper,push_60,2,1,1349.7299,620.7965764221448,672.1669143932551,708.8621420158738,360.35,20,42.0947,10000,last,0,runs/spec_offline/rambo_hopper_seed2/r_spec_push_hopper_eval.json
offline,RAMBO,RAMBO,theta_p,spec_push_hopper,push_100,2,0,1057.1475,586.0011616092038,471.92692206392076,527.1937919956579,297.45,20,33.1048,10000,last,0,runs/spec_offline/rambo_hopper_seed2/r_spec_push_hopper_eval.json
offline,RAMBO,RAMBO,theta_p,spec_push_hopper,push_150,2,0,846.0740,645.8231499398058,67.84855736137752,161.9401886480923,245.4,20,26.6193,10000,last,0,runs/spec_offline/rambo_hopper_seed2/r_spec_push_hopper_eval.json
offline,RAMBO,RAMBO,theta_p,spec_push_hopper,nominal,3407,0,3592.4508,20.080196234236716,3560.635396339692,3562.990070768682,1000.0,20,111.0045,10000,last,0,runs/spec_offline/rambo_hopper_seed3407/r_spec_push_hopper_eval.json
offline,RAMBO,RAMBO,theta_p,spec_push_hopper,push_30,3407,0,2266.0265,958.0948781819172,1061.7157330414957,1128.4211103881962,600.25,20,70.2488,10000,last,0,runs/spec_offline/rambo_hopper_seed3407/r_spec_push_hopper_eval.json
offline,RAMBO,RAMBO,theta_p,spec_push_hopper,push_60,3407,1,1532.1751,939.4723245223182,686.1414521668288,717.9622337053788,412.4,20,47.7005,10000,last,0,runs/spec_offline/rambo_hopper_seed3407/r_spec_push_hopper_eval.json
offline,RAMBO,RAMBO,theta_p,spec_push_hopper,push_100,3407,0,1068.3477,715.5109262689891,186.96669828414483,364.84318889782605,304.2,20,33.4489,10000,last,0,runs/spec_offline/rambo_hopper_seed3407/r_spec_push_hopper_eval.json
offline,RAMBO,RAMBO,theta_p,spec_push_hopper,push_150,3407,0,749.9276,600.3423658228041,40.69412678501187,115.02829420152501,222.0,20,23.6651,10000,last,0,runs/spec_offline/rambo_hopper_seed3407/r_spec_push_hopper_eval.json
offline,RAMBO,RAMBO,theta_p,spec_push_hopper,nominal,42,0,3288.6734,647.735952827975,1737.53191581136,1823.7112166066809,900.4,20,101.6707,10000,last,0,runs/spec_offline/rambo_hopper_seed42/r_spec_push_hopper_eval.json
offline,RAMBO,RAMBO,theta_p,spec_push_hopper,push_30,42,0,2024.7922,878.023779423447,1037.3011965358983,1051.3577003362946,535.45,20,62.8366,10000,last,0,runs/spec_offline/rambo_hopper_seed42/r_spec_push_hopper_eval.json
offline,RAMBO,RAMBO,theta_p,spec_push_hopper,push_60,42,1,1333.4160,609.4013394421177,721.9030583728569,743.3621856808546,353.0,20,41.5934,10000,last,0,runs/spec_offline/rambo_hopper_seed42/r_spec_push_hopper_eval.json
offline,RAMBO,RAMBO,theta_p,spec_push_hopper,push_100,42,0,1038.7977,555.3100436775062,464.59210845014996,526.4108339163706,294.15,20,32.5409,10000,last,0,runs/spec_offline/rambo_hopper_seed42/r_spec_push_hopper_eval.json
offline,RAMBO,RAMBO,theta_p,spec_push_hopper,push_150,42,0,776.0096,590.8117788223021,47.895448490584755,152.011516312877,227.95,20,24.4665,10000,last,0,runs/spec_offline/rambo_hopper_seed42/r_spec_push_hopper_eval.json
offline,RAMBO,RAMBO,theta_p,spec_timevar_hopper,nominal,0,0,3401.4802,503.47963301419384,1839.49632653586,2123.1819457143342,933.05,20,105.1368,10000,last,0,runs/spec_offline/rambo_hopper_seed0/r_spec_timevar_hopper_eval.json
offline,RAMBO,RAMBO,theta_p,spec_timevar_hopper,gear_static_0.8,0,1,615.2109,2.0835660583586932,611.1928228597968,611.7414913701081,196.65,20,19.5258,10000,last,0,runs/spec_offline/rambo_hopper_seed0/r_spec_timevar_hopper_eval.json
offline,RAMBO,RAMBO,theta_p,spec_timevar_hopper,gear_step_0.8,0,0,2443.2447,154.09071893021832,1839.49632653586,2078.105429555645,658.4,20,75.6940,10000,last,0,runs/spec_offline/rambo_hopper_seed0/r_spec_timevar_hopper_eval.json
offline,RAMBO,RAMBO,theta_p,spec_timevar_hopper,gear_ramp_0.8,0,1,1285.1215,35.96258678554915,1232.8253537455714,1234.4517131210318,337.9,20,40.1095,10000,last,0,runs/spec_offline/rambo_hopper_seed0/r_spec_timevar_hopper_eval.json
offline,RAMBO,RAMBO,theta_p,spec_timevar_hopper,gear_sine_p200,0,0,1000.6245,17.095846033648364,972.5372932459295,974.7745171177728,275.0,20,31.3680,10000,last,0,runs/spec_offline/rambo_hopper_seed0/r_spec_timevar_hopper_eval.json
offline,RAMBO,RAMBO,theta_p,spec_timevar_hopper,gear_sine_p500,0,1,1758.9631,131.74720027026268,1594.7077627158085,1597.6121338742146,486.05,20,54.6688,10000,last,0,runs/spec_offline/rambo_hopper_seed0/r_spec_timevar_hopper_eval.json
offline,RAMBO,RAMBO,theta_p,spec_timevar_hopper,gravity_ramp_1.2,0,0,2758.8171,927.2806046688564,1535.924297483419,1569.2698601634593,714.8,20,85.3903,10000,last,0,runs/spec_offline/rambo_hopper_seed0/r_spec_timevar_hopper_eval.json
offline,RAMBO,RAMBO,theta_p,spec_timevar_hopper,nominal,1,0,2989.9510,815.3354763004944,1672.9563021566973,1696.4685754032641,800.05,20,92.4921,10000,last,0,runs/spec_offline/rambo_hopper_seed1/r_spec_timevar_hopper_eval.json
offline,RAMBO,RAMBO,theta_p,spec_timevar_hopper,gear_static_0.8,1,1,515.6880,24.287345249683646,470.4198625139435,471.52275023439427,173.55,20,16.4679,10000,last,0,runs/spec_offline/rambo_hopper_seed1/r_spec_timevar_hopper_eval.json
offline,RAMBO,RAMBO,theta_p,spec_timevar_hopper,gear_step_0.8,1,0,2272.1396,275.79549249410076,1672.9563021566973,1696.4685754032641,599.6,20,70.4366,10000,last,0,runs/spec_offline/rambo_hopper_seed1/r_spec_timevar_hopper_eval.json
offline,RAMBO,RAMBO,theta_p,spec_timevar_hopper,gear_ramp_0.8,1,1,1235.5457,19.80601634331063,1206.3346694555535,1206.8465073193333,326.25,20,38.5862,10000,last,0,runs/spec_offline/rambo_hopper_seed1/r_spec_timevar_hopper_eval.json
offline,RAMBO,RAMBO,theta_p,spec_timevar_hopper,gear_sine_p200,1,0,960.4720,13.563296439313238,928.6028483089311,932.2638942214097,267.15,20,30.1343,10000,last,0,runs/spec_offline/rambo_hopper_seed1/r_spec_timevar_hopper_eval.json
offline,RAMBO,RAMBO,theta_p,spec_timevar_hopper,gear_sine_p500,1,1,1615.2933,90.82721552588043,1373.3354532449443,1374.0956637314703,453.1,20,50.2544,10000,last,0,runs/spec_offline/rambo_hopper_seed1/r_spec_timevar_hopper_eval.json
offline,RAMBO,RAMBO,theta_p,spec_timevar_hopper,gravity_ramp_1.2,1,0,1582.9951,188.5693709851065,1388.7837520735245,1396.2907651179135,402.5,20,49.2620,10000,last,0,runs/spec_offline/rambo_hopper_seed1/r_spec_timevar_hopper_eval.json
offline,RAMBO,RAMBO,theta_p,spec_timevar_hopper,nominal,2,0,2921.0504,813.0424344545678,1730.6315101376852,1738.5855339997856,778.85,20,90.3751,10000,last,0,runs/spec_offline/rambo_hopper_seed2/r_spec_timevar_hopper_eval.json
offline,RAMBO,RAMBO,theta_p,spec_timevar_hopper,gear_static_0.8,2,1,693.7958,8.770499355712099,680.5524701383082,681.2078715771887,213.7,20,21.9404,10000,last,0,runs/spec_offline/rambo_hopper_seed2/r_spec_timevar_hopper_eval.json
offline,RAMBO,RAMBO,theta_p,spec_timevar_hopper,gear_step_0.8,2,0,2292.5935,288.7316196044566,1730.6315101376852,1738.5855339997856,598.35,20,71.0651,10000,last,0,runs/spec_offline/rambo_hopper_seed2/r_spec_timevar_hopper_eval.json
offline,RAMBO,RAMBO,theta_p,spec_timevar_hopper,gear_ramp_0.8,2,1,1250.1791,26.67266520328736,1217.5348353294771,1218.0041920848657,326.9,20,39.0359,10000,last,0,runs/spec_offline/rambo_hopper_seed2/r_spec_timevar_hopper_eval.json
offline,RAMBO,RAMBO,theta_p,spec_timevar_hopper,gear_sine_p200,2,0,924.2476,15.89080450198036,899.7080335122372,900.668649578281,261.25,20,29.0213,10000,last,0,runs/spec_offline/rambo_hopper_seed2/r_spec_timevar_hopper_eval.json
offline,RAMBO,RAMBO,theta_p,spec_timevar_hopper,gear_sine_p500,2,1,1721.7374,46.63201788756235,1648.488814769638,1652.6057755875627,467.2,20,53.5250,10000,last,0,runs/spec_offline/rambo_hopper_seed2/r_spec_timevar_hopper_eval.json
offline,RAMBO,RAMBO,theta_p,spec_timevar_hopper,gravity_ramp_1.2,2,0,1499.7459,102.0556516019172,1351.7227195165892,1355.6072850980474,382.9,20,46.7040,10000,last,0,runs/spec_offline/rambo_hopper_seed2/r_spec_timevar_hopper_eval.json
offline,RAMBO,RAMBO,theta_p,spec_timevar_hopper,nominal,3407,0,3592.4508,20.080196234236716,3560.635396339692,3562.990070768682,1000.0,20,111.0045,10000,last,0,runs/spec_offline/rambo_hopper_seed3407/r_spec_timevar_hopper_eval.json
offline,RAMBO,RAMBO,theta_p,spec_timevar_hopper,gear_static_0.8,3407,1,452.9721,2.473815309076493,449.24391950493316,449.43698936620683,158.85,20,14.5408,10000,last,0,runs/spec_offline/rambo_hopper_seed3407/r_spec_timevar_hopper_eval.json
offline,RAMBO,RAMBO,theta_p,spec_timevar_hopper,gear_step_0.8,3407,0,2456.8596,57.08951792816414,2230.341404160229,2333.9688824852396,670.9,20,76.1123,10000,last,0,runs/spec_offline/rambo_hopper_seed3407/r_spec_timevar_hopper_eval.json
offline,RAMBO,RAMBO,theta_p,spec_timevar_hopper,gear_ramp_0.8,3407,1,1310.7758,40.7776596816172,1234.1334243908575,1246.8776946480584,344.5,20,40.8977,10000,last,0,runs/spec_offline/rambo_hopper_seed3407/r_spec_timevar_hopper_eval.json
offline,RAMBO,RAMBO,theta_p,spec_timevar_hopper,gear_sine_p200,3407,0,973.0353,17.317969954266694,950.7766162336777,950.8341540664726,270.55,20,30.5203,10000,last,0,runs/spec_offline/rambo_hopper_seed3407/r_spec_timevar_hopper_eval.json
offline,RAMBO,RAMBO,theta_p,spec_timevar_hopper,gear_sine_p500,3407,1,1649.0563,47.62377800602432,1611.0541640045485,1615.5218817761915,457.4,20,51.2918,10000,last,0,runs/spec_offline/rambo_hopper_seed3407/r_spec_timevar_hopper_eval.json
offline,RAMBO,RAMBO,theta_p,spec_timevar_hopper,gravity_ramp_1.2,3407,0,2818.4245,795.9317732698938,1582.5747884610582,1611.6223234912682,732.5,20,87.2218,10000,last,0,runs/spec_offline/rambo_hopper_seed3407/r_spec_timevar_hopper_eval.json
offline,RAMBO,RAMBO,theta_p,spec_timevar_hopper,nominal,42,0,3288.6734,647.735952827975,1737.53191581136,1823.7112166066809,900.4,20,101.6707,10000,last,0,runs/spec_offline/rambo_hopper_seed42/r_spec_timevar_hopper_eval.json
offline,RAMBO,RAMBO,theta_p,spec_timevar_hopper,gear_static_0.8,42,1,638.4596,3.5969222874180526,631.2689951407027,633.0846714692675,204.15,20,20.2401,10000,last,0,runs/spec_offline/rambo_hopper_seed42/r_spec_timevar_hopper_eval.json
offline,RAMBO,RAMBO,theta_p,spec_timevar_hopper,gear_step_0.8,42,0,2370.7916,220.44133928536314,1737.53191581136,1823.7112166066809,639.05,20,73.4678,10000,last,0,runs/spec_offline/rambo_hopper_seed42/r_spec_timevar_hopper_eval.json
offline,RAMBO,RAMBO,theta_p,spec_timevar_hopper,gear_ramp_0.8,42,1,1250.9818,31.390066342910057,1183.2623318825504,1198.0856778647594,329.35,20,39.0605,10000,last,0,runs/spec_offline/rambo_hopper_seed42/r_spec_timevar_hopper_eval.json
offline,RAMBO,RAMBO,theta_p,spec_timevar_hopper,gear_sine_p200,42,0,1003.4148,11.270392081653798,983.8488095871423,987.6085663368735,274.9,20,31.4538,10000,last,0,runs/spec_offline/rambo_hopper_seed42/r_spec_timevar_hopper_eval.json
offline,RAMBO,RAMBO,theta_p,spec_timevar_hopper,gear_sine_p500,42,1,1862.8430,59.57309021351136,1731.0817061655962,1748.9551236389314,516.95,20,57.8606,10000,last,0,runs/spec_offline/rambo_hopper_seed42/r_spec_timevar_hopper_eval.json
offline,RAMBO,RAMBO,theta_p,spec_timevar_hopper,gravity_ramp_1.2,42,0,1995.3460,654.9602802973371,1357.3837004089357,1411.935773014814,506.25,20,61.9319,10000,last,0,runs/spec_offline/rambo_hopper_seed42/r_spec_timevar_hopper_eval.json
offline,RAMBO,RAMBO,theta_tau_exec,spec_timing_hopper,nominal,0,0,3401.4802,503.47963301419384,1839.49632653586,2123.1819457143342,933.05,20,105.1368,10000,last,0,runs/spec_offline/rambo_hopper_seed0/r_spec_timing_hopper_eval.json
offline,RAMBO,RAMBO,theta_tau_exec,spec_timing_hopper,act_delay_8ms,0,1,1181.9689,58.0652586311524,1078.2771743740423,1084.974889025994,314.15,20,36.9400,10000,last,0,runs/spec_offline/rambo_hopper_seed0/r_spec_timing_hopper_eval.json
offline,RAMBO,RAMBO,theta_tau_exec,spec_timing_hopper,act_delay_rand1,0,1,2495.1079,1148.0082627093307,1078.2771743740423,1084.974889025994,679.95,20,77.2876,10000,last,0,runs/spec_offline/rambo_hopper_seed0/r_spec_timing_hopper_eval.json
offline,RAMBO,RAMBO,theta_tau_exec,spec_timing_hopper,act_delay_rand2,0,0,1524.4927,1313.8835331826817,20.101878504737847,20.133642689695833,416.75,20,47.4644,10000,last,0,runs/spec_offline/rambo_hopper_seed0/r_spec_timing_hopper_eval.json
offline,RAMBO,RAMBO,theta_tau_exec,spec_timing_hopper,substep,0,0,2444.4392,1152.1133145468475,885.1055312965041,908.8543767651024,650.15,20,75.7307,10000,last,0,runs/spec_offline/rambo_hopper_seed0/r_spec_timing_hopper_eval.json
offline,RAMBO,RAMBO,theta_tau_exec,spec_timing_hopper,obs_delay_4ms,0,1,1474.9675,145.06713687306024,1266.6846852595559,1283.5927434504065,377.55,20,45.9427,10000,last,0,runs/spec_offline/rambo_hopper_seed0/r_spec_timing_hopper_eval.json
offline,RAMBO,RAMBO,theta_tau_exec,spec_timing_hopper,obs_delay_8ms,0,1,1244.7799,49.59006067176598,1161.9503252652128,1165.6905248694384,326.55,20,38.8700,10000,last,0,runs/spec_offline/rambo_hopper_seed0/r_spec_timing_hopper_eval.json
offline,RAMBO,RAMBO,theta_tau_exec,spec_timing_hopper,obs_delay_16ms,0,1,1285.4034,540.6562337895979,21.675658921822,427.83612770351215,346.35,20,40.1182,10000,last,0,runs/spec_offline/rambo_hopper_seed0/r_spec_timing_hopper_eval.json
offline,RAMBO,RAMBO,theta_tau_exec,spec_timing_hopper,nominal,1,0,2989.9510,815.3354763004944,1672.9563021566973,1696.4685754032641,800.05,20,92.4921,10000,last,0,runs/spec_offline/rambo_hopper_seed1/r_spec_timing_hopper_eval.json
offline,RAMBO,RAMBO,theta_tau_exec,spec_timing_hopper,act_delay_8ms,1,1,1249.6349,50.950890843989995,1161.6249051139237,1162.3615386498373,328.7,20,39.0191,10000,last,0,runs/spec_offline/rambo_hopper_seed1/r_spec_timing_hopper_eval.json
offline,RAMBO,RAMBO,theta_tau_exec,spec_timing_hopper,act_delay_rand1,1,1,2161.0333,1007.8619422500677,1161.6249051139237,1178.8142515357258,574.45,20,67.0228,10000,last,0,runs/spec_offline/rambo_hopper_seed1/r_spec_timing_hopper_eval.json
offline,RAMBO,RAMBO,theta_tau_exec,spec_timing_hopper,act_delay_rand2,1,0,1299.0623,1000.3406994519272,42.685301600739756,42.74092528866032,345.75,20,40.5378,10000,last,0,runs/spec_offline/rambo_hopper_seed1/r_spec_timing_hopper_eval.json
offline,RAMBO,RAMBO,theta_tau_exec,spec_timing_hopper,substep,1,0,1933.5813,1051.9593399046207,828.3295402228779,832.4312231658125,507.7,20,60.0341,10000,last,0,runs/spec_offline/rambo_hopper_seed1/r_spec_timing_hopper_eval.json
offline,RAMBO,RAMBO,theta_tau_exec,spec_timing_hopper,obs_delay_4ms,1,1,1396.0891,69.2923364659452,1293.946486490387,1295.1631498723068,360.8,20,43.5191,10000,last,0,runs/spec_offline/rambo_hopper_seed1/r_spec_timing_hopper_eval.json
offline,RAMBO,RAMBO,theta_tau_exec,spec_timing_hopper,obs_delay_8ms,1,1,1271.1693,39.10425247007987,1161.0901277190455,1194.640965998466,332.3,20,39.6808,10000,last,0,runs/spec_offline/rambo_hopper_seed1/r_spec_timing_hopper_eval.json
offline,RAMBO,RAMBO,theta_tau_exec,spec_timing_hopper,obs_delay_16ms,1,1,1264.8499,654.9736810139037,42.851442210121945,378.82104440081054,350.65,20,39.4866,10000,last,0,runs/spec_offline/rambo_hopper_seed1/r_spec_timing_hopper_eval.json
offline,RAMBO,RAMBO,theta_tau_exec,spec_timing_hopper,nominal,2,0,2921.0504,813.0424344545678,1730.6315101376852,1738.5855339997856,778.85,20,90.3751,10000,last,0,runs/spec_offline/rambo_hopper_seed2/r_spec_timing_hopper_eval.json
offline,RAMBO,RAMBO,theta_tau_exec,spec_timing_hopper,act_delay_8ms,2,1,1245.3915,90.11312637327877,1097.3213413287478,1125.4979898579595,325.45,20,38.8887,10000,last,0,runs/spec_offline/rambo_hopper_seed2/r_spec_timing_hopper_eval.json
offline,RAMBO,RAMBO,theta_tau_exec,spec_timing_hopper,act_delay_rand1,2,1,2184.8609,1009.201414737474,1160.370009458924,1165.7804656113804,579.15,20,67.7549,10000,last,0,runs/spec_offline/rambo_hopper_seed2/r_spec_timing_hopper_eval.json
offline,RAMBO,RAMBO,theta_tau_exec,spec_timing_hopper,act_delay_rand2,2,0,1379.8453,949.2141529169912,177.17485610529465,177.17989677563003,369.75,20,43.0200,10000,last,0,runs/spec_offline/rambo_hopper_seed2/r_spec_timing_hopper_eval.json
offline,RAMBO,RAMBO,theta_tau_exec,spec_timing_hopper,substep,2,0,1857.8695,1077.1754301920807,759.6354292483934,833.7771408083142,488.3,20,57.7078,10000,last,0,runs/spec_offline/rambo_hopper_seed2/r_spec_timing_hopper_eval.json
offline,RAMBO,RAMBO,theta_tau_exec,spec_timing_hopper,obs_delay_4ms,2,1,1369.5697,63.0179221231213,1262.3524504415213,1273.0473807880207,353.15,20,42.7042,10000,last,0,runs/spec_offline/rambo_hopper_seed2/r_spec_timing_hopper_eval.json
offline,RAMBO,RAMBO,theta_tau_exec,spec_timing_hopper,obs_delay_8ms,2,1,1282.3865,27.048381432263092,1218.3467156948968,1228.810241848481,332.7,20,40.0255,10000,last,0,runs/spec_offline/rambo_hopper_seed2/r_spec_timing_hopper_eval.json
offline,RAMBO,RAMBO,theta_tau_exec,spec_timing_hopper,obs_delay_16ms,2,1,1238.4854,594.8609083127893,178.6827669154893,180.14113160595466,332.65,20,38.6766,10000,last,0,runs/spec_offline/rambo_hopper_seed2/r_spec_timing_hopper_eval.json
offline,RAMBO,RAMBO,theta_tau_exec,spec_timing_hopper,nominal,3407,0,3592.4508,20.080196234236716,3560.635396339692,3562.990070768682,1000.0,20,111.0045,10000,last,0,runs/spec_offline/rambo_hopper_seed3407/r_spec_timing_hopper_eval.json
offline,RAMBO,RAMBO,theta_tau_exec,spec_timing_hopper,act_delay_8ms,3407,1,1174.8958,57.74267843000861,1080.722392137763,1084.1274506772038,310.1,20,36.7227,10000,last,0,runs/spec_offline/rambo_hopper_seed3407/r_spec_timing_hopper_eval.json
offline,RAMBO,RAMBO,theta_tau_exec,spec_timing_hopper,act_delay_rand1,3407,1,2629.7879,1179.1250225409729,1087.5325092166443,1116.534503107082,725.0,20,81.4257,10000,last,0,runs/spec_offline/rambo_hopper_seed3407/r_spec_timing_hopper_eval.json
offline,RAMBO,RAMBO,theta_tau_exec,spec_timing_hopper,act_delay_rand2,3407,0,1691.5629,1280.0386492056232,364.2544512074721,365.27156937857137,474.2,20,52.5978,10000,last,0,runs/spec_offline/rambo_hopper_seed3407/r_spec_timing_hopper_eval.json
offline,RAMBO,RAMBO,theta_tau_exec,spec_timing_hopper,substep,3407,0,2471.4346,1191.2308557796446,859.5601694831914,894.3694083519424,665.1,20,76.5602,10000,last,0,runs/spec_offline/rambo_hopper_seed3407/r_spec_timing_hopper_eval.json
offline,RAMBO,RAMBO,theta_tau_exec,spec_timing_hopper,obs_delay_4ms,3407,1,1629.5630,234.34638768412051,1370.3038416717106,1403.9445541495766,412.9,20,50.6928,10000,last,0,runs/spec_offline/rambo_hopper_seed3407/r_spec_timing_hopper_eval.json
offline,RAMBO,RAMBO,theta_tau_exec,spec_timing_hopper,obs_delay_8ms,3407,1,1331.0930,53.13859566955388,1196.1798237387563,1227.566119500625,345.1,20,41.5220,10000,last,0,runs/spec_offline/rambo_hopper_seed3407/r_spec_timing_hopper_eval.json
offline,RAMBO,RAMBO,theta_tau_exec,spec_timing_hopper,obs_delay_16ms,3407,1,970.6357,697.0700031668572,363.06145646683893,365.0639004502084,282.25,20,30.4466,10000,last,0,runs/spec_offline/rambo_hopper_seed3407/r_spec_timing_hopper_eval.json
offline,RAMBO,RAMBO,theta_tau_exec,spec_timing_hopper,nominal,42,0,3288.6734,647.735952827975,1737.53191581136,1823.7112166066809,900.4,20,101.6707,10000,last,0,runs/spec_offline/rambo_hopper_seed42/r_spec_timing_hopper_eval.json
offline,RAMBO,RAMBO,theta_tau_exec,spec_timing_hopper,act_delay_8ms,42,1,1205.2371,40.94506751499084,1166.5708336424607,1167.7142106314504,318.35,20,37.6550,10000,last,0,runs/spec_offline/rambo_hopper_seed42/r_spec_timing_hopper_eval.json
offline,RAMBO,RAMBO,theta_tau_exec,spec_timing_hopper,act_delay_rand1,42,1,2501.8623,1152.0720807139287,1166.5708336424607,1171.6677576185766,680.45,20,77.4951,10000,last,0,runs/spec_offline/rambo_hopper_seed42/r_spec_timing_hopper_eval.json
offline,RAMBO,RAMBO,theta_tau_exec,spec_timing_hopper,act_delay_rand2,42,0,1654.3679,1192.2097534078803,361.0323795095062,396.9325385784422,454.6,20,51.4550,10000,last,0,runs/spec_offline/rambo_hopper_seed42/r_spec_timing_hopper_eval.json
offline,RAMBO,RAMBO,theta_tau_exec,spec_timing_hopper,substep,42,0,2064.0632,1079.034818549606,869.2659639398313,888.9632353217041,545.75,20,64.0433,10000,last,0,runs/spec_offline/rambo_hopper_seed42/r_spec_timing_hopper_eval.json
offline,RAMBO,RAMBO,theta_tau_exec,spec_timing_hopper,obs_delay_4ms,42,1,1451.4147,181.74468626163818,1277.6215483797089,1285.2417400900274,372.25,20,45.2190,10000,last,0,runs/spec_offline/rambo_hopper_seed42/r_spec_timing_hopper_eval.json
offline,RAMBO,RAMBO,theta_tau_exec,spec_timing_hopper,obs_delay_8ms,42,1,1265.0360,48.394186001942266,1193.256718352005,1196.254790164352,330.75,20,39.4923,10000,last,0,runs/spec_offline/rambo_hopper_seed42/r_spec_timing_hopper_eval.json
offline,RAMBO,RAMBO,theta_tau_exec,spec_timing_hopper,obs_delay_16ms,42,1,1247.2897,636.5391689590614,481.44825827796444,499.4656191511603,338.05,20,38.9471,10000,last,0,runs/spec_offline/rambo_hopper_seed42/r_spec_timing_hopper_eval.json
offline,RFQI,RFQI,theta_o,spec_obsadv_hopper,nominal,100,0,3592.3851,40.54732184987582,3539.6224949938796,3540.66514420707,1000.0,20,111.0025,10000,last,0,runs/rfqi/hopper_medium_b100_seed100/r_spec_obsadv_hopper_eval.json
offline,RFQI,RFQI,theta_o,spec_obsadv_hopper,obs_uni_0.05,100,0,2396.0852,1030.9307733836208,1128.4922626558157,1137.6553452879207,643.25,20,74.2450,10000,last,0,runs/rfqi/hopper_medium_b100_seed100/r_spec_obsadv_hopper_eval.json
offline,RFQI,RFQI,theta_o,spec_obsadv_hopper,obs_uni_0.10,100,1,1394.5815,537.6439029862667,467.12465209746114,621.9634909719977,379.55,20,43.4728,10000,last,0,runs/rfqi/hopper_medium_b100_seed100/r_spec_obsadv_hopper_eval.json
offline,RFQI,RFQI,theta_o,spec_obsadv_hopper,obs_uni_0.15,100,0,1121.2770,407.8213240390768,400.4714198679153,436.1034796702796,317.0,20,35.0752,10000,last,0,runs/rfqi/hopper_medium_b100_seed100/r_spec_obsadv_hopper_eval.json
offline,RFQI,RFQI,theta_o,spec_obsadv_hopper,obs_rel_0.05,100,0,2821.9900,926.2742470299515,1400.542420232612,1432.2643333168962,766.0,20,87.3314,10000,last,0,runs/rfqi/hopper_medium_b100_seed100/r_spec_obsadv_hopper_eval.json
offline,RFQI,RFQI,theta_o,spec_obsadv_hopper,obs_rel_0.10,100,1,2435.0459,967.9618308484803,1217.6279361011373,1256.011095994847,659.6,20,75.4421,10000,last,0,runs/rfqi/hopper_medium_b100_seed100/r_spec_obsadv_hopper_eval.json
offline,RFQI,RFQI,theta_o,spec_obsadv_hopper,obs_bias_0.05,100,0,2561.3585,1135.3744905701237,752.802799903868,897.9095243117176,726.95,20,79.3232,10000,last,0,runs/rfqi/hopper_medium_b100_seed100/r_spec_obsadv_hopper_eval.json
offline,RFQI,RFQI,theta_o,spec_obsadv_hopper,obs_gauss_0.05,100,0,1571.4095,609.9821486281111,459.9856411381327,747.9548357815975,426.45,20,48.9060,10000,last,0,runs/rfqi/hopper_medium_b100_seed100/r_spec_obsadv_hopper_eval.json
offline,RFQI,RFQI,theta_o,spec_obsadv_hopper,obs_gauss_0.10,100,1,979.2256,366.5052949393433,149.2764088123587,149.90697511119583,280.25,20,30.7105,10000,last,0,runs/rfqi/hopper_medium_b100_seed100/r_spec_obsadv_hopper_eval.json
offline,RFQI,RFQI,theta_o,spec_obsadv_hopper,obs_shift_0.01,100,0,2903.7588,906.6269162671724,1641.96709544678,1681.2434387500384,774.7,20,89.8438,10000,last,0,runs/rfqi/hopper_medium_b100_seed100/r_spec_obsadv_hopper_eval.json
offline,RFQI,RFQI,theta_o,spec_obsadv_hopper,obs_shift_0.02,100,0,1313.3024,33.00816791081393,1244.3039847405366,1251.6511266427344,342.45,20,40.9754,10000,last,0,runs/rfqi/hopper_medium_b100_seed100/r_spec_obsadv_hopper_eval.json
offline,RFQI,RFQI,theta_o,spec_obsadv_hopper,nominal,101,0,3370.9817,532.9715815939483,1841.6963027280867,1934.3065655412388,930.75,20,104.1997,10000,last,0,runs/rfqi/hopper_medium_b100_seed101/r_spec_obsadv_hopper_eval.json
offline,RFQI,RFQI,theta_o,spec_obsadv_hopper,obs_uni_0.05,101,0,1785.9433,719.3364478804681,739.1115751482877,896.1223817069122,471.85,20,55.4978,10000,last,0,runs/rfqi/hopper_medium_b100_seed101/r_spec_obsadv_hopper_eval.json
offline,RFQI,RFQI,theta_o,spec_obsadv_hopper,obs_uni_0.10,101,1,1175.5548,274.7994536192146,450.7431745664526,691.725551325161,321.5,20,36.7429,10000,last,0,runs/rfqi/hopper_medium_b100_seed101/r_spec_obsadv_hopper_eval.json
offline,RFQI,RFQI,theta_o,spec_obsadv_hopper,obs_uni_0.15,101,0,866.4986,323.3213936516433,183.22213234044432,186.84772596404306,250.5,20,27.2469,10000,last,0,runs/rfqi/hopper_medium_b100_seed101/r_spec_obsadv_hopper_eval.json
offline,RFQI,RFQI,theta_o,spec_obsadv_hopper,obs_rel_0.05,101,0,2646.7455,912.5709650324156,1372.5043799556886,1379.3004648808787,710.65,20,81.9468,10000,last,0,runs/rfqi/hopper_medium_b100_seed101/r_spec_obsadv_hopper_eval.json
offline,RFQI,RFQI,theta_o,spec_obsadv_hopper,obs_rel_0.10,101,1,1663.1833,665.6308919760962,987.8311527956924,1056.720743796791,440.8,20,51.7258,10000,last,0,runs/rfqi/hopper_medium_b100_seed101/r_spec_obsadv_hopper_eval.json
offline,RFQI,RFQI,theta_o,spec_obsadv_hopper,obs_bias_0.05,101,0,2237.9229,1249.0122136535647,467.20895825989714,469.66738692025285,641.8,20,69.3853,10000,last,0,runs/rfqi/hopper_medium_b100_seed101/r_spec_obsadv_hopper_eval.json
offline,RFQI,RFQI,theta_o,spec_obsadv_hopper,obs_gauss_0.05,101,0,1257.9570,239.65458219452483,787.5713362758506,909.4146138473825,338.75,20,39.2748,10000,last,0,runs/rfqi/hopper_medium_b100_seed101/r_spec_obsadv_hopper_eval.json
offline,RFQI,RFQI,theta_o,spec_obsadv_hopper,obs_gauss_0.10,101,1,762.0453,402.8151435425098,151.40370835543965,153.2485867999701,225.8,20,24.0374,10000,last,0,runs/rfqi/hopper_medium_b100_seed101/r_spec_obsadv_hopper_eval.json
offline,RFQI,RFQI,theta_o,spec_obsadv_hopper,obs_shift_0.01,101,0,1427.6778,70.8768847034957,1332.5099469430259,1348.3666432443097,370.8,20,44.4897,10000,last,0,runs/rfqi/hopper_medium_b100_seed101/r_spec_obsadv_hopper_eval.json
offline,RFQI,RFQI,theta_o,spec_obsadv_hopper,obs_shift_0.02,101,0,1216.7338,41.998714668444606,1104.7963481085533,1145.0759686392355,322.2,20,38.0082,10000,last,0,runs/rfqi/hopper_medium_b100_seed101/r_spec_obsadv_hopper_eval.json
offline,RFQI,RFQI,theta_o,spec_obsadv_hopper,nominal,0,0,3543.2679,215.0167651478045,2631.5141655327743,3034.5483294922233,978.15,20,109.4934,10000,last,0,runs/rfqi/hopper_medium_b500k_seed0/r_spec_obsadv_hopper_eval.json
offline,RFQI,RFQI,theta_o,spec_obsadv_hopper,obs_uni_0.05,0,0,1763.7647,771.9358921344972,1023.5010929622005,1040.0381470069551,469.25,20,54.8163,10000,last,0,runs/rfqi/hopper_medium_b500k_seed0/r_spec_obsadv_hopper_eval.json
offline,RFQI,RFQI,theta_o,spec_obsadv_hopper,obs_uni_0.10,0,1,1102.7521,287.97402130803795,715.2065092348479,732.1525027392356,302.6,20,34.5060,10000,last,0,runs/rfqi/hopper_medium_b500k_seed0/r_spec_obsadv_hopper_eval.json
offline,RFQI,RFQI,theta_o,spec_obsadv_hopper,obs_uni_0.15,0,0,804.0976,298.72736119702193,183.61740395101697,309.00620679365204,232.45,20,25.3295,10000,last,0,runs/rfqi/hopper_medium_b500k_seed0/r_spec_obsadv_hopper_eval.json
offline,RFQI,RFQI,theta_o,spec_obsadv_hopper,obs_rel_0.05,0,0,2448.5458,1068.6708929401825,1197.9437418023267,1257.5733184317955,662.0,20,75.8569,10000,last,0,runs/rfqi/hopper_medium_b500k_seed0/r_spec_obsadv_hopper_eval.json
offline,RFQI,RFQI,theta_o,spec_obsadv_hopper,obs_rel_0.10,0,1,1667.6908,624.2476955553792,986.7244927847113,1013.1172448513205,441.65,20,51.8643,10000,last,0,runs/rfqi/hopper_medium_b500k_seed0/r_spec_obsadv_hopper_eval.json
offline,RFQI,RFQI,theta_o,spec_obsadv_hopper,obs_bias_0.05,0,0,2504.9579,1255.1411647219777,469.3960426049106,470.4166003709244,711.15,20,77.5902,10000,last,0,runs/rfqi/hopper_medium_b500k_seed0/r_spec_obsadv_hopper_eval.json
offline,RFQI,RFQI,theta_o,spec_obsadv_hopper,obs_gauss_0.05,0,0,1125.6574,199.18913659775,727.1649074138155,741.7904436452905,305.55,20,35.2098,10000,last,0,runs/rfqi/hopper_medium_b500k_seed0/r_spec_obsadv_hopper_eval.json
offline,RFQI,RFQI,theta_o,spec_obsadv_hopper,obs_gauss_0.10,0,1,749.4386,300.5424591086705,150.53285072074297,151.56408590904667,222.15,20,23.6501,10000,last,0,runs/rfqi/hopper_medium_b500k_seed0/r_spec_obsadv_hopper_eval.json
offline,RFQI,RFQI,theta_o,spec_obsadv_hopper,obs_shift_0.01,0,0,1415.6927,97.7251596897112,1274.9203493250227,1306.009747576055,366.8,20,44.1214,10000,last,0,runs/rfqi/hopper_medium_b500k_seed0/r_spec_obsadv_hopper_eval.json
offline,RFQI,RFQI,theta_o,spec_obsadv_hopper,obs_shift_0.02,0,0,1105.5011,38.34939745614574,1063.609897638362,1064.0077110734453,299.55,20,34.5905,10000,last,0,runs/rfqi/hopper_medium_b500k_seed0/r_spec_obsadv_hopper_eval.json
offline,RFQI,RFQI,theta_o,spec_obsadv_hopper,nominal,2,0,3486.7976,367.97606155030735,2208.899248429009,2488.4476743995483,953.05,20,107.7582,10000,last,0,runs/rfqi/hopper_medium_b500k_seed2/r_spec_obsadv_hopper_eval.json
offline,RFQI,RFQI,theta_o,spec_obsadv_hopper,obs_uni_0.05,2,0,2003.9230,934.6582470364145,1046.2085526315955,1113.261139844081,538.3,20,62.1954,10000,last,0,runs/rfqi/hopper_medium_b500k_seed2/r_spec_obsadv_hopper_eval.json
offline,RFQI,RFQI,theta_o,spec_obsadv_hopper,obs_uni_0.10,2,1,1256.0492,587.0943280251734,458.26362510966993,459.60901769195283,347.85,20,39.2162,10000,last,0,runs/rfqi/hopper_medium_b500k_seed2/r_spec_obsadv_hopper_eval.json
offline,RFQI,RFQI,theta_o,spec_obsadv_hopper,obs_uni_0.15,2,0,1056.9658,489.9145775628864,186.85539731155922,319.5948959151634,306.25,20,33.0992,10000,last,0,runs/rfqi/hopper_medium_b500k_seed2/r_spec_obsadv_hopper_eval.json
offline,RFQI,RFQI,theta_o,spec_obsadv_hopper,obs_rel_0.05,2,0,2724.7903,937.8471605752321,1257.4681572566074,1314.8996683127507,739.5,20,84.3448,10000,last,0,runs/rfqi/hopper_medium_b500k_seed2/r_spec_obsadv_hopper_eval.json
offline,RFQI,RFQI,theta_o,spec_obsadv_hopper,obs_rel_0.10,2,1,2278.6355,819.5960267579949,1254.764306630036,1270.4708444721696,619.2,20,70.6362,10000,last,0,runs/rfqi/hopper_medium_b500k_seed2/r_spec_obsadv_hopper_eval.json
offline,RFQI,RFQI,theta_o,spec_obsadv_hopper,obs_bias_0.05,2,0,2352.4289,1185.8716783695768,469.5775247463177,599.3909479474694,668.1,20,72.9036,10000,last,0,runs/rfqi/hopper_medium_b500k_seed2/r_spec_obsadv_hopper_eval.json
offline,RFQI,RFQI,theta_o,spec_obsadv_hopper,obs_gauss_0.05,2,0,1390.6699,423.70087520753964,457.10844363747185,585.0922182105182,373.1,20,43.3526,10000,last,0,runs/rfqi/hopper_medium_b500k_seed2/r_spec_obsadv_hopper_eval.json
offline,RFQI,RFQI,theta_o,spec_obsadv_hopper,obs_gauss_0.10,2,1,861.9297,470.6422575205722,146.41686846737275,175.47346293136195,252.85,20,27.1065,10000,last,0,runs/rfqi/hopper_medium_b500k_seed2/r_spec_obsadv_hopper_eval.json
offline,RFQI,RFQI,theta_o,spec_obsadv_hopper,obs_shift_0.01,2,0,2163.7874,590.3471336796063,1651.891766151866,1666.6824387363463,561.0,20,67.1074,10000,last,0,runs/rfqi/hopper_medium_b500k_seed2/r_spec_obsadv_hopper_eval.json
offline,RFQI,RFQI,theta_o,spec_obsadv_hopper,obs_shift_0.02,2,0,1458.3864,137.39181410412957,1336.6021886769167,1337.348287041369,382.6,20,45.4332,10000,last,0,runs/rfqi/hopper_medium_b500k_seed2/r_spec_obsadv_hopper_eval.json
offline,RFQI,RFQI,theta_o,spec_obsadv_hopper,nominal,3407,0,3480.7895,220.54118911201348,2923.9224946723257,2986.9343512169344,962.35,20,107.5736,10000,last,0,runs/rfqi/hopper_medium_b500k_seed3407/r_spec_obsadv_hopper_eval.json
offline,RFQI,RFQI,theta_o,spec_obsadv_hopper,obs_uni_0.05,3407,0,1518.2380,651.4651490985003,965.8622715129525,978.9047799892571,406.3,20,47.2722,10000,last,0,runs/rfqi/hopper_medium_b500k_seed3407/r_spec_obsadv_hopper_eval.json
offline,RFQI,RFQI,theta_o,spec_obsadv_hopper,obs_uni_0.10,3407,1,1239.3914,416.13301601212424,891.332732209447,910.3490321150878,341.1,20,38.7044,10000,last,0,runs/rfqi/hopper_medium_b500k_seed3407/r_spec_obsadv_hopper_eval.json
offline,RFQI,RFQI,theta_o,spec_obsadv_hopper,obs_uni_0.15,3407,0,933.7133,322.88926706715824,396.2861420991939,427.76653563422747,270.35,20,29.3121,10000,last,0,runs/rfqi/hopper_medium_b500k_seed3407/r_spec_obsadv_hopper_eval.json
offline,RFQI,RFQI,theta_o,spec_obsadv_hopper,obs_rel_0.05,3407,0,2355.9483,915.7611548541623,1227.4049035588753,1265.8110288479738,626.75,20,73.0117,10000,last,0,runs/rfqi/hopper_medium_b500k_seed3407/r_spec_obsadv_hopper_eval.json
offline,RFQI,RFQI,theta_o,spec_obsadv_hopper,obs_rel_0.10,3407,1,1439.7912,405.8654353882106,1026.3267226512849,1031.5907537265432,385.1,20,44.8619,10000,last,0,runs/rfqi/hopper_medium_b500k_seed3407/r_spec_obsadv_hopper_eval.json
offline,RFQI,RFQI,theta_o,spec_obsadv_hopper,obs_bias_0.05,3407,0,2228.0190,1131.3567936167378,472.16658570708535,724.0721439733613,622.15,20,69.0810,10000,last,0,runs/rfqi/hopper_medium_b500k_seed3407/r_spec_obsadv_hopper_eval.json
offline,RFQI,RFQI,theta_o,spec_obsadv_hopper,obs_gauss_0.05,3407,0,1294.4701,485.1232328201633,458.24508140777647,718.5608764083908,353.45,20,40.3967,10000,last,0,runs/rfqi/hopper_medium_b500k_seed3407/r_spec_obsadv_hopper_eval.json
offline,RFQI,RFQI,theta_o,spec_obsadv_hopper,obs_gauss_0.10,3407,1,875.3463,362.47198253913524,148.32299470807783,172.423657048442,256.05,20,27.5187,10000,last,0,runs/rfqi/hopper_medium_b500k_seed3407/r_spec_obsadv_hopper_eval.json
offline,RFQI,RFQI,theta_o,spec_obsadv_hopper,obs_shift_0.01,3407,0,1282.5229,36.36048369611207,1209.7711725307795,1219.1317683009588,337.6,20,40.0296,10000,last,0,runs/rfqi/hopper_medium_b500k_seed3407/r_spec_obsadv_hopper_eval.json
offline,RFQI,RFQI,theta_o,spec_obsadv_hopper,obs_shift_0.02,3407,0,1033.6675,11.058673969445929,1020.3647200864553,1020.4599678022842,285.6,20,32.3833,10000,last,0,runs/rfqi/hopper_medium_b500k_seed3407/r_spec_obsadv_hopper_eval.json
offline,RFQI,RFQI,theta_o,spec_obsadv_mad_hopper,nominal,100,0,3592.3851,40.54732184987582,3539.6224949938796,3540.66514420707,1000.0,20,111.0025,10000,last,0,runs/rfqi/hopper_medium_b100_seed100/r_spec_obsadv_mad_hopper_eval.json
offline,RFQI,RFQI,theta_o,spec_obsadv_mad_hopper,mad_0.02,100,1,3592.3851,40.54732184987582,3539.6224949938796,3540.66514420707,1000.0,20,111.0025,10000,last,0,runs/rfqi/hopper_medium_b100_seed100/r_spec_obsadv_mad_hopper_eval.json
offline,RFQI,RFQI,theta_o,spec_obsadv_mad_hopper,mad_0.035,100,0,3592.3851,40.54732184987582,3539.6224949938796,3540.66514420707,1000.0,20,111.0025,10000,last,0,runs/rfqi/hopper_medium_b100_seed100/r_spec_obsadv_mad_hopper_eval.json
offline,RFQI,RFQI,theta_o,spec_obsadv_mad_hopper,mad_0.05,100,1,3592.3851,40.54732184987582,3539.6224949938796,3540.66514420707,1000.0,20,111.0025,10000,last,0,runs/rfqi/hopper_medium_b100_seed100/r_spec_obsadv_mad_hopper_eval.json
offline,RFQI,RFQI,theta_o,spec_obsadv_mad_hopper,mad_0.075,100,0,3592.3851,40.54732184987582,3539.6224949938796,3540.66514420707,1000.0,20,111.0025,10000,last,0,runs/rfqi/hopper_medium_b100_seed100/r_spec_obsadv_mad_hopper_eval.json
offline,RFQI,RFQI,theta_o,spec_obsadv_mad_hopper,mad_0.10,100,0,3592.3851,40.54732184987582,3539.6224949938796,3540.66514420707,1000.0,20,111.0025,10000,last,0,runs/rfqi/hopper_medium_b100_seed100/r_spec_obsadv_mad_hopper_eval.json
offline,RFQI,RFQI,theta_o,spec_obsadv_mad_hopper,nominal,101,0,3370.9817,532.9715815939483,1841.6963027280867,1934.3065655412388,930.75,20,104.1997,10000,last,0,runs/rfqi/hopper_medium_b100_seed101/r_spec_obsadv_mad_hopper_eval.json
offline,RFQI,RFQI,theta_o,spec_obsadv_mad_hopper,mad_0.02,101,1,3370.9817,532.9715815939483,1841.6963027280867,1934.3065655412388,930.75,20,104.1997,10000,last,0,runs/rfqi/hopper_medium_b100_seed101/r_spec_obsadv_mad_hopper_eval.json
offline,RFQI,RFQI,theta_o,spec_obsadv_mad_hopper,mad_0.035,101,0,3370.9817,532.9715815939483,1841.6963027280867,1934.3065655412388,930.75,20,104.1997,10000,last,0,runs/rfqi/hopper_medium_b100_seed101/r_spec_obsadv_mad_hopper_eval.json
offline,RFQI,RFQI,theta_o,spec_obsadv_mad_hopper,mad_0.05,101,1,3370.9817,532.9715815939483,1841.6963027280867,1934.3065655412388,930.75,20,104.1997,10000,last,0,runs/rfqi/hopper_medium_b100_seed101/r_spec_obsadv_mad_hopper_eval.json
offline,RFQI,RFQI,theta_o,spec_obsadv_mad_hopper,mad_0.075,101,0,3370.9817,532.9715815939483,1841.6963027280867,1934.3065655412388,930.75,20,104.1997,10000,last,0,runs/rfqi/hopper_medium_b100_seed101/r_spec_obsadv_mad_hopper_eval.json
offline,RFQI,RFQI,theta_o,spec_obsadv_mad_hopper,mad_0.10,101,0,3370.9817,532.9715815939483,1841.6963027280867,1934.3065655412388,930.75,20,104.1997,10000,last,0,runs/rfqi/hopper_medium_b100_seed101/r_spec_obsadv_mad_hopper_eval.json
offline,RFQI,RFQI,theta_o,spec_obsadv_mad_hopper,nominal,0,0,3543.2679,215.0167651478045,2631.5141655327743,3034.5483294922233,978.15,20,109.4934,10000,last,0,runs/rfqi/hopper_medium_b500k_seed0/r_spec_obsadv_mad_hopper_eval.json
offline,RFQI,RFQI,theta_o,spec_obsadv_mad_hopper,mad_0.02,0,1,3543.2679,215.0167651478045,2631.5141655327743,3034.5483294922233,978.15,20,109.4934,10000,last,0,runs/rfqi/hopper_medium_b500k_seed0/r_spec_obsadv_mad_hopper_eval.json
offline,RFQI,RFQI,theta_o,spec_obsadv_mad_hopper,mad_0.035,0,0,3543.2679,215.0167651478045,2631.5141655327743,3034.5483294922233,978.15,20,109.4934,10000,last,0,runs/rfqi/hopper_medium_b500k_seed0/r_spec_obsadv_mad_hopper_eval.json
offline,RFQI,RFQI,theta_o,spec_obsadv_mad_hopper,mad_0.05,0,1,3543.2679,215.0167651478045,2631.5141655327743,3034.5483294922233,978.15,20,109.4934,10000,last,0,runs/rfqi/hopper_medium_b500k_seed0/r_spec_obsadv_mad_hopper_eval.json
offline,RFQI,RFQI,theta_o,spec_obsadv_mad_hopper,mad_0.075,0,0,3543.2679,215.0167651478045,2631.5141655327743,3034.5483294922233,978.15,20,109.4934,10000,last,0,runs/rfqi/hopper_medium_b500k_seed0/r_spec_obsadv_mad_hopper_eval.json
offline,RFQI,RFQI,theta_o,spec_obsadv_mad_hopper,mad_0.10,0,0,3543.2679,215.0167651478045,2631.5141655327743,3034.5483294922233,978.15,20,109.4934,10000,last,0,runs/rfqi/hopper_medium_b500k_seed0/r_spec_obsadv_mad_hopper_eval.json
offline,RFQI,RFQI,theta_o,spec_obsadv_mad_hopper,nominal,2,0,3486.7976,367.97606155030735,2208.899248429009,2488.4476743995483,953.05,20,107.7582,10000,last,0,runs/rfqi/hopper_medium_b500k_seed2/r_spec_obsadv_mad_hopper_eval.json
offline,RFQI,RFQI,theta_o,spec_obsadv_mad_hopper,mad_0.02,2,1,3486.7976,367.97606155030735,2208.899248429009,2488.4476743995483,953.05,20,107.7582,10000,last,0,runs/rfqi/hopper_medium_b500k_seed2/r_spec_obsadv_mad_hopper_eval.json
offline,RFQI,RFQI,theta_o,spec_obsadv_mad_hopper,mad_0.035,2,0,3486.7976,367.97606155030735,2208.899248429009,2488.4476743995483,953.05,20,107.7582,10000,last,0,runs/rfqi/hopper_medium_b500k_seed2/r_spec_obsadv_mad_hopper_eval.json
offline,RFQI,RFQI,theta_o,spec_obsadv_mad_hopper,mad_0.05,2,1,3486.7976,367.97606155030735,2208.899248429009,2488.4476743995483,953.05,20,107.7582,10000,last,0,runs/rfqi/hopper_medium_b500k_seed2/r_spec_obsadv_mad_hopper_eval.json
offline,RFQI,RFQI,theta_o,spec_obsadv_mad_hopper,mad_0.075,2,0,3486.7976,367.97606155030735,2208.899248429009,2488.4476743995483,953.05,20,107.7582,10000,last,0,runs/rfqi/hopper_medium_b500k_seed2/r_spec_obsadv_mad_hopper_eval.json
offline,RFQI,RFQI,theta_o,spec_obsadv_mad_hopper,mad_0.10,2,0,3486.7976,367.97606155030735,2208.899248429009,2488.4476743995483,953.05,20,107.7582,10000,last,0,runs/rfqi/hopper_medium_b500k_seed2/r_spec_obsadv_mad_hopper_eval.json
offline,RFQI,RFQI,theta_o,spec_obsadv_mad_hopper,nominal,3407,0,3480.7895,220.54118911201348,2923.9224946723257,2986.9343512169344,962.35,20,107.5736,10000,last,0,runs/rfqi/hopper_medium_b500k_seed3407/r_spec_obsadv_mad_hopper_eval.json
offline,RFQI,RFQI,theta_o,spec_obsadv_mad_hopper,mad_0.02,3407,1,3480.7895,220.54118911201348,2923.9224946723257,2986.9343512169344,962.35,20,107.5736,10000,last,0,runs/rfqi/hopper_medium_b500k_seed3407/r_spec_obsadv_mad_hopper_eval.json
offline,RFQI,RFQI,theta_o,spec_obsadv_mad_hopper,mad_0.035,3407,0,3480.7895,220.54118911201348,2923.9224946723257,2986.9343512169344,962.35,20,107.5736,10000,last,0,runs/rfqi/hopper_medium_b500k_seed3407/r_spec_obsadv_mad_hopper_eval.json
offline,RFQI,RFQI,theta_o,spec_obsadv_mad_hopper,mad_0.05,3407,1,3480.7895,220.54118911201348,2923.9224946723257,2986.9343512169344,962.35,20,107.5736,10000,last,0,runs/rfqi/hopper_medium_b500k_seed3407/r_spec_obsadv_mad_hopper_eval.json
offline,RFQI,RFQI,theta_o,spec_obsadv_mad_hopper,mad_0.075,3407,0,3480.7895,220.54118911201348,2923.9224946723257,2986.9343512169344,962.35,20,107.5736,10000,last,0,runs/rfqi/hopper_medium_b500k_seed3407/r_spec_obsadv_mad_hopper_eval.json
offline,RFQI,RFQI,theta_o,spec_obsadv_mad_hopper,mad_0.10,3407,0,3480.7895,220.54118911201348,2923.9224946723257,2986.9343512169344,962.35,20,107.5736,10000,last,0,runs/rfqi/hopper_medium_b500k_seed3407/r_spec_obsadv_mad_hopper_eval.json
offline,RFQI,RFQI,theta_a,spec_action_hopper,nominal,100,0,3592.3851,40.54732184987582,3539.6224949938796,3540.66514420707,1000.0,20,111.0025,10000,last,0,runs/rfqi/hopper_medium_b100_seed100/r_spec_action_hopper_eval.json
offline,RFQI,RFQI,theta_a,spec_action_hopper,act_gauss_0.05,100,0,2598.8234,948.8274296331851,1547.5300986726922,1575.6492932589535,694.35,20,80.4743,10000,last,0,runs/rfqi/hopper_medium_b100_seed100/r_spec_action_hopper_eval.json
offline,RFQI,RFQI,theta_a,spec_action_hopper,act_gauss_0.10,100,1,1453.8779,494.00073063559955,1158.0563630845688,1175.7249664085734,384.65,20,45.2947,10000,last,0,runs/rfqi/hopper_medium_b100_seed100/r_spec_action_hopper_eval.json
offline,RFQI,RFQI,theta_a,spec_action_hopper,act_gauss_0.20,100,0,965.5499,120.26011050560821,761.2587324520719,803.6225938374898,272.05,20,30.2903,10000,last,0,runs/rfqi/hopper_medium_b100_seed100/r_spec_action_hopper_eval.json
offline,RFQI,RFQI,theta_a,spec_action_hopper,act_uni_0.10,100,1,2694.6581,929.544245825565,1370.6173992494953,1374.2215475166267,722.25,20,83.4189,10000,last,0,runs/rfqi/hopper_medium_b100_seed100/r_spec_action_hopper_eval.json
offline,RFQI,RFQI,theta_a,spec_action_hopper,act_offset_0.05,100,1,1080.8822,15.441526930743658,1031.4812780431453,1043.0544549145134,301.15,20,33.8340,10000,last,0,runs/rfqi/hopper_medium_b100_seed100/r_spec_action_hopper_eval.json
offline,RFQI,RFQI,theta_a,spec_action_hopper,act_oppose_0.10,100,1,948.8263,12.54627196958081,928.5211075640362,930.8796235388219,268.05,20,29.7765,10000,last,0,runs/rfqi/hopper_medium_b100_seed100/r_spec_action_hopper_eval.json
offline,RFQI,RFQI,theta_a,spec_action_hopper,act_oppose_0.20,100,0,470.6802,2.3352033885170704,467.7959996105048,467.8550417081358,162.55,20,15.0849,10000,last,0,runs/rfqi/hopper_medium_b100_seed100/r_spec_action_hopper_eval.json
offline,RFQI,RFQI,theta_a,spec_action_hopper,cmd_gauss_0.20,100,0,965.5499,120.26011050560821,761.2587324520719,803.6225938374898,272.05,20,30.2903,10000,last,0,runs/rfqi/hopper_medium_b100_seed100/r_spec_action_hopper_eval.json
offline,RFQI,RFQI,theta_a,spec_action_hopper,cmd_oppose_0.20,100,1,470.6802,2.3352033885170704,467.7959996105048,467.8550417081358,162.55,20,15.0849,10000,last,0,runs/rfqi/hopper_medium_b100_seed100/r_spec_action_hopper_eval.json
offline,RFQI,RFQI,theta_a,spec_action_hopper,nominal,101,0,3370.9817,532.9715815939483,1841.6963027280867,1934.3065655412388,930.75,20,104.1997,10000,last,0,runs/rfqi/hopper_medium_b100_seed101/r_spec_action_hopper_eval.json
offline,RFQI,RFQI,theta_a,spec_action_hopper,act_gauss_0.05,101,0,1579.8094,518.716461607439,1279.7282977611333,1306.096044086206,414.35,20,49.1641,10000,last,0,runs/rfqi/hopper_medium_b100_seed101/r_spec_action_hopper_eval.json
offline,RFQI,RFQI,theta_a,spec_action_hopper,act_gauss_0.10,101,1,1217.2528,130.15053989368204,1025.2950737796768,1035.0995689591223,324.9,20,38.0242,10000,last,0,runs/rfqi/hopper_medium_b100_seed101/r_spec_action_hopper_eval.json
offline,RFQI,RFQI,theta_a,spec_action_hopper,act_gauss_0.20,101,0,928.6225,196.60202256287218,447.28976316066314,450.93719995630255,263.9,20,29.1557,10000,last,0,runs/rfqi/hopper_medium_b100_seed101/r_spec_action_hopper_eval.json
offline,RFQI,RFQI,theta_a,spec_action_hopper,act_uni_0.10,101,1,1617.3066,504.14023073226554,1269.1513113246008,1283.715417603696,422.85,20,50.3162,10000,last,0,runs/rfqi/hopper_medium_b100_seed101/r_spec_action_hopper_eval.json
offline,RFQI,RFQI,theta_a,spec_action_hopper,act_offset_0.05,101,1,1021.9455,9.021202091491817,995.859176952703,1002.9146607521509,286.65,20,32.0231,10000,last,0,runs/rfqi/hopper_medium_b100_seed101/r_spec_action_hopper_eval.json
offline,RFQI,RFQI,theta_a,spec_action_hopper,act_oppose_0.10,101,1,819.7707,182.9135976990443,453.0564677755981,454.5574508869463,236.55,20,25.8111,10000,last,0,runs/rfqi/hopper_medium_b100_seed101/r_spec_action_hopper_eval.json
offline,RFQI,RFQI,theta_a,spec_action_hopper,act_oppose_0.20,101,0,682.0741,99.84670040351334,443.22809991460747,443.6312794041893,212.55,20,21.5802,10000,last,0,runs/rfqi/hopper_medium_b100_seed101/r_spec_action_hopper_eval.json
offline,RFQI,RFQI,theta_a,spec_action_hopper,cmd_gauss_0.20,101,0,928.6225,196.60202256287218,447.28976316066314,450.93719995630255,263.9,20,29.1557,10000,last,0,runs/rfqi/hopper_medium_b100_seed101/r_spec_action_hopper_eval.json
offline,RFQI,RFQI,theta_a,spec_action_hopper,cmd_oppose_0.20,101,1,682.0741,99.84670040351334,443.22809991460747,443.6312794041893,212.55,20,21.5802,10000,last,0,runs/rfqi/hopper_medium_b100_seed101/r_spec_action_hopper_eval.json
offline,RFQI,RFQI,theta_a,spec_action_hopper,nominal,0,0,3543.2679,215.0167651478045,2631.5141655327743,3034.5483294922233,978.15,20,109.4934,10000,last,0,runs/rfqi/hopper_medium_b500k_seed0/r_spec_action_hopper_eval.json
offline,RFQI,RFQI,theta_a,spec_action_hopper,act_gauss_0.05,0,0,1660.3281,673.2004517951507,1229.6812274981276,1236.7483499989858,437.5,20,51.6381,10000,last,0,runs/rfqi/hopper_medium_b500k_seed0/r_spec_action_hopper_eval.json
offline,RFQI,RFQI,theta_a,spec_action_hopper,act_gauss_0.10,0,1,1161.1513,180.3564899156692,994.8865777381869,998.484354066529,313.6,20,36.3004,10000,last,0,runs/rfqi/hopper_medium_b500k_seed0/r_spec_action_hopper_eval.json
offline,RFQI,RFQI,theta_a,spec_action_hopper,act_gauss_0.20,0,0,930.3350,105.83401442167208,746.4748157890325,748.8124631698154,263.85,20,29.2083,10000,last,0,runs/rfqi/hopper_medium_b500k_seed0/r_spec_action_hopper_eval.json
offline,RFQI,RFQI,theta_a,spec_action_hopper,act_uni_0.10,0,1,1707.2612,696.724688405494,1150.6333707058086,1154.1729243852524,450.7,20,53.0802,10000,last,0,runs/rfqi/hopper_medium_b500k_seed0/r_spec_action_hopper_eval.json
offline,RFQI,RFQI,theta_a,spec_action_hopper,act_offset_0.05,0,1,993.7582,12.146064070798037,974.6620133474155,977.6855227823854,277.3,20,31.1571,10000,last,0,runs/rfqi/hopper_medium_b500k_seed0/r_spec_action_hopper_eval.json
offline,RFQI,RFQI,theta_a,spec_action_hopper,act_oppose_0.10,0,1,724.7096,23.796412202778814,701.1774222221094,701.7579410747921,222.2,20,22.8903,10000,last,0,runs/rfqi/hopper_medium_b500k_seed0/r_spec_action_hopper_eval.json
offline,RFQI,RFQI,theta_a,spec_action_hopper,act_oppose_0.20,0,0,635.5878,4.495827653589087,627.8745278716109,628.7218146029045,202.3,20,20.1519,10000,last,0,runs/rfqi/hopper_medium_b500k_seed0/r_spec_action_hopper_eval.json
offline,RFQI,RFQI,theta_a,spec_action_hopper,cmd_gauss_0.20,0,0,930.3350,105.83401442167208,746.4748157890325,748.8124631698154,263.85,20,29.2083,10000,last,0,runs/rfqi/hopper_medium_b500k_seed0/r_spec_action_hopper_eval.json
offline,RFQI,RFQI,theta_a,spec_action_hopper,cmd_oppose_0.20,0,1,635.5878,4.495827653589087,627.8745278716109,628.7218146029045,202.3,20,20.1519,10000,last,0,runs/rfqi/hopper_medium_b500k_seed0/r_spec_action_hopper_eval.json
offline,RFQI,RFQI,theta_a,spec_action_hopper,nominal,2,0,3486.7976,367.97606155030735,2208.899248429009,2488.4476743995483,953.05,20,107.7582,10000,last,0,runs/rfqi/hopper_medium_b500k_seed2/r_spec_action_hopper_eval.json
offline,RFQI,RFQI,theta_a,spec_action_hopper,act_gauss_0.05,2,0,2901.3580,752.4755190613117,1636.471647694566,1779.8196932114706,779.2,20,89.7700,10000,last,0,runs/rfqi/hopper_medium_b500k_seed2/r_spec_action_hopper_eval.json
offline,RFQI,RFQI,theta_a,spec_action_hopper,act_gauss_0.10,2,1,1720.9945,522.8856669241028,1305.1148614630572,1311.174595734209,453.75,20,53.5021,10000,last,0,runs/rfqi/hopper_medium_b500k_seed2/r_spec_action_hopper_eval.json
offline,RFQI,RFQI,theta_a,spec_action_hopper,act_gauss_0.20,2,0,1065.2728,172.5392096121159,921.1998425351312,923.7774406010951,296.25,20,33.3544,10000,last,0,runs/rfqi/hopper_medium_b500k_seed2/r_spec_action_hopper_eval.json
offline,RFQI,RFQI,theta_a,spec_action_hopper,act_uni_0.10,2,1,2650.9177,700.3977939317621,1750.9650892302573,1782.3077754090168,705.45,20,82.0750,10000,last,0,runs/rfqi/hopper_medium_b500k_seed2/r_spec_action_hopper_eval.json
offline,RFQI,RFQI,theta_a,spec_action_hopper,act_offset_0.05,2,1,1251.1351,67.91773220776724,1084.7638520793394,1085.9545408132153,339.65,20,39.0652,10000,last,0,runs/rfqi/hopper_medium_b500k_seed2/r_spec_action_hopper_eval.json
offline,RFQI,RFQI,theta_a,spec_action_hopper,act_oppose_0.10,2,1,959.0376,18.863474973230733,927.2461612530052,929.817339117332,273.2,20,30.0902,10000,last,0,runs/rfqi/hopper_medium_b500k_seed2/r_spec_action_hopper_eval.json
offline,RFQI,RFQI,theta_a,spec_action_hopper,act_oppose_0.20,2,0,447.5653,1.4454808310250855,444.57222278849736,444.9160819553034,157.35,20,14.3747,10000,last,0,runs/rfqi/hopper_medium_b500k_seed2/r_spec_action_hopper_eval.json
offline,RFQI,RFQI,theta_a,spec_action_hopper,cmd_gauss_0.20,2,0,1065.2728,172.5392096121159,921.1998425351312,923.7774406010951,296.25,20,33.3544,10000,last,0,runs/rfqi/hopper_medium_b500k_seed2/r_spec_action_hopper_eval.json
offline,RFQI,RFQI,theta_a,spec_action_hopper,cmd_oppose_0.20,2,1,447.5653,1.4454808310250855,444.57222278849736,444.9160819553034,157.35,20,14.3747,10000,last,0,runs/rfqi/hopper_medium_b500k_seed2/r_spec_action_hopper_eval.json
offline,RFQI,RFQI,theta_a,spec_action_hopper,nominal,3407,0,3480.7895,220.54118911201348,2923.9224946723257,2986.9343512169344,962.35,20,107.5736,10000,last,0,runs/rfqi/hopper_medium_b500k_seed3407/r_spec_action_hopper_eval.json
offline,RFQI,RFQI,theta_a,spec_action_hopper,act_gauss_0.05,3407,0,1560.3433,544.9031383871873,1227.2798685632088,1229.9603200095628,411.9,20,48.5660,10000,last,0,runs/rfqi/hopper_medium_b500k_seed3407/r_spec_action_hopper_eval.json
offline,RFQI,RFQI,theta_a,spec_action_hopper,act_gauss_0.10,3407,1,1152.3090,224.0605301592234,981.8763132571805,986.7415892798064,315.65,20,36.0287,10000,last,0,runs/rfqi/hopper_medium_b500k_seed3407/r_spec_action_hopper_eval.json
offline,RFQI,RFQI,theta_a,spec_action_hopper,act_gauss_0.20,3407,0,885.5010,125.62341864810327,757.4997104663256,759.4150037767433,256.05,20,27.8307,10000,last,0,runs/rfqi/hopper_medium_b500k_seed3407/r_spec_action_hopper_eval.json
offline,RFQI,RFQI,theta_a,spec_action_hopper,act_uni_0.10,3407,1,1742.4340,705.2683168920438,1185.4821701362669,1192.6230498808795,459.0,20,54.1609,10000,last,0,runs/rfqi/hopper_medium_b500k_seed3407/r_spec_action_hopper_eval.json
offline,RFQI,RFQI,theta_a,spec_action_hopper,act_offset_0.05,3407,1,980.5973,14.802165957854095,946.7614020775902,953.0012303947922,277.4,20,30.7527,10000,last,0,runs/rfqi/hopper_medium_b500k_seed3407/r_spec_action_hopper_eval.json
offline,RFQI,RFQI,theta_a,spec_action_hopper,act_oppose_0.10,3407,1,458.7717,1.7880604092040648,455.004125696528,455.9564583200322,159.55,20,14.7190,10000,last,0,runs/rfqi/hopper_medium_b500k_seed3407/r_spec_action_hopper_eval.json
offline,RFQI,RFQI,theta_a,spec_action_hopper,act_oppose_0.20,3407,0,499.0129,74.68611070727704,453.44669130193273,453.57694893238283,169.1,20,15.9555,10000,last,0,runs/rfqi/hopper_medium_b500k_seed3407/r_spec_action_hopper_eval.json
offline,RFQI,RFQI,theta_a,spec_action_hopper,cmd_gauss_0.20,3407,0,885.5010,125.62341864810327,757.4997104663256,759.4150037767433,256.05,20,27.8307,10000,last,0,runs/rfqi/hopper_medium_b500k_seed3407/r_spec_action_hopper_eval.json
offline,RFQI,RFQI,theta_a,spec_action_hopper,cmd_oppose_0.20,3407,1,499.0129,74.68611070727704,453.44669130193273,453.57694893238283,169.1,20,15.9555,10000,last,0,runs/rfqi/hopper_medium_b500k_seed3407/r_spec_action_hopper_eval.json
offline,RFQI,RFQI,theta_p,spec_transition_hopper,nominal,100,0,3592.3851,40.54732184987582,3539.6224949938796,3540.66514420707,1000.0,20,111.0025,10000,last,0,runs/rfqi/hopper_medium_b100_seed100/r_spec_transition_hopper_eval.json
offline,RFQI,RFQI,theta_p,spec_transition_hopper,trans_t1,100,1,1870.2599,866.9423181897905,999.8186571445837,1039.5070103630019,501.8,20,58.0885,10000,last,0,runs/rfqi/hopper_medium_b100_seed100/r_spec_transition_hopper_eval.json
offline,RFQI,RFQI,theta_p,spec_transition_hopper,trans_t2,100,0,1474.6550,875.201812020615,799.5164736489887,803.0793689190637,403.05,20,45.9331,10000,last,0,runs/rfqi/hopper_medium_b100_seed100/r_spec_transition_hopper_eval.json
offline,RFQI,RFQI,theta_p,spec_transition_hopper,trans_t3,100,0,1078.0732,495.55123008624537,412.25832287105135,428.3070651676484,310.0,20,33.7477,10000,last,0,runs/rfqi/hopper_medium_b100_seed100/r_spec_transition_hopper_eval.json
offline,RFQI,RFQI,theta_p,spec_transition_hopper,nominal,101,0,3370.9817,532.9715815939483,1841.6963027280867,1934.3065655412388,930.75,20,104.1997,10000,last,0,runs/rfqi/hopper_medium_b100_seed101/r_spec_transition_hopper_eval.json
offline,RFQI,RFQI,theta_p,spec_transition_hopper,trans_t1,101,1,1640.8380,760.788274736135,707.0436089144977,907.839779629352,440.5,20,51.0392,10000,last,0,runs/rfqi/hopper_medium_b100_seed101/r_spec_transition_hopper_eval.json
offline,RFQI,RFQI,theta_p,spec_transition_hopper,trans_t2,101,0,1282.7626,609.5934749654608,748.2894918477498,769.0668199003735,354.65,20,40.0370,10000,last,0,runs/rfqi/hopper_medium_b100_seed101/r_spec_transition_hopper_eval.json
offline,RFQI,RFQI,theta_p,spec_transition_hopper,trans_t3,101,0,1114.2658,666.0901145139037,484.95923214238235,517.8549201948072,322.75,20,34.8598,10000,last,0,runs/rfqi/hopper_medium_b100_seed101/r_spec_transition_hopper_eval.json
offline,RFQI,RFQI,theta_p,spec_transition_hopper,nominal,0,0,3543.2679,215.0167651478045,2631.5141655327743,3034.5483294922233,978.15,20,109.4934,10000,last,0,runs/rfqi/hopper_medium_b500k_seed0/r_spec_transition_hopper_eval.json
offline,RFQI,RFQI,theta_p,spec_transition_hopper,trans_t1,0,1,1700.7352,889.9878914665563,1019.0466801281426,1062.8692130348086,459.1,20,52.8796,10000,last,0,runs/rfqi/hopper_medium_b500k_seed0/r_spec_transition_hopper_eval.json
offline,RFQI,RFQI,theta_p,spec_transition_hopper,trans_t2,0,0,1198.8300,423.25411961086485,733.607089981189,757.4341112723685,329.65,20,37.4581,10000,last,0,runs/rfqi/hopper_medium_b500k_seed0/r_spec_transition_hopper_eval.json
offline,RFQI,RFQI,theta_p,spec_transition_hopper,trans_t3,0,0,1149.8689,580.392865920004,481.32220569910436,514.0526696427751,327.3,20,35.9537,10000,last,0,runs/rfqi/hopper_medium_b500k_seed0/r_spec_transition_hopper_eval.json
offline,RFQI,RFQI,theta_p,spec_transition_hopper,nominal,2,0,3486.7976,367.97606155030735,2208.899248429009,2488.4476743995483,953.05,20,107.7582,10000,last,0,runs/rfqi/hopper_medium_b500k_seed2/r_spec_transition_hopper_eval.json
offline,RFQI,RFQI,theta_p,spec_transition_hopper,trans_t1,2,1,1975.7746,798.2176955482668,1090.2038550074963,1122.3495565162048,533.55,20,61.3305,10000,last,0,runs/rfqi/hopper_medium_b500k_seed2/r_spec_transition_hopper_eval.json
offline,RFQI,RFQI,theta_p,spec_transition_hopper,trans_t2,2,0,1411.2484,666.1924588576279,815.9864768335857,871.0832755203817,389.35,20,43.9849,10000,last,0,runs/rfqi/hopper_medium_b500k_seed2/r_spec_transition_hopper_eval.json
offline,RFQI,RFQI,theta_p,spec_transition_hopper,trans_t3,2,0,985.4169,468.5247239333801,188.7332596386088,322.2514456922171,292.0,20,30.9008,10000,last,0,runs/rfqi/hopper_medium_b500k_seed2/r_spec_transition_hopper_eval.json
offline,RFQI,RFQI,theta_p,spec_transition_hopper,nominal,3407,0,3480.7895,220.54118911201348,2923.9224946723257,2986.9343512169344,962.35,20,107.5736,10000,last,0,runs/rfqi/hopper_medium_b500k_seed3407/r_spec_transition_hopper_eval.json
offline,RFQI,RFQI,theta_p,spec_transition_hopper,trans_t1,3407,1,1451.0297,595.9294967130173,901.7734706289655,954.7622820035152,388.45,20,45.2072,10000,last,0,runs/rfqi/hopper_medium_b500k_seed3407/r_spec_transition_hopper_eval.json
offline,RFQI,RFQI,theta_p,spec_transition_hopper,trans_t2,3407,0,1247.2340,631.7057538581186,678.2548126814589,712.9938031135346,347.5,20,38.9454,10000,last,0,runs/rfqi/hopper_medium_b500k_seed3407/r_spec_transition_hopper_eval.json
offline,RFQI,RFQI,theta_p,spec_transition_hopper,trans_t3,3407,0,1086.1168,689.7917170632606,448.61310322511923,451.16908099685554,314.9,20,33.9949,10000,last,0,runs/rfqi/hopper_medium_b500k_seed3407/r_spec_transition_hopper_eval.json
offline,RFQI,RFQI,theta_p,spec_push_hopper,nominal,100,0,3592.3851,40.54732184987582,3539.6224949938796,3540.66514420707,1000.0,20,111.0025,10000,last,0,runs/rfqi/hopper_medium_b100_seed100/r_spec_push_hopper_eval.json
offline,RFQI,RFQI,theta_p,spec_push_hopper,push_30,100,0,2160.5997,873.6997585260829,978.6955771380009,1022.5008210303649,579.4,20,67.0095,10000,last,0,runs/rfqi/hopper_medium_b100_seed100/r_spec_push_hopper_eval.json
offline,RFQI,RFQI,theta_p,spec_push_hopper,push_60,100,1,1303.8870,589.3719554312842,679.4221217035491,713.2627590389204,357.15,20,40.6861,10000,last,0,runs/rfqi/hopper_medium_b100_seed100/r_spec_push_hopper_eval.json
offline,RFQI,RFQI,theta_p,spec_push_hopper,push_100,100,0,1096.5733,752.6007639209,195.4773979554707,242.15761847651424,314.8,20,34.3162,10000,last,0,runs/rfqi/hopper_medium_b100_seed100/r_spec_push_hopper_eval.json
offline,RFQI,RFQI,theta_p,spec_push_hopper,push_150,100,0,713.1572,563.8660952259787,60.895941697726386,127.5716791097843,214.3,20,22.5353,10000,last,0,runs/rfqi/hopper_medium_b100_seed100/r_spec_push_hopper_eval.json
offline,RFQI,RFQI,theta_p,spec_push_hopper,nominal,101,0,3370.9817,532.9715815939483,1841.6963027280867,1934.3065655412388,930.75,20,104.1997,10000,last,0,runs/rfqi/hopper_medium_b100_seed101/r_spec_push_hopper_eval.json
offline,RFQI,RFQI,theta_p,spec_push_hopper,push_30,101,0,1871.7724,756.1730746318902,933.2114727097396,955.7378476544825,498.25,20,58.1349,10000,last,0,runs/rfqi/hopper_medium_b100_seed101/r_spec_push_hopper_eval.json
offline,RFQI,RFQI,theta_p,spec_push_hopper,push_60,101,1,1357.5191,768.8904984617968,717.3944832595377,721.1134567751405,369.3,20,42.3340,10000,last,0,runs/rfqi/hopper_medium_b100_seed101/r_spec_push_hopper_eval.json
offline,RFQI,RFQI,theta_p,spec_push_hopper,push_100,101,0,1060.1127,684.2875279731401,186.32339793899516,352.88176411593673,302.95,20,33.1959,10000,last,0,runs/rfqi/hopper_medium_b100_seed101/r_spec_push_hopper_eval.json
offline,RFQI,RFQI,theta_p,spec_push_hopper,push_150,101,0,756.9966,598.1318790743185,58.00937140122118,121.05586998456397,226.8,20,23.8823,10000,last,0,runs/rfqi/hopper_medium_b100_seed101/r_spec_push_hopper_eval.json
offline,RFQI,RFQI,theta_p,spec_push_hopper,nominal,0,0,3543.2679,215.0167651478045,2631.5141655327743,3034.5483294922233,978.15,20,109.4934,10000,last,0,runs/rfqi/hopper_medium_b500k_seed0/r_spec_push_hopper_eval.json
offline,RFQI,RFQI,theta_p,spec_push_hopper,push_30,0,0,2018.5299,870.2117799336678,948.4755181246843,974.3899177612113,535.2,20,62.6442,10000,last,0,runs/rfqi/hopper_medium_b500k_seed0/r_spec_push_hopper_eval.json
offline,RFQI,RFQI,theta_p,spec_push_hopper,push_60,0,1,1439.1924,816.375770529372,686.5555261157072,716.7026451042113,389.95,20,44.8435,10000,last,0,runs/rfqi/hopper_medium_b500k_seed0/r_spec_push_hopper_eval.json
offline,RFQI,RFQI,theta_p,spec_push_hopper,push_100,0,0,1133.7498,819.7348586264537,199.578247861717,355.5571208569559,322.5,20,35.4584,10000,last,0,runs/rfqi/hopper_medium_b500k_seed0/r_spec_push_hopper_eval.json
offline,RFQI,RFQI,theta_p,spec_push_hopper,push_150,0,0,636.5327,495.16395974471,57.43500873699081,130.32699552665966,189.95,20,20.1809,10000,last,0,runs/rfqi/hopper_medium_b500k_seed0/r_spec_push_hopper_eval.json
offline,RFQI,RFQI,theta_p,spec_push_hopper,nominal,2,0,3486.7976,367.97606155030735,2208.899248429009,2488.4476743995483,953.05,20,107.7582,10000,last,0,runs/rfqi/hopper_medium_b500k_seed2/r_spec_push_hopper_eval.json
offline,RFQI,RFQI,theta_p,spec_push_hopper,push_30,2,0,1986.1357,736.8472034945735,1044.3390755199798,1062.5534113772233,534.4,20,61.6489,10000,last,0,runs/rfqi/hopper_medium_b500k_seed2/r_spec_push_hopper_eval.json
offline,RFQI,RFQI,theta_p,spec_push_hopper,push_60,2,1,1372.1950,665.2925991365396,705.8234296087355,729.0625224477069,378.5,20,42.7849,10000,last,0,runs/rfqi/hopper_medium_b500k_seed2/r_spec_push_hopper_eval.json
offline,RFQI,RFQI,theta_p,spec_push_hopper,push_100,2,0,1031.6351,639.4015327198243,186.24515069984542,237.26098311825825,292.6,20,32.3209,10000,last,0,runs/rfqi/hopper_medium_b500k_seed2/r_spec_push_hopper_eval.json
offline,RFQI,RFQI,theta_p,spec_push_hopper,push_150,2,0,766.4023,574.4676695795455,41.00628630957728,114.94830291428775,224.15,20,24.1713,10000,last,0,runs/rfqi/hopper_medium_b500k_seed2/r_spec_push_hopper_eval.json
offline,RFQI,RFQI,theta_p,spec_push_hopper,nominal,3407,0,3480.7895,220.54118911201348,2923.9224946723257,2986.9343512169344,962.35,20,107.5736,10000,last,0,runs/rfqi/hopper_medium_b500k_seed3407/r_spec_push_hopper_eval.json
offline,RFQI,RFQI,theta_p,spec_push_hopper,push_30,3407,0,1628.5554,624.4465231156252,919.9253816104285,949.3438461165397,433.4,20,50.6619,10000,last,0,runs/rfqi/hopper_medium_b500k_seed3407/r_spec_push_hopper_eval.json
offline,RFQI,RFQI,theta_p,spec_push_hopper,push_60,3407,1,1222.7567,596.1084046142332,625.1541779950933,659.4354731047026,335.4,20,38.1933,10000,last,0,runs/rfqi/hopper_medium_b500k_seed3407/r_spec_push_hopper_eval.json
offline,RFQI,RFQI,theta_p,spec_push_hopper,push_100,3407,0,1028.4195,654.3655641674382,194.87355593896433,381.27371656695425,292.35,20,32.2221,10000,last,0,runs/rfqi/hopper_medium_b500k_seed3407/r_spec_push_hopper_eval.json
offline,RFQI,RFQI,theta_p,spec_push_hopper,push_150,3407,0,577.0656,282.8525255853198,58.19814868514377,128.3543291926793,177.65,20,18.3537,10000,last,0,runs/rfqi/hopper_medium_b500k_seed3407/r_spec_push_hopper_eval.json
offline,RFQI,RFQI,theta_p,spec_timevar_hopper,nominal,100,0,3592.3851,40.54732184987582,3539.6224949938796,3540.66514420707,1000.0,20,111.0025,10000,last,0,runs/rfqi/hopper_medium_b100_seed100/r_spec_timevar_hopper_eval.json
offline,RFQI,RFQI,theta_p,spec_timevar_hopper,gear_static_0.8,100,1,636.6905,15.203025466979883,619.2223851376077,621.3219366144103,204.05,20,20.1858,10000,last,0,runs/rfqi/hopper_medium_b100_seed100/r_spec_timevar_hopper_eval.json
offline,RFQI,RFQI,theta_p,spec_timevar_hopper,gear_step_0.8,100,0,2441.1754,73.86215385136677,2250.1425453634774,2306.800267605928,674.05,20,75.6304,10000,last,0,runs/rfqi/hopper_medium_b100_seed100/r_spec_timevar_hopper_eval.json
offline,RFQI,RFQI,theta_p,spec_timevar_hopper,gear_ramp_0.8,100,1,1579.0557,143.01621474384498,1403.9790176738804,1405.6202743965391,417.2,20,49.1409,10000,last,0,runs/rfqi/hopper_medium_b100_seed100/r_spec_timevar_hopper_eval.json
offline,RFQI,RFQI,theta_p,spec_timevar_hopper,gear_sine_p200,100,0,1040.0922,8.276972459897737,1015.7952574275113,1022.8603574028159,281.15,20,32.5807,10000,last,0,runs/rfqi/hopper_medium_b100_seed100/r_spec_timevar_hopper_eval.json
offline,RFQI,RFQI,theta_p,spec_timevar_hopper,gear_sine_p500,100,1,1319.4485,216.48708122361077,857.7106175105123,988.2556306236601,374.6,20,41.1642,10000,last,0,runs/rfqi/hopper_medium_b100_seed100/r_spec_timevar_hopper_eval.json
offline,RFQI,RFQI,theta_p,spec_timevar_hopper,gravity_ramp_1.2,100,0,3184.3719,356.06884576015653,2354.438757742295,2536.3512754006724,849.45,20,98.4659,10000,last,0,runs/rfqi/hopper_medium_b100_seed100/r_spec_timevar_hopper_eval.json
offline,RFQI,RFQI,theta_p,spec_timevar_hopper,nominal,101,0,3370.9817,532.9715815939483,1841.6963027280867,1934.3065655412388,930.75,20,104.1997,10000,last,0,runs/rfqi/hopper_medium_b100_seed101/r_spec_timevar_hopper_eval.json
offline,RFQI,RFQI,theta_p,spec_timevar_hopper,gear_static_0.8,101,1,440.1688,1.3234503236120199,437.79629852129483,438.21949346477,154.9,20,14.1475,10000,last,0,runs/rfqi/hopper_medium_b100_seed101/r_spec_timevar_hopper_eval.json
offline,RFQI,RFQI,theta_p,spec_timevar_hopper,gear_step_0.8,101,0,2400.3251,167.00077684717488,1841.6963027280867,1934.3668839039526,652.8,20,74.3753,10000,last,0,runs/rfqi/hopper_medium_b100_seed101/r_spec_timevar_hopper_eval.json
offline,RFQI,RFQI,theta_p,spec_timevar_hopper,gear_ramp_0.8,101,1,1316.1582,32.541273659161746,1263.7839980522576,1267.0230840553495,348.6,20,41.0631,10000,last,0,runs/rfqi/hopper_medium_b100_seed101/r_spec_timevar_hopper_eval.json
offline,RFQI,RFQI,theta_p,spec_timevar_hopper,gear_sine_p200,101,0,1068.8022,44.101269050664875,1021.9320532474778,1022.153775251829,290.05,20,33.4629,10000,last,0,runs/rfqi/hopper_medium_b100_seed101/r_spec_timevar_hopper_eval.json
offline,RFQI,RFQI,theta_p,spec_timevar_hopper,gear_sine_p500,101,1,1890.7740,95.39293804607685,1720.681586727896,1731.2853664845763,526.15,20,58.7188,10000,last,0,runs/rfqi/hopper_medium_b100_seed101/r_spec_timevar_hopper_eval.json
offline,RFQI,RFQI,theta_p,spec_timevar_hopper,gravity_ramp_1.2,101,0,2123.0098,740.41375786035,1490.8101600589744,1493.8149703054119,556.0,20,65.8545,10000,last,0,runs/rfqi/hopper_medium_b100_seed101/r_spec_timevar_hopper_eval.json
offline,RFQI,RFQI,theta_p,spec_timevar_hopper,nominal,0,0,3543.2679,215.0167651478045,2631.5141655327743,3034.5483294922233,978.15,20,109.4934,10000,last,0,runs/rfqi/hopper_medium_b500k_seed0/r_spec_timevar_hopper_eval.json
offline,RFQI,RFQI,theta_p,spec_timevar_hopper,gear_static_0.8,0,1,620.0027,2.9538756407121234,614.2497461569869,614.4345432032558,197.15,20,19.6730,10000,last,0,runs/rfqi/hopper_medium_b500k_seed0/r_spec_timevar_hopper_eval.json
offline,RFQI,RFQI,theta_p,spec_timevar_hopper,gear_step_0.8,0,0,2472.5809,62.59975474692222,2298.4154983480157,2353.9115141665234,680.55,20,76.5954,10000,last,0,runs/rfqi/hopper_medium_b500k_seed0/r_spec_timevar_hopper_eval.json
offline,RFQI,RFQI,theta_p,spec_timevar_hopper,gear_ramp_0.8,0,1,1281.8349,45.0627092450097,1196.7609773896013,1203.585957766913,339.2,20,40.0085,10000,last,0,runs/rfqi/hopper_medium_b500k_seed0/r_spec_timevar_hopper_eval.json
offline,RFQI,RFQI,theta_p,spec_timevar_hopper,gear_sine_p200,0,0,1019.1227,18.144937169448475,954.7182437595263,976.4205017806962,280.05,20,31.9364,10000,last,0,runs/rfqi/hopper_medium_b500k_seed0/r_spec_timevar_hopper_eval.json
offline,RFQI,RFQI,theta_p,spec_timevar_hopper,gear_sine_p500,0,1,1779.9658,50.87541196315763,1714.7847504312897,1716.1689549191206,485.35,20,55.3141,10000,last,0,runs/rfqi/hopper_medium_b500k_seed0/r_spec_timevar_hopper_eval.json
offline,RFQI,RFQI,theta_p,spec_timevar_hopper,gravity_ramp_1.2,0,0,3181.6139,770.6876918372748,1446.9101646474335,1549.1230573101589,875.05,20,98.3812,10000,last,0,runs/rfqi/hopper_medium_b500k_seed0/r_spec_timevar_hopper_eval.json
offline,RFQI,RFQI,theta_p,spec_timevar_hopper,nominal,2,0,3486.7976,367.97606155030735,2208.899248429009,2488.4476743995483,953.05,20,107.7582,10000,last,0,runs/rfqi/hopper_medium_b500k_seed2/r_spec_timevar_hopper_eval.json
offline,RFQI,RFQI,theta_p,spec_timevar_hopper,gear_static_0.8,2,1,441.6320,1.865627458718598,438.6425048373173,438.7232588724877,156.95,20,14.1924,10000,last,0,runs/rfqi/hopper_medium_b500k_seed2/r_spec_timevar_hopper_eval.json
offline,RFQI,RFQI,theta_p,spec_timevar_hopper,gear_step_0.8,2,0,2376.0719,80.40689542276894,2163.188639553592,2215.180057994485,649.7,20,73.6301,10000,last,0,runs/rfqi/hopper_medium_b500k_seed2/r_spec_timevar_hopper_eval.json
offline,RFQI,RFQI,theta_p,spec_timevar_hopper,gear_ramp_0.8,2,1,1552.0283,49.236915901457344,1449.8642174284332,1460.9846058958465,414.15,20,48.3105,10000,last,0,runs/rfqi/hopper_medium_b500k_seed2/r_spec_timevar_hopper_eval.json
offline,RFQI,RFQI,theta_p,spec_timevar_hopper,gear_sine_p200,2,0,1064.7291,7.301826713850151,1052.207831010512,1053.3214318956746,288.75,20,33.3377,10000,last,0,runs/rfqi/hopper_medium_b500k_seed2/r_spec_timevar_hopper_eval.json
offline,RFQI,RFQI,theta_p,spec_timevar_hopper,gear_sine_p500,2,1,1556.4686,48.5263861172467,1492.7121424585985,1493.785442640966,420.6,20,48.4469,10000,last,0,runs/rfqi/hopper_medium_b500k_seed2/r_spec_timevar_hopper_eval.json
offline,RFQI,RFQI,theta_p,spec_timevar_hopper,gravity_ramp_1.2,2,0,2860.5291,631.1217969938427,1795.9317752582315,1801.0400202285919,763.3,20,88.5155,10000,last,0,runs/rfqi/hopper_medium_b500k_seed2/r_spec_timevar_hopper_eval.json
offline,RFQI,RFQI,theta_p,spec_timevar_hopper,nominal,3407,0,3480.7895,220.54118911201348,2923.9224946723257,2986.9343512169344,962.35,20,107.5736,10000,last,0,runs/rfqi/hopper_medium_b500k_seed3407/r_spec_timevar_hopper_eval.json
offline,RFQI,RFQI,theta_p,spec_timevar_hopper,gear_static_0.8,3407,1,537.9712,63.72230615045879,477.19762657869575,477.3518118526291,179.6,20,17.1525,10000,last,0,runs/rfqi/hopper_medium_b500k_seed3407/r_spec_timevar_hopper_eval.json
offline,RFQI,RFQI,theta_p,spec_timevar_hopper,gear_step_0.8,3407,0,2366.8145,73.287092504144,2201.2507530545795,2250.1033375618526,659.85,20,73.3456,10000,last,0,runs/rfqi/hopper_medium_b500k_seed3407/r_spec_timevar_hopper_eval.json
offline,RFQI,RFQI,theta_p,spec_timevar_hopper,gear_ramp_0.8,3407,1,1205.2857,53.39993338951669,1121.1498173040816,1129.795945394061,326.0,20,37.6565,10000,last,0,runs/rfqi/hopper_medium_b500k_seed3407/r_spec_timevar_hopper_eval.json
offline,RFQI,RFQI,theta_p,spec_timevar_hopper,gear_sine_p200,3407,0,991.6280,16.244396709450907,952.1313608924384,956.2206409125287,273.0,20,31.0916,10000,last,0,runs/rfqi/hopper_medium_b500k_seed3407/r_spec_timevar_hopper_eval.json
offline,RFQI,RFQI,theta_p,spec_timevar_hopper,gear_sine_p500,3407,1,1736.1138,66.9644407565293,1678.5478154915454,1678.8182360581955,483.7,20,53.9667,10000,last,0,runs/rfqi/hopper_medium_b500k_seed3407/r_spec_timevar_hopper_eval.json
offline,RFQI,RFQI,theta_p,spec_timevar_hopper,gravity_ramp_1.2,3407,0,2185.6010,599.6650362407537,1448.8974288352413,1515.7727828846678,571.9,20,67.7776,10000,last,0,runs/rfqi/hopper_medium_b500k_seed3407/r_spec_timevar_hopper_eval.json
offline,RFQI,RFQI,theta_tau_exec,spec_timing_hopper,nominal,100,0,3592.3851,40.54732184987582,3539.6224949938796,3540.66514420707,1000.0,20,111.0025,10000,last,0,runs/rfqi/hopper_medium_b100_seed100/r_spec_timing_hopper_eval.json
offline,RFQI,RFQI,theta_tau_exec,spec_timing_hopper,act_delay_8ms,100,1,1100.6118,43.693789935846716,1059.1153832875334,1061.5052949980095,303.45,20,34.4402,10000,last,0,runs/rfqi/hopper_medium_b100_seed100/r_spec_timing_hopper_eval.json
offline,RFQI,RFQI,theta_tau_exec,spec_timing_hopper,act_delay_rand1,100,1,2597.1243,1224.373762694682,1063.8952067084858,1063.9179352109281,721.1,20,80.4221,10000,last,0,runs/rfqi/hopper_medium_b100_seed100/r_spec_timing_hopper_eval.json
offline,RFQI,RFQI,theta_tau_exec,spec_timing_hopper,act_delay_rand2,100,0,1687.2327,1271.4549464302413,414.4126095230959,414.52627211437743,476.6,20,52.4648,10000,last,0,runs/rfqi/hopper_medium_b100_seed100/r_spec_timing_hopper_eval.json
offline,RFQI,RFQI,theta_tau_exec,spec_timing_hopper,substep,100,0,2935.3004,1035.5302586818698,771.1643776029586,910.0612185590851,803.2,20,90.8129,10000,last,0,runs/rfqi/hopper_medium_b100_seed100/r_spec_timing_hopper_eval.json
offline,RFQI,RFQI,theta_tau_exec,spec_timing_hopper,obs_delay_4ms,100,1,2263.1733,1018.3792970657491,1039.4618255292405,1186.8270351434705,609.75,20,70.1611,10000,last,0,runs/rfqi/hopper_medium_b100_seed100/r_spec_timing_hopper_eval.json
offline,RFQI,RFQI,theta_tau_exec,spec_timing_hopper,obs_delay_8ms,100,1,1236.0710,104.39632910158724,1068.218734151612,1071.2633091172002,328.95,20,38.6024,10000,last,0,runs/rfqi/hopper_medium_b100_seed100/r_spec_timing_hopper_eval.json
offline,RFQI,RFQI,theta_tau_exec,spec_timing_hopper,obs_delay_16ms,100,1,1005.3470,398.89703590674014,473.0750057523524,473.11666908540434,285.65,20,31.5131,10000,last,0,runs/rfqi/hopper_medium_b100_seed100/r_spec_timing_hopper_eval.json
offline,RFQI,RFQI,theta_tau_exec,spec_timing_hopper,nominal,101,0,3370.9817,532.9715815939483,1841.6963027280867,1934.3065655412388,930.75,20,104.1997,10000,last,0,runs/rfqi/hopper_medium_b100_seed101/r_spec_timing_hopper_eval.json
offline,RFQI,RFQI,theta_tau_exec,spec_timing_hopper,act_delay_8ms,101,1,1181.8181,68.0618507765857,1063.5628560335683,1078.2923811235232,317.9,20,36.9354,10000,last,0,runs/rfqi/hopper_medium_b100_seed101/r_spec_timing_hopper_eval.json
offline,RFQI,RFQI,theta_tau_exec,spec_timing_hopper,act_delay_rand1,101,1,2486.8988,1144.0771574711773,1138.39448605132,1141.010660727162,682.25,20,77.0353,10000,last,0,runs/rfqi/hopper_medium_b100_seed101/r_spec_timing_hopper_eval.json
offline,RFQI,RFQI,theta_tau_exec,spec_timing_hopper,act_delay_rand2,101,0,1724.3518,1260.5297584171892,199.14341900850266,200.78345544359127,481.1,20,53.6053,10000,last,0,runs/rfqi/hopper_medium_b100_seed101/r_spec_timing_hopper_eval.json
offline,RFQI,RFQI,theta_tau_exec,spec_timing_hopper,substep,101,0,2101.9196,1101.50261120623,885.206916991255,891.21534379431,560.65,20,65.2065,10000,last,0,runs/rfqi/hopper_medium_b100_seed101/r_spec_timing_hopper_eval.json
offline,RFQI,RFQI,theta_tau_exec,spec_timing_hopper,obs_delay_4ms,101,1,1433.9847,100.29375047453783,1328.5019173135497,1338.895953846467,373.0,20,44.6835,10000,last,0,runs/rfqi/hopper_medium_b100_seed101/r_spec_timing_hopper_eval.json
offline,RFQI,RFQI,theta_tau_exec,spec_timing_hopper,obs_delay_8ms,101,1,1205.4100,106.02953179235696,1038.9523046500633,1039.4394923241894,320.5,20,37.6603,10000,last,0,runs/rfqi/hopper_medium_b100_seed101/r_spec_timing_hopper_eval.json
offline,RFQI,RFQI,theta_tau_exec,spec_timing_hopper,obs_delay_16ms,101,1,1325.9073,733.5444962424192,206.32113327902212,330.7837980072805,373.9,20,41.3627,10000,last,0,runs/rfqi/hopper_medium_b100_seed101/r_spec_timing_hopper_eval.json
offline,RFQI,RFQI,theta_tau_exec,spec_timing_hopper,nominal,0,0,3543.2679,215.0167651478045,2631.5141655327743,3034.5483294922233,978.15,20,109.4934,10000,last,0,runs/rfqi/hopper_medium_b500k_seed0/r_spec_timing_hopper_eval.json
offline,RFQI,RFQI,theta_tau_exec,spec_timing_hopper,act_delay_8ms,0,1,1522.8658,569.4050938368352,1064.7227450792939,1065.8152159306692,406.85,20,47.4144,10000,last,0,runs/rfqi/hopper_medium_b500k_seed0/r_spec_timing_hopper_eval.json
offline,RFQI,RFQI,theta_tau_exec,spec_timing_hopper,act_delay_rand1,0,1,2733.1354,1125.8522570025216,1064.7227450792939,1066.152928106293,753.15,20,84.6012,10000,last,0,runs/rfqi/hopper_medium_b500k_seed0/r_spec_timing_hopper_eval.json
offline,RFQI,RFQI,theta_tau_exec,spec_timing_hopper,act_delay_rand2,0,0,1785.7823,1364.0120240060796,142.4943771932447,143.90516126604578,494.05,20,55.4928,10000,last,0,runs/rfqi/hopper_medium_b500k_seed0/r_spec_timing_hopper_eval.json
offline,RFQI,RFQI,theta_tau_exec,spec_timing_hopper,substep,0,0,2437.8729,1216.0721154358853,801.8821120064185,883.3851403404439,666.05,20,75.5290,10000,last,0,runs/rfqi/hopper_medium_b500k_seed0/r_spec_timing_hopper_eval.json
offline,RFQI,RFQI,theta_tau_exec,spec_timing_hopper,obs_delay_4ms,0,1,1435.4536,59.39284065160046,1367.9351173507905,1371.4653603677402,373.9,20,44.7286,10000,last,0,runs/rfqi/hopper_medium_b500k_seed0/r_spec_timing_hopper_eval.json
offline,RFQI,RFQI,theta_tau_exec,spec_timing_hopper,obs_delay_8ms,0,1,1294.5656,409.5070750238447,1065.7762024759447,1065.9624630565663,345.6,20,40.3997,10000,last,0,runs/rfqi/hopper_medium_b500k_seed0/r_spec_timing_hopper_eval.json
offline,RFQI,RFQI,theta_tau_exec,spec_timing_hopper,obs_delay_16ms,0,1,1268.3606,723.3567778539414,145.73874124990763,300.59394178734266,352.95,20,39.5945,10000,last,0,runs/rfqi/hopper_medium_b500k_seed0/r_spec_timing_hopper_eval.json
offline,RFQI,RFQI,theta_tau_exec,spec_timing_hopper,nominal,2,0,3486.7976,367.97606155030735,2208.899248429009,2488.4476743995483,953.05,20,107.7582,10000,last,0,runs/rfqi/hopper_medium_b500k_seed2/r_spec_timing_hopper_eval.json
offline,RFQI,RFQI,theta_tau_exec,spec_timing_hopper,act_delay_8ms,2,1,1258.3681,35.672095942790726,1187.751177171907,1203.0122504600126,335.95,20,39.2875,10000,last,0,runs/rfqi/hopper_medium_b500k_seed2/r_spec_timing_hopper_eval.json
offline,RFQI,RFQI,theta_tau_exec,spec_timing_hopper,act_delay_rand1,2,1,2574.6181,1119.1245383536018,1227.0816345335297,1233.4379276167958,698.9,20,79.7306,10000,last,0,runs/rfqi/hopper_medium_b500k_seed2/r_spec_timing_hopper_eval.json
offline,RFQI,RFQI,theta_tau_exec,spec_timing_hopper,act_delay_rand2,2,0,1725.3360,1201.8815689187254,436.9296992047693,438.0159058800506,477.35,20,53.6355,10000,last,0,runs/rfqi/hopper_medium_b500k_seed2/r_spec_timing_hopper_eval.json
offline,RFQI,RFQI,theta_tau_exec,spec_timing_hopper,substep,2,0,2822.4879,1100.0730779305322,303.76935039277845,559.6544611570241,764.0,20,87.3467,10000,last,0,runs/rfqi/hopper_medium_b500k_seed2/r_spec_timing_hopper_eval.json
offline,RFQI,RFQI,theta_tau_exec,spec_timing_hopper,obs_delay_4ms,2,1,2988.9515,717.3253724307712,1612.4674854783732,1650.7845104319617,800.3,20,92.4614,10000,last,0,runs/rfqi/hopper_medium_b500k_seed2/r_spec_timing_hopper_eval.json
offline,RFQI,RFQI,theta_tau_exec,spec_timing_hopper,obs_delay_8ms,2,1,1410.4063,175.3735826690472,1067.9249080727623,1142.2176149784282,371.85,20,43.9590,10000,last,0,runs/rfqi/hopper_medium_b500k_seed2/r_spec_timing_hopper_eval.json
offline,RFQI,RFQI,theta_tau_exec,spec_timing_hopper,obs_delay_16ms,2,1,893.3590,423.5126002171949,438.7186492431978,448.5029999096771,260.65,20,28.0722,10000,last,0,runs/rfqi/hopper_medium_b500k_seed2/r_spec_timing_hopper_eval.json
offline,RFQI,RFQI,theta_tau_exec,spec_timing_hopper,nominal,3407,0,3480.7895,220.54118911201348,2923.9224946723257,2986.9343512169344,962.35,20,107.5736,10000,last,0,runs/rfqi/hopper_medium_b500k_seed3407/r_spec_timing_hopper_eval.json
offline,RFQI,RFQI,theta_tau_exec,spec_timing_hopper,act_delay_8ms,3407,1,1012.4545,31.61857229755515,971.3384693895682,977.2680232850505,282.85,20,31.7315,10000,last,0,runs/rfqi/hopper_medium_b500k_seed3407/r_spec_timing_hopper_eval.json
offline,RFQI,RFQI,theta_tau_exec,spec_timing_hopper,act_delay_rand1,3407,1,2473.3257,1198.7947536756044,988.5986182341017,989.8215185725003,685.3,20,76.6183,10000,last,0,runs/rfqi/hopper_medium_b500k_seed3407/r_spec_timing_hopper_eval.json
offline,RFQI,RFQI,theta_tau_exec,spec_timing_hopper,act_delay_rand2,3407,0,1665.1312,1215.7199614011802,386.56360461658267,430.9980019567089,470.4,20,51.7857,10000,last,0,runs/rfqi/hopper_medium_b500k_seed3407/r_spec_timing_hopper_eval.json
offline,RFQI,RFQI,theta_tau_exec,spec_timing_hopper,substep,3407,0,1692.7560,937.2015886283563,829.5286696744934,837.2444540294782,448.0,20,52.6345,10000,last,0,runs/rfqi/hopper_medium_b500k_seed3407/r_spec_timing_hopper_eval.json
offline,RFQI,RFQI,theta_tau_exec,spec_timing_hopper,obs_delay_4ms,3407,1,1286.7572,96.62628828164218,1063.049148192174,1108.9115905751812,342.2,20,40.1598,10000,last,0,runs/rfqi/hopper_medium_b500k_seed3407/r_spec_timing_hopper_eval.json
offline,RFQI,RFQI,theta_tau_exec,spec_timing_hopper,obs_delay_8ms,3407,1,1054.7983,36.468165603268545,996.7716187494714,1010.6549984207297,293.55,20,33.0326,10000,last,0,runs/rfqi/hopper_medium_b500k_seed3407/r_spec_timing_hopper_eval.json
offline,RFQI,RFQI,theta_tau_exec,spec_timing_hopper,obs_delay_16ms,3407,1,645.3165,318.6441916923019,190.98760046362332,194.37691771779294,200.05,20,20.4508,10000,last,0,runs/rfqi/hopper_medium_b500k_seed3407/r_spec_timing_hopper_eval.json
offline,RORL,RORL,theta_o,spec_obsadv_hopper,nominal,0,0,3612.5991,17.79956531019353,3582.974975309144,3583.343386612497,1000.0,20,111.6236,10000,last,0,runs/rorl/diagnostics/hopper_bcreg_full3m_seed0/r_spec_obsadv_hopper_eval.json
offline,RORL,RORL,theta_o,spec_obsadv_hopper,obs_uni_0.05,0,0,1823.5191,825.7850389516951,1045.0056930080784,1081.5405537278366,478.0,20,56.6523,10000,last,0,runs/rorl/diagnostics/hopper_bcreg_full3m_seed0/r_spec_obsadv_hopper_eval.json
offline,RORL,RORL,theta_o,spec_obsadv_hopper,obs_uni_0.10,0,1,1324.5188,395.5941078227834,775.265723979335,824.081395712444,352.75,20,41.3200,10000,last,0,runs/rorl/diagnostics/hopper_bcreg_full3m_seed0/r_spec_obsadv_hopper_eval.json
offline,RORL,RORL,theta_o,spec_obsadv_hopper,obs_uni_0.15,0,0,1122.1101,316.53331003592234,733.6172754619257,755.5523680843885,312.85,20,35.1008,10000,last,0,runs/rorl/diagnostics/hopper_bcreg_full3m_seed0/r_spec_obsadv_hopper_eval.json
offline,RORL,RORL,theta_o,spec_obsadv_hopper,obs_rel_0.05,0,0,2636.2365,984.9092187998967,1393.4275862103705,1402.6913335750673,702.8,20,81.6239,10000,last,0,runs/rorl/diagnostics/hopper_bcreg_full3m_seed0/r_spec_obsadv_hopper_eval.json
offline,RORL,RORL,theta_o,spec_obsadv_hopper,obs_rel_0.10,0,1,1902.2791,815.18247862005,1078.8977737837342,1152.4077203768434,498.9,20,59.0723,10000,last,0,runs/rorl/diagnostics/hopper_bcreg_full3m_seed0/r_spec_obsadv_hopper_eval.json
offline,RORL,RORL,theta_o,spec_obsadv_hopper,obs_bias_0.05,0,0,2439.9496,1169.8905230502803,986.1944169150976,999.6365958221832,688.45,20,75.5928,10000,last,0,runs/rorl/diagnostics/hopper_bcreg_full3m_seed0/r_spec_obsadv_hopper_eval.json
offline,RORL,RORL,theta_o,spec_obsadv_hopper,obs_gauss_0.05,0,0,1247.6787,200.21005864787864,976.8284456854778,983.3272481203608,330.3,20,38.9590,10000,last,0,runs/rorl/diagnostics/hopper_bcreg_full3m_seed0/r_spec_obsadv_hopper_eval.json
offline,RORL,RORL,theta_o,spec_obsadv_hopper,obs_gauss_0.10,0,1,922.1818,274.65333045518355,155.22111957750948,320.7402931899625,261.2,20,28.9578,10000,last,0,runs/rorl/diagnostics/hopper_bcreg_full3m_seed0/r_spec_obsadv_hopper_eval.json
offline,RORL,RORL,theta_o,spec_obsadv_hopper,obs_shift_0.01,0,0,1695.2906,201.35200493882238,1431.9715491101554,1473.269893828622,426.05,20,52.7124,10000,last,0,runs/rorl/diagnostics/hopper_bcreg_full3m_seed0/r_spec_obsadv_hopper_eval.json
offline,RORL,RORL,theta_o,spec_obsadv_hopper,obs_shift_0.02,0,0,1297.9685,39.49973634977975,1213.862549353048,1228.0884168809748,336.6,20,40.5042,10000,last,0,runs/rorl/diagnostics/hopper_bcreg_full3m_seed0/r_spec_obsadv_hopper_eval.json
offline,RORL,RORL,theta_o,spec_obsadv_hopper,nominal,1,0,3538.8388,337.792046815745,2071.941747304957,2823.4994165081343,975.75,20,109.3573,10000,last,0,runs/rorl/diagnostics/hopper_bcreg_full3m_seed1/r_spec_obsadv_hopper_eval.json
offline,RORL,RORL,theta_o,spec_obsadv_hopper,obs_uni_0.05,1,0,1945.4895,852.492421960226,1092.9787915175866,1093.070482794595,510.75,20,60.4000,10000,last,0,runs/rorl/diagnostics/hopper_bcreg_full3m_seed1/r_spec_obsadv_hopper_eval.json
offline,RORL,RORL,theta_o,spec_obsadv_hopper,obs_uni_0.10,1,1,1249.4767,357.26200436805027,864.192961021065,898.5983625438491,332.9,20,39.0143,10000,last,0,runs/rorl/diagnostics/hopper_bcreg_full3m_seed1/r_spec_obsadv_hopper_eval.json
offline,RORL,RORL,theta_o,spec_obsadv_hopper,obs_uni_0.15,1,0,971.4698,229.89646846682695,700.7980011952493,714.8616754807646,275.25,20,30.4722,10000,last,0,runs/rorl/diagnostics/hopper_bcreg_full3m_seed1/r_spec_obsadv_hopper_eval.json
offline,RORL,RORL,theta_o,spec_obsadv_hopper,obs_rel_0.05,1,0,2709.3416,969.5960069521834,1513.8301655650635,1514.483714866292,716.25,20,83.8701,10000,last,0,runs/rorl/diagnostics/hopper_bcreg_full3m_seed1/r_spec_obsadv_hopper_eval.json
offline,RORL,RORL,theta_o,spec_obsadv_hopper,obs_rel_0.10,1,1,1923.8242,939.5381637994079,1067.1684236010037,1130.0658752734662,509.35,20,59.7343,10000,last,0,runs/rorl/diagnostics/hopper_bcreg_full3m_seed1/r_spec_obsadv_hopper_eval.json
offline,RORL,RORL,theta_o,spec_obsadv_hopper,obs_bias_0.05,1,0,2545.6814,1168.272483399338,748.5744247883665,877.1584683707954,719.9,20,78.8415,10000,last,0,runs/rorl/diagnostics/hopper_bcreg_full3m_seed1/r_spec_obsadv_hopper_eval.json
offline,RORL,RORL,theta_o,spec_obsadv_hopper,obs_gauss_0.05,1,0,1233.1631,364.5587323032219,721.3129138319786,817.8142473510945,328.2,20,38.5130,10000,last,0,runs/rorl/diagnostics/hopper_bcreg_full3m_seed1/r_spec_obsadv_hopper_eval.json
offline,RORL,RORL,theta_o,spec_obsadv_hopper,obs_gauss_0.10,1,1,860.6302,192.77184170628445,475.20666232797885,483.80459785859273,248.6,20,27.0666,10000,last,0,runs/rorl/diagnostics/hopper_bcreg_full3m_seed1/r_spec_obsadv_hopper_eval.json
offline,RORL,RORL,theta_o,spec_obsadv_hopper,obs_shift_0.01,1,0,1699.8524,115.44341372043976,1459.2371754981284,1476.8224340462789,427.45,20,52.8525,10000,last,0,runs/rorl/diagnostics/hopper_bcreg_full3m_seed1/r_spec_obsadv_hopper_eval.json
offline,RORL,RORL,theta_o,spec_obsadv_hopper,obs_shift_0.02,1,0,1289.0478,30.00842839967032,1235.435991949023,1237.0592348859107,335.2,20,40.2301,10000,last,0,runs/rorl/diagnostics/hopper_bcreg_full3m_seed1/r_spec_obsadv_hopper_eval.json
offline,RORL,RORL,theta_o,spec_obsadv_hopper,nominal,2,0,3495.6122,427.1036379308225,2186.019185210896,2222.9108428884465,954.8,20,108.0291,10000,last,0,runs/rorl/diagnostics/hopper_bcreg_full3m_seed2/r_spec_obsadv_hopper_eval.json
offline,RORL,RORL,theta_o,spec_obsadv_hopper,obs_uni_0.05,2,0,1743.8598,884.6589020790449,1036.901082529906,1041.8421409515945,456.55,20,54.2047,10000,last,0,runs/rorl/diagnostics/hopper_bcreg_full3m_seed2/r_spec_obsadv_hopper_eval.json
offline,RORL,RORL,theta_o,spec_obsadv_hopper,obs_uni_0.10,2,1,1106.5653,267.626773695345,655.2066597427377,718.1658164845879,297.7,20,34.6232,10000,last,0,runs/rorl/diagnostics/hopper_bcreg_full3m_seed2/r_spec_obsadv_hopper_eval.json
offline,RORL,RORL,theta_o,spec_obsadv_hopper,obs_uni_0.15,2,0,949.7089,243.97687934376566,414.56073870162527,566.0150029157362,270.75,20,29.8036,10000,last,0,runs/rorl/diagnostics/hopper_bcreg_full3m_seed2/r_spec_obsadv_hopper_eval.json
offline,RORL,RORL,theta_o,spec_obsadv_hopper,obs_rel_0.05,2,0,2363.0404,974.5713806700581,1381.9707222971733,1382.9778491394884,623.3,20,73.2297,10000,last,0,runs/rorl/diagnostics/hopper_bcreg_full3m_seed2/r_spec_obsadv_hopper_eval.json
offline,RORL,RORL,theta_o,spec_obsadv_hopper,obs_rel_0.10,2,1,1916.5367,894.2222309802343,1062.850711633521,1098.081257682527,504.65,20,59.5104,10000,last,0,runs/rorl/diagnostics/hopper_bcreg_full3m_seed2/r_spec_obsadv_hopper_eval.json
offline,RORL,RORL,theta_o,spec_obsadv_hopper,obs_bias_0.05,2,0,2568.0098,1135.2374029089528,990.0188250350392,1008.7816926455373,724.45,20,79.5275,10000,last,0,runs/rorl/diagnostics/hopper_bcreg_full3m_seed2/r_spec_obsadv_hopper_eval.json
offline,RORL,RORL,theta_o,spec_obsadv_hopper,obs_gauss_0.05,2,0,1225.6098,383.4352978563409,727.9569592206952,766.9377637899715,325.5,20,38.2809,10000,last,0,runs/rorl/diagnostics/hopper_bcreg_full3m_seed2/r_spec_obsadv_hopper_eval.json
offline,RORL,RORL,theta_o,spec_obsadv_hopper,obs_gauss_0.10,2,1,835.3315,229.75511792341717,435.8315036995636,469.14519213138493,242.25,20,26.2892,10000,last,0,runs/rorl/diagnostics/hopper_bcreg_full3m_seed2/r_spec_obsadv_hopper_eval.json
offline,RORL,RORL,theta_o,spec_obsadv_hopper,obs_shift_0.01,2,0,1477.9058,72.71870425402018,1392.0429718503435,1393.1170822999782,378.45,20,46.0330,10000,last,0,runs/rorl/diagnostics/hopper_bcreg_full3m_seed2/r_spec_obsadv_hopper_eval.json
offline,RORL,RORL,theta_o,spec_obsadv_hopper,obs_shift_0.02,2,0,1246.3085,32.88014364135208,1199.7745710467964,1199.8080938588205,324.85,20,38.9169,10000,last,0,runs/rorl/diagnostics/hopper_bcreg_full3m_seed2/r_spec_obsadv_hopper_eval.json
offline,RORL,RORL,theta_o,spec_obsadv_hopper,nominal,3407,0,3619.8564,25.148225842036943,3577.9195783089735,3586.16867693758,1000.0,20,111.8466,10000,last,0,runs/rorl/diagnostics/hopper_bcreg_full3m_seed3407/r_spec_obsadv_hopper_eval.json
offline,RORL,RORL,theta_o,spec_obsadv_hopper,obs_uni_0.05,3407,0,1644.9671,604.6531225973133,1032.2218173953406,1052.1749001609537,427.1,20,51.1661,10000,last,0,runs/rorl/diagnostics/hopper_bcreg_full3m_seed3407/r_spec_obsadv_hopper_eval.json
offline,RORL,RORL,theta_o,spec_obsadv_hopper,obs_uni_0.10,3407,1,1234.9099,259.5444016747781,879.1084894080111,882.4921512335261,328.4,20,38.5667,10000,last,0,runs/rorl/diagnostics/hopper_bcreg_full3m_seed3407/r_spec_obsadv_hopper_eval.json
offline,RORL,RORL,theta_o,spec_obsadv_hopper,obs_uni_0.15,3407,0,1028.2717,212.82900303910716,723.8783328592381,724.4171074388566,290.45,20,32.2175,10000,last,0,runs/rorl/diagnostics/hopper_bcreg_full3m_seed3407/r_spec_obsadv_hopper_eval.json
offline,RORL,RORL,theta_o,spec_obsadv_hopper,obs_rel_0.05,3407,0,2421.8777,1051.0345709860328,1380.8995717133207,1383.7138449389995,639.45,20,75.0375,10000,last,0,runs/rorl/diagnostics/hopper_bcreg_full3m_seed3407/r_spec_obsadv_hopper_eval.json
offline,RORL,RORL,theta_o,spec_obsadv_hopper,obs_rel_0.10,3407,1,1848.9500,932.2417067592716,1133.6444658372982,1149.5827141696418,487.45,20,57.4337,10000,last,0,runs/rorl/diagnostics/hopper_bcreg_full3m_seed3407/r_spec_obsadv_hopper_eval.json
offline,RORL,RORL,theta_o,spec_obsadv_hopper,obs_bias_0.05,3407,0,2573.1472,1131.7988583776587,1003.569789318266,1027.7734188994045,725.25,20,79.6854,10000,last,0,runs/rorl/diagnostics/hopper_bcreg_full3m_seed3407/r_spec_obsadv_hopper_eval.json
offline,RORL,RORL,theta_o,spec_obsadv_hopper,obs_gauss_0.05,3407,0,1276.3302,314.8222436723578,919.202135055322,975.2690232072939,338.55,20,39.8394,10000,last,0,runs/rorl/diagnostics/hopper_bcreg_full3m_seed3407/r_spec_obsadv_hopper_eval.json
offline,RORL,RORL,theta_o,spec_obsadv_hopper,obs_gauss_0.10,3407,1,791.5644,280.2290264045903,145.9000114111979,148.61687007537455,232.35,20,24.9444,10000,last,0,runs/rorl/diagnostics/hopper_bcreg_full3m_seed3407/r_spec_obsadv_hopper_eval.json
offline,RORL,RORL,theta_o,spec_obsadv_hopper,obs_shift_0.01,3407,0,1569.5972,65.67231155876001,1423.1595335578531,1440.0928192766762,397.4,20,48.8503,10000,last,0,runs/rorl/diagnostics/hopper_bcreg_full3m_seed3407/r_spec_obsadv_hopper_eval.json
offline,RORL,RORL,theta_o,spec_obsadv_hopper,obs_shift_0.02,3407,0,1278.9937,28.776831768479205,1232.9229459751077,1237.9061559118907,333.7,20,39.9212,10000,last,0,runs/rorl/diagnostics/hopper_bcreg_full3m_seed3407/r_spec_obsadv_hopper_eval.json
offline,RORL,RORL,theta_o,spec_obsadv_hopper,nominal,42,0,3620.4270,33.34073400293592,3576.7491553967648,3576.9037105024536,1000.0,20,111.8641,10000,last,0,runs/rorl/diagnostics/hopper_bcreg_full3m_seed42/r_spec_obsadv_hopper_eval.json
offline,RORL,RORL,theta_o,spec_obsadv_hopper,obs_uni_0.05,42,0,1707.5870,796.8580898753248,1028.977492331157,1039.6546711732744,444.0,20,53.0902,10000,last,0,runs/rorl/diagnostics/hopper_bcreg_full3m_seed42/r_spec_obsadv_hopper_eval.json
offline,RORL,RORL,theta_o,spec_obsadv_hopper,obs_uni_0.10,42,1,1180.8703,306.2299689108053,804.5728883496539,828.6619255484236,316.75,20,36.9063,10000,last,0,runs/rorl/diagnostics/hopper_bcreg_full3m_seed42/r_spec_obsadv_hopper_eval.json
offline,RORL,RORL,theta_o,spec_obsadv_hopper,obs_uni_0.15,42,0,1091.5437,254.1418754191775,515.8058006261772,607.5100678298703,303.2,20,34.1616,10000,last,0,runs/rorl/diagnostics/hopper_bcreg_full3m_seed42/r_spec_obsadv_hopper_eval.json
offline,RORL,RORL,theta_o,spec_obsadv_hopper,obs_rel_0.05,42,0,2708.8121,999.1961136392506,1349.729617301692,1368.5294118160186,714.5,20,83.8538,10000,last,0,runs/rorl/diagnostics/hopper_bcreg_full3m_seed42/r_spec_obsadv_hopper_eval.json
offline,RORL,RORL,theta_o,spec_obsadv_hopper,obs_rel_0.10,42,1,1896.4609,870.1843800688412,1061.7760198055146,1100.0840104271433,495.45,20,58.8935,10000,last,0,runs/rorl/diagnostics/hopper_bcreg_full3m_seed42/r_spec_obsadv_hopper_eval.json
offline,RORL,RORL,theta_o,spec_obsadv_hopper,obs_bias_0.05,42,0,2572.5022,1142.0176404807746,914.4508720915636,975.3090988622657,725.0,20,79.6656,10000,last,0,runs/rorl/diagnostics/hopper_bcreg_full3m_seed42/r_spec_obsadv_hopper_eval.json
offline,RORL,RORL,theta_o,spec_obsadv_hopper,obs_gauss_0.05,42,0,1251.3008,434.13194769761225,513.1208794026927,634.0541111304982,331.75,20,39.0703,10000,last,0,runs/rorl/diagnostics/hopper_bcreg_full3m_seed42/r_spec_obsadv_hopper_eval.json
offline,RORL,RORL,theta_o,spec_obsadv_hopper,obs_gauss_0.10,42,1,981.2082,384.8779672655801,407.6144403806432,441.48004597076266,280.95,20,30.7714,10000,last,0,runs/rorl/diagnostics/hopper_bcreg_full3m_seed42/r_spec_obsadv_hopper_eval.json
offline,RORL,RORL,theta_o,spec_obsadv_hopper,obs_shift_0.01,42,0,1561.2906,105.36409054661767,1393.5861572705085,1418.083510355726,396.4,20,48.5951,10000,last,0,runs/rorl/diagnostics/hopper_bcreg_full3m_seed42/r_spec_obsadv_hopper_eval.json
offline,RORL,RORL,theta_o,spec_obsadv_hopper,obs_shift_0.02,42,0,1254.2544,28.388733565134373,1216.16539545836,1216.977107850364,327.0,20,39.1611,10000,last,0,runs/rorl/diagnostics/hopper_bcreg_full3m_seed42/r_spec_obsadv_hopper_eval.json
offline,RORL,RORL,theta_o,spec_obsadv_mad_hopper,nominal,0,0,3612.5991,17.79956531019353,3582.974975309144,3588.6898951809394,,20,111.6236,10000,,0,runs/rorl/diagnostics/hopper_bcreg_full3m_seed0/r_spec_obsadv_mad_hopper_eval.json
offline,RORL,RORL,theta_o,spec_obsadv_mad_hopper,mad_0.02,0,1,1330.2832,190.57004465207388,1059.562829913518,1140.7828605286352,,20,41.4971,10000,,0,runs/rorl/diagnostics/hopper_bcreg_full3m_seed0/r_spec_obsadv_mad_hopper_eval.json
offline,RORL,RORL,theta_o,spec_obsadv_mad_hopper,mad_0.035,0,0,1226.5221,320.984445269012,968.7864309867557,992.1704778899466,,20,38.3090,10000,,0,runs/rorl/diagnostics/hopper_bcreg_full3m_seed0/r_spec_obsadv_mad_hopper_eval.json
offline,RORL,RORL,theta_o,spec_obsadv_mad_hopper,mad_0.05,0,1,925.3241,118.95158303952067,801.426451817175,810.0739439909684,,20,29.0543,10000,,0,runs/rorl/diagnostics/hopper_bcreg_full3m_seed0/r_spec_obsadv_mad_hopper_eval.json
offline,RORL,RORL,theta_o,spec_obsadv_mad_hopper,mad_0.075,0,0,758.7720,216.29128927140613,30.10941771893598,496.2396348857175,,20,23.9369,10000,,0,runs/rorl/diagnostics/hopper_bcreg_full3m_seed0/r_spec_obsadv_mad_hopper_eval.json
offline,RORL,RORL,theta_o,spec_obsadv_mad_hopper,mad_0.10,0,0,394.6618,207.03634973221853,138.1482491328286,160.075797295586,,20,12.7492,10000,,0,runs/rorl/diagnostics/hopper_bcreg_full3m_seed0/r_spec_obsadv_mad_hopper_eval.json
offline,RORL,RORL,theta_o,spec_obsadv_mad_hopper,nominal,1,0,3538.8388,337.792046815745,2071.941747304957,3280.278792226375,,20,109.3573,10000,,0,runs/rorl/diagnostics/hopper_bcreg_full3m_seed1/r_spec_obsadv_mad_hopper_eval.json
offline,RORL,RORL,theta_o,spec_obsadv_mad_hopper,mad_0.02,1,1,1408.4103,403.4661438213636,1052.720554643326,1127.3269470510445,,20,43.8977,10000,,0,runs/rorl/diagnostics/hopper_bcreg_full3m_seed1/r_spec_obsadv_mad_hopper_eval.json
offline,RORL,RORL,theta_o,spec_obsadv_mad_hopper,mad_0.035,1,0,1225.1148,267.41618529149457,962.4712980834166,989.159138235634,,20,38.2657,10000,,0,runs/rorl/diagnostics/hopper_bcreg_full3m_seed1/r_spec_obsadv_mad_hopper_eval.json
offline,RORL,RORL,theta_o,spec_obsadv_mad_hopper,mad_0.05,1,1,1007.5497,119.16508554668944,865.8334926292688,903.2458397676422,,20,31.5808,10000,,0,runs/rorl/diagnostics/hopper_bcreg_full3m_seed1/r_spec_obsadv_mad_hopper_eval.json
offline,RORL,RORL,theta_o,spec_obsadv_mad_hopper,mad_0.075,1,0,789.5592,175.47871075332415,491.69710214618675,605.8888500879391,,20,24.8828,10000,,0,runs/rorl/diagnostics/hopper_bcreg_full3m_seed1/r_spec_obsadv_mad_hopper_eval.json
offline,RORL,RORL,theta_o,spec_obsadv_mad_hopper,mad_0.10,1,0,395.6387,150.94159374348482,35.56894728004196,186.0973048926983,,20,12.7792,10000,,0,runs/rorl/diagnostics/hopper_bcreg_full3m_seed1/r_spec_obsadv_mad_hopper_eval.json
offline,RORL,RORL,theta_o,spec_obsadv_mad_hopper,nominal,2,0,3495.6122,427.1036379308225,2186.019185210896,3037.081623670832,,20,108.0291,10000,,0,runs/rorl/diagnostics/hopper_bcreg_full3m_seed2/r_spec_obsadv_mad_hopper_eval.json
offline,RORL,RORL,theta_o,spec_obsadv_mad_hopper,mad_0.02,2,1,1439.6249,585.5105259892714,929.8549046741479,1056.0249046677031,,20,44.8568,10000,,0,runs/rorl/diagnostics/hopper_bcreg_full3m_seed2/r_spec_obsadv_mad_hopper_eval.json
offline,RORL,RORL,theta_o,spec_obsadv_mad_hopper,mad_0.035,2,0,1006.5134,204.74396716903686,491.70460713711145,758.6496202295286,,20,31.5490,10000,,0,runs/rorl/diagnostics/hopper_bcreg_full3m_seed2/r_spec_obsadv_mad_hopper_eval.json
offline,RORL,RORL,theta_o,spec_obsadv_mad_hopper,mad_0.05,2,1,854.4620,179.38095540522713,451.7082986086647,612.5540750447407,,20,26.8770,10000,,0,runs/rorl/diagnostics/hopper_bcreg_full3m_seed2/r_spec_obsadv_mad_hopper_eval.json
offline,RORL,RORL,theta_o,spec_obsadv_mad_hopper,mad_0.075,2,0,613.2369,190.86210992295412,367.4990641674908,401.98450012228716,,20,19.4652,10000,,0,runs/rorl/diagnostics/hopper_bcreg_full3m_seed2/r_spec_obsadv_mad_hopper_eval.json
offline,RORL,RORL,theta_o,spec_obsadv_mad_hopper,mad_0.10,2,0,455.6625,191.66063533455167,140.79295030773514,195.6864470476236,,20,14.6235,10000,,0,runs/rorl/diagnostics/hopper_bcreg_full3m_seed2/r_spec_obsadv_mad_hopper_eval.json
offline,RORL,RORL,theta_o,spec_obsadv_mad_hopper,nominal,3407,0,3619.8564,25.148225842036943,3577.9195783089735,3593.2008206084597,,20,111.8466,10000,,0,runs/rorl/diagnostics/hopper_bcreg_full3m_seed3407/r_spec_obsadv_mad_hopper_eval.json
offline,RORL,RORL,theta_o,spec_obsadv_mad_hopper,mad_0.02,3407,1,1347.8351,202.11351693711512,1049.3764415061335,1149.5782921682653,,20,42.0364,10000,,0,runs/rorl/diagnostics/hopper_bcreg_full3m_seed3407/r_spec_obsadv_mad_hopper_eval.json
offline,RORL,RORL,theta_o,spec_obsadv_mad_hopper,mad_0.035,3407,0,1265.3729,278.02736309147906,951.1623560658039,1021.9865540045463,,20,39.5027,10000,,0,runs/rorl/diagnostics/hopper_bcreg_full3m_seed3407/r_spec_obsadv_mad_hopper_eval.json
offline,RORL,RORL,theta_o,spec_obsadv_mad_hopper,mad_0.05,3407,1,899.2573,216.1671543141807,466.44748773559536,627.1790659922141,,20,28.2534,10000,,0,runs/rorl/diagnostics/hopper_bcreg_full3m_seed3407/r_spec_obsadv_mad_hopper_eval.json
offline,RORL,RORL,theta_o,spec_obsadv_mad_hopper,mad_0.075,3407,0,654.8973,180.38554582877225,240.3596294393155,416.37124601697644,,20,20.7452,10000,,0,runs/rorl/diagnostics/hopper_bcreg_full3m_seed3407/r_spec_obsadv_mad_hopper_eval.json
offline,RORL,RORL,theta_o,spec_obsadv_mad_hopper,mad_0.10,3407,0,399.2771,258.2537957700888,21.720066670484243,107.20498214922857,,20,12.8910,10000,,0,runs/rorl/diagnostics/hopper_bcreg_full3m_seed3407/r_spec_obsadv_mad_hopper_eval.json
offline,RORL,RORL,theta_o,spec_obsadv_mad_hopper,nominal,42,0,3620.4270,33.34073400293592,3576.7491553967648,3585.512021794852,,20,111.8641,10000,,0,runs/rorl/diagnostics/hopper_bcreg_full3m_seed42/r_spec_obsadv_mad_hopper_eval.json
offline,RORL,RORL,theta_o,spec_obsadv_mad_hopper,mad_0.02,42,1,1435.3403,406.313057810244,1057.7035702393905,1169.3105074183939,,20,44.7251,10000,,0,runs/rorl/diagnostics/hopper_bcreg_full3m_seed42/r_spec_obsadv_mad_hopper_eval.json
offline,RORL,RORL,theta_o,spec_obsadv_mad_hopper,mad_0.035,42,0,1055.5976,163.92898805491868,875.7566079692551,896.7929542454176,,20,33.0571,10000,,0,runs/rorl/diagnostics/hopper_bcreg_full3m_seed42/r_spec_obsadv_mad_hopper_eval.json
offline,RORL,RORL,theta_o,spec_obsadv_mad_hopper,mad_0.05,42,1,807.3769,202.869260756857,447.2032666006484,519.4250579840885,,20,25.4303,10000,,0,runs/rorl/diagnostics/hopper_bcreg_full3m_seed42/r_spec_obsadv_mad_hopper_eval.json
offline,RORL,RORL,theta_o,spec_obsadv_mad_hopper,mad_0.075,42,0,636.5799,259.6016723964478,23.130932552096343,338.1745025001202,,20,20.1824,10000,,0,runs/rorl/diagnostics/hopper_bcreg_full3m_seed42/r_spec_obsadv_mad_hopper_eval.json
offline,RORL,RORL,theta_o,spec_obsadv_mad_hopper,mad_0.10,42,0,275.0854,248.40149227133497,18.25545647316248,21.146945740466172,,20,9.0751,10000,,0,runs/rorl/diagnostics/hopper_bcreg_full3m_seed42/r_spec_obsadv_mad_hopper_eval.json
offline,RORL,RORL,theta_a,spec_action_hopper,nominal,0,0,3612.5991,17.79956531019353,3582.974975309144,3583.343386612497,1000.0,20,111.6236,10000,last,0,runs/rorl/diagnostics/hopper_bcreg_full3m_seed0/r_spec_action_hopper_eval.json
offline,RORL,RORL,theta_a,spec_action_hopper,act_gauss_0.05,0,0,1747.2239,491.7723498537308,1409.2167751582847,1410.3428987639566,447.35,20,54.3081,10000,last,0,runs/rorl/diagnostics/hopper_bcreg_full3m_seed0/r_spec_action_hopper_eval.json
offline,RORL,RORL,theta_a,spec_action_hopper,act_gauss_0.10,0,1,1305.3884,111.2200747847273,1203.5121198760294,1205.446501086752,339.75,20,40.7322,10000,last,0,runs/rorl/diagnostics/hopper_bcreg_full3m_seed0/r_spec_action_hopper_eval.json
offline,RORL,RORL,theta_a,spec_action_hopper,act_gauss_0.20,0,0,1231.4474,251.9276804050661,989.8277138793064,991.2993230448876,332.65,20,38.4603,10000,last,0,runs/rorl/diagnostics/hopper_bcreg_full3m_seed0/r_spec_action_hopper_eval.json
offline,RORL,RORL,theta_a,spec_action_hopper,act_uni_0.10,0,1,1777.7666,693.9732230950698,1308.1518200031226,1314.6664445142849,457.15,20,55.2465,10000,last,0,runs/rorl/diagnostics/hopper_bcreg_full3m_seed0/r_spec_action_hopper_eval.json
offline,RORL,RORL,theta_a,spec_action_hopper,act_offset_0.05,0,1,1128.8535,37.52740038085035,1041.3891343700814,1063.4593987229566,302.25,20,35.3080,10000,last,0,runs/rorl/diagnostics/hopper_bcreg_full3m_seed0/r_spec_action_hopper_eval.json
offline,RORL,RORL,theta_a,spec_action_hopper,act_oppose_0.10,0,1,980.9052,7.0057919828729,967.7262994216906,969.0767511922222,273.0,20,30.7621,10000,last,0,runs/rorl/diagnostics/hopper_bcreg_full3m_seed0/r_spec_action_hopper_eval.json
offline,RORL,RORL,theta_a,spec_action_hopper,act_oppose_0.20,0,0,824.3186,17.239228644922992,798.8776845411584,799.9764029405009,246.85,20,25.9508,10000,last,0,runs/rorl/diagnostics/hopper_bcreg_full3m_seed0/r_spec_action_hopper_eval.json
offline,RORL,RORL,theta_a,spec_action_hopper,cmd_gauss_0.20,0,0,1231.4474,251.9276804050661,989.8277138793064,991.2993230448876,332.65,20,38.4603,10000,last,0,runs/rorl/diagnostics/hopper_bcreg_full3m_seed0/r_spec_action_hopper_eval.json
offline,RORL,RORL,theta_a,spec_action_hopper,cmd_oppose_0.20,0,1,824.3186,17.239228644922992,798.8776845411584,799.9764029405009,246.85,20,25.9508,10000,last,0,runs/rorl/diagnostics/hopper_bcreg_full3m_seed0/r_spec_action_hopper_eval.json
offline,RORL,RORL,theta_a,spec_action_hopper,nominal,1,0,3538.8388,337.792046815745,2071.941747304957,2823.4994165081343,975.75,20,109.3573,10000,last,0,runs/rorl/diagnostics/hopper_bcreg_full3m_seed1/r_spec_action_hopper_eval.json
offline,RORL,RORL,theta_a,spec_action_hopper,act_gauss_0.05,1,0,1836.1997,521.9429127328857,1407.4055057529802,1409.2799336850353,467.3,20,57.0419,10000,last,0,runs/rorl/diagnostics/hopper_bcreg_full3m_seed1/r_spec_action_hopper_eval.json
offline,RORL,RORL,theta_a,spec_action_hopper,act_gauss_0.10,1,1,1267.5197,91.75484502588206,1168.0930300795478,1172.048709901698,332.6,20,39.5687,10000,last,0,runs/rorl/diagnostics/hopper_bcreg_full3m_seed1/r_spec_action_hopper_eval.json
offline,RORL,RORL,theta_a,spec_action_hopper,act_gauss_0.20,1,0,1034.2169,111.28654435894353,933.8875655781903,938.3379809534135,285.05,20,32.4002,10000,last,0,runs/rorl/diagnostics/hopper_bcreg_full3m_seed1/r_spec_action_hopper_eval.json
offline,RORL,RORL,theta_a,spec_action_hopper,act_uni_0.10,1,1,1541.6388,235.7496556650467,1303.7551189616827,1310.0564427460865,394.95,20,47.9912,10000,last,0,runs/rorl/diagnostics/hopper_bcreg_full3m_seed1/r_spec_action_hopper_eval.json
offline,RORL,RORL,theta_a,spec_action_hopper,act_offset_0.05,1,1,1116.9318,31.384654788532618,1037.7063469073732,1057.2500032731177,300.85,20,34.9417,10000,last,0,runs/rorl/diagnostics/hopper_bcreg_full3m_seed1/r_spec_action_hopper_eval.json
offline,RORL,RORL,theta_a,spec_action_hopper,act_oppose_0.10,1,1,959.2385,7.610459646692871,947.9353497430368,948.0316287711779,266.5,20,30.0964,10000,last,0,runs/rorl/diagnostics/hopper_bcreg_full3m_seed1/r_spec_action_hopper_eval.json
offline,RORL,RORL,theta_a,spec_action_hopper,act_oppose_0.20,1,0,662.2291,3.735439534962493,656.576289205406,656.5953662377265,209.25,20,20.9705,10000,last,0,runs/rorl/diagnostics/hopper_bcreg_full3m_seed1/r_spec_action_hopper_eval.json
offline,RORL,RORL,theta_a,spec_action_hopper,cmd_gauss_0.20,1,0,1034.2169,111.28654435894353,933.8875655781903,938.3379809534135,285.05,20,32.4002,10000,last,0,runs/rorl/diagnostics/hopper_bcreg_full3m_seed1/r_spec_action_hopper_eval.json
offline,RORL,RORL,theta_a,spec_action_hopper,cmd_oppose_0.20,1,1,662.2291,3.735439534962493,656.576289205406,656.5953662377265,209.25,20,20.9705,10000,last,0,runs/rorl/diagnostics/hopper_bcreg_full3m_seed1/r_spec_action_hopper_eval.json
offline,RORL,RORL,theta_a,spec_action_hopper,nominal,2,0,3495.6122,427.1036379308225,2186.019185210896,2222.9108428884465,954.8,20,108.0291,10000,last,0,runs/rorl/diagnostics/hopper_bcreg_full3m_seed2/r_spec_action_hopper_eval.json
offline,RORL,RORL,theta_a,spec_action_hopper,act_gauss_0.05,2,0,1618.8061,514.1431478807436,1369.536767005982,1370.3418339982613,415.6,20,50.3623,10000,last,0,runs/rorl/diagnostics/hopper_bcreg_full3m_seed2/r_spec_action_hopper_eval.json
offline,RORL,RORL,theta_a,spec_action_hopper,act_gauss_0.10,2,1,1214.0962,105.63277114426381,1050.5598295733678,1085.7014578024941,320.25,20,37.9272,10000,last,0,runs/rorl/diagnostics/hopper_bcreg_full3m_seed2/r_spec_action_hopper_eval.json
offline,RORL,RORL,theta_a,spec_action_hopper,act_gauss_0.20,2,0,1138.9648,261.9281411389553,912.7850507302808,922.9761441062919,309.85,20,35.6187,10000,last,0,runs/rorl/diagnostics/hopper_bcreg_full3m_seed2/r_spec_action_hopper_eval.json
offline,RORL,RORL,theta_a,spec_action_hopper,act_uni_0.10,2,1,1460.1564,139.85589135090308,1243.3767902596478,1272.784583596691,376.65,20,45.4876,10000,last,0,runs/rorl/diagnostics/hopper_bcreg_full3m_seed2/r_spec_action_hopper_eval.json
offline,RORL,RORL,theta_a,spec_action_hopper,act_offset_0.05,2,1,1025.1414,11.548525775835689,1007.6660495026944,1007.8675053586646,284.35,20,32.1213,10000,last,0,runs/rorl/diagnostics/hopper_bcreg_full3m_seed2/r_spec_action_hopper_eval.json
offline,RORL,RORL,theta_a,spec_action_hopper,act_oppose_0.10,2,1,926.6495,12.957932732670704,904.1966949830205,904.8746222097695,258.5,20,29.0951,10000,last,0,runs/rorl/diagnostics/hopper_bcreg_full3m_seed2/r_spec_action_hopper_eval.json
offline,RORL,RORL,theta_a,spec_action_hopper,act_oppose_0.20,2,0,628.8561,2.6208392291082774,624.7743366699608,624.8010697197884,199.2,20,19.9451,10000,last,0,runs/rorl/diagnostics/hopper_bcreg_full3m_seed2/r_spec_action_hopper_eval.json
offline,RORL,RORL,theta_a,spec_action_hopper,cmd_gauss_0.20,2,0,1138.9648,261.9281411389553,912.7850507302808,922.9761441062919,309.85,20,35.6187,10000,last,0,runs/rorl/diagnostics/hopper_bcreg_full3m_seed2/r_spec_action_hopper_eval.json
offline,RORL,RORL,theta_a,spec_action_hopper,cmd_oppose_0.20,2,1,628.8561,2.6208392291082774,624.7743366699608,624.8010697197884,199.2,20,19.9451,10000,last,0,runs/rorl/diagnostics/hopper_bcreg_full3m_seed2/r_spec_action_hopper_eval.json
offline,RORL,RORL,theta_a,spec_action_hopper,nominal,3407,0,3619.8564,25.148225842036943,3577.9195783089735,3586.16867693758,1000.0,20,111.8466,10000,last,0,runs/rorl/diagnostics/hopper_bcreg_full3m_seed3407/r_spec_action_hopper_eval.json
offline,RORL,RORL,theta_a,spec_action_hopper,act_gauss_0.05,3407,0,1791.3915,567.8363107863513,1404.168976103783,1407.1467213567662,457.9,20,55.6652,10000,last,0,runs/rorl/diagnostics/hopper_bcreg_full3m_seed3407/r_spec_action_hopper_eval.json
offline,RORL,RORL,theta_a,spec_action_hopper,act_gauss_0.10,3407,1,1286.9236,104.8190614898695,1173.3067531336096,1180.771566998441,337.4,20,40.1649,10000,last,0,runs/rorl/diagnostics/hopper_bcreg_full3m_seed3407/r_spec_action_hopper_eval.json
offline,RORL,RORL,theta_a,spec_action_hopper,act_gauss_0.20,3407,0,1214.2610,406.8965640811293,967.1893168898561,972.0820422796597,331.05,20,37.9322,10000,last,0,runs/rorl/diagnostics/hopper_bcreg_full3m_seed3407/r_spec_action_hopper_eval.json
offline,RORL,RORL,theta_a,spec_action_hopper,act_uni_0.10,3407,1,1649.5513,484.1376991215477,1317.8763218996287,1319.117385109509,425.65,20,51.3070,10000,last,0,runs/rorl/diagnostics/hopper_bcreg_full3m_seed3407/r_spec_action_hopper_eval.json
offline,RORL,RORL,theta_a,spec_action_hopper,act_offset_0.05,3407,1,1157.4361,23.410616124888957,1096.2974477545686,1109.5605557702477,307.7,20,36.1862,10000,last,0,runs/rorl/diagnostics/hopper_bcreg_full3m_seed3407/r_spec_action_hopper_eval.json
offline,RORL,RORL,theta_a,spec_action_hopper,act_oppose_0.10,3407,1,978.5813,7.02941733093824,968.494817170138,968.802485190296,273.75,20,30.6907,10000,last,0,runs/rorl/diagnostics/hopper_bcreg_full3m_seed3407/r_spec_action_hopper_eval.json
offline,RORL,RORL,theta_a,spec_action_hopper,act_oppose_0.20,3407,0,664.6986,4.125835135656744,651.9182715206657,656.6436249166024,209.65,20,21.0464,10000,last,0,runs/rorl/diagnostics/hopper_bcreg_full3m_seed3407/r_spec_action_hopper_eval.json
offline,RORL,RORL,theta_a,spec_action_hopper,cmd_gauss_0.20,3407,0,1214.2610,406.8965640811293,967.1893168898561,972.0820422796597,331.05,20,37.9322,10000,last,0,runs/rorl/diagnostics/hopper_bcreg_full3m_seed3407/r_spec_action_hopper_eval.json
offline,RORL,RORL,theta_a,spec_action_hopper,cmd_oppose_0.20,3407,1,664.6986,4.125835135656744,651.9182715206657,656.6436249166024,209.65,20,21.0464,10000,last,0,runs/rorl/diagnostics/hopper_bcreg_full3m_seed3407/r_spec_action_hopper_eval.json
offline,RORL,RORL,theta_a,spec_action_hopper,nominal,42,0,3620.4270,33.34073400293592,3576.7491553967648,3576.9037105024536,1000.0,20,111.8641,10000,last,0,runs/rorl/diagnostics/hopper_bcreg_full3m_seed42/r_spec_action_hopper_eval.json
offline,RORL,RORL,theta_a,spec_action_hopper,act_gauss_0.05,42,0,1754.1753,516.50667300761,1377.9055195587896,1381.8955749778615,448.55,20,54.5216,10000,last,0,runs/rorl/diagnostics/hopper_bcreg_full3m_seed42/r_spec_action_hopper_eval.json
offline,RORL,RORL,theta_a,spec_action_hopper,act_gauss_0.10,42,1,1254.0901,96.73296638580794,1161.5495082995017,1162.4558627612848,329.4,20,39.1560,10000,last,0,runs/rorl/diagnostics/hopper_bcreg_full3m_seed42/r_spec_action_hopper_eval.json
offline,RORL,RORL,theta_a,spec_action_hopper,act_gauss_0.20,42,0,1017.1047,98.73405638997214,878.411489726671,900.3053986871072,280.45,20,31.8744,10000,last,0,runs/rorl/diagnostics/hopper_bcreg_full3m_seed42/r_spec_action_hopper_eval.json
offline,RORL,RORL,theta_a,spec_action_hopper,act_uni_0.10,42,1,1715.6835,545.1098295623821,1319.52076754352,1325.6900466077486,440.0,20,53.3390,10000,last,0,runs/rorl/diagnostics/hopper_bcreg_full3m_seed42/r_spec_action_hopper_eval.json
offline,RORL,RORL,theta_a,spec_action_hopper,act_offset_0.05,42,1,1098.5198,29.867780095055142,1030.0552350154255,1048.2015127806158,296.45,20,34.3760,10000,last,0,runs/rorl/diagnostics/hopper_bcreg_full3m_seed42/r_spec_action_hopper_eval.json
offline,RORL,RORL,theta_a,spec_action_hopper,act_oppose_0.10,42,1,958.3451,9.347482233975652,941.1303457835173,942.1369780762975,266.7,20,30.0690,10000,last,0,runs/rorl/diagnostics/hopper_bcreg_full3m_seed42/r_spec_action_hopper_eval.json
offline,RORL,RORL,theta_a,spec_action_hopper,act_oppose_0.20,42,0,631.9020,5.287862299498914,623.4550523741435,624.6361587760556,200.8,20,20.0387,10000,last,0,runs/rorl/diagnostics/hopper_bcreg_full3m_seed42/r_spec_action_hopper_eval.json
offline,RORL,RORL,theta_a,spec_action_hopper,cmd_gauss_0.20,42,0,1017.1047,98.73405638997214,878.411489726671,900.3053986871072,280.45,20,31.8744,10000,last,0,runs/rorl/diagnostics/hopper_bcreg_full3m_seed42/r_spec_action_hopper_eval.json
offline,RORL,RORL,theta_a,spec_action_hopper,cmd_oppose_0.20,42,1,631.9020,5.287862299498914,623.4550523741435,624.6361587760556,200.8,20,20.0387,10000,last,0,runs/rorl/diagnostics/hopper_bcreg_full3m_seed42/r_spec_action_hopper_eval.json
offline,RORL,RORL,theta_p,spec_transition_hopper,nominal,0,0,3612.5991,17.79956531019353,3582.974975309144,3583.343386612497,1000.0,20,111.6236,10000,last,0,runs/rorl/diagnostics/hopper_bcreg_full3m_seed0/r_spec_transition_hopper_eval.json
offline,RORL,RORL,theta_p,spec_transition_hopper,trans_t1,0,1,2042.4633,954.7889058509917,1201.4661847355246,1233.1247303239802,540.9,20,63.3796,10000,last,0,runs/rorl/diagnostics/hopper_bcreg_full3m_seed0/r_spec_transition_hopper_eval.json
offline,RORL,RORL,theta_p,spec_transition_hopper,trans_t2,0,0,1843.4521,818.409658004039,926.5186197842729,948.8947772680423,490.35,20,57.2648,10000,last,0,runs/rorl/diagnostics/hopper_bcreg_full3m_seed0/r_spec_transition_hopper_eval.json
offline,RORL,RORL,theta_p,spec_transition_hopper,trans_t3,0,0,1177.1146,673.9502201761354,496.5109083152514,575.5745132798043,333.75,20,36.7909,10000,last,0,runs/rorl/diagnostics/hopper_bcreg_full3m_seed0/r_spec_transition_hopper_eval.json
offline,RORL,RORL,theta_p,spec_transition_hopper,nominal,1,0,3538.8388,337.792046815745,2071.941747304957,2823.4994165081343,975.75,20,109.3573,10000,last,0,runs/rorl/diagnostics/hopper_bcreg_full3m_seed1/r_spec_transition_hopper_eval.json
offline,RORL,RORL,theta_p,spec_transition_hopper,trans_t1,1,1,1932.8849,874.4669117582782,1189.7619381455372,1231.3381193600449,510.85,20,60.0127,10000,last,0,runs/rorl/diagnostics/hopper_bcreg_full3m_seed1/r_spec_transition_hopper_eval.json
offline,RORL,RORL,theta_p,spec_transition_hopper,trans_t2,1,0,1597.8246,652.4148636776949,918.3997460364393,960.0233789302348,423.4,20,49.7176,10000,last,0,runs/rorl/diagnostics/hopper_bcreg_full3m_seed1/r_spec_transition_hopper_eval.json
offline,RORL,RORL,theta_p,spec_transition_hopper,trans_t3,1,0,1228.0650,615.7409066871036,535.4668503993091,603.8853354247437,343.6,20,38.3564,10000,last,0,runs/rorl/diagnostics/hopper_bcreg_full3m_seed1/r_spec_transition_hopper_eval.json
offline,RORL,RORL,theta_p,spec_transition_hopper,nominal,2,0,3495.6122,427.1036379308225,2186.019185210896,2222.9108428884465,954.8,20,108.0291,10000,last,0,runs/rorl/diagnostics/hopper_bcreg_full3m_seed2/r_spec_transition_hopper_eval.json
offline,RORL,RORL,theta_p,spec_transition_hopper,trans_t1,2,1,1893.2730,911.722815370342,1098.7841482161214,1145.4190065410658,501.8,20,58.7956,10000,last,0,runs/rorl/diagnostics/hopper_bcreg_full3m_seed2/r_spec_transition_hopper_eval.json
offline,RORL,RORL,theta_p,spec_transition_hopper,trans_t2,2,0,1674.6310,815.3451273335024,764.6499612018061,769.8595109804144,442.9,20,52.0776,10000,last,0,runs/rorl/diagnostics/hopper_bcreg_full3m_seed2/r_spec_transition_hopper_eval.json
offline,RORL,RORL,theta_p,spec_transition_hopper,trans_t3,2,0,1298.2656,683.9056123057871,447.60970356782445,560.6812217460025,358.35,20,40.5134,10000,last,0,runs/rorl/diagnostics/hopper_bcreg_full3m_seed2/r_spec_transition_hopper_eval.json
offline,RORL,RORL,theta_p,spec_transition_hopper,nominal,3407,0,3619.8564,25.148225842036943,3577.9195783089735,3586.16867693758,1000.0,20,111.8466,10000,last,0,runs/rorl/diagnostics/hopper_bcreg_full3m_seed3407/r_spec_transition_hopper_eval.json
offline,RORL,RORL,theta_p,spec_transition_hopper,trans_t1,3407,1,1958.3044,863.3742792881919,1215.5978450704472,1219.2443268655868,514.6,20,60.7937,10000,last,0,runs/rorl/diagnostics/hopper_bcreg_full3m_seed3407/r_spec_transition_hopper_eval.json
offline,RORL,RORL,theta_p,spec_transition_hopper,trans_t2,3407,0,1831.5183,871.1560098218515,731.9303913286263,851.7940554369981,486.8,20,56.8981,10000,last,0,runs/rorl/diagnostics/hopper_bcreg_full3m_seed3407/r_spec_transition_hopper_eval.json
offline,RORL,RORL,theta_p,spec_transition_hopper,trans_t3,3407,0,1261.1154,573.7129670427323,538.2990533490905,604.96291201831,351.45,20,39.3719,10000,last,0,runs/rorl/diagnostics/hopper_bcreg_full3m_seed3407/r_spec_transition_hopper_eval.json
offline,RORL,RORL,theta_p,spec_transition_hopper,nominal,42,0,3620.4270,33.34073400293592,3576.7491553967648,3576.9037105024536,1000.0,20,111.8641,10000,last,0,runs/rorl/diagnostics/hopper_bcreg_full3m_seed42/r_spec_transition_hopper_eval.json
offline,RORL,RORL,theta_p,spec_transition_hopper,trans_t1,42,1,1949.4744,897.840652961584,1186.9947113966334,1212.6060158120777,515.2,20,60.5224,10000,last,0,runs/rorl/diagnostics/hopper_bcreg_full3m_seed42/r_spec_transition_hopper_eval.json
offline,RORL,RORL,theta_p,spec_transition_hopper,trans_t2,42,0,1704.0796,833.1385493616426,911.121510289167,931.2044410132451,450.75,20,52.9824,10000,last,0,runs/rorl/diagnostics/hopper_bcreg_full3m_seed42/r_spec_transition_hopper_eval.json
offline,RORL,RORL,theta_p,spec_transition_hopper,trans_t3,42,0,1127.7649,476.39105034382607,487.6901200139587,567.9277346635214,317.3,20,35.2746,10000,last,0,runs/rorl/diagnostics/hopper_bcreg_full3m_seed42/r_spec_transition_hopper_eval.json
offline,RORL,RORL,theta_p,spec_push_hopper,nominal,0,0,3612.5991,17.79956531019353,3582.974975309144,3583.343386612497,1000.0,20,111.6236,10000,last,0,runs/rorl/diagnostics/hopper_bcreg_full3m_seed0/r_spec_push_hopper_eval.json
offline,RORL,RORL,theta_p,spec_push_hopper,push_30,0,0,2352.6288,1005.4516796602102,1052.1314092627833,1102.2685515983371,617.6,20,72.9097,10000,last,0,runs/rorl/diagnostics/hopper_bcreg_full3m_seed0/r_spec_push_hopper_eval.json
offline,RORL,RORL,theta_p,spec_push_hopper,push_60,0,1,1587.9969,985.854477400214,620.5827932529049,662.1145353792926,426.1,20,49.4157,10000,last,0,runs/rorl/diagnostics/hopper_bcreg_full3m_seed0/r_spec_push_hopper_eval.json
offline,RORL,RORL,theta_p,spec_push_hopper,push_100,0,0,1116.7138,792.4118203278089,413.36310187692317,417.31336834681554,321.4,20,34.9350,10000,last,0,runs/rorl/diagnostics/hopper_bcreg_full3m_seed0/r_spec_push_hopper_eval.json
offline,RORL,RORL,theta_p,spec_push_hopper,push_150,0,0,727.9395,619.1118343351633,61.744093811391,147.21133504024203,213.05,20,22.9895,10000,last,0,runs/rorl/diagnostics/hopper_bcreg_full3m_seed0/r_spec_push_hopper_eval.json
offline,RORL,RORL,theta_p,spec_push_hopper,nominal,1,0,3538.8388,337.792046815745,2071.941747304957,2823.4994165081343,975.75,20,109.3573,10000,last,0,runs/rorl/diagnostics/hopper_bcreg_full3m_seed1/r_spec_push_hopper_eval.json
offline,RORL,RORL,theta_p,spec_push_hopper,push_30,1,0,2281.2317,964.788897868087,1139.785906601588,1144.6068920542373,601.35,20,70.7160,10000,last,0,runs/rorl/diagnostics/hopper_bcreg_full3m_seed1/r_spec_push_hopper_eval.json
offline,RORL,RORL,theta_p,spec_push_hopper,push_60,1,1,1381.6259,633.4150916878846,713.8178433915906,732.899703446953,366.55,20,43.0747,10000,last,0,runs/rorl/diagnostics/hopper_bcreg_full3m_seed1/r_spec_push_hopper_eval.json
offline,RORL,RORL,theta_p,spec_push_hopper,push_100,1,0,1154.9567,777.1822224958248,489.751389080034,515.07143071536,325.95,20,36.1100,10000,last,0,runs/rorl/diagnostics/hopper_bcreg_full3m_seed1/r_spec_push_hopper_eval.json
offline,RORL,RORL,theta_p,spec_push_hopper,push_150,1,0,781.7730,653.1470691708821,71.11783390626314,157.37792396449126,228.95,20,24.6436,10000,last,0,runs/rorl/diagnostics/hopper_bcreg_full3m_seed1/r_spec_push_hopper_eval.json
offline,RORL,RORL,theta_p,spec_push_hopper,nominal,2,0,3495.6122,427.1036379308225,2186.019185210896,2222.9108428884465,954.8,20,108.0291,10000,last,0,runs/rorl/diagnostics/hopper_bcreg_full3m_seed2/r_spec_push_hopper_eval.json
offline,RORL,RORL,theta_p,spec_push_hopper,push_30,2,0,2273.2795,917.486860391343,1034.3917216258797,1091.1009548705174,601.25,20,70.4717,10000,last,0,runs/rorl/diagnostics/hopper_bcreg_full3m_seed2/r_spec_push_hopper_eval.json
offline,RORL,RORL,theta_p,spec_push_hopper,push_60,2,1,1459.2989,814.507549554167,701.1086854884641,726.9307739727419,391.35,20,45.4613,10000,last,0,runs/rorl/diagnostics/hopper_bcreg_full3m_seed2/r_spec_push_hopper_eval.json
offline,RORL,RORL,theta_p,spec_push_hopper,push_100,2,0,1157.5383,741.7231527635049,477.14785570357657,525.5583509815591,328.6,20,36.1894,10000,last,0,runs/rorl/diagnostics/hopper_bcreg_full3m_seed2/r_spec_push_hopper_eval.json
offline,RORL,RORL,theta_p,spec_push_hopper,push_150,2,0,831.0510,631.2944132366921,49.666646457143194,153.15859890450915,242.85,20,26.1577,10000,last,0,runs/rorl/diagnostics/hopper_bcreg_full3m_seed2/r_spec_push_hopper_eval.json
offline,RORL,RORL,theta_p,spec_push_hopper,nominal,3407,0,3619.8564,25.148225842036943,3577.9195783089735,3586.16867693758,1000.0,20,111.8466,10000,last,0,runs/rorl/diagnostics/hopper_bcreg_full3m_seed3407/r_spec_push_hopper_eval.json
offline,RORL,RORL,theta_p,spec_push_hopper,push_30,3407,0,2293.6964,980.8702814615306,1018.1394356034546,1076.5241762926219,604.65,20,71.0990,10000,last,0,runs/rorl/diagnostics/hopper_bcreg_full3m_seed3407/r_spec_push_hopper_eval.json
offline,RORL,RORL,theta_p,spec_push_hopper,push_60,3407,1,1432.8727,767.1634830704082,690.8567355272027,718.7415629649794,388.3,20,44.6493,10000,last,0,runs/rorl/diagnostics/hopper_bcreg_full3m_seed3407/r_spec_push_hopper_eval.json
offline,RORL,RORL,theta_p,spec_push_hopper,push_100,3407,0,1146.1120,768.2483850747722,479.09634434922543,509.0035710136601,325.85,20,35.8383,10000,last,0,runs/rorl/diagnostics/hopper_bcreg_full3m_seed3407/r_spec_push_hopper_eval.json
offline,RORL,RORL,theta_p,spec_push_hopper,push_150,3407,0,775.2419,644.6040608233956,40.30529494158,141.39507815452913,225.65,20,24.4429,10000,last,0,runs/rorl/diagnostics/hopper_bcreg_full3m_seed3407/r_spec_push_hopper_eval.json
offline,RORL,RORL,theta_p,spec_push_hopper,nominal,42,0,3620.4270,33.34073400293592,3576.7491553967648,3576.9037105024536,1000.0,20,111.8641,10000,last,0,runs/rorl/diagnostics/hopper_bcreg_full3m_seed42/r_spec_push_hopper_eval.json
offline,RORL,RORL,theta_p,spec_push_hopper,push_30,42,0,2180.3899,926.7230985332723,1069.2788958010556,1113.477414551248,574.45,20,67.6175,10000,last,0,runs/rorl/diagnostics/hopper_bcreg_full3m_seed42/r_spec_push_hopper_eval.json
offline,RORL,RORL,theta_p,spec_push_hopper,push_60,42,1,1496.1726,877.4575840638769,628.4585477098449,651.6592974247834,397.2,20,46.5943,10000,last,0,runs/rorl/diagnostics/hopper_bcreg_full3m_seed42/r_spec_push_hopper_eval.json
offline,RORL,RORL,theta_p,spec_push_hopper,push_100,42,0,1085.3425,710.5901929415477,459.96056243337597,492.14016205941107,310.95,20,33.9711,10000,last,0,runs/rorl/diagnostics/hopper_bcreg_full3m_seed42/r_spec_push_hopper_eval.json
offline,RORL,RORL,theta_p,spec_push_hopper,push_150,42,0,828.5139,631.2944814803956,65.09538072258637,160.31895124317333,243.0,20,26.0798,10000,last,0,runs/rorl/diagnostics/hopper_bcreg_full3m_seed42/r_spec_push_hopper_eval.json
offline,RORL,RORL,theta_p,spec_timevar_hopper,nominal,0,0,3612.5991,17.79956531019353,3582.974975309144,3583.343386612497,1000.0,20,111.6236,10000,last,0,runs/rorl/diagnostics/hopper_bcreg_full3m_seed0/r_spec_timevar_hopper_eval.json
offline,RORL,RORL,theta_p,spec_timevar_hopper,gear_static_0.8,0,1,653.1026,3.9762400876143604,644.2622327152632,646.0789985851304,207.5,20,20.6901,10000,last,0,runs/rorl/diagnostics/hopper_bcreg_full3m_seed0/r_spec_timevar_hopper_eval.json
offline,RORL,RORL,theta_p,spec_timevar_hopper,gear_step_0.8,0,0,2486.8471,40.66288227698818,2443.3535317150872,2445.063434175426,675.55,20,77.0337,10000,last,0,runs/rorl/diagnostics/hopper_bcreg_full3m_seed0/r_spec_timevar_hopper_eval.json
offline,RORL,RORL,theta_p,spec_timevar_hopper,gear_ramp_0.8,0,1,1358.6555,32.7112594748328,1284.7755421087534,1302.6521119160043,356.5,20,42.3689,10000,last,0,runs/rorl/diagnostics/hopper_bcreg_full3m_seed0/r_spec_timevar_hopper_eval.json
offline,RORL,RORL,theta_p,spec_timevar_hopper,gear_sine_p200,0,0,985.2196,11.445876298289988,970.0165286848054,970.5439270683999,271.15,20,30.8947,10000,last,0,runs/rorl/diagnostics/hopper_bcreg_full3m_seed0/r_spec_timevar_hopper_eval.json
offline,RORL,RORL,theta_p,spec_timevar_hopper,gear_sine_p500,0,1,1739.6499,88.06296887116319,1648.5207650873422,1649.4252213582026,483.55,20,54.0753,10000,last,0,runs/rorl/diagnostics/hopper_bcreg_full3m_seed0/r_spec_timevar_hopper_eval.json
offline,RORL,RORL,theta_p,spec_timevar_hopper,gravity_ramp_1.2,0,0,2941.3758,892.3733359086759,1559.4325335038727,1672.402141678198,758.15,20,90.9996,10000,last,0,runs/rorl/diagnostics/hopper_bcreg_full3m_seed0/r_spec_timevar_hopper_eval.json
offline,RORL,RORL,theta_p,spec_timevar_hopper,nominal,1,0,3538.8388,337.792046815745,2071.941747304957,2823.4994165081343,975.75,20,109.3573,10000,last,0,runs/rorl/diagnostics/hopper_bcreg_full3m_seed1/r_spec_timevar_hopper_eval.json
offline,RORL,RORL,theta_p,spec_timevar_hopper,gear_static_0.8,1,1,624.2321,1.929783071478385,619.2981668898686,620.1303848955968,202.5,20,19.8030,10000,last,0,runs/rorl/diagnostics/hopper_bcreg_full3m_seed1/r_spec_timevar_hopper_eval.json
offline,RORL,RORL,theta_p,spec_timevar_hopper,gear_step_0.8,1,0,2471.0616,108.23268901188528,2072.105020338008,2256.062278910622,670.65,20,76.5487,10000,last,0,runs/rorl/diagnostics/hopper_bcreg_full3m_seed1/r_spec_timevar_hopper_eval.json
offline,RORL,RORL,theta_p,spec_timevar_hopper,gear_ramp_0.8,1,1,1345.5013,19.17832666983405,1311.7440151749267,1317.781986643011,353.7,20,41.9647,10000,last,0,runs/rorl/diagnostics/hopper_bcreg_full3m_seed1/r_spec_timevar_hopper_eval.json
offline,RORL,RORL,theta_p,spec_timevar_hopper,gear_sine_p200,1,0,981.4406,16.330979890361213,951.8494100877318,957.5372248588263,271.1,20,30.7786,10000,last,0,runs/rorl/diagnostics/hopper_bcreg_full3m_seed1/r_spec_timevar_hopper_eval.json
offline,RORL,RORL,theta_p,spec_timevar_hopper,gear_sine_p500,1,1,1727.2652,38.25542734886833,1674.9024681465353,1676.0505785807486,478.95,20,53.6948,10000,last,0,runs/rorl/diagnostics/hopper_bcreg_full3m_seed1/r_spec_timevar_hopper_eval.json
offline,RORL,RORL,theta_p,spec_timevar_hopper,gravity_ramp_1.2,1,0,3029.7153,797.2179466873263,1626.5168694324143,1744.5416699654938,782.75,20,93.7139,10000,last,0,runs/rorl/diagnostics/hopper_bcreg_full3m_seed1/r_spec_timevar_hopper_eval.json
offline,RORL,RORL,theta_p,spec_timevar_hopper,nominal,2,0,3495.6122,427.1036379308225,2186.019185210896,2222.9108428884465,954.8,20,108.0291,10000,last,0,runs/rorl/diagnostics/hopper_bcreg_full3m_seed2/r_spec_timevar_hopper_eval.json
offline,RORL,RORL,theta_p,spec_timevar_hopper,gear_static_0.8,2,1,598.0655,2.8001195204655787,590.232841021623,592.3578705272804,192.95,20,18.9990,10000,last,0,runs/rorl/diagnostics/hopper_bcreg_full3m_seed2/r_spec_timevar_hopper_eval.json
offline,RORL,RORL,theta_p,spec_timevar_hopper,gear_step_0.8,2,0,2492.7527,130.88351748921528,2160.6654338030544,2184.635160279368,666.25,20,77.2152,10000,last,0,runs/rorl/diagnostics/hopper_bcreg_full3m_seed2/r_spec_timevar_hopper_eval.json
offline,RORL,RORL,theta_p,spec_timevar_hopper,gear_ramp_0.8,2,1,1321.7289,24.85992921077802,1257.8233734195323,1273.4620716242898,347.0,20,41.2343,10000,last,0,runs/rorl/diagnostics/hopper_bcreg_full3m_seed2/r_spec_timevar_hopper_eval.json
offline,RORL,RORL,theta_p,spec_timevar_hopper,gear_sine_p200,2,0,930.9660,17.437349897048303,894.5091228121705,897.0298867438432,262.4,20,29.2277,10000,last,0,runs/rorl/diagnostics/hopper_bcreg_full3m_seed2/r_spec_timevar_hopper_eval.json
offline,RORL,RORL,theta_p,spec_timevar_hopper,gear_sine_p500,2,1,1923.8308,190.0585743405125,1769.9687206934127,1774.049551639056,525.9,20,59.7345,10000,last,0,runs/rorl/diagnostics/hopper_bcreg_full3m_seed2/r_spec_timevar_hopper_eval.json
offline,RORL,RORL,theta_p,spec_timevar_hopper,gravity_ramp_1.2,2,0,1877.7325,398.2524925569827,1603.5997620820829,1604.9383197439834,472.0,20,58.3181,10000,last,0,runs/rorl/diagnostics/hopper_bcreg_full3m_seed2/r_spec_timevar_hopper_eval.json
offline,RORL,RORL,theta_p,spec_timevar_hopper,nominal,3407,0,3619.8564,25.148225842036943,3577.9195783089735,3586.16867693758,1000.0,20,111.8466,10000,last,0,runs/rorl/diagnostics/hopper_bcreg_full3m_seed3407/r_spec_timevar_hopper_eval.json
offline,RORL,RORL,theta_p,spec_timevar_hopper,gear_static_0.8,3407,1,634.3275,5.361055746592623,621.6187196754573,622.956694850242,204.5,20,20.1132,10000,last,0,runs/rorl/diagnostics/hopper_bcreg_full3m_seed3407/r_spec_timevar_hopper_eval.json
offline,RORL,RORL,theta_p,spec_timevar_hopper,gear_step_0.8,3407,0,2479.1199,60.06240390196479,2419.2682061644214,2422.7206216161435,675.6,20,76.7963,10000,last,0,runs/rorl/diagnostics/hopper_bcreg_full3m_seed3407/r_spec_timevar_hopper_eval.json
offline,RORL,RORL,theta_p,spec_timevar_hopper,gear_ramp_0.8,3407,1,1345.7282,33.045172494911235,1280.443886075368,1293.1820211871925,354.1,20,41.9717,10000,last,0,runs/rorl/diagnostics/hopper_bcreg_full3m_seed3407/r_spec_timevar_hopper_eval.json
offline,RORL,RORL,theta_p,spec_timevar_hopper,gear_sine_p200,3407,0,1026.1994,10.467671431545886,999.5636260578888,1005.632677234372,280.2,20,32.1538,10000,last,0,runs/rorl/diagnostics/hopper_bcreg_full3m_seed3407/r_spec_timevar_hopper_eval.json
offline,RORL,RORL,theta_p,spec_timevar_hopper,gear_sine_p500,3407,1,1874.2068,141.56262488068558,1650.1468804805525,1657.2793246438941,517.35,20,58.2097,10000,last,0,runs/rorl/diagnostics/hopper_bcreg_full3m_seed3407/r_spec_timevar_hopper_eval.json
offline,RORL,RORL,theta_p,spec_timevar_hopper,gravity_ramp_1.2,3407,0,3208.8629,785.0822733931992,1623.176255390117,1718.117833643771,844.0,20,99.2184,10000,last,0,runs/rorl/diagnostics/hopper_bcreg_full3m_seed3407/r_spec_timevar_hopper_eval.json
offline,RORL,RORL,theta_p,spec_timevar_hopper,nominal,42,0,3620.4270,33.34073400293592,3576.7491553967648,3576.9037105024536,1000.0,20,111.8641,10000,last,0,runs/rorl/diagnostics/hopper_bcreg_full3m_seed42/r_spec_timevar_hopper_eval.json
offline,RORL,RORL,theta_p,spec_timevar_hopper,gear_static_0.8,42,1,594.5818,27.303060277457213,527.1419574938626,528.0889337333754,192.95,20,18.8920,10000,last,0,runs/rorl/diagnostics/hopper_bcreg_full3m_seed42/r_spec_timevar_hopper_eval.json
offline,RORL,RORL,theta_p,spec_timevar_hopper,gear_step_0.8,42,0,2506.5581,75.82250469551533,2430.749189864291,2436.919548031448,681.35,20,77.6394,10000,last,0,runs/rorl/diagnostics/hopper_bcreg_full3m_seed42/r_spec_timevar_hopper_eval.json
offline,RORL,RORL,theta_p,spec_timevar_hopper,gear_ramp_0.8,42,1,1352.9808,37.37061857878212,1290.8763087699242,1297.785483566667,355.85,20,42.1945,10000,last,0,runs/rorl/diagnostics/hopper_bcreg_full3m_seed42/r_spec_timevar_hopper_eval.json
offline,RORL,RORL,theta_p,spec_timevar_hopper,gear_sine_p200,42,0,981.1795,15.412161393545233,941.0778302967825,946.3128525289806,271.35,20,30.7706,10000,last,0,runs/rorl/diagnostics/hopper_bcreg_full3m_seed42/r_spec_timevar_hopper_eval.json
offline,RORL,RORL,theta_p,spec_timevar_hopper,gear_sine_p500,42,1,1742.0921,45.2637059846485,1698.9175886272637,1699.4693664792744,482.3,20,54.1504,10000,last,0,runs/rorl/diagnostics/hopper_bcreg_full3m_seed42/r_spec_timevar_hopper_eval.json
offline,RORL,RORL,theta_p,spec_timevar_hopper,gravity_ramp_1.2,42,0,3020.6629,843.1423968966554,1847.0013879719284,1899.9751129682081,786.6,20,93.4358,10000,last,0,runs/rorl/diagnostics/hopper_bcreg_full3m_seed42/r_spec_timevar_hopper_eval.json
offline,RORL,RORL,theta_tau_exec,spec_timing_hopper,nominal,0,0,3612.5991,17.79956531019353,3582.974975309144,3583.343386612497,1000.0,20,111.6236,10000,last,0,runs/rorl/diagnostics/hopper_bcreg_full3m_seed0/r_spec_timing_hopper_eval.json
offline,RORL,RORL,theta_tau_exec,spec_timing_hopper,act_delay_8ms,0,1,1245.3296,53.05741893179878,1143.0767330431142,1145.157533841559,325.15,20,38.8868,10000,last,0,runs/rorl/diagnostics/hopper_bcreg_full3m_seed0/r_spec_timing_hopper_eval.json
offline,RORL,RORL,theta_tau_exec,spec_timing_hopper,act_delay_rand1,0,1,2657.7468,1160.8836658006528,1147.2383346400036,1170.4215395828392,729.15,20,82.2848,10000,last,0,runs/rorl/diagnostics/hopper_bcreg_full3m_seed0/r_spec_timing_hopper_eval.json
offline,RORL,RORL,theta_tau_exec,spec_timing_hopper,act_delay_rand2,0,0,1928.9928,1121.3731458682105,730.2732090549925,783.9619361585046,528.95,20,59.8931,10000,last,0,runs/rorl/diagnostics/hopper_bcreg_full3m_seed0/r_spec_timing_hopper_eval.json
offline,RORL,RORL,theta_tau_exec,spec_timing_hopper,substep,0,0,3126.4050,1042.2384607330002,956.3474351998615,962.5050226562915,853.25,20,96.6848,10000,last,0,runs/rorl/diagnostics/hopper_bcreg_full3m_seed0/r_spec_timing_hopper_eval.json
offline,RORL,RORL,theta_tau_exec,spec_timing_hopper,obs_delay_4ms,0,1,2264.6079,886.4593050387294,1431.6532911580316,1433.45317414486,586.95,20,70.2052,10000,last,0,runs/rorl/diagnostics/hopper_bcreg_full3m_seed0/r_spec_timing_hopper_eval.json
offline,RORL,RORL,theta_tau_exec,spec_timing_hopper,obs_delay_8ms,0,1,1365.9484,93.5447367321852,1223.866939979968,1235.0695643939412,352.8,20,42.5930,10000,last,0,runs/rorl/diagnostics/hopper_bcreg_full3m_seed0/r_spec_timing_hopper_eval.json
offline,RORL,RORL,theta_tau_exec,spec_timing_hopper,obs_delay_16ms,0,1,1374.8810,651.7312755751492,330.01333552828754,400.330391275739,373.15,20,42.8674,10000,last,0,runs/rorl/diagnostics/hopper_bcreg_full3m_seed0/r_spec_timing_hopper_eval.json
offline,RORL,RORL,theta_tau_exec,spec_timing_hopper,nominal,1,0,3538.8388,337.792046815745,2071.941747304957,2823.4994165081343,975.75,20,109.3573,10000,last,0,runs/rorl/diagnostics/hopper_bcreg_full3m_seed1/r_spec_timing_hopper_eval.json
offline,RORL,RORL,theta_tau_exec,spec_timing_hopper,act_delay_8ms,1,1,1372.4612,71.8778257118574,1258.358054909013,1272.4890307357437,356.1,20,42.7931,10000,last,0,runs/rorl/diagnostics/hopper_bcreg_full3m_seed1/r_spec_timing_hopper_eval.json
offline,RORL,RORL,theta_tau_exec,spec_timing_hopper,act_delay_rand1,1,1,2631.2489,1102.9044946162735,1258.358054909013,1272.4890307357437,715.55,20,81.4706,10000,last,0,runs/rorl/diagnostics/hopper_bcreg_full3m_seed1/r_spec_timing_hopper_eval.json
offline,RORL,RORL,theta_tau_exec,spec_timing_hopper,act_delay_rand2,1,0,1973.3670,1110.8508630775918,715.5208763425034,716.4788764815625,538.2,20,61.2565,10000,last,0,runs/rorl/diagnostics/hopper_bcreg_full3m_seed1/r_spec_timing_hopper_eval.json
offline,RORL,RORL,theta_tau_exec,spec_timing_hopper,substep,1,0,2799.3908,1173.64348647071,925.7216558993925,931.5434904496714,757.85,20,86.6370,10000,last,0,runs/rorl/diagnostics/hopper_bcreg_full3m_seed1/r_spec_timing_hopper_eval.json
offline,RORL,RORL,theta_tau_exec,spec_timing_hopper,obs_delay_4ms,1,1,1805.1707,504.8473573182253,1433.7365555143595,1435.8920739082146,456.85,20,56.0885,10000,last,0,runs/rorl/diagnostics/hopper_bcreg_full3m_seed1/r_spec_timing_hopper_eval.json
offline,RORL,RORL,theta_tau_exec,spec_timing_hopper,obs_delay_8ms,1,1,1349.0681,70.16074866830036,1152.5943388004566,1196.4996562932265,349.6,20,42.0743,10000,last,0,runs/rorl/diagnostics/hopper_bcreg_full3m_seed1/r_spec_timing_hopper_eval.json
offline,RORL,RORL,theta_tau_exec,spec_timing_hopper,obs_delay_16ms,1,1,1202.5641,508.3376858576772,723.2738849751212,730.996315577006,328.3,20,37.5728,10000,last,0,runs/rorl/diagnostics/hopper_bcreg_full3m_seed1/r_spec_timing_hopper_eval.json
offline,RORL,RORL,theta_tau_exec,spec_timing_hopper,nominal,2,0,3495.6122,427.1036379308225,2186.019185210896,2222.9108428884465,954.8,20,108.0291,10000,last,0,runs/rorl/diagnostics/hopper_bcreg_full3m_seed2/r_spec_timing_hopper_eval.json
offline,RORL,RORL,theta_tau_exec,spec_timing_hopper,act_delay_8ms,2,1,1177.9989,81.81812759884224,1100.4924639006078,1101.37535261927,314.8,20,36.8180,10000,last,0,runs/rorl/diagnostics/hopper_bcreg_full3m_seed2/r_spec_timing_hopper_eval.json
offline,RORL,RORL,theta_tau_exec,spec_timing_hopper,act_delay_rand1,2,1,2667.7441,1209.7016382166491,1102.2582413379323,1105.7800297533472,726.8,20,82.5920,10000,last,0,runs/rorl/diagnostics/hopper_bcreg_full3m_seed2/r_spec_timing_hopper_eval.json
offline,RORL,RORL,theta_tau_exec,spec_timing_hopper,act_delay_rand2,2,0,1832.7331,1200.6752711375354,525.5923488676513,645.5539695815141,501.75,20,56.9354,10000,last,0,runs/rorl/diagnostics/hopper_bcreg_full3m_seed2/r_spec_timing_hopper_eval.json
offline,RORL,RORL,theta_tau_exec,spec_timing_hopper,substep,2,0,2532.4695,1152.6138315204464,959.3511846448545,961.9147245336462,676.45,20,78.4355,10000,last,0,runs/rorl/diagnostics/hopper_bcreg_full3m_seed2/r_spec_timing_hopper_eval.json
offline,RORL,RORL,theta_tau_exec,spec_timing_hopper,obs_delay_4ms,2,1,1596.5116,204.2157574975604,1404.1019132627507,1406.9245355939709,403.45,20,49.6773,10000,last,0,runs/rorl/diagnostics/hopper_bcreg_full3m_seed2/r_spec_timing_hopper_eval.json
offline,RORL,RORL,theta_tau_exec,spec_timing_hopper,obs_delay_8ms,2,1,1352.9845,67.86469250416381,1116.3644374789385,1183.2447683587284,350.6,20,42.1947,10000,last,0,runs/rorl/diagnostics/hopper_bcreg_full3m_seed2/r_spec_timing_hopper_eval.json
offline,RORL,RORL,theta_tau_exec,spec_timing_hopper,obs_delay_16ms,2,1,1153.9688,599.928036953108,387.1645147535755,389.0696075570292,319.55,20,36.0797,10000,last,0,runs/rorl/diagnostics/hopper_bcreg_full3m_seed2/r_spec_timing_hopper_eval.json
offline,RORL,RORL,theta_tau_exec,spec_timing_hopper,nominal,3407,0,3619.8564,25.148225842036943,3577.9195783089735,3586.16867693758,1000.0,20,111.8466,10000,last,0,runs/rorl/diagnostics/hopper_bcreg_full3m_seed3407/r_spec_timing_hopper_eval.json
offline,RORL,RORL,theta_tau_exec,spec_timing_hopper,act_delay_8ms,3407,1,1225.2616,40.15930083055179,1142.8501958196612,1143.6899023643368,321.35,20,38.2702,10000,last,0,runs/rorl/diagnostics/hopper_bcreg_full3m_seed3407/r_spec_timing_hopper_eval.json
offline,RORL,RORL,theta_tau_exec,spec_timing_hopper,act_delay_rand1,3407,1,2654.9399,1173.988917843324,1144.5296089090123,1177.5631655108043,727.8,20,82.1986,10000,last,0,runs/rorl/diagnostics/hopper_bcreg_full3m_seed3407/r_spec_timing_hopper_eval.json
offline,RORL,RORL,theta_tau_exec,spec_timing_hopper,act_delay_rand2,3407,0,1929.8759,1107.5630830963953,1064.3182261698657,1098.5809785754143,527.8,20,59.9202,10000,last,0,runs/rorl/diagnostics/hopper_bcreg_full3m_seed3407/r_spec_timing_hopper_eval.json
offline,RORL,RORL,theta_tau_exec,spec_timing_hopper,substep,3407,0,2932.1476,1066.5250769575296,903.3127705825606,952.0068290123984,787.75,20,90.7161,10000,last,0,runs/rorl/diagnostics/hopper_bcreg_full3m_seed3407/r_spec_timing_hopper_eval.json
offline,RORL,RORL,theta_tau_exec,spec_timing_hopper,obs_delay_4ms,3407,1,1914.0921,396.6881133927192,1526.5368135475358,1537.0026155308187,475.3,20,59.4353,10000,last,0,runs/rorl/diagnostics/hopper_bcreg_full3m_seed3407/r_spec_timing_hopper_eval.json
offline,RORL,RORL,theta_tau_exec,spec_timing_hopper,obs_delay_8ms,3407,1,1332.1446,81.50750977886986,1158.869549917322,1182.5107769641943,346.4,20,41.5543,10000,last,0,runs/rorl/diagnostics/hopper_bcreg_full3m_seed3407/r_spec_timing_hopper_eval.json
offline,RORL,RORL,theta_tau_exec,spec_timing_hopper,obs_delay_16ms,3407,1,1207.6062,562.1226469377067,431.49292071610205,572.24425533028,330.3,20,37.7278,10000,last,0,runs/rorl/diagnostics/hopper_bcreg_full3m_seed3407/r_spec_timing_hopper_eval.json
offline,RORL,RORL,theta_tau_exec,spec_timing_hopper,nominal,42,0,3620.4270,33.34073400293592,3576.7491553967648,3576.9037105024536,1000.0,20,111.8641,10000,last,0,runs/rorl/diagnostics/hopper_bcreg_full3m_seed42/r_spec_timing_hopper_eval.json
offline,RORL,RORL,theta_tau_exec,spec_timing_hopper,act_delay_8ms,42,1,1226.3266,81.0140775422417,1145.0523378732296,1147.9550937945432,324.6,20,38.3030,10000,last,0,runs/rorl/diagnostics/hopper_bcreg_full3m_seed42/r_spec_timing_hopper_eval.json
offline,RORL,RORL,theta_tau_exec,spec_timing_hopper,act_delay_rand1,42,1,2649.8209,1189.536309704746,1150.8578497158571,1151.0960868624927,727.2,20,82.0413,10000,last,0,runs/rorl/diagnostics/hopper_bcreg_full3m_seed42/r_spec_timing_hopper_eval.json
offline,RORL,RORL,theta_tau_exec,spec_timing_hopper,act_delay_rand2,42,0,2136.7606,1092.454465064471,1080.390739144936,1112.7215385090828,585.05,20,66.2770,10000,last,0,runs/rorl/diagnostics/hopper_bcreg_full3m_seed42/r_spec_timing_hopper_eval.json
offline,RORL,RORL,theta_tau_exec,spec_timing_hopper,substep,42,0,3062.4913,1046.3520466100829,956.5308782830643,994.1093152242165,826.85,20,94.7210,10000,last,0,runs/rorl/diagnostics/hopper_bcreg_full3m_seed42/r_spec_timing_hopper_eval.json
offline,RORL,RORL,theta_tau_exec,spec_timing_hopper,obs_delay_4ms,42,1,1885.6930,467.90414928509637,1455.1577713985166,1462.8612969781784,475.95,20,58.5627,10000,last,0,runs/rorl/diagnostics/hopper_bcreg_full3m_seed42/r_spec_timing_hopper_eval.json
offline,RORL,RORL,theta_tau_exec,spec_timing_hopper,obs_delay_8ms,42,1,1335.8163,69.15867168076973,1157.2003217130466,1196.486340801997,346.45,20,41.6671,10000,last,0,runs/rorl/diagnostics/hopper_bcreg_full3m_seed42/r_spec_timing_hopper_eval.json
offline,RORL,RORL,theta_tau_exec,spec_timing_hopper,obs_delay_16ms,42,1,1220.4227,306.73187708377606,708.049369377541,747.1069463867645,330.05,20,38.1216,10000,last,0,runs/rorl/diagnostics/hopper_bcreg_full3m_seed42/r_spec_timing_hopper_eval.json
