regime,method,mechanism,task,family,axis,condition,scale,is_nominal,in_selection,in_full,severity_quartile,severity_quartile_sel,return_mean,score
offline,ATLA_off,learner_off,Door,Manipulation,gear,gear_0.6,0.6000,0,1,1,4,3,,43.4846
offline,FMGAN,generative,Door,Manipulation,gear,gear_0.6,0.6000,0,1,1,4,3,,44.6183
offline,FWM,generative,Door,Manipulation,gear,gear_0.6,0.6000,0,1,1,4,3,,44.9748
offline,IQL,standard,Door,Manipulation,gear,gear_0.6,0.6000,0,1,1,4,3,,37.7102
offline,MOPO,standard,Door,Manipulation,gear,gear_0.6,0.6000,0,1,1,4,3,,0.7016
offline,RAMBO,data_off,Door,Manipulation,gear,gear_0.6,0.6000,0,1,1,4,3,,33.5056
offline,RFQI,learner_off,Door,Manipulation,gear,gear_0.6,0.6000,0,1,1,4,3,,1.5044
offline,ROMB,generative,Door,Manipulation,gear,gear_0.6,0.6000,0,1,1,4,3,,40.2872
offline,RORL,learner_off,Door,Manipulation,gear,gear_0.6,0.6000,0,1,1,4,3,,0.5778
offline,RSC,data_off,Door,Manipulation,gear,gear_0.6,0.6000,0,1,1,4,3,,57.4721
offline,SynthER,standard,Door,Manipulation,gear,gear_0.6,0.6000,0,1,1,4,3,,61.0896
offline,TD3+BC,standard,Door,Manipulation,gear,gear_0.6,0.6000,0,1,1,4,3,,0.8588
offline,ATLA_off,learner_off,Door,Manipulation,gear,gear_0.7,0.7000,0,0,1,3,,,76.2772
offline,FMGAN,generative,Door,Manipulation,gear,gear_0.7,0.7000,0,0,1,3,,,63.8012
offline,FWM,generative,Door,Manipulation,gear,gear_0.7,0.7000,0,0,1,3,,,71.4802
offline,IQL,standard,Door,Manipulation,gear,gear_0.7,0.7000,0,0,1,3,,,52.5699
offline,MOPO,standard,Door,Manipulation,gear,gear_0.7,0.7000,0,0,1,3,,,0.7022
offline,RAMBO,data_off,Door,Manipulation,gear,gear_0.7,0.7000,0,0,1,3,,,31.4847
offline,RFQI,learner_off,Door,Manipulation,gear,gear_0.7,0.7000,0,0,1,3,,,2.9678
offline,ROMB,generative,Door,Manipulation,gear,gear_0.7,0.7000,0,0,1,3,,,63.2008
offline,RORL,learner_off,Door,Manipulation,gear,gear_0.7,0.7000,0,0,1,3,,,0.5727
offline,RSC,data_off,Door,Manipulation,gear,gear_0.7,0.7000,0,0,1,3,,,69.2020
offline,SynthER,standard,Door,Manipulation,gear,gear_0.7,0.7000,0,0,1,3,,,63.8050
offline,TD3+BC,standard,Door,Manipulation,gear,gear_0.7,0.7000,0,0,1,3,,,0.8609
offline,ATLA_off,learner_off,Door,Manipulation,gear,gear_0.8,0.8000,0,1,1,1,1,,91.7778
offline,FMGAN,generative,Door,Manipulation,gear,gear_0.8,0.8000,0,1,1,1,1,,52.8106
offline,FWM,generative,Door,Manipulation,gear,gear_0.8,0.8000,0,1,1,1,1,,84.9051
offline,IQL,standard,Door,Manipulation,gear,gear_0.8,0.8000,0,1,1,1,1,,66.6454
offline,MOPO,standard,Door,Manipulation,gear,gear_0.8,0.8000,0,1,1,1,1,,0.7018
offline,RAMBO,data_off,Door,Manipulation,gear,gear_0.8,0.8000,0,1,1,1,1,,38.2145
offline,RFQI,learner_off,Door,Manipulation,gear,gear_0.8,0.8000,0,1,1,1,1,,5.0699
offline,ROMB,generative,Door,Manipulation,gear,gear_0.8,0.8000,0,1,1,1,1,,75.2848
offline,RORL,learner_off,Door,Manipulation,gear,gear_0.8,0.8000,0,1,1,1,1,,0.5615
offline,RSC,data_off,Door,Manipulation,gear,gear_0.8,0.8000,0,1,1,1,1,,81.2335
offline,SynthER,standard,Door,Manipulation,gear,gear_0.8,0.8000,0,1,1,1,1,,80.2608
offline,TD3+BC,standard,Door,Manipulation,gear,gear_0.8,0.8000,0,1,1,1,1,,0.8626
offline,ATLA_off,learner_off,Door,Manipulation,gear,gear_0.9,0.9000,0,0,1,1,,,97.5796
offline,FMGAN,generative,Door,Manipulation,gear,gear_0.9,0.9000,0,0,1,1,,,55.5842
offline,FWM,generative,Door,Manipulation,gear,gear_0.9,0.9000,0,0,1,1,,,85.6655
offline,IQL,standard,Door,Manipulation,gear,gear_0.9,0.9000,0,0,1,1,,,68.6198
offline,MOPO,standard,Door,Manipulation,gear,gear_0.9,0.9000,0,0,1,1,,,0.7005
offline,RAMBO,data_off,Door,Manipulation,gear,gear_0.9,0.9000,0,0,1,1,,,43.5770
offline,RFQI,learner_off,Door,Manipulation,gear,gear_0.9,0.9000,0,0,1,1,,,13.2550
offline,ROMB,generative,Door,Manipulation,gear,gear_0.9,0.9000,0,0,1,1,,,84.3211
offline,RORL,learner_off,Door,Manipulation,gear,gear_0.9,0.9000,0,0,1,1,,,0.5667
offline,RSC,data_off,Door,Manipulation,gear,gear_0.9,0.9000,0,0,1,1,,,83.2011
offline,SynthER,standard,Door,Manipulation,gear,gear_0.9,0.9000,0,0,1,1,,,88.3539
offline,TD3+BC,standard,Door,Manipulation,gear,gear_0.9,0.9000,0,0,1,1,,,0.8640
offline,ATLA_off,learner_off,Door,Manipulation,gear,nominal,1.0000,1,0,0,,,,94.8960
offline,FMGAN,generative,Door,Manipulation,gear,nominal,1.0000,1,0,0,,,,62.2933
offline,FWM,generative,Door,Manipulation,gear,nominal,1.0000,1,0,0,,,,83.3201
offline,IQL,standard,Door,Manipulation,gear,nominal,1.0000,1,0,0,,,,61.5481
offline,MOPO,standard,Door,Manipulation,gear,nominal,1.0000,1,0,0,,,,0.7031
offline,RAMBO,data_off,Door,Manipulation,gear,nominal,1.0000,1,0,0,,,,55.8473
offline,RFQI,learner_off,Door,Manipulation,gear,nominal,1.0000,1,0,0,,,,28.1608
offline,ROMB,generative,Door,Manipulation,gear,nominal,1.0000,1,0,0,,,,89.7263
offline,RORL,learner_off,Door,Manipulation,gear,nominal,1.0000,1,0,0,,,,0.5734
offline,RSC,data_off,Door,Manipulation,gear,nominal,1.0000,1,0,0,,,,83.3364
offline,SynthER,standard,Door,Manipulation,gear,nominal,1.0000,1,0,0,,,,90.5421
offline,TD3+BC,standard,Door,Manipulation,gear,nominal,1.0000,1,0,0,,,,0.8651
offline,ATLA_off,learner_off,Door,Manipulation,gear,gear_1.2,1.2000,0,1,1,2,2,,83.7530
offline,FMGAN,generative,Door,Manipulation,gear,gear_1.2,1.2000,0,1,1,2,2,,56.2674
offline,FWM,generative,Door,Manipulation,gear,gear_1.2,1.2000,0,1,1,2,2,,71.2455
offline,IQL,standard,Door,Manipulation,gear,gear_1.2,1.2000,0,1,1,2,2,,57.9376
offline,MOPO,standard,Door,Manipulation,gear,gear_1.2,1.2000,0,1,1,2,2,,0.7015
offline,RAMBO,data_off,Door,Manipulation,gear,gear_1.2,1.2000,0,1,1,2,2,,51.7787
offline,RFQI,learner_off,Door,Manipulation,gear,gear_1.2,1.2000,0,1,1,2,2,,44.8627
offline,ROMB,generative,Door,Manipulation,gear,gear_1.2,1.2000,0,1,1,2,2,,76.7003
offline,RORL,learner_off,Door,Manipulation,gear,gear_1.2,1.2000,0,1,1,2,2,,0.5715
offline,RSC,data_off,Door,Manipulation,gear,gear_1.2,1.2000,0,1,1,2,2,,60.8771
offline,SynthER,standard,Door,Manipulation,gear,gear_1.2,1.2000,0,1,1,2,2,,79.9754
offline,TD3+BC,standard,Door,Manipulation,gear,gear_1.2,1.2000,0,1,1,2,2,,0.8694
offline,ATLA_off,learner_off,Door,Manipulation,gear,gear_1.4,1.4000,0,1,1,4,4,,77.9779
offline,FMGAN,generative,Door,Manipulation,gear,gear_1.4,1.4000,0,1,1,4,4,,36.9182
offline,FWM,generative,Door,Manipulation,gear,gear_1.4,1.4000,0,1,1,4,4,,36.0236
offline,IQL,standard,Door,Manipulation,gear,gear_1.4,1.4000,0,1,1,4,4,,32.8397
offline,MOPO,standard,Door,Manipulation,gear,gear_1.4,1.4000,0,1,1,4,4,,0.6992
offline,RAMBO,data_off,Door,Manipulation,gear,gear_1.4,1.4000,0,1,1,4,4,,38.2198
offline,RFQI,learner_off,Door,Manipulation,gear,gear_1.4,1.4000,0,1,1,4,4,,45.1768
offline,ROMB,generative,Door,Manipulation,gear,gear_1.4,1.4000,0,1,1,4,4,,44.0169
offline,RORL,learner_off,Door,Manipulation,gear,gear_1.4,1.4000,0,1,1,4,4,,0.5436
offline,RSC,data_off,Door,Manipulation,gear,gear_1.4,1.4000,0,1,1,4,4,,30.7615
offline,SynthER,standard,Door,Manipulation,gear,gear_1.4,1.4000,0,1,1,4,4,,62.2991
offline,TD3+BC,standard,Door,Manipulation,gear,gear_1.4,1.4000,0,1,1,4,4,,0.8733
offline,ATLA_off,learner_off,Door,Manipulation,latch,nominal,1.0000,1,0,0,,,,94.8960
offline,FMGAN,generative,Door,Manipulation,latch,nominal,1.0000,1,0,0,,,,62.2933
offline,FWM,generative,Door,Manipulation,latch,nominal,1.0000,1,0,0,,,,83.3201
offline,IQL,standard,Door,Manipulation,latch,nominal,1.0000,1,0,0,,,,61.5481
offline,MOPO,standard,Door,Manipulation,latch,nominal,1.0000,1,0,0,,,,0.7031
offline,RAMBO,data_off,Door,Manipulation,latch,nominal,1.0000,1,0,0,,,,55.8473
offline,RFQI,learner_off,Door,Manipulation,latch,nominal,1.0000,1,0,0,,,,28.1608
offline,ROMB,generative,Door,Manipulation,latch,nominal,1.0000,1,0,0,,,,89.7263
offline,RORL,learner_off,Door,Manipulation,latch,nominal,1.0000,1,0,0,,,,0.5734
offline,RSC,data_off,Door,Manipulation,latch,nominal,1.0000,1,0,0,,,,83.3364
offline,SynthER,standard,Door,Manipulation,latch,nominal,1.0000,1,0,0,,,,90.5421
offline,TD3+BC,standard,Door,Manipulation,latch,nominal,1.0000,1,0,0,,,,0.8651
offline,ATLA_off,learner_off,Door,Manipulation,latch,latch_2x,2.0000,0,1,1,1,1,,78.5182
offline,FMGAN,generative,Door,Manipulation,latch,latch_2x,2.0000,0,1,1,1,1,,59.1370
offline,FWM,generative,Door,Manipulation,latch,latch_2x,2.0000,0,1,1,1,1,,57.6337
offline,IQL,standard,Door,Manipulation,latch,latch_2x,2.0000,0,1,1,1,1,,56.9739
offline,MOPO,standard,Door,Manipulation,latch,latch_2x,2.0000,0,1,1,1,1,,0.7031
offline,RAMBO,data_off,Door,Manipulation,latch,latch_2x,2.0000,0,1,1,1,1,,49.2700
offline,RFQI,learner_off,Door,Manipulation,latch,latch_2x,2.0000,0,1,1,1,1,,20.9312
offline,ROMB,generative,Door,Manipulation,latch,latch_2x,2.0000,0,1,1,1,1,,77.4728
offline,RORL,learner_off,Door,Manipulation,latch,latch_2x,2.0000,0,1,1,1,1,,0.5723
offline,RSC,data_off,Door,Manipulation,latch,latch_2x,2.0000,0,1,1,1,1,,71.9511
offline,SynthER,standard,Door,Manipulation,latch,latch_2x,2.0000,0,1,1,1,1,,86.5309
offline,TD3+BC,standard,Door,Manipulation,latch,latch_2x,2.0000,0,1,1,1,1,,0.8651
offline,ATLA_off,learner_off,Door,Manipulation,latch,latch_3x,3.0000,0,1,1,1,2,,54.8471
offline,FMGAN,generative,Door,Manipulation,latch,latch_3x,3.0000,0,1,1,1,2,,44.5352
offline,FWM,generative,Door,Manipulation,latch,latch_3x,3.0000,0,1,1,1,2,,28.3981
offline,IQL,standard,Door,Manipulation,latch,latch_3x,3.0000,0,1,1,1,2,,24.5661
offline,MOPO,standard,Door,Manipulation,latch,latch_3x,3.0000,0,1,1,1,2,,0.7031
offline,RAMBO,data_off,Door,Manipulation,latch,latch_3x,3.0000,0,1,1,1,2,,43.9860
offline,RFQI,learner_off,Door,Manipulation,latch,latch_3x,3.0000,0,1,1,1,2,,8.0061
offline,ROMB,generative,Door,Manipulation,latch,latch_3x,3.0000,0,1,1,1,2,,44.8404
offline,RORL,learner_off,Door,Manipulation,latch,latch_3x,3.0000,0,1,1,1,2,,0.5718
offline,RSC,data_off,Door,Manipulation,latch,latch_3x,3.0000,0,1,1,1,2,,23.1816
offline,SynthER,standard,Door,Manipulation,latch,latch_3x,3.0000,0,1,1,1,2,,59.4096
offline,TD3+BC,standard,Door,Manipulation,latch,latch_3x,3.0000,0,1,1,1,2,,0.8651
offline,ATLA_off,learner_off,Door,Manipulation,latch,latch_4x,4.0000,0,1,1,2,3,,25.0736
offline,FMGAN,generative,Door,Manipulation,latch,latch_4x,4.0000,0,1,1,2,3,,15.1608
offline,FWM,generative,Door,Manipulation,latch,latch_4x,4.0000,0,1,1,2,3,,6.5860
offline,IQL,standard,Door,Manipulation,latch,latch_4x,4.0000,0,1,1,2,3,,0.5372
offline,MOPO,standard,Door,Manipulation,latch,latch_4x,4.0000,0,1,1,2,3,,0.7031
offline,RAMBO,data_off,Door,Manipulation,latch,latch_4x,4.0000,0,1,1,2,3,,42.4924
offline,RFQI,learner_off,Door,Manipulation,latch,latch_4x,4.0000,0,1,1,2,3,,2.3026
offline,ROMB,generative,Door,Manipulation,latch,latch_4x,4.0000,0,1,1,2,3,,17.2260
offline,RORL,learner_off,Door,Manipulation,latch,latch_4x,4.0000,0,1,1,2,3,,0.5722
offline,RSC,data_off,Door,Manipulation,latch,latch_4x,4.0000,0,1,1,2,3,,2.9802
offline,SynthER,standard,Door,Manipulation,latch,latch_4x,4.0000,0,1,1,2,3,,45.7985
offline,TD3+BC,standard,Door,Manipulation,latch,latch_4x,4.0000,0,1,1,2,3,,0.8651
offline,ATLA_off,learner_off,Door,Manipulation,latch,latch_5x,5.0000,0,1,1,3,4,,13.0577
offline,FMGAN,generative,Door,Manipulation,latch,latch_5x,5.0000,0,1,1,3,4,,4.2586
offline,FWM,generative,Door,Manipulation,latch,latch_5x,5.0000,0,1,1,3,4,,2.4747
offline,IQL,standard,Door,Manipulation,latch,latch_5x,5.0000,0,1,1,3,4,,0.4079
offline,MOPO,standard,Door,Manipulation,latch,latch_5x,5.0000,0,1,1,3,4,,0.7031
offline,RAMBO,data_off,Door,Manipulation,latch,latch_5x,5.0000,0,1,1,3,4,,42.3471
offline,RFQI,learner_off,Door,Manipulation,latch,latch_5x,5.0000,0,1,1,3,4,,0.4223
offline,ROMB,generative,Door,Manipulation,latch,latch_5x,5.0000,0,1,1,3,4,,7.8409
offline,RORL,learner_off,Door,Manipulation,latch,latch_5x,5.0000,0,1,1,3,4,,0.5712
offline,RSC,data_off,Door,Manipulation,latch,latch_5x,5.0000,0,1,1,3,4,,0.4432
offline,SynthER,standard,Door,Manipulation,latch,latch_5x,5.0000,0,1,1,3,4,,32.2005
offline,TD3+BC,standard,Door,Manipulation,latch,latch_5x,5.0000,0,1,1,3,4,,0.8651
offline,ATLA_off,learner_off,Door,Manipulation,latch,latch_6x,6.0000,0,0,1,4,,,6.0822
offline,FMGAN,generative,Door,Manipulation,latch,latch_6x,6.0000,0,0,1,4,,,0.4010
offline,FWM,generative,Door,Manipulation,latch,latch_6x,6.0000,0,0,1,4,,,1.2082
offline,IQL,standard,Door,Manipulation,latch,latch_6x,6.0000,0,0,1,4,,,0.3999
offline,MOPO,standard,Door,Manipulation,latch,latch_6x,6.0000,0,0,1,4,,,0.7031
offline,RAMBO,data_off,Door,Manipulation,latch,latch_6x,6.0000,0,0,1,4,,,39.9249
offline,RFQI,learner_off,Door,Manipulation,latch,latch_6x,6.0000,0,0,1,4,,,0.4535
offline,ROMB,generative,Door,Manipulation,latch,latch_6x,6.0000,0,0,1,4,,,2.2883
offline,RORL,learner_off,Door,Manipulation,latch,latch_6x,6.0000,0,0,1,4,,,0.5712
offline,RSC,data_off,Door,Manipulation,latch,latch_6x,6.0000,0,0,1,4,,,0.4106
offline,SynthER,standard,Door,Manipulation,latch,latch_6x,6.0000,0,0,1,4,,,6.6891
offline,TD3+BC,standard,Door,Manipulation,latch,latch_6x,6.0000,0,0,1,4,,,0.8651
offline,ATLA_off,learner_off,Door,Manipulation,latch,latch_8x,8.0000,0,0,1,4,,,0.3866
offline,FMGAN,generative,Door,Manipulation,latch,latch_8x,8.0000,0,0,1,4,,,0.3997
offline,FWM,generative,Door,Manipulation,latch,latch_8x,8.0000,0,0,1,4,,,0.6037
offline,IQL,standard,Door,Manipulation,latch,latch_8x,8.0000,0,0,1,4,,,0.4002
offline,MOPO,standard,Door,Manipulation,latch,latch_8x,8.0000,0,0,1,4,,,0.7031
offline,RAMBO,data_off,Door,Manipulation,latch,latch_8x,8.0000,0,0,1,4,,,30.8655
offline,RFQI,learner_off,Door,Manipulation,latch,latch_8x,8.0000,0,0,1,4,,,0.4145
offline,ROMB,generative,Door,Manipulation,latch,latch_8x,8.0000,0,0,1,4,,,0.3941
offline,RORL,learner_off,Door,Manipulation,latch,latch_8x,8.0000,0,0,1,4,,,0.5714
offline,RSC,data_off,Door,Manipulation,latch,latch_8x,8.0000,0,0,1,4,,,0.4079
offline,SynthER,standard,Door,Manipulation,latch,latch_8x,8.0000,0,0,1,4,,,0.3976
offline,TD3+BC,standard,Door,Manipulation,latch,latch_8x,8.0000,0,0,1,4,,,0.8651
offline,ATLA_off,learner_off,HalfCheetah,Locomotion,gear,gear_0.6,0.6000,0,1,1,4,4,,18.7836
offline,FMGAN,generative,HalfCheetah,Locomotion,gear,gear_0.6,0.6000,0,1,1,4,4,,20.9010
offline,FWM,generative,HalfCheetah,Locomotion,gear,gear_0.6,0.6000,0,1,1,4,4,,19.3155
offline,IQL,standard,HalfCheetah,Locomotion,gear,gear_0.6,0.6000,0,1,1,4,4,,19.7923
offline,MOPO,standard,HalfCheetah,Locomotion,gear,gear_0.6,0.6000,0,1,1,4,4,,18.5849
offline,RAMBO,data_off,HalfCheetah,Locomotion,gear,gear_0.6,0.6000,0,1,1,4,4,,23.3532
offline,RFQI,learner_off,HalfCheetah,Locomotion,gear,gear_0.6,0.6000,0,1,1,4,4,,18.8401
offline,ROMB,generative,HalfCheetah,Locomotion,gear,gear_0.6,0.6000,0,1,1,4,4,,19.3960
offline,RORL,learner_off,HalfCheetah,Locomotion,gear,gear_0.6,0.6000,0,1,1,4,4,,31.7642
offline,RSC,data_off,HalfCheetah,Locomotion,gear,gear_0.6,0.6000,0,1,1,4,4,,18.9704
offline,SynthER,standard,HalfCheetah,Locomotion,gear,gear_0.6,0.6000,0,1,1,4,4,,21.4022
offline,TD3+BC,standard,HalfCheetah,Locomotion,gear,gear_0.6,0.6000,0,1,1,4,4,,18.0243
offline,ATLA_off,learner_off,HalfCheetah,Locomotion,gear,gear_0.7,0.7000,0,1,1,3,3,,20.4018
offline,FMGAN,generative,HalfCheetah,Locomotion,gear,gear_0.7,0.7000,0,1,1,3,3,,24.7289
offline,FWM,generative,HalfCheetah,Locomotion,gear,gear_0.7,0.7000,0,1,1,3,3,,32.7790
offline,IQL,standard,HalfCheetah,Locomotion,gear,gear_0.7,0.7000,0,1,1,3,3,,24.4814
offline,MOPO,standard,HalfCheetah,Locomotion,gear,gear_0.7,0.7000,0,1,1,3,3,,10.4435
offline,RAMBO,data_off,HalfCheetah,Locomotion,gear,gear_0.7,0.7000,0,1,1,3,3,,36.8739
offline,RFQI,learner_off,HalfCheetah,Locomotion,gear,gear_0.7,0.7000,0,1,1,3,3,,23.0956
offline,ROMB,generative,HalfCheetah,Locomotion,gear,gear_0.7,0.7000,0,1,1,3,3,,20.1031
offline,RORL,learner_off,HalfCheetah,Locomotion,gear,gear_0.7,0.7000,0,1,1,3,3,,43.9706
offline,RSC,data_off,HalfCheetah,Locomotion,gear,gear_0.7,0.7000,0,1,1,3,3,,27.0956
offline,SynthER,standard,HalfCheetah,Locomotion,gear,gear_0.7,0.7000,0,1,1,3,3,,13.9268
offline,TD3+BC,standard,HalfCheetah,Locomotion,gear,gear_0.7,0.7000,0,1,1,3,3,,48.1649
offline,ATLA_off,learner_off,HalfCheetah,Locomotion,gear,gear_0.8,0.8000,0,1,1,2,2,,31.7984
offline,FMGAN,generative,HalfCheetah,Locomotion,gear,gear_0.8,0.8000,0,1,1,2,2,,33.2405
offline,FWM,generative,HalfCheetah,Locomotion,gear,gear_0.8,0.8000,0,1,1,2,2,,44.1283
offline,IQL,standard,HalfCheetah,Locomotion,gear,gear_0.8,0.8000,0,1,1,2,2,,32.1943
offline,MOPO,standard,HalfCheetah,Locomotion,gear,gear_0.8,0.8000,0,1,1,2,2,,13.8629
offline,RAMBO,data_off,HalfCheetah,Locomotion,gear,gear_0.8,0.8000,0,1,1,2,2,,57.5184
offline,RFQI,learner_off,HalfCheetah,Locomotion,gear,gear_0.8,0.8000,0,1,1,2,2,,38.4690
offline,ROMB,generative,HalfCheetah,Locomotion,gear,gear_0.8,0.8000,0,1,1,2,2,,25.4069
offline,RORL,learner_off,HalfCheetah,Locomotion,gear,gear_0.8,0.8000,0,1,1,2,2,,52.8627
offline,RSC,data_off,HalfCheetah,Locomotion,gear,gear_0.8,0.8000,0,1,1,2,2,,29.6546
offline,SynthER,standard,HalfCheetah,Locomotion,gear,gear_0.8,0.8000,0,1,1,2,2,,27.1804
offline,TD3+BC,standard,HalfCheetah,Locomotion,gear,gear_0.8,0.8000,0,1,1,2,2,,65.6212
offline,ATLA_off,learner_off,HalfCheetah,Locomotion,gear,gear_0.9,0.9000,0,1,1,1,1,,85.1221
offline,FMGAN,generative,HalfCheetah,Locomotion,gear,gear_0.9,0.9000,0,1,1,1,1,,85.7847
offline,FWM,generative,HalfCheetah,Locomotion,gear,gear_0.9,0.9000,0,1,1,1,1,,85.4371
offline,IQL,standard,HalfCheetah,Locomotion,gear,gear_0.9,0.9000,0,1,1,1,1,,75.7704
offline,MOPO,standard,HalfCheetah,Locomotion,gear,gear_0.9,0.9000,0,1,1,1,1,,48.2872
offline,RAMBO,data_off,HalfCheetah,Locomotion,gear,gear_0.9,0.9000,0,1,1,1,1,,89.8316
offline,RFQI,learner_off,HalfCheetah,Locomotion,gear,gear_0.9,0.9000,0,1,1,1,1,,49.4921
offline,ROMB,generative,HalfCheetah,Locomotion,gear,gear_0.9,0.9000,0,1,1,1,1,,82.4631
offline,RORL,learner_off,HalfCheetah,Locomotion,gear,gear_0.9,0.9000,0,1,1,1,1,,86.7451
offline,RSC,data_off,HalfCheetah,Locomotion,gear,gear_0.9,0.9000,0,1,1,1,1,,76.4469
offline,SynthER,standard,HalfCheetah,Locomotion,gear,gear_0.9,0.9000,0,1,1,1,1,,64.2908
offline,TD3+BC,standard,HalfCheetah,Locomotion,gear,gear_0.9,0.9000,0,1,1,1,1,,90.5837
offline,ATLA_off,learner_off,HalfCheetah,Locomotion,gear,nominal,1.0000,1,0,0,,,,112.3159
offline,FMGAN,generative,HalfCheetah,Locomotion,gear,nominal,1.0000,1,0,0,,,,117.9000
offline,FWM,generative,HalfCheetah,Locomotion,gear,nominal,1.0000,1,0,0,,,,123.7309
offline,IQL,standard,HalfCheetah,Locomotion,gear,nominal,1.0000,1,0,0,,,,121.2655
offline,MOPO,standard,HalfCheetah,Locomotion,gear,nominal,1.0000,1,0,0,,,,68.9556
offline,RAMBO,data_off,HalfCheetah,Locomotion,gear,nominal,1.0000,1,0,0,,,,117.3761
offline,RFQI,learner_off,HalfCheetah,Locomotion,gear,nominal,1.0000,1,0,0,,,,64.2083
offline,ROMB,generative,HalfCheetah,Locomotion,gear,nominal,1.0000,1,0,0,,,,120.3968
offline,RORL,learner_off,HalfCheetah,Locomotion,gear,nominal,1.0000,1,0,0,,,,119.5223
offline,RSC,data_off,HalfCheetah,Locomotion,gear,nominal,1.0000,1,0,0,,,,99.8517
offline,SynthER,standard,HalfCheetah,Locomotion,gear,nominal,1.0000,1,0,0,,,,114.0199
offline,TD3+BC,standard,HalfCheetah,Locomotion,gear,nominal,1.0000,1,0,0,,,,96.9362
offline,ATLA_off,learner_off,HalfCheetah,Locomotion,gear,gear_1.1,1.1000,0,1,1,1,1,,70.8310
offline,FMGAN,generative,HalfCheetah,Locomotion,gear,gear_1.1,1.1000,0,1,1,1,1,,71.3181
offline,FWM,generative,HalfCheetah,Locomotion,gear,gear_1.1,1.1000,0,1,1,1,1,,85.8753
offline,IQL,standard,HalfCheetah,Locomotion,gear,gear_1.1,1.1000,0,1,1,1,1,,76.2495
offline,MOPO,standard,HalfCheetah,Locomotion,gear,gear_1.1,1.1000,0,1,1,1,1,,82.5702
offline,RAMBO,data_off,HalfCheetah,Locomotion,gear,gear_1.1,1.1000,0,1,1,1,1,,114.8893
offline,RFQI,learner_off,HalfCheetah,Locomotion,gear,gear_1.1,1.1000,0,1,1,1,1,,44.7521
offline,ROMB,generative,HalfCheetah,Locomotion,gear,gear_1.1,1.1000,0,1,1,1,1,,77.2737
offline,RORL,learner_off,HalfCheetah,Locomotion,gear,gear_1.1,1.1000,0,1,1,1,1,,91.8261
offline,RSC,data_off,HalfCheetah,Locomotion,gear,gear_1.1,1.1000,0,1,1,1,1,,69.6440
offline,SynthER,standard,HalfCheetah,Locomotion,gear,gear_1.1,1.1000,0,1,1,1,1,,62.0817
offline,TD3+BC,standard,HalfCheetah,Locomotion,gear,gear_1.1,1.1000,0,1,1,1,1,,88.8999
offline,ATLA_off,learner_off,HalfCheetah,Locomotion,gear,gear_1.2,1.2000,0,1,1,2,2,,44.8537
offline,FMGAN,generative,HalfCheetah,Locomotion,gear,gear_1.2,1.2000,0,1,1,2,2,,45.5664
offline,FWM,generative,HalfCheetah,Locomotion,gear,gear_1.2,1.2000,0,1,1,2,2,,57.9590
offline,IQL,standard,HalfCheetah,Locomotion,gear,gear_1.2,1.2000,0,1,1,2,2,,48.6226
offline,MOPO,standard,HalfCheetah,Locomotion,gear,gear_1.2,1.2000,0,1,1,2,2,,20.5776
offline,RAMBO,data_off,HalfCheetah,Locomotion,gear,gear_1.2,1.2000,0,1,1,2,2,,65.8535
offline,RFQI,learner_off,HalfCheetah,Locomotion,gear,gear_1.2,1.2000,0,1,1,2,2,,22.1494
offline,ROMB,generative,HalfCheetah,Locomotion,gear,gear_1.2,1.2000,0,1,1,2,2,,48.9684
offline,RORL,learner_off,HalfCheetah,Locomotion,gear,gear_1.2,1.2000,0,1,1,2,2,,62.6628
offline,RSC,data_off,HalfCheetah,Locomotion,gear,gear_1.2,1.2000,0,1,1,2,2,,44.4958
offline,SynthER,standard,HalfCheetah,Locomotion,gear,gear_1.2,1.2000,0,1,1,2,2,,42.3347
offline,TD3+BC,standard,HalfCheetah,Locomotion,gear,gear_1.2,1.2000,0,1,1,2,2,,82.2329
offline,ATLA_off,learner_off,HalfCheetah,Locomotion,gear,gear_1.3,1.3000,0,1,1,3,3,,24.0876
offline,FMGAN,generative,HalfCheetah,Locomotion,gear,gear_1.3,1.3000,0,1,1,3,3,,25.5234
offline,FWM,generative,HalfCheetah,Locomotion,gear,gear_1.3,1.3000,0,1,1,3,3,,29.9484
offline,IQL,standard,HalfCheetah,Locomotion,gear,gear_1.3,1.3000,0,1,1,3,3,,29.7723
offline,MOPO,standard,HalfCheetah,Locomotion,gear,gear_1.3,1.3000,0,1,1,3,3,,9.2150
offline,RAMBO,data_off,HalfCheetah,Locomotion,gear,gear_1.3,1.3000,0,1,1,3,3,,38.3272
offline,RFQI,learner_off,HalfCheetah,Locomotion,gear,gear_1.3,1.3000,0,1,1,3,3,,13.6615
offline,ROMB,generative,HalfCheetah,Locomotion,gear,gear_1.3,1.3000,0,1,1,3,3,,26.0424
offline,RORL,learner_off,HalfCheetah,Locomotion,gear,gear_1.3,1.3000,0,1,1,3,3,,34.7610
offline,RSC,data_off,HalfCheetah,Locomotion,gear,gear_1.3,1.3000,0,1,1,3,3,,28.5124
offline,SynthER,standard,HalfCheetah,Locomotion,gear,gear_1.3,1.3000,0,1,1,3,3,,32.0408
offline,TD3+BC,standard,HalfCheetah,Locomotion,gear,gear_1.3,1.3000,0,1,1,3,3,,65.8843
offline,ATLA_off,learner_off,HalfCheetah,Locomotion,gear,gear_1.4,1.4000,0,1,1,4,4,,18.9747
offline,FMGAN,generative,HalfCheetah,Locomotion,gear,gear_1.4,1.4000,0,1,1,4,4,,18.1653
offline,FWM,generative,HalfCheetah,Locomotion,gear,gear_1.4,1.4000,0,1,1,4,4,,22.6089
offline,IQL,standard,HalfCheetah,Locomotion,gear,gear_1.4,1.4000,0,1,1,4,4,,24.0489
offline,MOPO,standard,HalfCheetah,Locomotion,gear,gear_1.4,1.4000,0,1,1,4,4,,3.9359
offline,RAMBO,data_off,HalfCheetah,Locomotion,gear,gear_1.4,1.4000,0,1,1,4,4,,30.2860
offline,RFQI,learner_off,HalfCheetah,Locomotion,gear,gear_1.4,1.4000,0,1,1,4,4,,9.8809
offline,ROMB,generative,HalfCheetah,Locomotion,gear,gear_1.4,1.4000,0,1,1,4,4,,19.1422
offline,RORL,learner_off,HalfCheetah,Locomotion,gear,gear_1.4,1.4000,0,1,1,4,4,,26.0698
offline,RSC,data_off,HalfCheetah,Locomotion,gear,gear_1.4,1.4000,0,1,1,4,4,,16.7739
offline,SynthER,standard,HalfCheetah,Locomotion,gear,gear_1.4,1.4000,0,1,1,4,4,,24.8737
offline,TD3+BC,standard,HalfCheetah,Locomotion,gear,gear_1.4,1.4000,0,1,1,4,4,,48.8902
offline,ATLA_off,learner_off,HalfCheetah,Locomotion,gravity,gravity_0.6,0.6000,0,1,1,4,4,,36.0653
offline,FMGAN,generative,HalfCheetah,Locomotion,gravity,gravity_0.6,0.6000,0,1,1,4,4,,41.5411
offline,FWM,generative,HalfCheetah,Locomotion,gravity,gravity_0.6,0.6000,0,1,1,4,4,,45.6795
offline,IQL,standard,HalfCheetah,Locomotion,gravity,gravity_0.6,0.6000,0,1,1,4,4,,33.8438
offline,MOPO,standard,HalfCheetah,Locomotion,gravity,gravity_0.6,0.6000,0,1,1,4,4,,7.3246
offline,RAMBO,data_off,HalfCheetah,Locomotion,gravity,gravity_0.6,0.6000,0,1,1,4,4,,47.0406
offline,RFQI,learner_off,HalfCheetah,Locomotion,gravity,gravity_0.6,0.6000,0,1,1,4,4,,27.0075
offline,ROMB,generative,HalfCheetah,Locomotion,gravity,gravity_0.6,0.6000,0,1,1,4,4,,38.3435
offline,RORL,learner_off,HalfCheetah,Locomotion,gravity,gravity_0.6,0.6000,0,1,1,4,4,,21.5940
offline,RSC,data_off,HalfCheetah,Locomotion,gravity,gravity_0.6,0.6000,0,1,1,4,4,,38.9882
offline,SynthER,standard,HalfCheetah,Locomotion,gravity,gravity_0.6,0.6000,0,1,1,4,4,,31.2188
offline,TD3+BC,standard,HalfCheetah,Locomotion,gravity,gravity_0.6,0.6000,0,1,1,4,4,,52.7217
offline,ATLA_off,learner_off,HalfCheetah,Locomotion,gravity,gravity_0.7,0.7000,0,1,1,3,3,,38.7291
offline,FMGAN,generative,HalfCheetah,Locomotion,gravity,gravity_0.7,0.7000,0,1,1,3,3,,43.2268
offline,FWM,generative,HalfCheetah,Locomotion,gravity,gravity_0.7,0.7000,0,1,1,3,3,,47.2601
offline,IQL,standard,HalfCheetah,Locomotion,gravity,gravity_0.7,0.7000,0,1,1,3,3,,43.5524
offline,MOPO,standard,HalfCheetah,Locomotion,gravity,gravity_0.7,0.7000,0,1,1,3,3,,7.2341
offline,RAMBO,data_off,HalfCheetah,Locomotion,gravity,gravity_0.7,0.7000,0,1,1,3,3,,48.1725
offline,RFQI,learner_off,HalfCheetah,Locomotion,gravity,gravity_0.7,0.7000,0,1,1,3,3,,37.6469
offline,ROMB,generative,HalfCheetah,Locomotion,gravity,gravity_0.7,0.7000,0,1,1,3,3,,42.6847
offline,RORL,learner_off,HalfCheetah,Locomotion,gravity,gravity_0.7,0.7000,0,1,1,3,3,,20.8561
offline,RSC,data_off,HalfCheetah,Locomotion,gravity,gravity_0.7,0.7000,0,1,1,3,3,,46.9286
offline,SynthER,standard,HalfCheetah,Locomotion,gravity,gravity_0.7,0.7000,0,1,1,3,3,,35.2005
offline,TD3+BC,standard,HalfCheetah,Locomotion,gravity,gravity_0.7,0.7000,0,1,1,3,3,,60.3297
offline,ATLA_off,learner_off,HalfCheetah,Locomotion,gravity,gravity_0.8,0.8000,0,1,1,2,2,,62.4612
offline,FMGAN,generative,HalfCheetah,Locomotion,gravity,gravity_0.8,0.8000,0,1,1,2,2,,66.4617
offline,FWM,generative,HalfCheetah,Locomotion,gravity,gravity_0.8,0.8000,0,1,1,2,2,,70.5188
offline,IQL,standard,HalfCheetah,Locomotion,gravity,gravity_0.8,0.8000,0,1,1,2,2,,60.5880
offline,MOPO,standard,HalfCheetah,Locomotion,gravity,gravity_0.8,0.8000,0,1,1,2,2,,21.1673
offline,RAMBO,data_off,HalfCheetah,Locomotion,gravity,gravity_0.8,0.8000,0,1,1,2,2,,66.0166
offline,RFQI,learner_off,HalfCheetah,Locomotion,gravity,gravity_0.8,0.8000,0,1,1,2,2,,59.8076
offline,ROMB,generative,HalfCheetah,Locomotion,gravity,gravity_0.8,0.8000,0,1,1,2,2,,62.7457
offline,RORL,learner_off,HalfCheetah,Locomotion,gravity,gravity_0.8,0.8000,0,1,1,2,2,,23.7780
offline,RSC,data_off,HalfCheetah,Locomotion,gravity,gravity_0.8,0.8000,0,1,1,2,2,,59.7637
offline,SynthER,standard,HalfCheetah,Locomotion,gravity,gravity_0.8,0.8000,0,1,1,2,2,,48.1503
offline,TD3+BC,standard,HalfCheetah,Locomotion,gravity,gravity_0.8,0.8000,0,1,1,2,2,,80.9289
offline,ATLA_off,learner_off,HalfCheetah,Locomotion,gravity,gravity_0.9,0.9000,0,1,1,1,1,,107.0853
offline,FMGAN,generative,HalfCheetah,Locomotion,gravity,gravity_0.9,0.9000,0,1,1,1,1,,106.0045
offline,FWM,generative,HalfCheetah,Locomotion,gravity,gravity_0.9,0.9000,0,1,1,1,1,,100.8217
offline,IQL,standard,HalfCheetah,Locomotion,gravity,gravity_0.9,0.9000,0,1,1,1,1,,101.0176
offline,MOPO,standard,HalfCheetah,Locomotion,gravity,gravity_0.9,0.9000,0,1,1,1,1,,72.9007
offline,RAMBO,data_off,HalfCheetah,Locomotion,gravity,gravity_0.9,0.9000,0,1,1,1,1,,106.8329
offline,RFQI,learner_off,HalfCheetah,Locomotion,gravity,gravity_0.9,0.9000,0,1,1,1,1,,65.5534
offline,ROMB,generative,HalfCheetah,Locomotion,gravity,gravity_0.9,0.9000,0,1,1,1,1,,88.9019
offline,RORL,learner_off,HalfCheetah,Locomotion,gravity,gravity_0.9,0.9000,0,1,1,1,1,,63.9873
offline,RSC,data_off,HalfCheetah,Locomotion,gravity,gravity_0.9,0.9000,0,1,1,1,1,,95.3497
offline,SynthER,standard,HalfCheetah,Locomotion,gravity,gravity_0.9,0.9000,0,1,1,1,1,,81.5243
offline,TD3+BC,standard,HalfCheetah,Locomotion,gravity,gravity_0.9,0.9000,0,1,1,1,1,,88.4668
offline,ATLA_off,learner_off,HalfCheetah,Locomotion,gravity,nominal,1.0000,1,0,0,,,,112.3159
offline,FMGAN,generative,HalfCheetah,Locomotion,gravity,nominal,1.0000,1,0,0,,,,117.9000
offline,FWM,generative,HalfCheetah,Locomotion,gravity,nominal,1.0000,1,0,0,,,,123.7309
offline,IQL,standard,HalfCheetah,Locomotion,gravity,nominal,1.0000,1,0,0,,,,121.2655
offline,MOPO,standard,HalfCheetah,Locomotion,gravity,nominal,1.0000,1,0,0,,,,68.9556
offline,RAMBO,data_off,HalfCheetah,Locomotion,gravity,nominal,1.0000,1,0,0,,,,117.3761
offline,RFQI,learner_off,HalfCheetah,Locomotion,gravity,nominal,1.0000,1,0,0,,,,64.2083
offline,ROMB,generative,HalfCheetah,Locomotion,gravity,nominal,1.0000,1,0,0,,,,120.3968
offline,RORL,learner_off,HalfCheetah,Locomotion,gravity,nominal,1.0000,1,0,0,,,,119.5223
offline,RSC,data_off,HalfCheetah,Locomotion,gravity,nominal,1.0000,1,0,0,,,,99.8517
offline,SynthER,standard,HalfCheetah,Locomotion,gravity,nominal,1.0000,1,0,0,,,,114.0199
offline,TD3+BC,standard,HalfCheetah,Locomotion,gravity,nominal,1.0000,1,0,0,,,,96.9362
offline,ATLA_off,learner_off,HalfCheetah,Locomotion,gravity,gravity_1.1,1.1000,0,1,1,1,1,,87.0167
offline,FMGAN,generative,HalfCheetah,Locomotion,gravity,gravity_1.1,1.1000,0,1,1,1,1,,87.5379
offline,FWM,generative,HalfCheetah,Locomotion,gravity,gravity_1.1,1.1000,0,1,1,1,1,,99.8045
offline,IQL,standard,HalfCheetah,Locomotion,gravity,gravity_1.1,1.1000,0,1,1,1,1,,88.0927
offline,MOPO,standard,HalfCheetah,Locomotion,gravity,gravity_1.1,1.1000,0,1,1,1,1,,48.6277
offline,RAMBO,data_off,HalfCheetah,Locomotion,gravity,gravity_1.1,1.1000,0,1,1,1,1,,93.1484
offline,RFQI,learner_off,HalfCheetah,Locomotion,gravity,gravity_1.1,1.1000,0,1,1,1,1,,62.5707
offline,ROMB,generative,HalfCheetah,Locomotion,gravity,gravity_1.1,1.1000,0,1,1,1,1,,93.7765
offline,RORL,learner_off,HalfCheetah,Locomotion,gravity,gravity_1.1,1.1000,0,1,1,1,1,,97.3765
offline,RSC,data_off,HalfCheetah,Locomotion,gravity,gravity_1.1,1.1000,0,1,1,1,1,,81.9511
offline,SynthER,standard,HalfCheetah,Locomotion,gravity,gravity_1.1,1.1000,0,1,1,1,1,,72.4849
offline,TD3+BC,standard,HalfCheetah,Locomotion,gravity,gravity_1.1,1.1000,0,1,1,1,1,,79.5356
offline,ATLA_off,learner_off,HalfCheetah,Locomotion,gravity,gravity_1.2,1.2000,0,1,1,2,2,,66.8614
offline,FMGAN,generative,HalfCheetah,Locomotion,gravity,gravity_1.2,1.2000,0,1,1,2,2,,56.7000
offline,FWM,generative,HalfCheetah,Locomotion,gravity,gravity_1.2,1.2000,0,1,1,2,2,,65.0091
offline,IQL,standard,HalfCheetah,Locomotion,gravity,gravity_1.2,1.2000,0,1,1,2,2,,60.4561
offline,MOPO,standard,HalfCheetah,Locomotion,gravity,gravity_1.2,1.2000,0,1,1,2,2,,15.6498
offline,RAMBO,data_off,HalfCheetah,Locomotion,gravity,gravity_1.2,1.2000,0,1,1,2,2,,44.1617
offline,RFQI,learner_off,HalfCheetah,Locomotion,gravity,gravity_1.2,1.2000,0,1,1,2,2,,45.0050
offline,ROMB,generative,HalfCheetah,Locomotion,gravity,gravity_1.2,1.2000,0,1,1,2,2,,56.6769
offline,RORL,learner_off,HalfCheetah,Locomotion,gravity,gravity_1.2,1.2000,0,1,1,2,2,,82.7091
offline,RSC,data_off,HalfCheetah,Locomotion,gravity,gravity_1.2,1.2000,0,1,1,2,2,,58.6364
offline,SynthER,standard,HalfCheetah,Locomotion,gravity,gravity_1.2,1.2000,0,1,1,2,2,,24.8405
offline,TD3+BC,standard,HalfCheetah,Locomotion,gravity,gravity_1.2,1.2000,0,1,1,2,2,,71.9536
offline,ATLA_off,learner_off,HalfCheetah,Locomotion,gravity,gravity_1.3,1.3000,0,1,1,3,3,,36.1941
offline,FMGAN,generative,HalfCheetah,Locomotion,gravity,gravity_1.3,1.3000,0,1,1,3,3,,29.5306
offline,FWM,generative,HalfCheetah,Locomotion,gravity,gravity_1.3,1.3000,0,1,1,3,3,,39.0202
offline,IQL,standard,HalfCheetah,Locomotion,gravity,gravity_1.3,1.3000,0,1,1,3,3,,35.3750
offline,MOPO,standard,HalfCheetah,Locomotion,gravity,gravity_1.3,1.3000,0,1,1,3,3,,5.0648
offline,RAMBO,data_off,HalfCheetah,Locomotion,gravity,gravity_1.3,1.3000,0,1,1,3,3,,35.4080
offline,RFQI,learner_off,HalfCheetah,Locomotion,gravity,gravity_1.3,1.3000,0,1,1,3,3,,17.4944
offline,ROMB,generative,HalfCheetah,Locomotion,gravity,gravity_1.3,1.3000,0,1,1,3,3,,38.8306
offline,RORL,learner_off,HalfCheetah,Locomotion,gravity,gravity_1.3,1.3000,0,1,1,3,3,,63.6232
offline,RSC,data_off,HalfCheetah,Locomotion,gravity,gravity_1.3,1.3000,0,1,1,3,3,,36.3352
offline,SynthER,standard,HalfCheetah,Locomotion,gravity,gravity_1.3,1.3000,0,1,1,3,3,,10.0443
offline,TD3+BC,standard,HalfCheetah,Locomotion,gravity,gravity_1.3,1.3000,0,1,1,3,3,,55.0927
offline,ATLA_off,learner_off,HalfCheetah,Locomotion,gravity,gravity_1.4,1.4000,0,1,1,4,4,,20.4049
offline,FMGAN,generative,HalfCheetah,Locomotion,gravity,gravity_1.4,1.4000,0,1,1,4,4,,20.9042
offline,FWM,generative,HalfCheetah,Locomotion,gravity,gravity_1.4,1.4000,0,1,1,4,4,,23.4038
offline,IQL,standard,HalfCheetah,Locomotion,gravity,gravity_1.4,1.4000,0,1,1,4,4,,22.2536
offline,MOPO,standard,HalfCheetah,Locomotion,gravity,gravity_1.4,1.4000,0,1,1,4,4,,3.1926
offline,RAMBO,data_off,HalfCheetah,Locomotion,gravity,gravity_1.4,1.4000,0,1,1,4,4,,19.6025
offline,RFQI,learner_off,HalfCheetah,Locomotion,gravity,gravity_1.4,1.4000,0,1,1,4,4,,11.4009
offline,ROMB,generative,HalfCheetah,Locomotion,gravity,gravity_1.4,1.4000,0,1,1,4,4,,21.8253
offline,RORL,learner_off,HalfCheetah,Locomotion,gravity,gravity_1.4,1.4000,0,1,1,4,4,,42.8574
offline,RSC,data_off,HalfCheetah,Locomotion,gravity,gravity_1.4,1.4000,0,1,1,4,4,,20.5055
offline,SynthER,standard,HalfCheetah,Locomotion,gravity,gravity_1.4,1.4000,0,1,1,4,4,,6.7780
offline,TD3+BC,standard,HalfCheetah,Locomotion,gravity,gravity_1.4,1.4000,0,1,1,4,4,,39.2633
offline,ATLA_off,learner_off,HalfCheetah,Locomotion,morph,morph_0.6,0.6000,0,1,1,4,4,,13.9375
offline,FMGAN,generative,HalfCheetah,Locomotion,morph,morph_0.6,0.6000,0,1,1,4,4,,13.0370
offline,FWM,generative,HalfCheetah,Locomotion,morph,morph_0.6,0.6000,0,1,1,4,4,,14.0949
offline,IQL,standard,HalfCheetah,Locomotion,morph,morph_0.6,0.6000,0,1,1,4,4,,14.7622
offline,MOPO,standard,HalfCheetah,Locomotion,morph,morph_0.6,0.6000,0,1,1,4,4,,1.8932
offline,RAMBO,data_off,HalfCheetah,Locomotion,morph,morph_0.6,0.6000,0,1,1,4,4,,11.1486
offline,RFQI,learner_off,HalfCheetah,Locomotion,morph,morph_0.6,0.6000,0,1,1,4,4,,16.7489
offline,ROMB,generative,HalfCheetah,Locomotion,morph,morph_0.6,0.6000,0,1,1,4,4,,11.8978
offline,RORL,learner_off,HalfCheetah,Locomotion,morph,morph_0.6,0.6000,0,1,1,4,4,,13.7804
offline,RSC,data_off,HalfCheetah,Locomotion,morph,morph_0.6,0.6000,0,1,1,4,4,,12.8274
offline,SynthER,standard,HalfCheetah,Locomotion,morph,morph_0.6,0.6000,0,1,1,4,4,,10.3871
offline,TD3+BC,standard,HalfCheetah,Locomotion,morph,morph_0.6,0.6000,0,1,1,4,4,,18.6227
offline,ATLA_off,learner_off,HalfCheetah,Locomotion,morph,morph_0.7,0.7000,0,1,1,3,3,,21.5654
offline,FMGAN,generative,HalfCheetah,Locomotion,morph,morph_0.7,0.7000,0,1,1,3,3,,17.7550
offline,FWM,generative,HalfCheetah,Locomotion,morph,morph_0.7,0.7000,0,1,1,3,3,,17.3018
offline,IQL,standard,HalfCheetah,Locomotion,morph,morph_0.7,0.7000,0,1,1,3,3,,20.3947
offline,MOPO,standard,HalfCheetah,Locomotion,morph,morph_0.7,0.7000,0,1,1,3,3,,2.7066
offline,RAMBO,data_off,HalfCheetah,Locomotion,morph,morph_0.7,0.7000,0,1,1,3,3,,15.4786
offline,RFQI,learner_off,HalfCheetah,Locomotion,morph,morph_0.7,0.7000,0,1,1,3,3,,26.7705
offline,ROMB,generative,HalfCheetah,Locomotion,morph,morph_0.7,0.7000,0,1,1,3,3,,18.9562
offline,RORL,learner_off,HalfCheetah,Locomotion,morph,morph_0.7,0.7000,0,1,1,3,3,,17.4242
offline,RSC,data_off,HalfCheetah,Locomotion,morph,morph_0.7,0.7000,0,1,1,3,3,,17.6009
offline,SynthER,standard,HalfCheetah,Locomotion,morph,morph_0.7,0.7000,0,1,1,3,3,,12.6692
offline,TD3+BC,standard,HalfCheetah,Locomotion,morph,morph_0.7,0.7000,0,1,1,3,3,,24.7155
offline,ATLA_off,learner_off,HalfCheetah,Locomotion,morph,morph_0.8,0.8000,0,1,1,2,2,,41.2350
offline,FMGAN,generative,HalfCheetah,Locomotion,morph,morph_0.8,0.8000,0,1,1,2,2,,38.7895
offline,FWM,generative,HalfCheetah,Locomotion,morph,morph_0.8,0.8000,0,1,1,2,2,,39.6760
offline,IQL,standard,HalfCheetah,Locomotion,morph,morph_0.8,0.8000,0,1,1,2,2,,41.5987
offline,MOPO,standard,HalfCheetah,Locomotion,morph,morph_0.8,0.8000,0,1,1,2,2,,8.9254
offline,RAMBO,data_off,HalfCheetah,Locomotion,morph,morph_0.8,0.8000,0,1,1,2,2,,29.6689
offline,RFQI,learner_off,HalfCheetah,Locomotion,morph,morph_0.8,0.8000,0,1,1,2,2,,46.8476
offline,ROMB,generative,HalfCheetah,Locomotion,morph,morph_0.8,0.8000,0,1,1,2,2,,43.5442
offline,RORL,learner_off,HalfCheetah,Locomotion,morph,morph_0.8,0.8000,0,1,1,2,2,,31.7355
offline,RSC,data_off,HalfCheetah,Locomotion,morph,morph_0.8,0.8000,0,1,1,2,2,,37.0077
offline,SynthER,standard,HalfCheetah,Locomotion,morph,morph_0.8,0.8000,0,1,1,2,2,,29.6442
offline,TD3+BC,standard,HalfCheetah,Locomotion,morph,morph_0.8,0.8000,0,1,1,2,2,,32.7622
offline,ATLA_off,learner_off,HalfCheetah,Locomotion,morph,morph_0.9,0.9000,0,1,1,1,1,,67.9529
offline,FMGAN,generative,HalfCheetah,Locomotion,morph,morph_0.9,0.9000,0,1,1,1,1,,68.7952
offline,FWM,generative,HalfCheetah,Locomotion,morph,morph_0.9,0.9000,0,1,1,1,1,,70.4804
offline,IQL,standard,HalfCheetah,Locomotion,morph,morph_0.9,0.9000,0,1,1,1,1,,71.8525
offline,MOPO,standard,HalfCheetah,Locomotion,morph,morph_0.9,0.9000,0,1,1,1,1,,28.9051
offline,RAMBO,data_off,HalfCheetah,Locomotion,morph,morph_0.9,0.9000,0,1,1,1,1,,64.4243
offline,RFQI,learner_off,HalfCheetah,Locomotion,morph,morph_0.9,0.9000,0,1,1,1,1,,65.9250
offline,ROMB,generative,HalfCheetah,Locomotion,morph,morph_0.9,0.9000,0,1,1,1,1,,68.0618
offline,RORL,learner_off,HalfCheetah,Locomotion,morph,morph_0.9,0.9000,0,1,1,1,1,,56.3615
offline,RSC,data_off,HalfCheetah,Locomotion,morph,morph_0.9,0.9000,0,1,1,1,1,,66.3633
offline,SynthER,standard,HalfCheetah,Locomotion,morph,morph_0.9,0.9000,0,1,1,1,1,,58.3334
offline,TD3+BC,standard,HalfCheetah,Locomotion,morph,morph_0.9,0.9000,0,1,1,1,1,,66.0242
offline,ATLA_off,learner_off,HalfCheetah,Locomotion,morph,nominal,1.0000,1,0,0,,,,112.3159
offline,FMGAN,generative,HalfCheetah,Locomotion,morph,nominal,1.0000,1,0,0,,,,117.9000
offline,FWM,generative,HalfCheetah,Locomotion,morph,nominal,1.0000,1,0,0,,,,123.7309
offline,IQL,standard,HalfCheetah,Locomotion,morph,nominal,1.0000,1,0,0,,,,121.2655
offline,MOPO,standard,HalfCheetah,Locomotion,morph,nominal,1.0000,1,0,0,,,,68.9556
offline,RAMBO,data_off,HalfCheetah,Locomotion,morph,nominal,1.0000,1,0,0,,,,117.3761
offline,RFQI,learner_off,HalfCheetah,Locomotion,morph,nominal,1.0000,1,0,0,,,,64.2083
offline,ROMB,generative,HalfCheetah,Locomotion,morph,nominal,1.0000,1,0,0,,,,120.3968
offline,RORL,learner_off,HalfCheetah,Locomotion,morph,nominal,1.0000,1,0,0,,,,119.5223
offline,RSC,data_off,HalfCheetah,Locomotion,morph,nominal,1.0000,1,0,0,,,,99.8517
offline,SynthER,standard,HalfCheetah,Locomotion,morph,nominal,1.0000,1,0,0,,,,114.0199
offline,TD3+BC,standard,HalfCheetah,Locomotion,morph,nominal,1.0000,1,0,0,,,,96.9362
offline,ATLA_off,learner_off,HalfCheetah,Locomotion,morph,morph_1.1,1.1000,0,1,1,1,1,,39.0817
offline,FMGAN,generative,HalfCheetah,Locomotion,morph,morph_1.1,1.1000,0,1,1,1,1,,39.5594
offline,FWM,generative,HalfCheetah,Locomotion,morph,morph_1.1,1.1000,0,1,1,1,1,,41.9971
offline,IQL,standard,HalfCheetah,Locomotion,morph,morph_1.1,1.1000,0,1,1,1,1,,39.4274
offline,MOPO,standard,HalfCheetah,Locomotion,morph,morph_1.1,1.1000,0,1,1,1,1,,4.6560
offline,RAMBO,data_off,HalfCheetah,Locomotion,morph,morph_1.1,1.1000,0,1,1,1,1,,31.1187
offline,RFQI,learner_off,HalfCheetah,Locomotion,morph,morph_1.1,1.1000,0,1,1,1,1,,20.9671
offline,ROMB,generative,HalfCheetah,Locomotion,morph,morph_1.1,1.1000,0,1,1,1,1,,40.6561
offline,RORL,learner_off,HalfCheetah,Locomotion,morph,morph_1.1,1.1000,0,1,1,1,1,,41.1239
offline,RSC,data_off,HalfCheetah,Locomotion,morph,morph_1.1,1.1000,0,1,1,1,1,,46.1338
offline,SynthER,standard,HalfCheetah,Locomotion,morph,morph_1.1,1.1000,0,1,1,1,1,,15.2657
offline,TD3+BC,standard,HalfCheetah,Locomotion,morph,morph_1.1,1.1000,0,1,1,1,1,,42.4098
offline,ATLA_off,learner_off,HalfCheetah,Locomotion,morph,morph_1.2,1.2000,0,1,1,2,2,,2.7144
offline,FMGAN,generative,HalfCheetah,Locomotion,morph,morph_1.2,1.2000,0,1,1,2,2,,5.1658
offline,FWM,generative,HalfCheetah,Locomotion,morph,morph_1.2,1.2000,0,1,1,2,2,,3.0860
offline,IQL,standard,HalfCheetah,Locomotion,morph,morph_1.2,1.2000,0,1,1,2,2,,7.1682
offline,MOPO,standard,HalfCheetah,Locomotion,morph,morph_1.2,1.2000,0,1,1,2,2,,2.4604
offline,RAMBO,data_off,HalfCheetah,Locomotion,morph,morph_1.2,1.2000,0,1,1,2,2,,0.8610
offline,RFQI,learner_off,HalfCheetah,Locomotion,morph,morph_1.2,1.2000,0,1,1,2,2,,5.6919
offline,ROMB,generative,HalfCheetah,Locomotion,morph,morph_1.2,1.2000,0,1,1,2,2,,5.3273
offline,RORL,learner_off,HalfCheetah,Locomotion,morph,morph_1.2,1.2000,0,1,1,2,2,,17.5694
offline,RSC,data_off,HalfCheetah,Locomotion,morph,morph_1.2,1.2000,0,1,1,2,2,,8.7208
offline,SynthER,standard,HalfCheetah,Locomotion,morph,morph_1.2,1.2000,0,1,1,2,2,,4.3227
offline,TD3+BC,standard,HalfCheetah,Locomotion,morph,morph_1.2,1.2000,0,1,1,2,2,,5.4111
offline,ATLA_off,learner_off,HalfCheetah,Locomotion,morph,morph_1.3,1.3000,0,1,1,3,3,,-0.7452
offline,FMGAN,generative,HalfCheetah,Locomotion,morph,morph_1.3,1.3000,0,1,1,3,3,,0.1193
offline,FWM,generative,HalfCheetah,Locomotion,morph,morph_1.3,1.3000,0,1,1,3,3,,-0.7757
offline,IQL,standard,HalfCheetah,Locomotion,morph,morph_1.3,1.3000,0,1,1,3,3,,1.4098
offline,MOPO,standard,HalfCheetah,Locomotion,morph,morph_1.3,1.3000,0,1,1,3,3,,1.7816
offline,RAMBO,data_off,HalfCheetah,Locomotion,morph,morph_1.3,1.3000,0,1,1,3,3,,0.2313
offline,RFQI,learner_off,HalfCheetah,Locomotion,morph,morph_1.3,1.3000,0,1,1,3,3,,0.7485
offline,ROMB,generative,HalfCheetah,Locomotion,morph,morph_1.3,1.3000,0,1,1,3,3,,-0.7475
offline,RORL,learner_off,HalfCheetah,Locomotion,morph,morph_1.3,1.3000,0,1,1,3,3,,5.5098
offline,RSC,data_off,HalfCheetah,Locomotion,morph,morph_1.3,1.3000,0,1,1,3,3,,0.7678
offline,SynthER,standard,HalfCheetah,Locomotion,morph,morph_1.3,1.3000,0,1,1,3,3,,1.7461
offline,TD3+BC,standard,HalfCheetah,Locomotion,morph,morph_1.3,1.3000,0,1,1,3,3,,1.4085
offline,ATLA_off,learner_off,HalfCheetah,Locomotion,morph,morph_1.4,1.4000,0,1,1,4,4,,-1.0992
offline,FMGAN,generative,HalfCheetah,Locomotion,morph,morph_1.4,1.4000,0,1,1,4,4,,-1.3248
offline,FWM,generative,HalfCheetah,Locomotion,morph,morph_1.4,1.4000,0,1,1,4,4,,-1.7626
offline,IQL,standard,HalfCheetah,Locomotion,morph,morph_1.4,1.4000,0,1,1,4,4,,-0.9097
offline,MOPO,standard,HalfCheetah,Locomotion,morph,morph_1.4,1.4000,0,1,1,4,4,,1.5031
offline,RAMBO,data_off,HalfCheetah,Locomotion,morph,morph_1.4,1.4000,0,1,1,4,4,,-0.4548
offline,RFQI,learner_off,HalfCheetah,Locomotion,morph,morph_1.4,1.4000,0,1,1,4,4,,-0.8181
offline,ROMB,generative,HalfCheetah,Locomotion,morph,morph_1.4,1.4000,0,1,1,4,4,,-1.8980
offline,RORL,learner_off,HalfCheetah,Locomotion,morph,morph_1.4,1.4000,0,1,1,4,4,,2.3808
offline,RSC,data_off,HalfCheetah,Locomotion,morph,morph_1.4,1.4000,0,1,1,4,4,,-0.9518
offline,SynthER,standard,HalfCheetah,Locomotion,morph,morph_1.4,1.4000,0,1,1,4,4,,-0.1133
offline,TD3+BC,standard,HalfCheetah,Locomotion,morph,morph_1.4,1.4000,0,1,1,4,4,,-0.1087
offline,ATLA_off,learner_off,Hopper,Locomotion,gear,gear_0.6,0.6000,0,1,1,4,4,,9.8393
offline,FMGAN,generative,Hopper,Locomotion,gear,gear_0.6,0.6000,0,1,1,4,4,,11.9664
offline,FWM,generative,Hopper,Locomotion,gear,gear_0.6,0.6000,0,1,1,4,4,,10.6015
offline,IQL,standard,Hopper,Locomotion,gear,gear_0.6,0.6000,0,1,1,4,4,,10.5786
offline,MOPO,standard,Hopper,Locomotion,gear,gear_0.6,0.6000,0,1,1,4,4,,6.8994
offline,RAMBO,data_off,Hopper,Locomotion,gear,gear_0.6,0.6000,0,1,1,4,4,,9.0304
offline,RFQI,learner_off,Hopper,Locomotion,gear,gear_0.6,0.6000,0,1,1,4,4,,11.5163
offline,ROMB,generative,Hopper,Locomotion,gear,gear_0.6,0.6000,0,1,1,4,4,,11.8432
offline,RORL,learner_off,Hopper,Locomotion,gear,gear_0.6,0.6000,0,1,1,4,4,,11.1032
offline,RSC,data_off,Hopper,Locomotion,gear,gear_0.6,0.6000,0,1,1,4,4,,9.5418
offline,SynthER,standard,Hopper,Locomotion,gear,gear_0.6,0.6000,0,1,1,4,4,,10.5970
offline,TD3+BC,standard,Hopper,Locomotion,gear,gear_0.6,0.6000,0,1,1,4,4,,11.7831
offline,ATLA_off,learner_off,Hopper,Locomotion,gear,gear_0.7,0.7000,0,1,1,3,3,,15.0824
offline,FMGAN,generative,Hopper,Locomotion,gear,gear_0.7,0.7000,0,1,1,3,3,,15.5047
offline,FWM,generative,Hopper,Locomotion,gear,gear_0.7,0.7000,0,1,1,3,3,,15.5456
offline,IQL,standard,Hopper,Locomotion,gear,gear_0.7,0.7000,0,1,1,3,3,,15.2651
offline,MOPO,standard,Hopper,Locomotion,gear,gear_0.7,0.7000,0,1,1,3,3,,9.2391
offline,RAMBO,data_off,Hopper,Locomotion,gear,gear_0.7,0.7000,0,1,1,3,3,,13.3816
offline,RFQI,learner_off,Hopper,Locomotion,gear,gear_0.7,0.7000,0,1,1,3,3,,14.2010
offline,ROMB,generative,Hopper,Locomotion,gear,gear_0.7,0.7000,0,1,1,3,3,,14.9075
offline,RORL,learner_off,Hopper,Locomotion,gear,gear_0.7,0.7000,0,1,1,3,3,,14.9227
offline,RSC,data_off,Hopper,Locomotion,gear,gear_0.7,0.7000,0,1,1,3,3,,14.0489
offline,SynthER,standard,Hopper,Locomotion,gear,gear_0.7,0.7000,0,1,1,3,3,,14.7873
offline,TD3+BC,standard,Hopper,Locomotion,gear,gear_0.7,0.7000,0,1,1,3,3,,14.2852
offline,ATLA_off,learner_off,Hopper,Locomotion,gear,gear_0.8,0.8000,0,1,1,2,2,,18.1823
offline,FMGAN,generative,Hopper,Locomotion,gear,gear_0.8,0.8000,0,1,1,2,2,,19.7463
offline,FWM,generative,Hopper,Locomotion,gear,gear_0.8,0.8000,0,1,1,2,2,,19.7821
offline,IQL,standard,Hopper,Locomotion,gear,gear_0.8,0.8000,0,1,1,2,2,,19.5481
offline,MOPO,standard,Hopper,Locomotion,gear,gear_0.8,0.8000,0,1,1,2,2,,11.1865
offline,RAMBO,data_off,Hopper,Locomotion,gear,gear_0.8,0.8000,0,1,1,2,2,,18.6048
offline,RFQI,learner_off,Hopper,Locomotion,gear,gear_0.8,0.8000,0,1,1,2,2,,17.0703
offline,ROMB,generative,Hopper,Locomotion,gear,gear_0.8,0.8000,0,1,1,2,2,,18.2011
offline,RORL,learner_off,Hopper,Locomotion,gear,gear_0.8,0.8000,0,1,1,2,2,,19.6995
offline,RSC,data_off,Hopper,Locomotion,gear,gear_0.8,0.8000,0,1,1,2,2,,18.3717
offline,SynthER,standard,Hopper,Locomotion,gear,gear_0.8,0.8000,0,1,1,2,2,,17.8702
offline,TD3+BC,standard,Hopper,Locomotion,gear,gear_0.8,0.8000,0,1,1,2,2,,19.0041
offline,ATLA_off,learner_off,Hopper,Locomotion,gear,gear_0.9,0.9000,0,1,1,1,1,,27.6660
offline,FMGAN,generative,Hopper,Locomotion,gear,gear_0.9,0.9000,0,1,1,1,1,,28.2115
offline,FWM,generative,Hopper,Locomotion,gear,gear_0.9,0.9000,0,1,1,1,1,,27.3266
offline,IQL,standard,Hopper,Locomotion,gear,gear_0.9,0.9000,0,1,1,1,1,,26.8621
offline,MOPO,standard,Hopper,Locomotion,gear,gear_0.9,0.9000,0,1,1,1,1,,14.8823
offline,RAMBO,data_off,Hopper,Locomotion,gear,gear_0.9,0.9000,0,1,1,1,1,,27.6243
offline,RFQI,learner_off,Hopper,Locomotion,gear,gear_0.9,0.9000,0,1,1,1,1,,24.7062
offline,ROMB,generative,Hopper,Locomotion,gear,gear_0.9,0.9000,0,1,1,1,1,,27.4336
offline,RORL,learner_off,Hopper,Locomotion,gear,gear_0.9,0.9000,0,1,1,1,1,,29.2216
offline,RSC,data_off,Hopper,Locomotion,gear,gear_0.9,0.9000,0,1,1,1,1,,26.6376
offline,SynthER,standard,Hopper,Locomotion,gear,gear_0.9,0.9000,0,1,1,1,1,,26.9716
offline,TD3+BC,standard,Hopper,Locomotion,gear,gear_0.9,0.9000,0,1,1,1,1,,27.1065
offline,ATLA_off,learner_off,Hopper,Locomotion,gear,nominal,1.0000,1,0,0,,,,107.2070
offline,FMGAN,generative,Hopper,Locomotion,gear,nominal,1.0000,1,0,0,,,,106.7173
offline,FWM,generative,Hopper,Locomotion,gear,nominal,1.0000,1,0,0,,,,101.1446
offline,IQL,standard,Hopper,Locomotion,gear,nominal,1.0000,1,0,0,,,,106.8433
offline,MOPO,standard,Hopper,Locomotion,gear,nominal,1.0000,1,0,0,,,,33.8669
offline,RAMBO,data_off,Hopper,Locomotion,gear,nominal,1.0000,1,0,0,,,,99.0275
offline,RFQI,learner_off,Hopper,Locomotion,gear,nominal,1.0000,1,0,0,,,,108.1246
offline,ROMB,generative,Hopper,Locomotion,gear,nominal,1.0000,1,0,0,,,,99.1389
offline,RORL,learner_off,Hopper,Locomotion,gear,nominal,1.0000,1,0,0,,,,110.5441
offline,RSC,data_off,Hopper,Locomotion,gear,nominal,1.0000,1,0,0,,,,100.8116
offline,SynthER,standard,Hopper,Locomotion,gear,nominal,1.0000,1,0,0,,,,110.6584
offline,TD3+BC,standard,Hopper,Locomotion,gear,nominal,1.0000,1,0,0,,,,110.2090
offline,ATLA_off,learner_off,Hopper,Locomotion,gear,gear_1.1,1.1000,0,1,1,1,1,,110.5300
offline,FMGAN,generative,Hopper,Locomotion,gear,gear_1.1,1.1000,0,1,1,1,1,,110.1743
offline,FWM,generative,Hopper,Locomotion,gear,gear_1.1,1.1000,0,1,1,1,1,,110.2560
offline,IQL,standard,Hopper,Locomotion,gear,gear_1.1,1.1000,0,1,1,1,1,,110.4888
offline,MOPO,standard,Hopper,Locomotion,gear,gear_1.1,1.1000,0,1,1,1,1,,63.6066
offline,RAMBO,data_off,Hopper,Locomotion,gear,gear_1.1,1.1000,0,1,1,1,1,,110.9340
offline,RFQI,learner_off,Hopper,Locomotion,gear,gear_1.1,1.1000,0,1,1,1,1,,111.2119
offline,ROMB,generative,Hopper,Locomotion,gear,gear_1.1,1.1000,0,1,1,1,1,,110.5747
offline,RORL,learner_off,Hopper,Locomotion,gear,gear_1.1,1.1000,0,1,1,1,1,,111.2869
offline,RSC,data_off,Hopper,Locomotion,gear,gear_1.1,1.1000,0,1,1,1,1,,109.8929
offline,SynthER,standard,Hopper,Locomotion,gear,gear_1.1,1.1000,0,1,1,1,1,,111.4460
offline,TD3+BC,standard,Hopper,Locomotion,gear,gear_1.1,1.1000,0,1,1,1,1,,111.3716
offline,ATLA_off,learner_off,Hopper,Locomotion,gear,gear_1.2,1.2000,0,1,1,2,2,,112.2749
offline,FMGAN,generative,Hopper,Locomotion,gear,gear_1.2,1.2000,0,1,1,2,2,,111.3686
offline,FWM,generative,Hopper,Locomotion,gear,gear_1.2,1.2000,0,1,1,2,2,,111.3625
offline,IQL,standard,Hopper,Locomotion,gear,gear_1.2,1.2000,0,1,1,2,2,,112.1677
offline,MOPO,standard,Hopper,Locomotion,gear,gear_1.2,1.2000,0,1,1,2,2,,69.8554
offline,RAMBO,data_off,Hopper,Locomotion,gear,gear_1.2,1.2000,0,1,1,2,2,,113.3146
offline,RFQI,learner_off,Hopper,Locomotion,gear,gear_1.2,1.2000,0,1,1,2,2,,99.4585
offline,ROMB,generative,Hopper,Locomotion,gear,gear_1.2,1.2000,0,1,1,2,2,,112.2165
offline,RORL,learner_off,Hopper,Locomotion,gear,gear_1.2,1.2000,0,1,1,2,2,,108.8201
offline,RSC,data_off,Hopper,Locomotion,gear,gear_1.2,1.2000,0,1,1,2,2,,52.9258
offline,SynthER,standard,Hopper,Locomotion,gear,gear_1.2,1.2000,0,1,1,2,2,,114.1694
offline,TD3+BC,standard,Hopper,Locomotion,gear,gear_1.2,1.2000,0,1,1,2,2,,89.3992
offline,ATLA_off,learner_off,Hopper,Locomotion,gear,gear_1.3,1.3000,0,1,1,3,3,,67.2209
offline,FMGAN,generative,Hopper,Locomotion,gear,gear_1.3,1.3000,0,1,1,3,3,,91.7993
offline,FWM,generative,Hopper,Locomotion,gear,gear_1.3,1.3000,0,1,1,3,3,,104.2808
offline,IQL,standard,Hopper,Locomotion,gear,gear_1.3,1.3000,0,1,1,3,3,,90.7616
offline,MOPO,standard,Hopper,Locomotion,gear,gear_1.3,1.3000,0,1,1,3,3,,70.4725
offline,RAMBO,data_off,Hopper,Locomotion,gear,gear_1.3,1.3000,0,1,1,3,3,,64.7628
offline,RFQI,learner_off,Hopper,Locomotion,gear,gear_1.3,1.3000,0,1,1,3,3,,67.1386
offline,ROMB,generative,Hopper,Locomotion,gear,gear_1.3,1.3000,0,1,1,3,3,,92.4668
offline,RORL,learner_off,Hopper,Locomotion,gear,gear_1.3,1.3000,0,1,1,3,3,,76.1788
offline,RSC,data_off,Hopper,Locomotion,gear,gear_1.3,1.3000,0,1,1,3,3,,30.7218
offline,SynthER,standard,Hopper,Locomotion,gear,gear_1.3,1.3000,0,1,1,3,3,,73.9889
offline,TD3+BC,standard,Hopper,Locomotion,gear,gear_1.3,1.3000,0,1,1,3,3,,55.2518
offline,ATLA_off,learner_off,Hopper,Locomotion,gear,gear_1.4,1.4000,0,1,1,4,4,,37.7415
offline,FMGAN,generative,Hopper,Locomotion,gear,gear_1.4,1.4000,0,1,1,4,4,,33.2142
offline,FWM,generative,Hopper,Locomotion,gear,gear_1.4,1.4000,0,1,1,4,4,,49.2048
offline,IQL,standard,Hopper,Locomotion,gear,gear_1.4,1.4000,0,1,1,4,4,,15.0274
offline,MOPO,standard,Hopper,Locomotion,gear,gear_1.4,1.4000,0,1,1,4,4,,49.5209
offline,RAMBO,data_off,Hopper,Locomotion,gear,gear_1.4,1.4000,0,1,1,4,4,,44.6411
offline,RFQI,learner_off,Hopper,Locomotion,gear,gear_1.4,1.4000,0,1,1,4,4,,26.3847
offline,ROMB,generative,Hopper,Locomotion,gear,gear_1.4,1.4000,0,1,1,4,4,,23.1199
offline,RORL,learner_off,Hopper,Locomotion,gear,gear_1.4,1.4000,0,1,1,4,4,,56.1583
offline,RSC,data_off,Hopper,Locomotion,gear,gear_1.4,1.4000,0,1,1,4,4,,17.1892
offline,SynthER,standard,Hopper,Locomotion,gear,gear_1.4,1.4000,0,1,1,4,4,,31.8913
offline,TD3+BC,standard,Hopper,Locomotion,gear,gear_1.4,1.4000,0,1,1,4,4,,19.0500
offline,ATLA_off,learner_off,Hopper,Locomotion,gravity,gravity_0.6,0.6000,0,1,1,4,4,,100.7247
offline,FMGAN,generative,Hopper,Locomotion,gravity,gravity_0.6,0.6000,0,1,1,4,4,,94.4661
offline,FWM,generative,Hopper,Locomotion,gravity,gravity_0.6,0.6000,0,1,1,4,4,,64.6552
offline,IQL,standard,Hopper,Locomotion,gravity,gravity_0.6,0.6000,0,1,1,4,4,,78.5424
offline,MOPO,standard,Hopper,Locomotion,gravity,gravity_0.6,0.6000,0,1,1,4,4,,31.8839
offline,RAMBO,data_off,Hopper,Locomotion,gravity,gravity_0.6,0.6000,0,1,1,4,4,,92.9403
offline,RFQI,learner_off,Hopper,Locomotion,gravity,gravity_0.6,0.6000,0,1,1,4,4,,56.1989
offline,ROMB,generative,Hopper,Locomotion,gravity,gravity_0.6,0.6000,0,1,1,4,4,,82.4856
offline,RORL,learner_off,Hopper,Locomotion,gravity,gravity_0.6,0.6000,0,1,1,4,4,,99.1730
offline,RSC,data_off,Hopper,Locomotion,gravity,gravity_0.6,0.6000,0,1,1,4,4,,69.7252
offline,SynthER,standard,Hopper,Locomotion,gravity,gravity_0.6,0.6000,0,1,1,4,4,,87.9527
offline,TD3+BC,standard,Hopper,Locomotion,gravity,gravity_0.6,0.6000,0,1,1,4,4,,39.2011
offline,ATLA_off,learner_off,Hopper,Locomotion,gravity,gravity_0.7,0.7000,0,1,1,3,3,,69.2950
offline,FMGAN,generative,Hopper,Locomotion,gravity,gravity_0.7,0.7000,0,1,1,3,3,,73.8545
offline,FWM,generative,Hopper,Locomotion,gravity,gravity_0.7,0.7000,0,1,1,3,3,,51.9368
offline,IQL,standard,Hopper,Locomotion,gravity,gravity_0.7,0.7000,0,1,1,3,3,,58.0000
offline,MOPO,standard,Hopper,Locomotion,gravity,gravity_0.7,0.7000,0,1,1,3,3,,31.1725
offline,RAMBO,data_off,Hopper,Locomotion,gravity,gravity_0.7,0.7000,0,1,1,3,3,,87.2603
offline,RFQI,learner_off,Hopper,Locomotion,gravity,gravity_0.7,0.7000,0,1,1,3,3,,43.9019
offline,ROMB,generative,Hopper,Locomotion,gravity,gravity_0.7,0.7000,0,1,1,3,3,,59.3873
offline,RORL,learner_off,Hopper,Locomotion,gravity,gravity_0.7,0.7000,0,1,1,3,3,,103.5308
offline,RSC,data_off,Hopper,Locomotion,gravity,gravity_0.7,0.7000,0,1,1,3,3,,57.0539
offline,SynthER,standard,Hopper,Locomotion,gravity,gravity_0.7,0.7000,0,1,1,3,3,,49.1601
offline,TD3+BC,standard,Hopper,Locomotion,gravity,gravity_0.7,0.7000,0,1,1,3,3,,58.7863
offline,ATLA_off,learner_off,Hopper,Locomotion,gravity,gravity_0.8,0.8000,0,1,1,2,2,,55.0738
offline,FMGAN,generative,Hopper,Locomotion,gravity,gravity_0.8,0.8000,0,1,1,2,2,,61.0292
offline,FWM,generative,Hopper,Locomotion,gravity,gravity_0.8,0.8000,0,1,1,2,2,,53.7216
offline,IQL,standard,Hopper,Locomotion,gravity,gravity_0.8,0.8000,0,1,1,2,2,,53.4277
offline,MOPO,standard,Hopper,Locomotion,gravity,gravity_0.8,0.8000,0,1,1,2,2,,44.3212
offline,RAMBO,data_off,Hopper,Locomotion,gravity,gravity_0.8,0.8000,0,1,1,2,2,,96.5631
offline,RFQI,learner_off,Hopper,Locomotion,gravity,gravity_0.8,0.8000,0,1,1,2,2,,68.7838
offline,ROMB,generative,Hopper,Locomotion,gravity,gravity_0.8,0.8000,0,1,1,2,2,,49.9839
offline,RORL,learner_off,Hopper,Locomotion,gravity,gravity_0.8,0.8000,0,1,1,2,2,,96.7350
offline,RSC,data_off,Hopper,Locomotion,gravity,gravity_0.8,0.8000,0,1,1,2,2,,51.8056
offline,SynthER,standard,Hopper,Locomotion,gravity,gravity_0.8,0.8000,0,1,1,2,2,,49.4282
offline,TD3+BC,standard,Hopper,Locomotion,gravity,gravity_0.8,0.8000,0,1,1,2,2,,97.1197
offline,ATLA_off,learner_off,Hopper,Locomotion,gravity,gravity_0.9,0.9000,0,1,1,1,1,,98.0084
offline,FMGAN,generative,Hopper,Locomotion,gravity,gravity_0.9,0.9000,0,1,1,1,1,,92.0799
offline,FWM,generative,Hopper,Locomotion,gravity,gravity_0.9,0.9000,0,1,1,1,1,,98.8822
offline,IQL,standard,Hopper,Locomotion,gravity,gravity_0.9,0.9000,0,1,1,1,1,,94.3341
offline,MOPO,standard,Hopper,Locomotion,gravity,gravity_0.9,0.9000,0,1,1,1,1,,41.4885
offline,RAMBO,data_off,Hopper,Locomotion,gravity,gravity_0.9,0.9000,0,1,1,1,1,,109.9672
offline,RFQI,learner_off,Hopper,Locomotion,gravity,gravity_0.9,0.9000,0,1,1,1,1,,80.8796
offline,ROMB,generative,Hopper,Locomotion,gravity,gravity_0.9,0.9000,0,1,1,1,1,,98.1260
offline,RORL,learner_off,Hopper,Locomotion,gravity,gravity_0.9,0.9000,0,1,1,1,1,,110.7156
offline,RSC,data_off,Hopper,Locomotion,gravity,gravity_0.9,0.9000,0,1,1,1,1,,98.1386
offline,SynthER,standard,Hopper,Locomotion,gravity,gravity_0.9,0.9000,0,1,1,1,1,,80.2449
offline,TD3+BC,standard,Hopper,Locomotion,gravity,gravity_0.9,0.9000,0,1,1,1,1,,102.4631
offline,ATLA_off,learner_off,Hopper,Locomotion,gravity,nominal,1.0000,1,0,0,,,,107.2070
offline,FMGAN,generative,Hopper,Locomotion,gravity,nominal,1.0000,1,0,0,,,,106.7173
offline,FWM,generative,Hopper,Locomotion,gravity,nominal,1.0000,1,0,0,,,,101.1446
offline,IQL,standard,Hopper,Locomotion,gravity,nominal,1.0000,1,0,0,,,,106.8433
offline,MOPO,standard,Hopper,Locomotion,gravity,nominal,1.0000,1,0,0,,,,33.8669
offline,RAMBO,data_off,Hopper,Locomotion,gravity,nominal,1.0000,1,0,0,,,,99.0275
offline,RFQI,learner_off,Hopper,Locomotion,gravity,nominal,1.0000,1,0,0,,,,108.1246
offline,ROMB,generative,Hopper,Locomotion,gravity,nominal,1.0000,1,0,0,,,,99.1389
offline,RORL,learner_off,Hopper,Locomotion,gravity,nominal,1.0000,1,0,0,,,,110.5441
offline,RSC,data_off,Hopper,Locomotion,gravity,nominal,1.0000,1,0,0,,,,100.8116
offline,SynthER,standard,Hopper,Locomotion,gravity,nominal,1.0000,1,0,0,,,,110.6584
offline,TD3+BC,standard,Hopper,Locomotion,gravity,nominal,1.0000,1,0,0,,,,110.2090
offline,ATLA_off,learner_off,Hopper,Locomotion,gravity,gravity_1.1,1.1000,0,1,1,1,1,,36.6375
offline,FMGAN,generative,Hopper,Locomotion,gravity,gravity_1.1,1.1000,0,1,1,1,1,,37.8066
offline,FWM,generative,Hopper,Locomotion,gravity,gravity_1.1,1.1000,0,1,1,1,1,,35.5940
offline,IQL,standard,Hopper,Locomotion,gravity,gravity_1.1,1.1000,0,1,1,1,1,,36.3847
offline,MOPO,standard,Hopper,Locomotion,gravity,gravity_1.1,1.1000,0,1,1,1,1,,20.5602
offline,RAMBO,data_off,Hopper,Locomotion,gravity,gravity_1.1,1.1000,0,1,1,1,1,,34.3926
offline,RFQI,learner_off,Hopper,Locomotion,gravity,gravity_1.1,1.1000,0,1,1,1,1,,44.7673
offline,ROMB,generative,Hopper,Locomotion,gravity,gravity_1.1,1.1000,0,1,1,1,1,,36.8839
offline,RORL,learner_off,Hopper,Locomotion,gravity,gravity_1.1,1.1000,0,1,1,1,1,,37.5199
offline,RSC,data_off,Hopper,Locomotion,gravity,gravity_1.1,1.1000,0,1,1,1,1,,35.5904
offline,SynthER,standard,Hopper,Locomotion,gravity,gravity_1.1,1.1000,0,1,1,1,1,,37.8986
offline,TD3+BC,standard,Hopper,Locomotion,gravity,gravity_1.1,1.1000,0,1,1,1,1,,57.3983
offline,ATLA_off,learner_off,Hopper,Locomotion,gravity,gravity_1.2,1.2000,0,1,1,2,2,,27.4767
offline,FMGAN,generative,Hopper,Locomotion,gravity,gravity_1.2,1.2000,0,1,1,2,2,,27.9305
offline,FWM,generative,Hopper,Locomotion,gravity,gravity_1.2,1.2000,0,1,1,2,2,,27.1392
offline,IQL,standard,Hopper,Locomotion,gravity,gravity_1.2,1.2000,0,1,1,2,2,,26.7501
offline,MOPO,standard,Hopper,Locomotion,gravity,gravity_1.2,1.2000,0,1,1,2,2,,14.9019
offline,RAMBO,data_off,Hopper,Locomotion,gravity,gravity_1.2,1.2000,0,1,1,2,2,,26.6936
offline,RFQI,learner_off,Hopper,Locomotion,gravity,gravity_1.2,1.2000,0,1,1,2,2,,23.4187
offline,ROMB,generative,Hopper,Locomotion,gravity,gravity_1.2,1.2000,0,1,1,2,2,,27.3281
offline,RORL,learner_off,Hopper,Locomotion,gravity,gravity_1.2,1.2000,0,1,1,2,2,,26.1702
offline,RSC,data_off,Hopper,Locomotion,gravity,gravity_1.2,1.2000,0,1,1,2,2,,27.9516
offline,SynthER,standard,Hopper,Locomotion,gravity,gravity_1.2,1.2000,0,1,1,2,2,,27.8757
offline,TD3+BC,standard,Hopper,Locomotion,gravity,gravity_1.2,1.2000,0,1,1,2,2,,28.6877
offline,ATLA_off,learner_off,Hopper,Locomotion,gravity,gravity_1.3,1.3000,0,1,1,3,3,,18.0479
offline,FMGAN,generative,Hopper,Locomotion,gravity,gravity_1.3,1.3000,0,1,1,3,3,,21.9566
offline,FWM,generative,Hopper,Locomotion,gravity,gravity_1.3,1.3000,0,1,1,3,3,,21.3140
offline,IQL,standard,Hopper,Locomotion,gravity,gravity_1.3,1.3000,0,1,1,3,3,,17.6343
offline,MOPO,standard,Hopper,Locomotion,gravity,gravity_1.3,1.3000,0,1,1,3,3,,12.2665
offline,RAMBO,data_off,Hopper,Locomotion,gravity,gravity_1.3,1.3000,0,1,1,3,3,,20.3763
offline,RFQI,learner_off,Hopper,Locomotion,gravity,gravity_1.3,1.3000,0,1,1,3,3,,14.6805
offline,ROMB,generative,Hopper,Locomotion,gravity,gravity_1.3,1.3000,0,1,1,3,3,,21.4493
offline,RORL,learner_off,Hopper,Locomotion,gravity,gravity_1.3,1.3000,0,1,1,3,3,,19.4287
offline,RSC,data_off,Hopper,Locomotion,gravity,gravity_1.3,1.3000,0,1,1,3,3,,22.8818
offline,SynthER,standard,Hopper,Locomotion,gravity,gravity_1.3,1.3000,0,1,1,3,3,,19.8649
offline,TD3+BC,standard,Hopper,Locomotion,gravity,gravity_1.3,1.3000,0,1,1,3,3,,21.5756
offline,ATLA_off,learner_off,Hopper,Locomotion,gravity,gravity_1.4,1.4000,0,1,1,4,4,,16.3638
offline,FMGAN,generative,Hopper,Locomotion,gravity,gravity_1.4,1.4000,0,1,1,4,4,,18.7207
offline,FWM,generative,Hopper,Locomotion,gravity,gravity_1.4,1.4000,0,1,1,4,4,,18.9009
offline,IQL,standard,Hopper,Locomotion,gravity,gravity_1.4,1.4000,0,1,1,4,4,,16.3514
offline,MOPO,standard,Hopper,Locomotion,gravity,gravity_1.4,1.4000,0,1,1,4,4,,11.5445
offline,RAMBO,data_off,Hopper,Locomotion,gravity,gravity_1.4,1.4000,0,1,1,4,4,,18.5547
offline,RFQI,learner_off,Hopper,Locomotion,gravity,gravity_1.4,1.4000,0,1,1,4,4,,14.3242
offline,ROMB,generative,Hopper,Locomotion,gravity,gravity_1.4,1.4000,0,1,1,4,4,,18.6892
offline,RORL,learner_off,Hopper,Locomotion,gravity,gravity_1.4,1.4000,0,1,1,4,4,,17.0719
offline,RSC,data_off,Hopper,Locomotion,gravity,gravity_1.4,1.4000,0,1,1,4,4,,19.3187
offline,SynthER,standard,Hopper,Locomotion,gravity,gravity_1.4,1.4000,0,1,1,4,4,,17.6478
offline,TD3+BC,standard,Hopper,Locomotion,gravity,gravity_1.4,1.4000,0,1,1,4,4,,18.9123
offline,ATLA_off,learner_off,Hopper,Locomotion,morph,morph_0.6,0.6000,0,1,1,4,4,,4.2247
offline,FMGAN,generative,Hopper,Locomotion,morph,morph_0.6,0.6000,0,1,1,4,4,,11.1107
offline,FWM,generative,Hopper,Locomotion,morph,morph_0.6,0.6000,0,1,1,4,4,,4.3028
offline,IQL,standard,Hopper,Locomotion,morph,morph_0.6,0.6000,0,1,1,4,4,,2.6281
offline,MOPO,standard,Hopper,Locomotion,morph,morph_0.6,0.6000,0,1,1,4,4,,1.2274
offline,RAMBO,data_off,Hopper,Locomotion,morph,morph_0.6,0.6000,0,1,1,4,4,,1.4499
offline,RFQI,learner_off,Hopper,Locomotion,morph,morph_0.6,0.6000,0,1,1,4,4,,10.1284
offline,ROMB,generative,Hopper,Locomotion,morph,morph_0.6,0.6000,0,1,1,4,4,,4.6310
offline,RORL,learner_off,Hopper,Locomotion,morph,morph_0.6,0.6000,0,1,1,4,4,,5.3074
offline,RSC,data_off,Hopper,Locomotion,morph,morph_0.6,0.6000,0,1,1,4,4,,5.2621
offline,SynthER,standard,Hopper,Locomotion,morph,morph_0.6,0.6000,0,1,1,4,4,,14.3619
offline,TD3+BC,standard,Hopper,Locomotion,morph,morph_0.6,0.6000,0,1,1,4,4,,3.4874
offline,ATLA_off,learner_off,Hopper,Locomotion,morph,morph_0.7,0.7000,0,1,1,3,3,,57.7107
offline,FMGAN,generative,Hopper,Locomotion,morph,morph_0.7,0.7000,0,1,1,3,3,,51.2084
offline,FWM,generative,Hopper,Locomotion,morph,morph_0.7,0.7000,0,1,1,3,3,,47.0087
offline,IQL,standard,Hopper,Locomotion,morph,morph_0.7,0.7000,0,1,1,3,3,,54.7489
offline,MOPO,standard,Hopper,Locomotion,morph,morph_0.7,0.7000,0,1,1,3,3,,14.3402
offline,RAMBO,data_off,Hopper,Locomotion,morph,morph_0.7,0.7000,0,1,1,3,3,,48.1643
offline,RFQI,learner_off,Hopper,Locomotion,morph,morph_0.7,0.7000,0,1,1,3,3,,54.2211
offline,ROMB,generative,Hopper,Locomotion,morph,morph_0.7,0.7000,0,1,1,3,3,,61.8477
offline,RORL,learner_off,Hopper,Locomotion,morph,morph_0.7,0.7000,0,1,1,3,3,,59.3662
offline,RSC,data_off,Hopper,Locomotion,morph,morph_0.7,0.7000,0,1,1,3,3,,41.9629
offline,SynthER,standard,Hopper,Locomotion,morph,morph_0.7,0.7000,0,1,1,3,3,,63.1491
offline,TD3+BC,standard,Hopper,Locomotion,morph,morph_0.7,0.7000,0,1,1,3,3,,52.7520
offline,ATLA_off,learner_off,Hopper,Locomotion,morph,morph_0.8,0.8000,0,1,1,2,2,,78.3165
offline,FMGAN,generative,Hopper,Locomotion,morph,morph_0.8,0.8000,0,1,1,2,2,,68.3560
offline,FWM,generative,Hopper,Locomotion,morph,morph_0.8,0.8000,0,1,1,2,2,,67.1284
offline,IQL,standard,Hopper,Locomotion,morph,morph_0.8,0.8000,0,1,1,2,2,,66.0795
offline,MOPO,standard,Hopper,Locomotion,morph,morph_0.8,0.8000,0,1,1,2,2,,13.5823
offline,RAMBO,data_off,Hopper,Locomotion,morph,morph_0.8,0.8000,0,1,1,2,2,,60.5935
offline,RFQI,learner_off,Hopper,Locomotion,morph,morph_0.8,0.8000,0,1,1,2,2,,51.0549
offline,ROMB,generative,Hopper,Locomotion,morph,morph_0.8,0.8000,0,1,1,2,2,,83.3361
offline,RORL,learner_off,Hopper,Locomotion,morph,morph_0.8,0.8000,0,1,1,2,2,,53.5313
offline,RSC,data_off,Hopper,Locomotion,morph,morph_0.8,0.8000,0,1,1,2,2,,85.0279
offline,SynthER,standard,Hopper,Locomotion,morph,morph_0.8,0.8000,0,1,1,2,2,,51.9340
offline,TD3+BC,standard,Hopper,Locomotion,morph,morph_0.8,0.8000,0,1,1,2,2,,46.3514
offline,ATLA_off,learner_off,Hopper,Locomotion,morph,morph_0.9,0.9000,0,1,1,1,1,,57.5851
offline,FMGAN,generative,Hopper,Locomotion,morph,morph_0.9,0.9000,0,1,1,1,1,,59.9801
offline,FWM,generative,Hopper,Locomotion,morph,morph_0.9,0.9000,0,1,1,1,1,,63.5539
offline,IQL,standard,Hopper,Locomotion,morph,morph_0.9,0.9000,0,1,1,1,1,,46.5596
offline,MOPO,standard,Hopper,Locomotion,morph,morph_0.9,0.9000,0,1,1,1,1,,23.3170
offline,RAMBO,data_off,Hopper,Locomotion,morph,morph_0.9,0.9000,0,1,1,1,1,,46.9384
offline,RFQI,learner_off,Hopper,Locomotion,morph,morph_0.9,0.9000,0,1,1,1,1,,45.4147
offline,ROMB,generative,Hopper,Locomotion,morph,morph_0.9,0.9000,0,1,1,1,1,,46.7083
offline,RORL,learner_off,Hopper,Locomotion,morph,morph_0.9,0.9000,0,1,1,1,1,,46.1524
offline,RSC,data_off,Hopper,Locomotion,morph,morph_0.9,0.9000,0,1,1,1,1,,84.6376
offline,SynthER,standard,Hopper,Locomotion,morph,morph_0.9,0.9000,0,1,1,1,1,,49.0246
offline,TD3+BC,standard,Hopper,Locomotion,morph,morph_0.9,0.9000,0,1,1,1,1,,53.4366
offline,ATLA_off,learner_off,Hopper,Locomotion,morph,nominal,1.0000,1,0,0,,,,107.2070
offline,FMGAN,generative,Hopper,Locomotion,morph,nominal,1.0000,1,0,0,,,,106.7173
offline,FWM,generative,Hopper,Locomotion,morph,nominal,1.0000,1,0,0,,,,101.1446
offline,IQL,standard,Hopper,Locomotion,morph,nominal,1.0000,1,0,0,,,,106.8433
offline,MOPO,standard,Hopper,Locomotion,morph,nominal,1.0000,1,0,0,,,,33.8669
offline,RAMBO,data_off,Hopper,Locomotion,morph,nominal,1.0000,1,0,0,,,,99.0275
offline,RFQI,learner_off,Hopper,Locomotion,morph,nominal,1.0000,1,0,0,,,,108.1246
offline,ROMB,generative,Hopper,Locomotion,morph,nominal,1.0000,1,0,0,,,,99.1389
offline,RORL,learner_off,Hopper,Locomotion,morph,nominal,1.0000,1,0,0,,,,110.5441
offline,RSC,data_off,Hopper,Locomotion,morph,nominal,1.0000,1,0,0,,,,100.8116
offline,SynthER,standard,Hopper,Locomotion,morph,nominal,1.0000,1,0,0,,,,110.6584
offline,TD3+BC,standard,Hopper,Locomotion,morph,nominal,1.0000,1,0,0,,,,110.2090
offline,ATLA_off,learner_off,Hopper,Locomotion,morph,morph_1.1,1.1000,0,1,1,1,1,,42.9855
offline,FMGAN,generative,Hopper,Locomotion,morph,morph_1.1,1.1000,0,1,1,1,1,,45.7756
offline,FWM,generative,Hopper,Locomotion,morph,morph_1.1,1.1000,0,1,1,1,1,,46.4294
offline,IQL,standard,Hopper,Locomotion,morph,morph_1.1,1.1000,0,1,1,1,1,,40.7857
offline,MOPO,standard,Hopper,Locomotion,morph,morph_1.1,1.1000,0,1,1,1,1,,19.3066
offline,RAMBO,data_off,Hopper,Locomotion,morph,morph_1.1,1.1000,0,1,1,1,1,,37.1385
offline,RFQI,learner_off,Hopper,Locomotion,morph,morph_1.1,1.1000,0,1,1,1,1,,35.4515
offline,ROMB,generative,Hopper,Locomotion,morph,morph_1.1,1.1000,0,1,1,1,1,,41.1522
offline,RORL,learner_off,Hopper,Locomotion,morph,morph_1.1,1.1000,0,1,1,1,1,,40.5231
offline,RSC,data_off,Hopper,Locomotion,morph,morph_1.1,1.1000,0,1,1,1,1,,41.0271
offline,SynthER,standard,Hopper,Locomotion,morph,morph_1.1,1.1000,0,1,1,1,1,,47.6850
offline,TD3+BC,standard,Hopper,Locomotion,morph,morph_1.1,1.1000,0,1,1,1,1,,37.9224
offline,ATLA_off,learner_off,Hopper,Locomotion,morph,morph_1.2,1.2000,0,1,1,2,2,,30.2528
offline,FMGAN,generative,Hopper,Locomotion,morph,morph_1.2,1.2000,0,1,1,2,2,,30.0106
offline,FWM,generative,Hopper,Locomotion,morph,morph_1.2,1.2000,0,1,1,2,2,,29.3435
offline,IQL,standard,Hopper,Locomotion,morph,morph_1.2,1.2000,0,1,1,2,2,,29.2343
offline,MOPO,standard,Hopper,Locomotion,morph,morph_1.2,1.2000,0,1,1,2,2,,21.4511
offline,RAMBO,data_off,Hopper,Locomotion,morph,morph_1.2,1.2000,0,1,1,2,2,,35.5340
offline,RFQI,learner_off,Hopper,Locomotion,morph,morph_1.2,1.2000,0,1,1,2,2,,28.2732
offline,ROMB,generative,Hopper,Locomotion,morph,morph_1.2,1.2000,0,1,1,2,2,,30.2267
offline,RORL,learner_off,Hopper,Locomotion,morph,morph_1.2,1.2000,0,1,1,2,2,,40.9102
offline,RSC,data_off,Hopper,Locomotion,morph,morph_1.2,1.2000,0,1,1,2,2,,26.5071
offline,SynthER,standard,Hopper,Locomotion,morph,morph_1.2,1.2000,0,1,1,2,2,,30.8064
offline,TD3+BC,standard,Hopper,Locomotion,morph,morph_1.2,1.2000,0,1,1,2,2,,36.3254
offline,ATLA_off,learner_off,Hopper,Locomotion,morph,morph_1.3,1.3000,0,1,1,3,3,,26.5522
offline,FMGAN,generative,Hopper,Locomotion,morph,morph_1.3,1.3000,0,1,1,3,3,,27.5404
offline,FWM,generative,Hopper,Locomotion,morph,morph_1.3,1.3000,0,1,1,3,3,,28.9456
offline,IQL,standard,Hopper,Locomotion,morph,morph_1.3,1.3000,0,1,1,3,3,,27.3421
offline,MOPO,standard,Hopper,Locomotion,morph,morph_1.3,1.3000,0,1,1,3,3,,18.6140
offline,RAMBO,data_off,Hopper,Locomotion,morph,morph_1.3,1.3000,0,1,1,3,3,,31.8591
offline,RFQI,learner_off,Hopper,Locomotion,morph,morph_1.3,1.3000,0,1,1,3,3,,22.9269
offline,ROMB,generative,Hopper,Locomotion,morph,morph_1.3,1.3000,0,1,1,3,3,,27.4443
offline,RORL,learner_off,Hopper,Locomotion,morph,morph_1.3,1.3000,0,1,1,3,3,,33.0816
offline,RSC,data_off,Hopper,Locomotion,morph,morph_1.3,1.3000,0,1,1,3,3,,21.5834
offline,SynthER,standard,Hopper,Locomotion,morph,morph_1.3,1.3000,0,1,1,3,3,,24.6847
offline,TD3+BC,standard,Hopper,Locomotion,morph,morph_1.3,1.3000,0,1,1,3,3,,31.5265
offline,ATLA_off,learner_off,Hopper,Locomotion,morph,morph_1.4,1.4000,0,1,1,4,4,,18.5008
offline,FMGAN,generative,Hopper,Locomotion,morph,morph_1.4,1.4000,0,1,1,4,4,,27.3244
offline,FWM,generative,Hopper,Locomotion,morph,morph_1.4,1.4000,0,1,1,4,4,,29.0522
offline,IQL,standard,Hopper,Locomotion,morph,morph_1.4,1.4000,0,1,1,4,4,,24.9185
offline,MOPO,standard,Hopper,Locomotion,morph,morph_1.4,1.4000,0,1,1,4,4,,16.7343
offline,RAMBO,data_off,Hopper,Locomotion,morph,morph_1.4,1.4000,0,1,1,4,4,,29.6098
offline,RFQI,learner_off,Hopper,Locomotion,morph,morph_1.4,1.4000,0,1,1,4,4,,15.5034
offline,ROMB,generative,Hopper,Locomotion,morph,morph_1.4,1.4000,0,1,1,4,4,,24.1116
offline,RORL,learner_off,Hopper,Locomotion,morph,morph_1.4,1.4000,0,1,1,4,4,,30.2551
offline,RSC,data_off,Hopper,Locomotion,morph,morph_1.4,1.4000,0,1,1,4,4,,10.8425
offline,SynthER,standard,Hopper,Locomotion,morph,morph_1.4,1.4000,0,1,1,4,4,,23.7800
offline,TD3+BC,standard,Hopper,Locomotion,morph,morph_1.4,1.4000,0,1,1,4,4,,29.2072
offline,ATLA_off,learner_off,LunarLander,Vehicle control,engine,engine_0.5,0.5000,0,0,1,4,,,42.4583
offline,FMGAN,generative,LunarLander,Vehicle control,engine,engine_0.5,0.5000,0,0,1,4,,,42.1779
offline,FWM,generative,LunarLander,Vehicle control,engine,engine_0.5,0.5000,0,0,1,4,,,42.3228
offline,IQL,standard,LunarLander,Vehicle control,engine,engine_0.5,0.5000,0,0,1,4,,,41.9246
offline,MOPO,standard,LunarLander,Vehicle control,engine,engine_0.5,0.5000,0,0,1,4,,,44.4870
offline,RAMBO,data_off,LunarLander,Vehicle control,engine,engine_0.5,0.5000,0,0,1,4,,,42.4824
offline,RFQI,learner_off,LunarLander,Vehicle control,engine,engine_0.5,0.5000,0,0,1,4,,,42.9370
offline,ROMB,generative,LunarLander,Vehicle control,engine,engine_0.5,0.5000,0,0,1,4,,,42.0371
offline,RORL,learner_off,LunarLander,Vehicle control,engine,engine_0.5,0.5000,0,0,1,4,,,41.3385
offline,RSC,data_off,LunarLander,Vehicle control,engine,engine_0.5,0.5000,0,0,1,4,,,41.9629
offline,SynthER,standard,LunarLander,Vehicle control,engine,engine_0.5,0.5000,0,0,1,4,,,42.2375
offline,TD3+BC,standard,LunarLander,Vehicle control,engine,engine_0.5,0.5000,0,0,1,4,,,42.3649
offline,ATLA_off,learner_off,LunarLander,Vehicle control,engine,engine_0.6,0.6000,0,1,1,3,4,,48.4853
offline,FMGAN,generative,LunarLander,Vehicle control,engine,engine_0.6,0.6000,0,1,1,3,4,,48.4714
offline,FWM,generative,LunarLander,Vehicle control,engine,engine_0.6,0.6000,0,1,1,3,4,,48.5953
offline,IQL,standard,LunarLander,Vehicle control,engine,engine_0.6,0.6000,0,1,1,3,4,,48.1511
offline,MOPO,standard,LunarLander,Vehicle control,engine,engine_0.6,0.6000,0,1,1,3,4,,55.4400
offline,RAMBO,data_off,LunarLander,Vehicle control,engine,engine_0.6,0.6000,0,1,1,3,4,,48.7087
offline,RFQI,learner_off,LunarLander,Vehicle control,engine,engine_0.6,0.6000,0,1,1,3,4,,50.0774
offline,ROMB,generative,LunarLander,Vehicle control,engine,engine_0.6,0.6000,0,1,1,3,4,,48.3592
offline,RORL,learner_off,LunarLander,Vehicle control,engine,engine_0.6,0.6000,0,1,1,3,4,,47.1995
offline,RSC,data_off,LunarLander,Vehicle control,engine,engine_0.6,0.6000,0,1,1,3,4,,48.1694
offline,SynthER,standard,LunarLander,Vehicle control,engine,engine_0.6,0.6000,0,1,1,3,4,,48.6811
offline,TD3+BC,standard,LunarLander,Vehicle control,engine,engine_0.6,0.6000,0,1,1,3,4,,48.6969
offline,ATLA_off,learner_off,LunarLander,Vehicle control,engine,engine_0.75,0.7500,0,1,1,2,3,,70.3322
offline,FMGAN,generative,LunarLander,Vehicle control,engine,engine_0.75,0.7500,0,1,1,2,3,,67.6509
offline,FWM,generative,LunarLander,Vehicle control,engine,engine_0.75,0.7500,0,1,1,2,3,,66.0646
offline,IQL,standard,LunarLander,Vehicle control,engine,engine_0.75,0.7500,0,1,1,2,3,,64.4046
offline,MOPO,standard,LunarLander,Vehicle control,engine,engine_0.75,0.7500,0,1,1,2,3,,58.0433
offline,RAMBO,data_off,LunarLander,Vehicle control,engine,engine_0.75,0.7500,0,1,1,2,3,,70.3400
offline,RFQI,learner_off,LunarLander,Vehicle control,engine,engine_0.75,0.7500,0,1,1,2,3,,83.5249
offline,ROMB,generative,LunarLander,Vehicle control,engine,engine_0.75,0.7500,0,1,1,2,3,,67.6280
offline,RORL,learner_off,LunarLander,Vehicle control,engine,engine_0.75,0.7500,0,1,1,2,3,,68.4423
offline,RSC,data_off,LunarLander,Vehicle control,engine,engine_0.75,0.7500,0,1,1,2,3,,69.2463
offline,SynthER,standard,LunarLander,Vehicle control,engine,engine_0.75,0.7500,0,1,1,2,3,,67.6446
offline,TD3+BC,standard,LunarLander,Vehicle control,engine,engine_0.75,0.7500,0,1,1,2,3,,68.6800
offline,ATLA_off,learner_off,LunarLander,Vehicle control,engine,engine_0.9,0.9000,0,1,1,1,1,,93.6049
offline,FMGAN,generative,LunarLander,Vehicle control,engine,engine_0.9,0.9000,0,1,1,1,1,,97.9056
offline,FWM,generative,LunarLander,Vehicle control,engine,engine_0.9,0.9000,0,1,1,1,1,,92.8590
offline,IQL,standard,LunarLander,Vehicle control,engine,engine_0.9,0.9000,0,1,1,1,1,,93.8329
offline,MOPO,standard,LunarLander,Vehicle control,engine,engine_0.9,0.9000,0,1,1,1,1,,36.6229
offline,RAMBO,data_off,LunarLander,Vehicle control,engine,engine_0.9,0.9000,0,1,1,1,1,,97.4306
offline,RFQI,learner_off,LunarLander,Vehicle control,engine,engine_0.9,0.9000,0,1,1,1,1,,100.5667
offline,ROMB,generative,LunarLander,Vehicle control,engine,engine_0.9,0.9000,0,1,1,1,1,,95.4743
offline,RORL,learner_off,LunarLander,Vehicle control,engine,engine_0.9,0.9000,0,1,1,1,1,,77.3146
offline,RSC,data_off,LunarLander,Vehicle control,engine,engine_0.9,0.9000,0,1,1,1,1,,93.9021
offline,SynthER,standard,LunarLander,Vehicle control,engine,engine_0.9,0.9000,0,1,1,1,1,,95.2617
offline,TD3+BC,standard,LunarLander,Vehicle control,engine,engine_0.9,0.9000,0,1,1,1,1,,94.9589
offline,ATLA_off,learner_off,LunarLander,Vehicle control,engine,nominal,1.0000,1,0,0,,,,101.1317
offline,FMGAN,generative,LunarLander,Vehicle control,engine,nominal,1.0000,1,0,0,,,,99.7286
offline,FWM,generative,LunarLander,Vehicle control,engine,nominal,1.0000,1,0,0,,,,100.6028
offline,IQL,standard,LunarLander,Vehicle control,engine,nominal,1.0000,1,0,0,,,,99.9957
offline,MOPO,standard,LunarLander,Vehicle control,engine,nominal,1.0000,1,0,0,,,,34.3160
offline,RAMBO,data_off,LunarLander,Vehicle control,engine,nominal,1.0000,1,0,0,,,,98.7183
offline,RFQI,learner_off,LunarLander,Vehicle control,engine,nominal,1.0000,1,0,0,,,,95.1013
offline,ROMB,generative,LunarLander,Vehicle control,engine,nominal,1.0000,1,0,0,,,,99.5551
offline,RORL,learner_off,LunarLander,Vehicle control,engine,nominal,1.0000,1,0,0,,,,79.9462
offline,RSC,data_off,LunarLander,Vehicle control,engine,nominal,1.0000,1,0,0,,,,99.9026
offline,SynthER,standard,LunarLander,Vehicle control,engine,nominal,1.0000,1,0,0,,,,100.7099
offline,TD3+BC,standard,LunarLander,Vehicle control,engine,nominal,1.0000,1,0,0,,,,101.5451
offline,ATLA_off,learner_off,LunarLander,Vehicle control,engine,engine_1.1,1.1000,0,1,1,1,1,,96.2284
offline,FMGAN,generative,LunarLander,Vehicle control,engine,engine_1.1,1.1000,0,1,1,1,1,,97.0598
offline,FWM,generative,LunarLander,Vehicle control,engine,engine_1.1,1.1000,0,1,1,1,1,,98.1552
offline,IQL,standard,LunarLander,Vehicle control,engine,engine_1.1,1.1000,0,1,1,1,1,,98.6418
offline,MOPO,standard,LunarLander,Vehicle control,engine,engine_1.1,1.1000,0,1,1,1,1,,33.0791
offline,RAMBO,data_off,LunarLander,Vehicle control,engine,engine_1.1,1.1000,0,1,1,1,1,,95.8869
offline,RFQI,learner_off,LunarLander,Vehicle control,engine,engine_1.1,1.1000,0,1,1,1,1,,86.2648
offline,ROMB,generative,LunarLander,Vehicle control,engine,engine_1.1,1.1000,0,1,1,1,1,,97.4261
offline,RORL,learner_off,LunarLander,Vehicle control,engine,engine_1.1,1.1000,0,1,1,1,1,,74.9630
offline,RSC,data_off,LunarLander,Vehicle control,engine,engine_1.1,1.1000,0,1,1,1,1,,95.1012
offline,SynthER,standard,LunarLander,Vehicle control,engine,engine_1.1,1.1000,0,1,1,1,1,,96.5236
offline,TD3+BC,standard,LunarLander,Vehicle control,engine,engine_1.1,1.1000,0,1,1,1,1,,99.3213
offline,ATLA_off,learner_off,LunarLander,Vehicle control,engine,engine_1.25,1.2500,0,1,1,2,2,,94.4107
offline,FMGAN,generative,LunarLander,Vehicle control,engine,engine_1.25,1.2500,0,1,1,2,2,,93.8711
offline,FWM,generative,LunarLander,Vehicle control,engine,engine_1.25,1.2500,0,1,1,2,2,,95.6880
offline,IQL,standard,LunarLander,Vehicle control,engine,engine_1.25,1.2500,0,1,1,2,2,,97.9213
offline,MOPO,standard,LunarLander,Vehicle control,engine,engine_1.25,1.2500,0,1,1,2,2,,37.4805
offline,RAMBO,data_off,LunarLander,Vehicle control,engine,engine_1.25,1.2500,0,1,1,2,2,,93.5783
offline,RFQI,learner_off,LunarLander,Vehicle control,engine,engine_1.25,1.2500,0,1,1,2,2,,84.5724
offline,ROMB,generative,LunarLander,Vehicle control,engine,engine_1.25,1.2500,0,1,1,2,2,,93.7968
offline,RORL,learner_off,LunarLander,Vehicle control,engine,engine_1.25,1.2500,0,1,1,2,2,,65.6272
offline,RSC,data_off,LunarLander,Vehicle control,engine,engine_1.25,1.2500,0,1,1,2,2,,94.0094
offline,SynthER,standard,LunarLander,Vehicle control,engine,engine_1.25,1.2500,0,1,1,2,2,,93.4965
offline,TD3+BC,standard,LunarLander,Vehicle control,engine,engine_1.25,1.2500,0,1,1,2,2,,96.0508
offline,ATLA_off,learner_off,LunarLander,Vehicle control,engine,engine_1.4,1.4000,0,1,1,3,4,,90.0766
offline,FMGAN,generative,LunarLander,Vehicle control,engine,engine_1.4,1.4000,0,1,1,3,4,,93.0573
offline,FWM,generative,LunarLander,Vehicle control,engine,engine_1.4,1.4000,0,1,1,3,4,,93.5225
offline,IQL,standard,LunarLander,Vehicle control,engine,engine_1.4,1.4000,0,1,1,3,4,,92.4927
offline,MOPO,standard,LunarLander,Vehicle control,engine,engine_1.4,1.4000,0,1,1,3,4,,38.5605
offline,RAMBO,data_off,LunarLander,Vehicle control,engine,engine_1.4,1.4000,0,1,1,3,4,,91.5278
offline,RFQI,learner_off,LunarLander,Vehicle control,engine,engine_1.4,1.4000,0,1,1,3,4,,84.6355
offline,ROMB,generative,LunarLander,Vehicle control,engine,engine_1.4,1.4000,0,1,1,3,4,,96.2295
offline,RORL,learner_off,LunarLander,Vehicle control,engine,engine_1.4,1.4000,0,1,1,3,4,,64.3329
offline,RSC,data_off,LunarLander,Vehicle control,engine,engine_1.4,1.4000,0,1,1,3,4,,92.9333
offline,SynthER,standard,LunarLander,Vehicle control,engine,engine_1.4,1.4000,0,1,1,3,4,,90.3460
offline,TD3+BC,standard,LunarLander,Vehicle control,engine,engine_1.4,1.4000,0,1,1,3,4,,96.1753
offline,ATLA_off,learner_off,LunarLander,Vehicle control,engine,engine_1.5,1.5000,0,0,1,4,,,90.9821
offline,FMGAN,generative,LunarLander,Vehicle control,engine,engine_1.5,1.5000,0,0,1,4,,,92.6326
offline,FWM,generative,LunarLander,Vehicle control,engine,engine_1.5,1.5000,0,0,1,4,,,93.7208
offline,IQL,standard,LunarLander,Vehicle control,engine,engine_1.5,1.5000,0,0,1,4,,,93.5077
offline,MOPO,standard,LunarLander,Vehicle control,engine,engine_1.5,1.5000,0,0,1,4,,,37.7489
offline,RAMBO,data_off,LunarLander,Vehicle control,engine,engine_1.5,1.5000,0,0,1,4,,,90.9108
offline,RFQI,learner_off,LunarLander,Vehicle control,engine,engine_1.5,1.5000,0,0,1,4,,,85.4706
offline,ROMB,generative,LunarLander,Vehicle control,engine,engine_1.5,1.5000,0,0,1,4,,,92.4299
offline,RORL,learner_off,LunarLander,Vehicle control,engine,engine_1.5,1.5000,0,0,1,4,,,64.5379
offline,RSC,data_off,LunarLander,Vehicle control,engine,engine_1.5,1.5000,0,0,1,4,,,86.6488
offline,SynthER,standard,LunarLander,Vehicle control,engine,engine_1.5,1.5000,0,0,1,4,,,93.9171
offline,TD3+BC,standard,LunarLander,Vehicle control,engine,engine_1.5,1.5000,0,0,1,4,,,94.8877
offline,ATLA_off,learner_off,LunarLander,Vehicle control,gravity,gravity_0.7,0.7000,0,0,1,4,,,94.8951
offline,FMGAN,generative,LunarLander,Vehicle control,gravity,gravity_0.7,0.7000,0,0,1,4,,,92.4610
offline,FWM,generative,LunarLander,Vehicle control,gravity,gravity_0.7,0.7000,0,0,1,4,,,91.3337
offline,IQL,standard,LunarLander,Vehicle control,gravity,gravity_0.7,0.7000,0,0,1,4,,,95.1161
offline,MOPO,standard,LunarLander,Vehicle control,gravity,gravity_0.7,0.7000,0,0,1,4,,,35.1091
offline,RAMBO,data_off,LunarLander,Vehicle control,gravity,gravity_0.7,0.7000,0,0,1,4,,,79.7378
offline,RFQI,learner_off,LunarLander,Vehicle control,gravity,gravity_0.7,0.7000,0,0,1,4,,,82.2834
offline,ROMB,generative,LunarLander,Vehicle control,gravity,gravity_0.7,0.7000,0,0,1,4,,,91.6509
offline,RORL,learner_off,LunarLander,Vehicle control,gravity,gravity_0.7,0.7000,0,0,1,4,,,61.9585
offline,RSC,data_off,LunarLander,Vehicle control,gravity,gravity_0.7,0.7000,0,0,1,4,,,90.5812
offline,SynthER,standard,LunarLander,Vehicle control,gravity,gravity_0.7,0.7000,0,0,1,4,,,90.0494
offline,TD3+BC,standard,LunarLander,Vehicle control,gravity,gravity_0.7,0.7000,0,0,1,4,,,93.8912
offline,ATLA_off,learner_off,LunarLander,Vehicle control,gravity,gravity_0.75,0.7500,0,1,1,3,4,,95.4689
offline,FMGAN,generative,LunarLander,Vehicle control,gravity,gravity_0.75,0.7500,0,1,1,3,4,,94.4656
offline,FWM,generative,LunarLander,Vehicle control,gravity,gravity_0.75,0.7500,0,1,1,3,4,,92.2416
offline,IQL,standard,LunarLander,Vehicle control,gravity,gravity_0.75,0.7500,0,1,1,3,4,,94.9503
offline,MOPO,standard,LunarLander,Vehicle control,gravity,gravity_0.75,0.7500,0,1,1,3,4,,35.0789
offline,RAMBO,data_off,LunarLander,Vehicle control,gravity,gravity_0.75,0.7500,0,1,1,3,4,,93.6132
offline,RFQI,learner_off,LunarLander,Vehicle control,gravity,gravity_0.75,0.7500,0,1,1,3,4,,88.1921
offline,ROMB,generative,LunarLander,Vehicle control,gravity,gravity_0.75,0.7500,0,1,1,3,4,,92.5785
offline,RORL,learner_off,LunarLander,Vehicle control,gravity,gravity_0.75,0.7500,0,1,1,3,4,,64.6479
offline,RSC,data_off,LunarLander,Vehicle control,gravity,gravity_0.75,0.7500,0,1,1,3,4,,92.7984
offline,SynthER,standard,LunarLander,Vehicle control,gravity,gravity_0.75,0.7500,0,1,1,3,4,,88.9770
offline,TD3+BC,standard,LunarLander,Vehicle control,gravity,gravity_0.75,0.7500,0,1,1,3,4,,89.8326
offline,ATLA_off,learner_off,LunarLander,Vehicle control,gravity,gravity_0.85,0.8500,0,1,1,2,2,,98.4363
offline,FMGAN,generative,LunarLander,Vehicle control,gravity,gravity_0.85,0.8500,0,1,1,2,2,,95.2342
offline,FWM,generative,LunarLander,Vehicle control,gravity,gravity_0.85,0.8500,0,1,1,2,2,,99.0552
offline,IQL,standard,LunarLander,Vehicle control,gravity,gravity_0.85,0.8500,0,1,1,2,2,,97.0983
offline,MOPO,standard,LunarLander,Vehicle control,gravity,gravity_0.85,0.8500,0,1,1,2,2,,34.5373
offline,RAMBO,data_off,LunarLander,Vehicle control,gravity,gravity_0.85,0.8500,0,1,1,2,2,,94.4987
offline,RFQI,learner_off,LunarLander,Vehicle control,gravity,gravity_0.85,0.8500,0,1,1,2,2,,89.3003
offline,ROMB,generative,LunarLander,Vehicle control,gravity,gravity_0.85,0.8500,0,1,1,2,2,,99.3043
offline,RORL,learner_off,LunarLander,Vehicle control,gravity,gravity_0.85,0.8500,0,1,1,2,2,,66.4649
offline,RSC,data_off,LunarLander,Vehicle control,gravity,gravity_0.85,0.8500,0,1,1,2,2,,96.0207
offline,SynthER,standard,LunarLander,Vehicle control,gravity,gravity_0.85,0.8500,0,1,1,2,2,,94.7164
offline,TD3+BC,standard,LunarLander,Vehicle control,gravity,gravity_0.85,0.8500,0,1,1,2,2,,98.5486
offline,ATLA_off,learner_off,LunarLander,Vehicle control,gravity,gravity_0.9,0.9000,0,1,1,1,1,,98.0862
offline,FMGAN,generative,LunarLander,Vehicle control,gravity,gravity_0.9,0.9000,0,1,1,1,1,,97.6907
offline,FWM,generative,LunarLander,Vehicle control,gravity,gravity_0.9,0.9000,0,1,1,1,1,,96.2899
offline,IQL,standard,LunarLander,Vehicle control,gravity,gravity_0.9,0.9000,0,1,1,1,1,,100.4314
offline,MOPO,standard,LunarLander,Vehicle control,gravity,gravity_0.9,0.9000,0,1,1,1,1,,34.1140
offline,RAMBO,data_off,LunarLander,Vehicle control,gravity,gravity_0.9,0.9000,0,1,1,1,1,,97.3419
offline,RFQI,learner_off,LunarLander,Vehicle control,gravity,gravity_0.9,0.9000,0,1,1,1,1,,87.4788
offline,ROMB,generative,LunarLander,Vehicle control,gravity,gravity_0.9,0.9000,0,1,1,1,1,,96.9011
offline,RORL,learner_off,LunarLander,Vehicle control,gravity,gravity_0.9,0.9000,0,1,1,1,1,,70.4109
offline,RSC,data_off,LunarLander,Vehicle control,gravity,gravity_0.9,0.9000,0,1,1,1,1,,96.3711
offline,SynthER,standard,LunarLander,Vehicle control,gravity,gravity_0.9,0.9000,0,1,1,1,1,,95.5695
offline,TD3+BC,standard,LunarLander,Vehicle control,gravity,gravity_0.9,0.9000,0,1,1,1,1,,100.8725
offline,ATLA_off,learner_off,LunarLander,Vehicle control,gravity,nominal,1.0000,1,0,0,,,,101.1317
offline,FMGAN,generative,LunarLander,Vehicle control,gravity,nominal,1.0000,1,0,0,,,,99.7286
offline,FWM,generative,LunarLander,Vehicle control,gravity,nominal,1.0000,1,0,0,,,,100.6028
offline,IQL,standard,LunarLander,Vehicle control,gravity,nominal,1.0000,1,0,0,,,,99.9957
offline,MOPO,standard,LunarLander,Vehicle control,gravity,nominal,1.0000,1,0,0,,,,34.3160
offline,RAMBO,data_off,LunarLander,Vehicle control,gravity,nominal,1.0000,1,0,0,,,,98.7183
offline,RFQI,learner_off,LunarLander,Vehicle control,gravity,nominal,1.0000,1,0,0,,,,95.1013
offline,ROMB,generative,LunarLander,Vehicle control,gravity,nominal,1.0000,1,0,0,,,,99.5551
offline,RORL,learner_off,LunarLander,Vehicle control,gravity,nominal,1.0000,1,0,0,,,,79.9462
offline,RSC,data_off,LunarLander,Vehicle control,gravity,nominal,1.0000,1,0,0,,,,99.9026
offline,SynthER,standard,LunarLander,Vehicle control,gravity,nominal,1.0000,1,0,0,,,,100.7099
offline,TD3+BC,standard,LunarLander,Vehicle control,gravity,nominal,1.0000,1,0,0,,,,101.5451
offline,ATLA_off,learner_off,LunarLander,Vehicle control,gravity,gravity_1.1,1.1000,0,1,1,1,1,,100.2266
offline,FMGAN,generative,LunarLander,Vehicle control,gravity,gravity_1.1,1.1000,0,1,1,1,1,,101.1014
offline,FWM,generative,LunarLander,Vehicle control,gravity,gravity_1.1,1.1000,0,1,1,1,1,,99.3019
offline,IQL,standard,LunarLander,Vehicle control,gravity,gravity_1.1,1.1000,0,1,1,1,1,,98.6338
offline,MOPO,standard,LunarLander,Vehicle control,gravity,gravity_1.1,1.1000,0,1,1,1,1,,35.7451
offline,RAMBO,data_off,LunarLander,Vehicle control,gravity,gravity_1.1,1.1000,0,1,1,1,1,,100.9276
offline,RFQI,learner_off,LunarLander,Vehicle control,gravity,gravity_1.1,1.1000,0,1,1,1,1,,96.1680
offline,ROMB,generative,LunarLander,Vehicle control,gravity,gravity_1.1,1.1000,0,1,1,1,1,,99.5836
offline,RORL,learner_off,LunarLander,Vehicle control,gravity,gravity_1.1,1.1000,0,1,1,1,1,,81.5167
offline,RSC,data_off,LunarLander,Vehicle control,gravity,gravity_1.1,1.1000,0,1,1,1,1,,99.1702
offline,SynthER,standard,LunarLander,Vehicle control,gravity,gravity_1.1,1.1000,0,1,1,1,1,,97.8555
offline,TD3+BC,standard,LunarLander,Vehicle control,gravity,gravity_1.1,1.1000,0,1,1,1,1,,96.5776
offline,ATLA_off,learner_off,LunarLander,Vehicle control,gravity,gravity_1.15,1.1500,0,1,1,2,3,,87.7610
offline,FMGAN,generative,LunarLander,Vehicle control,gravity,gravity_1.15,1.1500,0,1,1,2,3,,95.2978
offline,FWM,generative,LunarLander,Vehicle control,gravity,gravity_1.15,1.1500,0,1,1,2,3,,88.7399
offline,IQL,standard,LunarLander,Vehicle control,gravity,gravity_1.15,1.1500,0,1,1,2,3,,92.1804
offline,MOPO,standard,LunarLander,Vehicle control,gravity,gravity_1.15,1.1500,0,1,1,2,3,,40.4068
offline,RAMBO,data_off,LunarLander,Vehicle control,gravity,gravity_1.15,1.1500,0,1,1,2,3,,96.9490
offline,RFQI,learner_off,LunarLander,Vehicle control,gravity,gravity_1.15,1.1500,0,1,1,2,3,,97.8068
offline,ROMB,generative,LunarLander,Vehicle control,gravity,gravity_1.15,1.1500,0,1,1,2,3,,91.3010
offline,RORL,learner_off,LunarLander,Vehicle control,gravity,gravity_1.15,1.1500,0,1,1,2,3,,82.7621
offline,RSC,data_off,LunarLander,Vehicle control,gravity,gravity_1.15,1.1500,0,1,1,2,3,,91.2641
offline,SynthER,standard,LunarLander,Vehicle control,gravity,gravity_1.15,1.1500,0,1,1,2,3,,89.4761
offline,TD3+BC,standard,LunarLander,Vehicle control,gravity,gravity_1.15,1.1500,0,1,1,2,3,,95.1260
offline,ATLA_off,learner_off,LunarLander,Vehicle control,gravity,gravity_1.25,1.2500,0,1,1,3,4,,82.2997
offline,FMGAN,generative,LunarLander,Vehicle control,gravity,gravity_1.25,1.2500,0,1,1,3,4,,84.9499
offline,FWM,generative,LunarLander,Vehicle control,gravity,gravity_1.25,1.2500,0,1,1,3,4,,83.5932
offline,IQL,standard,LunarLander,Vehicle control,gravity,gravity_1.25,1.2500,0,1,1,3,4,,84.3208
offline,MOPO,standard,LunarLander,Vehicle control,gravity,gravity_1.25,1.2500,0,1,1,3,4,,50.4272
offline,RAMBO,data_off,LunarLander,Vehicle control,gravity,gravity_1.25,1.2500,0,1,1,3,4,,91.5517
offline,RFQI,learner_off,LunarLander,Vehicle control,gravity,gravity_1.25,1.2500,0,1,1,3,4,,92.6307
offline,ROMB,generative,LunarLander,Vehicle control,gravity,gravity_1.25,1.2500,0,1,1,3,4,,83.6876
offline,RORL,learner_off,LunarLander,Vehicle control,gravity,gravity_1.25,1.2500,0,1,1,3,4,,79.2771
offline,RSC,data_off,LunarLander,Vehicle control,gravity,gravity_1.25,1.2500,0,1,1,3,4,,81.5575
offline,SynthER,standard,LunarLander,Vehicle control,gravity,gravity_1.25,1.2500,0,1,1,3,4,,83.3707
offline,TD3+BC,standard,LunarLander,Vehicle control,gravity,gravity_1.25,1.2500,0,1,1,3,4,,85.9804
offline,ATLA_off,learner_off,LunarLander,Vehicle control,gravity,gravity_1.3,1.3000,0,0,1,4,,,81.5553
offline,FMGAN,generative,LunarLander,Vehicle control,gravity,gravity_1.3,1.3000,0,0,1,4,,,85.3627
offline,FWM,generative,LunarLander,Vehicle control,gravity,gravity_1.3,1.3000,0,0,1,4,,,82.7476
offline,IQL,standard,LunarLander,Vehicle control,gravity,gravity_1.3,1.3000,0,0,1,4,,,77.9461
offline,MOPO,standard,LunarLander,Vehicle control,gravity,gravity_1.3,1.3000,0,0,1,4,,,55.3727
offline,RAMBO,data_off,LunarLander,Vehicle control,gravity,gravity_1.3,1.3000,0,0,1,4,,,77.4732
offline,RFQI,learner_off,LunarLander,Vehicle control,gravity,gravity_1.3,1.3000,0,0,1,4,,,90.6865
offline,ROMB,generative,LunarLander,Vehicle control,gravity,gravity_1.3,1.3000,0,0,1,4,,,81.8852
offline,RORL,learner_off,LunarLander,Vehicle control,gravity,gravity_1.3,1.3000,0,0,1,4,,,81.9270
offline,RSC,data_off,LunarLander,Vehicle control,gravity,gravity_1.3,1.3000,0,0,1,4,,,78.6400
offline,SynthER,standard,LunarLander,Vehicle control,gravity,gravity_1.3,1.3000,0,0,1,4,,,80.5496
offline,TD3+BC,standard,LunarLander,Vehicle control,gravity,gravity_1.3,1.3000,0,0,1,4,,,82.3647
offline,ATLA_off,learner_off,LunarLander,Vehicle control,wind,nominal,1.0000,1,0,0,,,,101.1317
offline,FMGAN,generative,LunarLander,Vehicle control,wind,nominal,1.0000,1,0,0,,,,99.7286
offline,FWM,generative,LunarLander,Vehicle control,wind,nominal,1.0000,1,0,0,,,,100.6028
offline,IQL,standard,LunarLander,Vehicle control,wind,nominal,1.0000,1,0,0,,,,99.9957
offline,MOPO,standard,LunarLander,Vehicle control,wind,nominal,1.0000,1,0,0,,,,34.3160
offline,RAMBO,data_off,LunarLander,Vehicle control,wind,nominal,1.0000,1,0,0,,,,98.7183
offline,RFQI,learner_off,LunarLander,Vehicle control,wind,nominal,1.0000,1,0,0,,,,95.1013
offline,ROMB,generative,LunarLander,Vehicle control,wind,nominal,1.0000,1,0,0,,,,99.5551
offline,RORL,learner_off,LunarLander,Vehicle control,wind,nominal,1.0000,1,0,0,,,,79.9462
offline,RSC,data_off,LunarLander,Vehicle control,wind,nominal,1.0000,1,0,0,,,,99.9026
offline,SynthER,standard,LunarLander,Vehicle control,wind,nominal,1.0000,1,0,0,,,,100.7099
offline,TD3+BC,standard,LunarLander,Vehicle control,wind,nominal,1.0000,1,0,0,,,,101.5451
offline,ATLA_off,learner_off,LunarLander,Vehicle control,wind,wind_5,5.0000,0,1,1,1,1,,88.8509
offline,FMGAN,generative,LunarLander,Vehicle control,wind,wind_5,5.0000,0,1,1,1,1,,86.4893
offline,FWM,generative,LunarLander,Vehicle control,wind,wind_5,5.0000,0,1,1,1,1,,88.3462
offline,IQL,standard,LunarLander,Vehicle control,wind,wind_5,5.0000,0,1,1,1,1,,95.7466
offline,MOPO,standard,LunarLander,Vehicle control,wind,wind_5,5.0000,0,1,1,1,1,,31.2171
offline,RAMBO,data_off,LunarLander,Vehicle control,wind,wind_5,5.0000,0,1,1,1,1,,94.9482
offline,RFQI,learner_off,LunarLander,Vehicle control,wind,wind_5,5.0000,0,1,1,1,1,,84.5096
offline,ROMB,generative,LunarLander,Vehicle control,wind,wind_5,5.0000,0,1,1,1,1,,89.9079
offline,RORL,learner_off,LunarLander,Vehicle control,wind,wind_5,5.0000,0,1,1,1,1,,77.8975
offline,RSC,data_off,LunarLander,Vehicle control,wind,wind_5,5.0000,0,1,1,1,1,,91.0177
offline,SynthER,standard,LunarLander,Vehicle control,wind,wind_5,5.0000,0,1,1,1,1,,93.2746
offline,TD3+BC,standard,LunarLander,Vehicle control,wind,wind_5,5.0000,0,1,1,1,1,,104.4895
offline,ATLA_off,learner_off,LunarLander,Vehicle control,wind,wind_10,10.0000,0,1,1,1,1,,77.0355
offline,FMGAN,generative,LunarLander,Vehicle control,wind,wind_10,10.0000,0,1,1,1,1,,79.6177
offline,FWM,generative,LunarLander,Vehicle control,wind,wind_10,10.0000,0,1,1,1,1,,78.5670
offline,IQL,standard,LunarLander,Vehicle control,wind,wind_10,10.0000,0,1,1,1,1,,80.9696
offline,MOPO,standard,LunarLander,Vehicle control,wind,wind_10,10.0000,0,1,1,1,1,,26.2102
offline,RAMBO,data_off,LunarLander,Vehicle control,wind,wind_10,10.0000,0,1,1,1,1,,79.8427
offline,RFQI,learner_off,LunarLander,Vehicle control,wind,wind_10,10.0000,0,1,1,1,1,,77.4601
offline,ROMB,generative,LunarLander,Vehicle control,wind,wind_10,10.0000,0,1,1,1,1,,77.1426
offline,RORL,learner_off,LunarLander,Vehicle control,wind,wind_10,10.0000,0,1,1,1,1,,62.6648
offline,RSC,data_off,LunarLander,Vehicle control,wind,wind_10,10.0000,0,1,1,1,1,,79.4309
offline,SynthER,standard,LunarLander,Vehicle control,wind,wind_10,10.0000,0,1,1,1,1,,80.0895
offline,TD3+BC,standard,LunarLander,Vehicle control,wind,wind_10,10.0000,0,1,1,1,1,,99.0876
offline,ATLA_off,learner_off,LunarLander,Vehicle control,wind,wind_15,15.0000,0,1,1,2,2,,66.8924
offline,FMGAN,generative,LunarLander,Vehicle control,wind,wind_15,15.0000,0,1,1,2,2,,68.2430
offline,FWM,generative,LunarLander,Vehicle control,wind,wind_15,15.0000,0,1,1,2,2,,59.1972
offline,IQL,standard,LunarLander,Vehicle control,wind,wind_15,15.0000,0,1,1,2,2,,64.3877
offline,MOPO,standard,LunarLander,Vehicle control,wind,wind_15,15.0000,0,1,1,2,2,,18.4305
offline,RAMBO,data_off,LunarLander,Vehicle control,wind,wind_15,15.0000,0,1,1,2,2,,67.0152
offline,RFQI,learner_off,LunarLander,Vehicle control,wind,wind_15,15.0000,0,1,1,2,2,,74.4572
offline,ROMB,generative,LunarLander,Vehicle control,wind,wind_15,15.0000,0,1,1,2,2,,65.5879
offline,RORL,learner_off,LunarLander,Vehicle control,wind,wind_15,15.0000,0,1,1,2,2,,55.0627
offline,RSC,data_off,LunarLander,Vehicle control,wind,wind_15,15.0000,0,1,1,2,2,,67.9880
offline,SynthER,standard,LunarLander,Vehicle control,wind,wind_15,15.0000,0,1,1,2,2,,61.8215
offline,TD3+BC,standard,LunarLander,Vehicle control,wind,wind_15,15.0000,0,1,1,2,2,,92.5515
offline,ATLA_off,learner_off,LunarLander,Vehicle control,wind,wind_20,20.0000,0,1,1,3,3,,61.3635
offline,FMGAN,generative,LunarLander,Vehicle control,wind,wind_20,20.0000,0,1,1,3,3,,62.0604
offline,FWM,generative,LunarLander,Vehicle control,wind,wind_20,20.0000,0,1,1,3,3,,70.2245
offline,IQL,standard,LunarLander,Vehicle control,wind,wind_20,20.0000,0,1,1,3,3,,61.7989
offline,MOPO,standard,LunarLander,Vehicle control,wind,wind_20,20.0000,0,1,1,3,3,,6.3599
offline,RAMBO,data_off,LunarLander,Vehicle control,wind,wind_20,20.0000,0,1,1,3,3,,63.0817
offline,RFQI,learner_off,LunarLander,Vehicle control,wind,wind_20,20.0000,0,1,1,3,3,,63.7774
offline,ROMB,generative,LunarLander,Vehicle control,wind,wind_20,20.0000,0,1,1,3,3,,60.2310
offline,RORL,learner_off,LunarLander,Vehicle control,wind,wind_20,20.0000,0,1,1,3,3,,53.2923
offline,RSC,data_off,LunarLander,Vehicle control,wind,wind_20,20.0000,0,1,1,3,3,,61.5484
offline,SynthER,standard,LunarLander,Vehicle control,wind,wind_20,20.0000,0,1,1,3,3,,57.3222
offline,TD3+BC,standard,LunarLander,Vehicle control,wind,wind_20,20.0000,0,1,1,3,3,,85.8597
offline,ATLA_off,learner_off,LunarLander,Vehicle control,wind,wind_25,25.0000,0,1,1,4,4,,52.7998
offline,FMGAN,generative,LunarLander,Vehicle control,wind,wind_25,25.0000,0,1,1,4,4,,52.0578
offline,FWM,generative,LunarLander,Vehicle control,wind,wind_25,25.0000,0,1,1,4,4,,57.7928
offline,IQL,standard,LunarLander,Vehicle control,wind,wind_25,25.0000,0,1,1,4,4,,57.7865
offline,MOPO,standard,LunarLander,Vehicle control,wind,wind_25,25.0000,0,1,1,4,4,,-9.9604
offline,RAMBO,data_off,LunarLander,Vehicle control,wind,wind_25,25.0000,0,1,1,4,4,,60.6370
offline,RFQI,learner_off,LunarLander,Vehicle control,wind,wind_25,25.0000,0,1,1,4,4,,52.0381
offline,ROMB,generative,LunarLander,Vehicle control,wind,wind_25,25.0000,0,1,1,4,4,,49.9409
offline,RORL,learner_off,LunarLander,Vehicle control,wind,wind_25,25.0000,0,1,1,4,4,,42.1393
offline,RSC,data_off,LunarLander,Vehicle control,wind,wind_25,25.0000,0,1,1,4,4,,47.3651
offline,SynthER,standard,LunarLander,Vehicle control,wind,wind_25,25.0000,0,1,1,4,4,,59.5088
offline,TD3+BC,standard,LunarLander,Vehicle control,wind,wind_25,25.0000,0,1,1,4,4,,78.2228
offline,ATLA_off,learner_off,LunarLander,Vehicle control,wind,wind_30,30.0000,0,1,1,4,4,,41.6455
offline,FMGAN,generative,LunarLander,Vehicle control,wind,wind_30,30.0000,0,1,1,4,4,,49.5011
offline,FWM,generative,LunarLander,Vehicle control,wind,wind_30,30.0000,0,1,1,4,4,,52.7825
offline,IQL,standard,LunarLander,Vehicle control,wind,wind_30,30.0000,0,1,1,4,4,,44.9312
offline,MOPO,standard,LunarLander,Vehicle control,wind,wind_30,30.0000,0,1,1,4,4,,-14.0223
offline,RAMBO,data_off,LunarLander,Vehicle control,wind,wind_30,30.0000,0,1,1,4,4,,52.3145
offline,RFQI,learner_off,LunarLander,Vehicle control,wind,wind_30,30.0000,0,1,1,4,4,,49.9766
offline,ROMB,generative,LunarLander,Vehicle control,wind,wind_30,30.0000,0,1,1,4,4,,34.9495
offline,RORL,learner_off,LunarLander,Vehicle control,wind,wind_30,30.0000,0,1,1,4,4,,29.1598
offline,RSC,data_off,LunarLander,Vehicle control,wind,wind_30,30.0000,0,1,1,4,4,,32.6980
offline,SynthER,standard,LunarLander,Vehicle control,wind,wind_30,30.0000,0,1,1,4,4,,53.3561
offline,TD3+BC,standard,LunarLander,Vehicle control,wind,wind_30,30.0000,0,1,1,4,4,,74.2825
offline,ATLA_off,learner_off,PointMaze,Navigation,adv,adv_oppose,,0,1,1,4,4,,42.3780
offline,ATLA_off,learner_off,PointMaze,Navigation,adv,adv_oppose_goal,,0,1,1,1,1,,58.2317
offline,ATLA_off,learner_off,PointMaze,Navigation,adv,adv_rotate,,0,1,1,1,2,,37.5000
offline,ATLA_off,learner_off,PointMaze,Navigation,adv,nominal,,1,0,0,,,,101.5244
offline,FMGAN,generative,PointMaze,Navigation,adv,adv_oppose,,0,1,1,4,4,,40.5488
offline,FMGAN,generative,PointMaze,Navigation,adv,adv_oppose_goal,,0,1,1,1,1,,57.6220
offline,FMGAN,generative,PointMaze,Navigation,adv,adv_rotate,,0,1,1,1,2,,41.1585
offline,FMGAN,generative,PointMaze,Navigation,adv,nominal,,1,0,0,,,,95.4268
offline,FWM,generative,PointMaze,Navigation,adv,adv_oppose,,0,1,1,4,4,,40.8537
offline,FWM,generative,PointMaze,Navigation,adv,adv_oppose_goal,,0,1,1,1,1,,58.5366
offline,FWM,generative,PointMaze,Navigation,adv,adv_rotate,,0,1,1,1,2,,45.4268
offline,FWM,generative,PointMaze,Navigation,adv,nominal,,1,0,0,,,,93.9024
offline,IQL,standard,PointMaze,Navigation,adv,adv_oppose,,0,1,1,4,4,,37.8049
offline,IQL,standard,PointMaze,Navigation,adv,adv_oppose_goal,,0,1,1,1,1,,56.0976
offline,IQL,standard,PointMaze,Navigation,adv,adv_rotate,,0,1,1,1,2,,42.9878
offline,IQL,standard,PointMaze,Navigation,adv,nominal,,1,0,0,,,,100.0000
offline,MOPO,standard,PointMaze,Navigation,adv,adv_oppose,,0,1,1,4,4,,0.0000
offline,MOPO,standard,PointMaze,Navigation,adv,adv_oppose_goal,,0,1,1,1,1,,0.0000
offline,MOPO,standard,PointMaze,Navigation,adv,adv_rotate,,0,1,1,1,2,,0.3049
offline,MOPO,standard,PointMaze,Navigation,adv,nominal,,1,0,0,,,,0.0000
offline,RAMBO,data_off,PointMaze,Navigation,adv,adv_oppose,,0,1,1,4,4,,3.6585
offline,RAMBO,data_off,PointMaze,Navigation,adv,adv_oppose_goal,,0,1,1,1,1,,46.3415
offline,RAMBO,data_off,PointMaze,Navigation,adv,adv_rotate,,0,1,1,1,2,,41.7683
offline,RAMBO,data_off,PointMaze,Navigation,adv,nominal,,1,0,0,,,,75.3049
offline,RFQI,learner_off,PointMaze,Navigation,adv,adv_oppose,,0,1,1,4,4,,7.0122
offline,RFQI,learner_off,PointMaze,Navigation,adv,adv_oppose_goal,,0,1,1,1,1,,53.3537
offline,RFQI,learner_off,PointMaze,Navigation,adv,adv_rotate,,0,1,1,1,2,,42.6829
offline,RFQI,learner_off,PointMaze,Navigation,adv,nominal,,1,0,0,,,,71.6463
offline,ROMB,generative,PointMaze,Navigation,adv,adv_oppose,,0,1,1,4,4,,33.2317
offline,ROMB,generative,PointMaze,Navigation,adv,adv_oppose_goal,,0,1,1,1,1,,56.0976
offline,ROMB,generative,PointMaze,Navigation,adv,adv_rotate,,0,1,1,1,2,,43.5976
offline,ROMB,generative,PointMaze,Navigation,adv,nominal,,1,0,0,,,,97.5610
offline,RORL,learner_off,PointMaze,Navigation,adv,adv_oppose,,0,1,1,4,4,,0.3049
offline,RORL,learner_off,PointMaze,Navigation,adv,adv_oppose_goal,,0,1,1,1,1,,23.7805
offline,RORL,learner_off,PointMaze,Navigation,adv,adv_rotate,,0,1,1,1,2,,34.1463
offline,RORL,learner_off,PointMaze,Navigation,adv,nominal,,1,0,0,,,,29.8780
offline,RSC,data_off,PointMaze,Navigation,adv,adv_oppose,,0,1,1,4,4,,41.7683
offline,RSC,data_off,PointMaze,Navigation,adv,adv_oppose_goal,,0,1,1,1,1,,59.7561
offline,RSC,data_off,PointMaze,Navigation,adv,adv_rotate,,0,1,1,1,2,,43.9024
offline,RSC,data_off,PointMaze,Navigation,adv,nominal,,1,0,0,,,,100.3049
offline,SynthER,standard,PointMaze,Navigation,adv,adv_oppose,,0,1,1,4,4,,33.5366
offline,SynthER,standard,PointMaze,Navigation,adv,adv_oppose_goal,,0,1,1,1,1,,57.6220
offline,SynthER,standard,PointMaze,Navigation,adv,adv_rotate,,0,1,1,1,2,,42.0732
offline,SynthER,standard,PointMaze,Navigation,adv,nominal,,1,0,0,,,,86.5854
offline,TD3+BC,standard,PointMaze,Navigation,adv,adv_oppose,,0,1,1,4,4,,8.8415
offline,TD3+BC,standard,PointMaze,Navigation,adv,adv_oppose_goal,,0,1,1,1,1,,63.7195
offline,TD3+BC,standard,PointMaze,Navigation,adv,adv_rotate,,0,1,1,1,2,,49.6951
offline,TD3+BC,standard,PointMaze,Navigation,adv,nominal,,1,0,0,,,,92.6829
offline,ATLA_off,learner_off,PointMaze,Navigation,adv,adv_oppose_goal_0.75,0.7500,0,0,1,2,,,37.8049
offline,FMGAN,generative,PointMaze,Navigation,adv,adv_oppose_goal_0.75,0.7500,0,0,1,2,,,35.9756
offline,FWM,generative,PointMaze,Navigation,adv,adv_oppose_goal_0.75,0.7500,0,0,1,2,,,39.0244
offline,IQL,standard,PointMaze,Navigation,adv,adv_oppose_goal_0.75,0.7500,0,0,1,2,,,35.9756
offline,MOPO,standard,PointMaze,Navigation,adv,adv_oppose_goal_0.75,0.7500,0,0,1,2,,,0.0000
offline,RAMBO,data_off,PointMaze,Navigation,adv,adv_oppose_goal_0.75,0.7500,0,0,1,2,,,28.0488
offline,RFQI,learner_off,PointMaze,Navigation,adv,adv_oppose_goal_0.75,0.7500,0,0,1,2,,,34.1463
offline,ROMB,generative,PointMaze,Navigation,adv,adv_oppose_goal_0.75,0.7500,0,0,1,2,,,38.1098
offline,RORL,learner_off,PointMaze,Navigation,adv,adv_oppose_goal_0.75,0.7500,0,0,1,2,,,17.0732
offline,RSC,data_off,PointMaze,Navigation,adv,adv_oppose_goal_0.75,0.7500,0,0,1,2,,,39.3293
offline,SynthER,standard,PointMaze,Navigation,adv,adv_oppose_goal_0.75,0.7500,0,0,1,2,,,36.2805
offline,TD3+BC,standard,PointMaze,Navigation,adv,adv_oppose_goal_0.75,0.7500,0,0,1,2,,,39.6341
offline,ATLA_off,learner_off,PointMaze,Navigation,adv,adv_oppose_1.5,1.5000,0,0,1,4,,,0.0000
offline,FMGAN,generative,PointMaze,Navigation,adv,adv_oppose_1.5,1.5000,0,0,1,4,,,0.0000
offline,FWM,generative,PointMaze,Navigation,adv,adv_oppose_1.5,1.5000,0,0,1,4,,,0.0000
offline,IQL,standard,PointMaze,Navigation,adv,adv_oppose_1.5,1.5000,0,0,1,4,,,0.0000
offline,MOPO,standard,PointMaze,Navigation,adv,adv_oppose_1.5,1.5000,0,0,1,4,,,7.6220
offline,RAMBO,data_off,PointMaze,Navigation,adv,adv_oppose_1.5,1.5000,0,0,1,4,,,0.0000
offline,RFQI,learner_off,PointMaze,Navigation,adv,adv_oppose_1.5,1.5000,0,0,1,4,,,0.0000
offline,ROMB,generative,PointMaze,Navigation,adv,adv_oppose_1.5,1.5000,0,0,1,4,,,0.0000
offline,RORL,learner_off,PointMaze,Navigation,adv,adv_oppose_1.5,1.5000,0,0,1,4,,,0.0000
offline,RSC,data_off,PointMaze,Navigation,adv,adv_oppose_1.5,1.5000,0,0,1,4,,,0.0000
offline,SynthER,standard,PointMaze,Navigation,adv,adv_oppose_1.5,1.5000,0,0,1,4,,,0.0000
offline,TD3+BC,standard,PointMaze,Navigation,adv,adv_oppose_1.5,1.5000,0,0,1,4,,,0.0000
offline,ATLA_off,learner_off,PointMaze,Navigation,adv,adv_rotate_90,90.0000,0,1,1,3,3,,34.7561
offline,FMGAN,generative,PointMaze,Navigation,adv,adv_rotate_90,90.0000,0,1,1,3,3,,35.9756
offline,FWM,generative,PointMaze,Navigation,adv,adv_rotate_90,90.0000,0,1,1,3,3,,32.0122
offline,IQL,standard,PointMaze,Navigation,adv,adv_rotate_90,90.0000,0,1,1,3,3,,37.8049
offline,MOPO,standard,PointMaze,Navigation,adv,adv_rotate_90,90.0000,0,1,1,3,3,,0.9146
offline,RAMBO,data_off,PointMaze,Navigation,adv,adv_rotate_90,90.0000,0,1,1,3,3,,34.4512
offline,RFQI,learner_off,PointMaze,Navigation,adv,adv_rotate_90,90.0000,0,1,1,3,3,,37.5000
offline,ROMB,generative,PointMaze,Navigation,adv,adv_rotate_90,90.0000,0,1,1,3,3,,37.5000
offline,RORL,learner_off,PointMaze,Navigation,adv,adv_rotate_90,90.0000,0,1,1,3,3,,20.7317
offline,RSC,data_off,PointMaze,Navigation,adv,adv_rotate_90,90.0000,0,1,1,3,3,,34.4512
offline,SynthER,standard,PointMaze,Navigation,adv,adv_rotate_90,90.0000,0,1,1,3,3,,30.7927
offline,TD3+BC,standard,PointMaze,Navigation,adv,adv_rotate_90,90.0000,0,1,1,3,3,,40.8537
offline,ATLA_off,learner_off,PointMaze,Navigation,dryfric,nominal,1.0000,1,0,0,,,,101.5244
offline,FMGAN,generative,PointMaze,Navigation,dryfric,nominal,1.0000,1,0,0,,,,95.4268
offline,FWM,generative,PointMaze,Navigation,dryfric,nominal,1.0000,1,0,0,,,,93.9024
offline,IQL,standard,PointMaze,Navigation,dryfric,nominal,1.0000,1,0,0,,,,100.0000
offline,MOPO,standard,PointMaze,Navigation,dryfric,nominal,1.0000,1,0,0,,,,0.0000
offline,RAMBO,data_off,PointMaze,Navigation,dryfric,nominal,1.0000,1,0,0,,,,75.3049
offline,RFQI,learner_off,PointMaze,Navigation,dryfric,nominal,1.0000,1,0,0,,,,71.6463
offline,ROMB,generative,PointMaze,Navigation,dryfric,nominal,1.0000,1,0,0,,,,97.5610
offline,RORL,learner_off,PointMaze,Navigation,dryfric,nominal,1.0000,1,0,0,,,,29.8780
offline,RSC,data_off,PointMaze,Navigation,dryfric,nominal,1.0000,1,0,0,,,,100.3049
offline,SynthER,standard,PointMaze,Navigation,dryfric,nominal,1.0000,1,0,0,,,,86.5854
offline,TD3+BC,standard,PointMaze,Navigation,dryfric,nominal,1.0000,1,0,0,,,,92.6829
offline,ATLA_off,learner_off,PointMaze,Navigation,dryfric,dryfric_30,30.0000,0,1,1,1,1,,82.0122
offline,FMGAN,generative,PointMaze,Navigation,dryfric,dryfric_30,30.0000,0,1,1,1,1,,81.7073
offline,FWM,generative,PointMaze,Navigation,dryfric,dryfric_30,30.0000,0,1,1,1,1,,82.3171
offline,IQL,standard,PointMaze,Navigation,dryfric,dryfric_30,30.0000,0,1,1,1,1,,75.6098
offline,MOPO,standard,PointMaze,Navigation,dryfric,dryfric_30,30.0000,0,1,1,1,1,,0.0000
offline,RAMBO,data_off,PointMaze,Navigation,dryfric,dryfric_30,30.0000,0,1,1,1,1,,52.1341
offline,RFQI,learner_off,PointMaze,Navigation,dryfric,dryfric_30,30.0000,0,1,1,1,1,,55.1829
offline,ROMB,generative,PointMaze,Navigation,dryfric,dryfric_30,30.0000,0,1,1,1,1,,78.0488
offline,RORL,learner_off,PointMaze,Navigation,dryfric,dryfric_30,30.0000,0,1,1,1,1,,21.0366
offline,RSC,data_off,PointMaze,Navigation,dryfric,dryfric_30,30.0000,0,1,1,1,1,,80.7927
offline,SynthER,standard,PointMaze,Navigation,dryfric,dryfric_30,30.0000,0,1,1,1,1,,60.9756
offline,TD3+BC,standard,PointMaze,Navigation,dryfric,dryfric_30,30.0000,0,1,1,1,1,,65.8537
offline,ATLA_off,learner_off,PointMaze,Navigation,dryfric,dryfric_45,45.0000,0,1,1,1,2,,70.7317
offline,FMGAN,generative,PointMaze,Navigation,dryfric,dryfric_45,45.0000,0,1,1,1,2,,70.4268
offline,FWM,generative,PointMaze,Navigation,dryfric,dryfric_45,45.0000,0,1,1,1,2,,74.3902
offline,IQL,standard,PointMaze,Navigation,dryfric,dryfric_45,45.0000,0,1,1,1,2,,67.3780
offline,MOPO,standard,PointMaze,Navigation,dryfric,dryfric_45,45.0000,0,1,1,1,2,,0.0000
offline,RAMBO,data_off,PointMaze,Navigation,dryfric,dryfric_45,45.0000,0,1,1,1,2,,45.7317
offline,RFQI,learner_off,PointMaze,Navigation,dryfric,dryfric_45,45.0000,0,1,1,1,2,,47.2561
offline,ROMB,generative,PointMaze,Navigation,dryfric,dryfric_45,45.0000,0,1,1,1,2,,67.3780
offline,RORL,learner_off,PointMaze,Navigation,dryfric,dryfric_45,45.0000,0,1,1,1,2,,14.9390
offline,RSC,data_off,PointMaze,Navigation,dryfric,dryfric_45,45.0000,0,1,1,1,2,,71.6463
offline,SynthER,standard,PointMaze,Navigation,dryfric,dryfric_45,45.0000,0,1,1,1,2,,52.4390
offline,TD3+BC,standard,PointMaze,Navigation,dryfric,dryfric_45,45.0000,0,1,1,1,2,,50.3049
offline,ATLA_off,learner_off,PointMaze,Navigation,dryfric,dryfric_60,60.0000,0,1,1,2,3,,62.8049
offline,FMGAN,generative,PointMaze,Navigation,dryfric,dryfric_60,60.0000,0,1,1,2,3,,65.8537
offline,FWM,generative,PointMaze,Navigation,dryfric,dryfric_60,60.0000,0,1,1,2,3,,64.3293
offline,IQL,standard,PointMaze,Navigation,dryfric,dryfric_60,60.0000,0,1,1,2,3,,62.5000
offline,MOPO,standard,PointMaze,Navigation,dryfric,dryfric_60,60.0000,0,1,1,2,3,,0.0000
offline,RAMBO,data_off,PointMaze,Navigation,dryfric,dryfric_60,60.0000,0,1,1,2,3,,42.0732
offline,RFQI,learner_off,PointMaze,Navigation,dryfric,dryfric_60,60.0000,0,1,1,2,3,,42.9878
offline,ROMB,generative,PointMaze,Navigation,dryfric,dryfric_60,60.0000,0,1,1,2,3,,63.1098
offline,RORL,learner_off,PointMaze,Navigation,dryfric,dryfric_60,60.0000,0,1,1,2,3,,9.4512
offline,RSC,data_off,PointMaze,Navigation,dryfric,dryfric_60,60.0000,0,1,1,2,3,,61.2805
offline,SynthER,standard,PointMaze,Navigation,dryfric,dryfric_60,60.0000,0,1,1,2,3,,48.4756
offline,TD3+BC,standard,PointMaze,Navigation,dryfric,dryfric_60,60.0000,0,1,1,2,3,,44.5122
offline,ATLA_off,learner_off,PointMaze,Navigation,dryfric,dryfric_75,75.0000,0,1,1,2,4,,57.3171
offline,FMGAN,generative,PointMaze,Navigation,dryfric,dryfric_75,75.0000,0,1,1,2,4,,54.8780
offline,FWM,generative,PointMaze,Navigation,dryfric,dryfric_75,75.0000,0,1,1,2,4,,57.3171
offline,IQL,standard,PointMaze,Navigation,dryfric,dryfric_75,75.0000,0,1,1,2,4,,56.7073
offline,MOPO,standard,PointMaze,Navigation,dryfric,dryfric_75,75.0000,0,1,1,2,4,,0.0000
offline,RAMBO,data_off,PointMaze,Navigation,dryfric,dryfric_75,75.0000,0,1,1,2,4,,33.2317
offline,RFQI,learner_off,PointMaze,Navigation,dryfric,dryfric_75,75.0000,0,1,1,2,4,,35.9756
offline,ROMB,generative,PointMaze,Navigation,dryfric,dryfric_75,75.0000,0,1,1,2,4,,53.3537
offline,RORL,learner_off,PointMaze,Navigation,dryfric,dryfric_75,75.0000,0,1,1,2,4,,8.2317
offline,RSC,data_off,PointMaze,Navigation,dryfric,dryfric_75,75.0000,0,1,1,2,4,,52.4390
offline,SynthER,standard,PointMaze,Navigation,dryfric,dryfric_75,75.0000,0,1,1,2,4,,45.1220
offline,TD3+BC,standard,PointMaze,Navigation,dryfric,dryfric_75,75.0000,0,1,1,2,4,,31.7073
offline,ATLA_off,learner_off,PointMaze,Navigation,dryfric,dryfric_90,90.0000,0,0,1,3,,,41.7683
offline,FMGAN,generative,PointMaze,Navigation,dryfric,dryfric_90,90.0000,0,0,1,3,,,43.5976
offline,FWM,generative,PointMaze,Navigation,dryfric,dryfric_90,90.0000,0,0,1,3,,,42.6829
offline,IQL,standard,PointMaze,Navigation,dryfric,dryfric_90,90.0000,0,0,1,3,,,42.9878
offline,MOPO,standard,PointMaze,Navigation,dryfric,dryfric_90,90.0000,0,0,1,3,,,0.0000
offline,RAMBO,data_off,PointMaze,Navigation,dryfric,dryfric_90,90.0000,0,0,1,3,,,8.8415
offline,RFQI,learner_off,PointMaze,Navigation,dryfric,dryfric_90,90.0000,0,0,1,3,,,3.9634
offline,ROMB,generative,PointMaze,Navigation,dryfric,dryfric_90,90.0000,0,0,1,3,,,37.5000
offline,RORL,learner_off,PointMaze,Navigation,dryfric,dryfric_90,90.0000,0,0,1,3,,,1.2195
offline,RSC,data_off,PointMaze,Navigation,dryfric,dryfric_90,90.0000,0,0,1,3,,,39.0244
offline,SynthER,standard,PointMaze,Navigation,dryfric,dryfric_90,90.0000,0,0,1,3,,,34.7561
offline,TD3+BC,standard,PointMaze,Navigation,dryfric,dryfric_90,90.0000,0,0,1,3,,,16.7683
offline,ATLA_off,learner_off,PointMaze,Navigation,dryfric,dryfric_105,105.0000,0,0,1,3,,,0.0000
offline,FMGAN,generative,PointMaze,Navigation,dryfric,dryfric_105,105.0000,0,0,1,3,,,0.0000
offline,FWM,generative,PointMaze,Navigation,dryfric,dryfric_105,105.0000,0,0,1,3,,,0.0000
offline,IQL,standard,PointMaze,Navigation,dryfric,dryfric_105,105.0000,0,0,1,3,,,0.0000
offline,MOPO,standard,PointMaze,Navigation,dryfric,dryfric_105,105.0000,0,0,1,3,,,0.0000
offline,RAMBO,data_off,PointMaze,Navigation,dryfric,dryfric_105,105.0000,0,0,1,3,,,0.0000
offline,RFQI,learner_off,PointMaze,Navigation,dryfric,dryfric_105,105.0000,0,0,1,3,,,0.0000
offline,ROMB,generative,PointMaze,Navigation,dryfric,dryfric_105,105.0000,0,0,1,3,,,0.0000
offline,RORL,learner_off,PointMaze,Navigation,dryfric,dryfric_105,105.0000,0,0,1,3,,,0.0000
offline,RSC,data_off,PointMaze,Navigation,dryfric,dryfric_105,105.0000,0,0,1,3,,,0.0000
offline,SynthER,standard,PointMaze,Navigation,dryfric,dryfric_105,105.0000,0,0,1,3,,,0.0000
offline,TD3+BC,standard,PointMaze,Navigation,dryfric,dryfric_105,105.0000,0,0,1,3,,,0.0000
offline,ATLA_off,learner_off,PointMaze,Navigation,dryfric,dryfric_120,120.0000,0,0,1,4,,,0.0000
offline,FMGAN,generative,PointMaze,Navigation,dryfric,dryfric_120,120.0000,0,0,1,4,,,0.0000
offline,FWM,generative,PointMaze,Navigation,dryfric,dryfric_120,120.0000,0,0,1,4,,,0.0000
offline,IQL,standard,PointMaze,Navigation,dryfric,dryfric_120,120.0000,0,0,1,4,,,0.0000
offline,MOPO,standard,PointMaze,Navigation,dryfric,dryfric_120,120.0000,0,0,1,4,,,0.0000
offline,RAMBO,data_off,PointMaze,Navigation,dryfric,dryfric_120,120.0000,0,0,1,4,,,0.0000
offline,RFQI,learner_off,PointMaze,Navigation,dryfric,dryfric_120,120.0000,0,0,1,4,,,0.0000
offline,ROMB,generative,PointMaze,Navigation,dryfric,dryfric_120,120.0000,0,0,1,4,,,0.0000
offline,RORL,learner_off,PointMaze,Navigation,dryfric,dryfric_120,120.0000,0,0,1,4,,,0.0000
offline,RSC,data_off,PointMaze,Navigation,dryfric,dryfric_120,120.0000,0,0,1,4,,,0.0000
offline,SynthER,standard,PointMaze,Navigation,dryfric,dryfric_120,120.0000,0,0,1,4,,,0.0000
offline,TD3+BC,standard,PointMaze,Navigation,dryfric,dryfric_120,120.0000,0,0,1,4,,,0.0000
offline,ATLA_off,learner_off,PointMaze,Navigation,dryfric,dryfric_135,135.0000,0,0,1,4,,,0.0000
offline,FMGAN,generative,PointMaze,Navigation,dryfric,dryfric_135,135.0000,0,0,1,4,,,0.0000
offline,FWM,generative,PointMaze,Navigation,dryfric,dryfric_135,135.0000,0,0,1,4,,,0.0000
offline,IQL,standard,PointMaze,Navigation,dryfric,dryfric_135,135.0000,0,0,1,4,,,0.0000
offline,MOPO,standard,PointMaze,Navigation,dryfric,dryfric_135,135.0000,0,0,1,4,,,0.0000
offline,RAMBO,data_off,PointMaze,Navigation,dryfric,dryfric_135,135.0000,0,0,1,4,,,0.0000
offline,RFQI,learner_off,PointMaze,Navigation,dryfric,dryfric_135,135.0000,0,0,1,4,,,0.0000
offline,ROMB,generative,PointMaze,Navigation,dryfric,dryfric_135,135.0000,0,0,1,4,,,0.0000
offline,RORL,learner_off,PointMaze,Navigation,dryfric,dryfric_135,135.0000,0,0,1,4,,,0.0000
offline,RSC,data_off,PointMaze,Navigation,dryfric,dryfric_135,135.0000,0,0,1,4,,,0.0000
offline,SynthER,standard,PointMaze,Navigation,dryfric,dryfric_135,135.0000,0,0,1,4,,,0.0000
offline,TD3+BC,standard,PointMaze,Navigation,dryfric,dryfric_135,135.0000,0,0,1,4,,,0.0000
offline,ATLA_off,learner_off,PointMaze,Navigation,gear,gear_0.05,0.0500,0,1,1,4,4,,20.7317
offline,FMGAN,generative,PointMaze,Navigation,gear,gear_0.05,0.0500,0,1,1,4,4,,21.0366
offline,FWM,generative,PointMaze,Navigation,gear,gear_0.05,0.0500,0,1,1,4,4,,21.3415
offline,IQL,standard,PointMaze,Navigation,gear,gear_0.05,0.0500,0,1,1,4,4,,21.6463
offline,MOPO,standard,PointMaze,Navigation,gear,gear_0.05,0.0500,0,1,1,4,4,,0.0000
offline,RAMBO,data_off,PointMaze,Navigation,gear,gear_0.05,0.0500,0,1,1,4,4,,19.5122
offline,RFQI,learner_off,PointMaze,Navigation,gear,gear_0.05,0.0500,0,1,1,4,4,,19.2073
offline,ROMB,generative,PointMaze,Navigation,gear,gear_0.05,0.0500,0,1,1,4,4,,22.8659
offline,RORL,learner_off,PointMaze,Navigation,gear,gear_0.05,0.0500,0,1,1,4,4,,8.5366
offline,RSC,data_off,PointMaze,Navigation,gear,gear_0.05,0.0500,0,1,1,4,4,,22.2561
offline,SynthER,standard,PointMaze,Navigation,gear,gear_0.05,0.0500,0,1,1,4,4,,22.2561
offline,TD3+BC,standard,PointMaze,Navigation,gear,gear_0.05,0.0500,0,1,1,4,4,,22.5610
offline,ATLA_off,learner_off,PointMaze,Navigation,gear,gear_0.075,0.0750,0,0,1,4,,,27.4390
offline,FMGAN,generative,PointMaze,Navigation,gear,gear_0.075,0.0750,0,0,1,4,,,27.4390
offline,FWM,generative,PointMaze,Navigation,gear,gear_0.075,0.0750,0,0,1,4,,,25.9146
offline,IQL,standard,PointMaze,Navigation,gear,gear_0.075,0.0750,0,0,1,4,,,28.0488
offline,MOPO,standard,PointMaze,Navigation,gear,gear_0.075,0.0750,0,0,1,4,,,0.0000
offline,RAMBO,data_off,PointMaze,Navigation,gear,gear_0.075,0.0750,0,0,1,4,,,23.1707
offline,RFQI,learner_off,PointMaze,Navigation,gear,gear_0.075,0.0750,0,0,1,4,,,24.0854
offline,ROMB,generative,PointMaze,Navigation,gear,gear_0.075,0.0750,0,0,1,4,,,28.6585
offline,RORL,learner_off,PointMaze,Navigation,gear,gear_0.075,0.0750,0,0,1,4,,,10.9756
offline,RSC,data_off,PointMaze,Navigation,gear,gear_0.075,0.0750,0,0,1,4,,,28.3537
offline,SynthER,standard,PointMaze,Navigation,gear,gear_0.075,0.0750,0,0,1,4,,,26.8293
offline,TD3+BC,standard,PointMaze,Navigation,gear,gear_0.075,0.0750,0,0,1,4,,,26.5244
offline,ATLA_off,learner_off,PointMaze,Navigation,gear,gear_0.1,0.1000,0,1,1,3,3,,29.8780
offline,FMGAN,generative,PointMaze,Navigation,gear,gear_0.1,0.1000,0,1,1,3,3,,30.4878
offline,FWM,generative,PointMaze,Navigation,gear,gear_0.1,0.1000,0,1,1,3,3,,28.9634
offline,IQL,standard,PointMaze,Navigation,gear,gear_0.1,0.1000,0,1,1,3,3,,31.7073
offline,MOPO,standard,PointMaze,Navigation,gear,gear_0.1,0.1000,0,1,1,3,3,,0.3049
offline,RAMBO,data_off,PointMaze,Navigation,gear,gear_0.1,0.1000,0,1,1,3,3,,25.3049
offline,RFQI,learner_off,PointMaze,Navigation,gear,gear_0.1,0.1000,0,1,1,3,3,,27.1341
offline,ROMB,generative,PointMaze,Navigation,gear,gear_0.1,0.1000,0,1,1,3,3,,29.8780
offline,RORL,learner_off,PointMaze,Navigation,gear,gear_0.1,0.1000,0,1,1,3,3,,11.5854
offline,RSC,data_off,PointMaze,Navigation,gear,gear_0.1,0.1000,0,1,1,3,3,,32.3171
offline,SynthER,standard,PointMaze,Navigation,gear,gear_0.1,0.1000,0,1,1,3,3,,28.3537
offline,TD3+BC,standard,PointMaze,Navigation,gear,gear_0.1,0.1000,0,1,1,3,3,,27.4390
offline,ATLA_off,learner_off,PointMaze,Navigation,gear,gear_0.15,0.1500,0,0,1,3,,,37.8049
offline,FMGAN,generative,PointMaze,Navigation,gear,gear_0.15,0.1500,0,0,1,3,,,38.1098
offline,FWM,generative,PointMaze,Navigation,gear,gear_0.15,0.1500,0,0,1,3,,,37.8049
offline,IQL,standard,PointMaze,Navigation,gear,gear_0.15,0.1500,0,0,1,3,,,36.2805
offline,MOPO,standard,PointMaze,Navigation,gear,gear_0.15,0.1500,0,0,1,3,,,0.0000
offline,RAMBO,data_off,PointMaze,Navigation,gear,gear_0.15,0.1500,0,0,1,3,,,32.6220
offline,RFQI,learner_off,PointMaze,Navigation,gear,gear_0.15,0.1500,0,0,1,3,,,33.5366
offline,ROMB,generative,PointMaze,Navigation,gear,gear_0.15,0.1500,0,0,1,3,,,37.1951
offline,RORL,learner_off,PointMaze,Navigation,gear,gear_0.15,0.1500,0,0,1,3,,,14.6341
offline,RSC,data_off,PointMaze,Navigation,gear,gear_0.15,0.1500,0,0,1,3,,,41.4634
offline,SynthER,standard,PointMaze,Navigation,gear,gear_0.15,0.1500,0,0,1,3,,,35.0610
offline,TD3+BC,standard,PointMaze,Navigation,gear,gear_0.15,0.1500,0,0,1,3,,,32.6220
offline,ATLA_off,learner_off,PointMaze,Navigation,gear,gear_0.2,0.2000,0,1,1,2,2,,42.3780
offline,FMGAN,generative,PointMaze,Navigation,gear,gear_0.2,0.2000,0,1,1,2,2,,44.2073
offline,FWM,generative,PointMaze,Navigation,gear,gear_0.2,0.2000,0,1,1,2,2,,43.2927
offline,IQL,standard,PointMaze,Navigation,gear,gear_0.2,0.2000,0,1,1,2,2,,43.5976
offline,MOPO,standard,PointMaze,Navigation,gear,gear_0.2,0.2000,0,1,1,2,2,,0.0000
offline,RAMBO,data_off,PointMaze,Navigation,gear,gear_0.2,0.2000,0,1,1,2,2,,35.3659
offline,RFQI,learner_off,PointMaze,Navigation,gear,gear_0.2,0.2000,0,1,1,2,2,,38.7195
offline,ROMB,generative,PointMaze,Navigation,gear,gear_0.2,0.2000,0,1,1,2,2,,42.3780
offline,RORL,learner_off,PointMaze,Navigation,gear,gear_0.2,0.2000,0,1,1,2,2,,14.6341
offline,RSC,data_off,PointMaze,Navigation,gear,gear_0.2,0.2000,0,1,1,2,2,,47.5610
offline,SynthER,standard,PointMaze,Navigation,gear,gear_0.2,0.2000,0,1,1,2,2,,39.3293
offline,TD3+BC,standard,PointMaze,Navigation,gear,gear_0.2,0.2000,0,1,1,2,2,,39.6341
offline,ATLA_off,learner_off,PointMaze,Navigation,gear,gear_0.4,0.4000,0,1,1,2,1,,59.1463
offline,FMGAN,generative,PointMaze,Navigation,gear,gear_0.4,0.4000,0,1,1,2,1,,61.5854
offline,FWM,generative,PointMaze,Navigation,gear,gear_0.4,0.4000,0,1,1,2,1,,61.2805
offline,IQL,standard,PointMaze,Navigation,gear,gear_0.4,0.4000,0,1,1,2,1,,60.3659
offline,MOPO,standard,PointMaze,Navigation,gear,gear_0.4,0.4000,0,1,1,2,1,,0.0000
offline,RAMBO,data_off,PointMaze,Navigation,gear,gear_0.4,0.4000,0,1,1,2,1,,45.1220
offline,RFQI,learner_off,PointMaze,Navigation,gear,gear_0.4,0.4000,0,1,1,2,1,,49.3902
offline,ROMB,generative,PointMaze,Navigation,gear,gear_0.4,0.4000,0,1,1,2,1,,60.3659
offline,RORL,learner_off,PointMaze,Navigation,gear,gear_0.4,0.4000,0,1,1,2,1,,20.1220
offline,RSC,data_off,PointMaze,Navigation,gear,gear_0.4,0.4000,0,1,1,2,1,,62.1951
offline,SynthER,standard,PointMaze,Navigation,gear,gear_0.4,0.4000,0,1,1,2,1,,52.1341
offline,TD3+BC,standard,PointMaze,Navigation,gear,gear_0.4,0.4000,0,1,1,2,1,,56.0976
offline,ATLA_off,learner_off,PointMaze,Navigation,gear,gear_0.6,0.6000,0,0,1,1,,,77.7439
offline,FMGAN,generative,PointMaze,Navigation,gear,gear_0.6,0.6000,0,0,1,1,,,74.6951
offline,FWM,generative,PointMaze,Navigation,gear,gear_0.6,0.6000,0,0,1,1,,,74.0854
offline,IQL,standard,PointMaze,Navigation,gear,gear_0.6,0.6000,0,0,1,1,,,71.9512
offline,MOPO,standard,PointMaze,Navigation,gear,gear_0.6,0.6000,0,0,1,1,,,0.0000
offline,RAMBO,data_off,PointMaze,Navigation,gear,gear_0.6,0.6000,0,0,1,1,,,54.5732
offline,RFQI,learner_off,PointMaze,Navigation,gear,gear_0.6,0.6000,0,0,1,1,,,61.2805
offline,ROMB,generative,PointMaze,Navigation,gear,gear_0.6,0.6000,0,0,1,1,,,73.1707
offline,RORL,learner_off,PointMaze,Navigation,gear,gear_0.6,0.6000,0,0,1,1,,,26.2195
offline,RSC,data_off,PointMaze,Navigation,gear,gear_0.6,0.6000,0,0,1,1,,,75.6098
offline,SynthER,standard,PointMaze,Navigation,gear,gear_0.6,0.6000,0,0,1,1,,,69.8171
offline,TD3+BC,standard,PointMaze,Navigation,gear,gear_0.6,0.6000,0,0,1,1,,,67.0732
offline,ATLA_off,learner_off,PointMaze,Navigation,gear,gear_0.8,0.8000,0,0,1,1,,,84.7561
offline,FMGAN,generative,PointMaze,Navigation,gear,gear_0.8,0.8000,0,0,1,1,,,87.1951
offline,FWM,generative,PointMaze,Navigation,gear,gear_0.8,0.8000,0,0,1,1,,,86.5854
offline,IQL,standard,PointMaze,Navigation,gear,gear_0.8,0.8000,0,0,1,1,,,84.7561
offline,MOPO,standard,PointMaze,Navigation,gear,gear_0.8,0.8000,0,0,1,1,,,0.0000
offline,RAMBO,data_off,PointMaze,Navigation,gear,gear_0.8,0.8000,0,0,1,1,,,67.3780
offline,RFQI,learner_off,PointMaze,Navigation,gear,gear_0.8,0.8000,0,0,1,1,,,68.5976
offline,ROMB,generative,PointMaze,Navigation,gear,gear_0.8,0.8000,0,0,1,1,,,85.9756
offline,RORL,learner_off,PointMaze,Navigation,gear,gear_0.8,0.8000,0,0,1,1,,,30.1829
offline,RSC,data_off,PointMaze,Navigation,gear,gear_0.8,0.8000,0,0,1,1,,,88.7195
offline,SynthER,standard,PointMaze,Navigation,gear,gear_0.8,0.8000,0,0,1,1,,,79.8780
offline,TD3+BC,standard,PointMaze,Navigation,gear,gear_0.8,0.8000,0,0,1,1,,,80.7927
offline,ATLA_off,learner_off,PointMaze,Navigation,gear,nominal,1.0000,1,0,0,,,,101.5244
offline,FMGAN,generative,PointMaze,Navigation,gear,nominal,1.0000,1,0,0,,,,95.4268
offline,FWM,generative,PointMaze,Navigation,gear,nominal,1.0000,1,0,0,,,,93.9024
offline,IQL,standard,PointMaze,Navigation,gear,nominal,1.0000,1,0,0,,,,100.0000
offline,MOPO,standard,PointMaze,Navigation,gear,nominal,1.0000,1,0,0,,,,0.0000
offline,RAMBO,data_off,PointMaze,Navigation,gear,nominal,1.0000,1,0,0,,,,75.3049
offline,RFQI,learner_off,PointMaze,Navigation,gear,nominal,1.0000,1,0,0,,,,71.6463
offline,ROMB,generative,PointMaze,Navigation,gear,nominal,1.0000,1,0,0,,,,97.5610
offline,RORL,learner_off,PointMaze,Navigation,gear,nominal,1.0000,1,0,0,,,,29.8780
offline,RSC,data_off,PointMaze,Navigation,gear,nominal,1.0000,1,0,0,,,,100.3049
offline,SynthER,standard,PointMaze,Navigation,gear,nominal,1.0000,1,0,0,,,,86.5854
offline,TD3+BC,standard,PointMaze,Navigation,gear,nominal,1.0000,1,0,0,,,,92.6829
offline,ATLA_off,learner_off,Walker2d,Locomotion,gear,gear_0.6,0.6000,0,1,1,4,4,,6.2151
offline,FMGAN,generative,Walker2d,Locomotion,gear,gear_0.6,0.6000,0,1,1,4,4,,5.3421
offline,FWM,generative,Walker2d,Locomotion,gear,gear_0.6,0.6000,0,1,1,4,4,,7.7855
offline,IQL,standard,Walker2d,Locomotion,gear,gear_0.6,0.6000,0,1,1,4,4,,6.4459
offline,MOPO,standard,Walker2d,Locomotion,gear,gear_0.6,0.6000,0,1,1,4,4,,5.1445
offline,RAMBO,data_off,Walker2d,Locomotion,gear,gear_0.6,0.6000,0,1,1,4,4,,12.2963
offline,RFQI,learner_off,Walker2d,Locomotion,gear,gear_0.6,0.6000,0,1,1,4,4,,10.3981
offline,ROMB,generative,Walker2d,Locomotion,gear,gear_0.6,0.6000,0,1,1,4,4,,6.1979
offline,RORL,learner_off,Walker2d,Locomotion,gear,gear_0.6,0.6000,0,1,1,4,4,,9.9023
offline,RSC,data_off,Walker2d,Locomotion,gear,gear_0.6,0.6000,0,1,1,4,4,,6.6686
offline,SynthER,standard,Walker2d,Locomotion,gear,gear_0.6,0.6000,0,1,1,4,4,,7.4799
offline,TD3+BC,standard,Walker2d,Locomotion,gear,gear_0.6,0.6000,0,1,1,4,4,,10.3056
offline,ATLA_off,learner_off,Walker2d,Locomotion,gear,gear_0.7,0.7000,0,1,1,3,3,,8.4715
offline,FMGAN,generative,Walker2d,Locomotion,gear,gear_0.7,0.7000,0,1,1,3,3,,10.1353
offline,FWM,generative,Walker2d,Locomotion,gear,gear_0.7,0.7000,0,1,1,3,3,,8.5431
offline,IQL,standard,Walker2d,Locomotion,gear,gear_0.7,0.7000,0,1,1,3,3,,10.5217
offline,MOPO,standard,Walker2d,Locomotion,gear,gear_0.7,0.7000,0,1,1,3,3,,7.1405
offline,RAMBO,data_off,Walker2d,Locomotion,gear,gear_0.7,0.7000,0,1,1,3,3,,20.3644
offline,RFQI,learner_off,Walker2d,Locomotion,gear,gear_0.7,0.7000,0,1,1,3,3,,13.9182
offline,ROMB,generative,Walker2d,Locomotion,gear,gear_0.7,0.7000,0,1,1,3,3,,8.5055
offline,RORL,learner_off,Walker2d,Locomotion,gear,gear_0.7,0.7000,0,1,1,3,3,,17.5731
offline,RSC,data_off,Walker2d,Locomotion,gear,gear_0.7,0.7000,0,1,1,3,3,,8.6108
offline,SynthER,standard,Walker2d,Locomotion,gear,gear_0.7,0.7000,0,1,1,3,3,,10.2534
offline,TD3+BC,standard,Walker2d,Locomotion,gear,gear_0.7,0.7000,0,1,1,3,3,,16.5780
offline,ATLA_off,learner_off,Walker2d,Locomotion,gear,gear_0.8,0.8000,0,1,1,2,2,,20.5056
offline,FMGAN,generative,Walker2d,Locomotion,gear,gear_0.8,0.8000,0,1,1,2,2,,20.3503
offline,FWM,generative,Walker2d,Locomotion,gear,gear_0.8,0.8000,0,1,1,2,2,,23.3072
offline,IQL,standard,Walker2d,Locomotion,gear,gear_0.8,0.8000,0,1,1,2,2,,22.9311
offline,MOPO,standard,Walker2d,Locomotion,gear,gear_0.8,0.8000,0,1,1,2,2,,14.1315
offline,RAMBO,data_off,Walker2d,Locomotion,gear,gear_0.8,0.8000,0,1,1,2,2,,58.0585
offline,RFQI,learner_off,Walker2d,Locomotion,gear,gear_0.8,0.8000,0,1,1,2,2,,24.1724
offline,ROMB,generative,Walker2d,Locomotion,gear,gear_0.8,0.8000,0,1,1,2,2,,23.3821
offline,RORL,learner_off,Walker2d,Locomotion,gear,gear_0.8,0.8000,0,1,1,2,2,,74.2389
offline,RSC,data_off,Walker2d,Locomotion,gear,gear_0.8,0.8000,0,1,1,2,2,,20.9642
offline,SynthER,standard,Walker2d,Locomotion,gear,gear_0.8,0.8000,0,1,1,2,2,,17.3330
offline,TD3+BC,standard,Walker2d,Locomotion,gear,gear_0.8,0.8000,0,1,1,2,2,,38.9088
offline,ATLA_off,learner_off,Walker2d,Locomotion,gear,gear_0.9,0.9000,0,1,1,1,1,,69.1410
offline,FMGAN,generative,Walker2d,Locomotion,gear,gear_0.9,0.9000,0,1,1,1,1,,69.6419
offline,FWM,generative,Walker2d,Locomotion,gear,gear_0.9,0.9000,0,1,1,1,1,,98.7210
offline,IQL,standard,Walker2d,Locomotion,gear,gear_0.9,0.9000,0,1,1,1,1,,71.7683
offline,MOPO,standard,Walker2d,Locomotion,gear,gear_0.9,0.9000,0,1,1,1,1,,6.1301
offline,RAMBO,data_off,Walker2d,Locomotion,gear,gear_0.9,0.9000,0,1,1,1,1,,115.5032
offline,RFQI,learner_off,Walker2d,Locomotion,gear,gear_0.9,0.9000,0,1,1,1,1,,65.3603
offline,ROMB,generative,Walker2d,Locomotion,gear,gear_0.9,0.9000,0,1,1,1,1,,69.8209
offline,RORL,learner_off,Walker2d,Locomotion,gear,gear_0.9,0.9000,0,1,1,1,1,,121.4801
offline,RSC,data_off,Walker2d,Locomotion,gear,gear_0.9,0.9000,0,1,1,1,1,,69.8769
offline,SynthER,standard,Walker2d,Locomotion,gear,gear_0.9,0.9000,0,1,1,1,1,,43.1930
offline,TD3+BC,standard,Walker2d,Locomotion,gear,gear_0.9,0.9000,0,1,1,1,1,,114.9058
offline,ATLA_off,learner_off,Walker2d,Locomotion,gear,nominal,1.0000,1,0,0,,,,130.8511
offline,FMGAN,generative,Walker2d,Locomotion,gear,nominal,1.0000,1,0,0,,,,134.0760
offline,FWM,generative,Walker2d,Locomotion,gear,nominal,1.0000,1,0,0,,,,132.6611
offline,IQL,standard,Walker2d,Locomotion,gear,nominal,1.0000,1,0,0,,,,125.1361
offline,MOPO,standard,Walker2d,Locomotion,gear,nominal,1.0000,1,0,0,,,,9.5476
offline,RAMBO,data_off,Walker2d,Locomotion,gear,nominal,1.0000,1,0,0,,,,126.7253
offline,RFQI,learner_off,Walker2d,Locomotion,gear,nominal,1.0000,1,0,0,,,,108.5818
offline,ROMB,generative,Walker2d,Locomotion,gear,nominal,1.0000,1,0,0,,,,133.1395
offline,RORL,learner_off,Walker2d,Locomotion,gear,nominal,1.0000,1,0,0,,,,135.5166
offline,RSC,data_off,Walker2d,Locomotion,gear,nominal,1.0000,1,0,0,,,,118.1612
offline,SynthER,standard,Walker2d,Locomotion,gear,nominal,1.0000,1,0,0,,,,121.6629
offline,TD3+BC,standard,Walker2d,Locomotion,gear,nominal,1.0000,1,0,0,,,,134.2023
offline,ATLA_off,learner_off,Walker2d,Locomotion,gear,gear_1.1,1.1000,0,1,1,1,1,,106.5614
offline,FMGAN,generative,Walker2d,Locomotion,gear,gear_1.1,1.1000,0,1,1,1,1,,123.8759
offline,FWM,generative,Walker2d,Locomotion,gear,gear_1.1,1.1000,0,1,1,1,1,,116.1786
offline,IQL,standard,Walker2d,Locomotion,gear,gear_1.1,1.1000,0,1,1,1,1,,116.6991
offline,MOPO,standard,Walker2d,Locomotion,gear,gear_1.1,1.1000,0,1,1,1,1,,7.8094
offline,RAMBO,data_off,Walker2d,Locomotion,gear,gear_1.1,1.1000,0,1,1,1,1,,105.7473
offline,RFQI,learner_off,Walker2d,Locomotion,gear,gear_1.1,1.1000,0,1,1,1,1,,101.2269
offline,ROMB,generative,Walker2d,Locomotion,gear,gear_1.1,1.1000,0,1,1,1,1,,121.8523
offline,RORL,learner_off,Walker2d,Locomotion,gear,gear_1.1,1.1000,0,1,1,1,1,,133.0002
offline,RSC,data_off,Walker2d,Locomotion,gear,gear_1.1,1.1000,0,1,1,1,1,,118.3181
offline,SynthER,standard,Walker2d,Locomotion,gear,gear_1.1,1.1000,0,1,1,1,1,,103.2061
offline,TD3+BC,standard,Walker2d,Locomotion,gear,gear_1.1,1.1000,0,1,1,1,1,,110.4849
offline,ATLA_off,learner_off,Walker2d,Locomotion,gear,gear_1.2,1.2000,0,1,1,2,2,,79.6175
offline,FMGAN,generative,Walker2d,Locomotion,gear,gear_1.2,1.2000,0,1,1,2,2,,109.4391
offline,FWM,generative,Walker2d,Locomotion,gear,gear_1.2,1.2000,0,1,1,2,2,,102.2238
offline,IQL,standard,Walker2d,Locomotion,gear,gear_1.2,1.2000,0,1,1,2,2,,97.6504
offline,MOPO,standard,Walker2d,Locomotion,gear,gear_1.2,1.2000,0,1,1,2,2,,9.4244
offline,RAMBO,data_off,Walker2d,Locomotion,gear,gear_1.2,1.2000,0,1,1,2,2,,66.7366
offline,RFQI,learner_off,Walker2d,Locomotion,gear,gear_1.2,1.2000,0,1,1,2,2,,73.4941
offline,ROMB,generative,Walker2d,Locomotion,gear,gear_1.2,1.2000,0,1,1,2,2,,67.6116
offline,RORL,learner_off,Walker2d,Locomotion,gear,gear_1.2,1.2000,0,1,1,2,2,,127.7986
offline,RSC,data_off,Walker2d,Locomotion,gear,gear_1.2,1.2000,0,1,1,2,2,,88.3109
offline,SynthER,standard,Walker2d,Locomotion,gear,gear_1.2,1.2000,0,1,1,2,2,,78.0891
offline,TD3+BC,standard,Walker2d,Locomotion,gear,gear_1.2,1.2000,0,1,1,2,2,,96.1471
offline,ATLA_off,learner_off,Walker2d,Locomotion,gear,gear_1.3,1.3000,0,1,1,3,3,,83.2159
offline,FMGAN,generative,Walker2d,Locomotion,gear,gear_1.3,1.3000,0,1,1,3,3,,94.6641
offline,FWM,generative,Walker2d,Locomotion,gear,gear_1.3,1.3000,0,1,1,3,3,,90.1659
offline,IQL,standard,Walker2d,Locomotion,gear,gear_1.3,1.3000,0,1,1,3,3,,84.5791
offline,MOPO,standard,Walker2d,Locomotion,gear,gear_1.3,1.3000,0,1,1,3,3,,8.3360
offline,RAMBO,data_off,Walker2d,Locomotion,gear,gear_1.3,1.3000,0,1,1,3,3,,65.0056
offline,RFQI,learner_off,Walker2d,Locomotion,gear,gear_1.3,1.3000,0,1,1,3,3,,67.2784
offline,ROMB,generative,Walker2d,Locomotion,gear,gear_1.3,1.3000,0,1,1,3,3,,78.3030
offline,RORL,learner_off,Walker2d,Locomotion,gear,gear_1.3,1.3000,0,1,1,3,3,,99.7674
offline,RSC,data_off,Walker2d,Locomotion,gear,gear_1.3,1.3000,0,1,1,3,3,,70.3753
offline,SynthER,standard,Walker2d,Locomotion,gear,gear_1.3,1.3000,0,1,1,3,3,,67.9324
offline,TD3+BC,standard,Walker2d,Locomotion,gear,gear_1.3,1.3000,0,1,1,3,3,,91.2028
offline,ATLA_off,learner_off,Walker2d,Locomotion,gear,gear_1.4,1.4000,0,1,1,4,4,,66.9501
offline,FMGAN,generative,Walker2d,Locomotion,gear,gear_1.4,1.4000,0,1,1,4,4,,70.9145
offline,FWM,generative,Walker2d,Locomotion,gear,gear_1.4,1.4000,0,1,1,4,4,,62.1985
offline,IQL,standard,Walker2d,Locomotion,gear,gear_1.4,1.4000,0,1,1,4,4,,77.9985
offline,MOPO,standard,Walker2d,Locomotion,gear,gear_1.4,1.4000,0,1,1,4,4,,6.7919
offline,RAMBO,data_off,Walker2d,Locomotion,gear,gear_1.4,1.4000,0,1,1,4,4,,47.1441
offline,RFQI,learner_off,Walker2d,Locomotion,gear,gear_1.4,1.4000,0,1,1,4,4,,55.8763
offline,ROMB,generative,Walker2d,Locomotion,gear,gear_1.4,1.4000,0,1,1,4,4,,70.3513
offline,RORL,learner_off,Walker2d,Locomotion,gear,gear_1.4,1.4000,0,1,1,4,4,,89.8984
offline,RSC,data_off,Walker2d,Locomotion,gear,gear_1.4,1.4000,0,1,1,4,4,,66.3228
offline,SynthER,standard,Walker2d,Locomotion,gear,gear_1.4,1.4000,0,1,1,4,4,,53.2165
offline,TD3+BC,standard,Walker2d,Locomotion,gear,gear_1.4,1.4000,0,1,1,4,4,,81.5522
offline,ATLA_off,learner_off,Walker2d,Locomotion,gravity,gravity_0.6,0.6000,0,1,1,4,4,,73.8609
offline,FMGAN,generative,Walker2d,Locomotion,gravity,gravity_0.6,0.6000,0,1,1,4,4,,78.5984
offline,FWM,generative,Walker2d,Locomotion,gravity,gravity_0.6,0.6000,0,1,1,4,4,,74.5011
offline,IQL,standard,Walker2d,Locomotion,gravity,gravity_0.6,0.6000,0,1,1,4,4,,72.2780
offline,MOPO,standard,Walker2d,Locomotion,gravity,gravity_0.6,0.6000,0,1,1,4,4,,3.7600
offline,RAMBO,data_off,Walker2d,Locomotion,gravity,gravity_0.6,0.6000,0,1,1,4,4,,60.8524
offline,RFQI,learner_off,Walker2d,Locomotion,gravity,gravity_0.6,0.6000,0,1,1,4,4,,45.2243
offline,ROMB,generative,Walker2d,Locomotion,gravity,gravity_0.6,0.6000,0,1,1,4,4,,64.1221
offline,RORL,learner_off,Walker2d,Locomotion,gravity,gravity_0.6,0.6000,0,1,1,4,4,,83.5952
offline,RSC,data_off,Walker2d,Locomotion,gravity,gravity_0.6,0.6000,0,1,1,4,4,,64.7300
offline,SynthER,standard,Walker2d,Locomotion,gravity,gravity_0.6,0.6000,0,1,1,4,4,,57.1819
offline,TD3+BC,standard,Walker2d,Locomotion,gravity,gravity_0.6,0.6000,0,1,1,4,4,,63.2061
offline,ATLA_off,learner_off,Walker2d,Locomotion,gravity,gravity_0.7,0.7000,0,1,1,3,3,,78.3899
offline,FMGAN,generative,Walker2d,Locomotion,gravity,gravity_0.7,0.7000,0,1,1,3,3,,70.9736
offline,FWM,generative,Walker2d,Locomotion,gravity,gravity_0.7,0.7000,0,1,1,3,3,,82.9644
offline,IQL,standard,Walker2d,Locomotion,gravity,gravity_0.7,0.7000,0,1,1,3,3,,58.5452
offline,MOPO,standard,Walker2d,Locomotion,gravity,gravity_0.7,0.7000,0,1,1,3,3,,9.7134
offline,RAMBO,data_off,Walker2d,Locomotion,gravity,gravity_0.7,0.7000,0,1,1,3,3,,49.5062
offline,RFQI,learner_off,Walker2d,Locomotion,gravity,gravity_0.7,0.7000,0,1,1,3,3,,65.8302
offline,ROMB,generative,Walker2d,Locomotion,gravity,gravity_0.7,0.7000,0,1,1,3,3,,68.2049
offline,RORL,learner_off,Walker2d,Locomotion,gravity,gravity_0.7,0.7000,0,1,1,3,3,,110.6812
offline,RSC,data_off,Walker2d,Locomotion,gravity,gravity_0.7,0.7000,0,1,1,3,3,,75.7613
offline,SynthER,standard,Walker2d,Locomotion,gravity,gravity_0.7,0.7000,0,1,1,3,3,,53.2224
offline,TD3+BC,standard,Walker2d,Locomotion,gravity,gravity_0.7,0.7000,0,1,1,3,3,,95.2674
offline,ATLA_off,learner_off,Walker2d,Locomotion,gravity,gravity_0.8,0.8000,0,1,1,2,2,,87.6757
offline,FMGAN,generative,Walker2d,Locomotion,gravity,gravity_0.8,0.8000,0,1,1,2,2,,102.7452
offline,FWM,generative,Walker2d,Locomotion,gravity,gravity_0.8,0.8000,0,1,1,2,2,,104.4212
offline,IQL,standard,Walker2d,Locomotion,gravity,gravity_0.8,0.8000,0,1,1,2,2,,82.0479
offline,MOPO,standard,Walker2d,Locomotion,gravity,gravity_0.8,0.8000,0,1,1,2,2,,10.0813
offline,RAMBO,data_off,Walker2d,Locomotion,gravity,gravity_0.8,0.8000,0,1,1,2,2,,70.4368
offline,RFQI,learner_off,Walker2d,Locomotion,gravity,gravity_0.8,0.8000,0,1,1,2,2,,89.4732
offline,ROMB,generative,Walker2d,Locomotion,gravity,gravity_0.8,0.8000,0,1,1,2,2,,81.7248
offline,RORL,learner_off,Walker2d,Locomotion,gravity,gravity_0.8,0.8000,0,1,1,2,2,,130.0522
offline,RSC,data_off,Walker2d,Locomotion,gravity,gravity_0.8,0.8000,0,1,1,2,2,,101.3443
offline,SynthER,standard,Walker2d,Locomotion,gravity,gravity_0.8,0.8000,0,1,1,2,2,,79.8285
offline,TD3+BC,standard,Walker2d,Locomotion,gravity,gravity_0.8,0.8000,0,1,1,2,2,,107.5161
offline,ATLA_off,learner_off,Walker2d,Locomotion,gravity,gravity_0.9,0.9000,0,1,1,1,1,,113.7075
offline,FMGAN,generative,Walker2d,Locomotion,gravity,gravity_0.9,0.9000,0,1,1,1,1,,121.1524
offline,FWM,generative,Walker2d,Locomotion,gravity,gravity_0.9,0.9000,0,1,1,1,1,,120.2505
offline,IQL,standard,Walker2d,Locomotion,gravity,gravity_0.9,0.9000,0,1,1,1,1,,114.1501
offline,MOPO,standard,Walker2d,Locomotion,gravity,gravity_0.9,0.9000,0,1,1,1,1,,7.9556
offline,RAMBO,data_off,Walker2d,Locomotion,gravity,gravity_0.9,0.9000,0,1,1,1,1,,120.9030
offline,RFQI,learner_off,Walker2d,Locomotion,gravity,gravity_0.9,0.9000,0,1,1,1,1,,105.5220
offline,ROMB,generative,Walker2d,Locomotion,gravity,gravity_0.9,0.9000,0,1,1,1,1,,120.1113
offline,RORL,learner_off,Walker2d,Locomotion,gravity,gravity_0.9,0.9000,0,1,1,1,1,,133.9425
offline,RSC,data_off,Walker2d,Locomotion,gravity,gravity_0.9,0.9000,0,1,1,1,1,,108.3123
offline,SynthER,standard,Walker2d,Locomotion,gravity,gravity_0.9,0.9000,0,1,1,1,1,,102.0079
offline,TD3+BC,standard,Walker2d,Locomotion,gravity,gravity_0.9,0.9000,0,1,1,1,1,,117.0716
offline,ATLA_off,learner_off,Walker2d,Locomotion,gravity,nominal,1.0000,1,0,0,,,,130.8511
offline,FMGAN,generative,Walker2d,Locomotion,gravity,nominal,1.0000,1,0,0,,,,134.0760
offline,FWM,generative,Walker2d,Locomotion,gravity,nominal,1.0000,1,0,0,,,,132.6611
offline,IQL,standard,Walker2d,Locomotion,gravity,nominal,1.0000,1,0,0,,,,125.1361
offline,MOPO,standard,Walker2d,Locomotion,gravity,nominal,1.0000,1,0,0,,,,9.5476
offline,RAMBO,data_off,Walker2d,Locomotion,gravity,nominal,1.0000,1,0,0,,,,126.7253
offline,RFQI,learner_off,Walker2d,Locomotion,gravity,nominal,1.0000,1,0,0,,,,108.5818
offline,ROMB,generative,Walker2d,Locomotion,gravity,nominal,1.0000,1,0,0,,,,133.1395
offline,RORL,learner_off,Walker2d,Locomotion,gravity,nominal,1.0000,1,0,0,,,,135.5166
offline,RSC,data_off,Walker2d,Locomotion,gravity,nominal,1.0000,1,0,0,,,,118.1612
offline,SynthER,standard,Walker2d,Locomotion,gravity,nominal,1.0000,1,0,0,,,,121.6629
offline,TD3+BC,standard,Walker2d,Locomotion,gravity,nominal,1.0000,1,0,0,,,,134.2023
offline,ATLA_off,learner_off,Walker2d,Locomotion,gravity,gravity_1.1,1.1000,0,1,1,1,1,,129.9477
offline,FMGAN,generative,Walker2d,Locomotion,gravity,gravity_1.1,1.1000,0,1,1,1,1,,130.5196
offline,FWM,generative,Walker2d,Locomotion,gravity,gravity_1.1,1.1000,0,1,1,1,1,,129.6817
offline,IQL,standard,Walker2d,Locomotion,gravity,gravity_1.1,1.1000,0,1,1,1,1,,128.9043
offline,MOPO,standard,Walker2d,Locomotion,gravity,gravity_1.1,1.1000,0,1,1,1,1,,5.9349
offline,RAMBO,data_off,Walker2d,Locomotion,gravity,gravity_1.1,1.1000,0,1,1,1,1,,121.5135
offline,RFQI,learner_off,Walker2d,Locomotion,gravity,gravity_1.1,1.1000,0,1,1,1,1,,103.1680
offline,ROMB,generative,Walker2d,Locomotion,gravity,gravity_1.1,1.1000,0,1,1,1,1,,130.5632
offline,RORL,learner_off,Walker2d,Locomotion,gravity,gravity_1.1,1.1000,0,1,1,1,1,,134.2837
offline,RSC,data_off,Walker2d,Locomotion,gravity,gravity_1.1,1.1000,0,1,1,1,1,,125.6959
offline,SynthER,standard,Walker2d,Locomotion,gravity,gravity_1.1,1.1000,0,1,1,1,1,,121.7751
offline,TD3+BC,standard,Walker2d,Locomotion,gravity,gravity_1.1,1.1000,0,1,1,1,1,,133.1321
offline,ATLA_off,learner_off,Walker2d,Locomotion,gravity,gravity_1.2,1.2000,0,1,1,2,2,,86.8378
offline,FMGAN,generative,Walker2d,Locomotion,gravity,gravity_1.2,1.2000,0,1,1,2,2,,89.8050
offline,FWM,generative,Walker2d,Locomotion,gravity,gravity_1.2,1.2000,0,1,1,2,2,,113.2602
offline,IQL,standard,Walker2d,Locomotion,gravity,gravity_1.2,1.2000,0,1,1,2,2,,93.9716
offline,MOPO,standard,Walker2d,Locomotion,gravity,gravity_1.2,1.2000,0,1,1,2,2,,7.4895
offline,RAMBO,data_off,Walker2d,Locomotion,gravity,gravity_1.2,1.2000,0,1,1,2,2,,109.9214
offline,RFQI,learner_off,Walker2d,Locomotion,gravity,gravity_1.2,1.2000,0,1,1,2,2,,84.0604
offline,ROMB,generative,Walker2d,Locomotion,gravity,gravity_1.2,1.2000,0,1,1,2,2,,83.3432
offline,RORL,learner_off,Walker2d,Locomotion,gravity,gravity_1.2,1.2000,0,1,1,2,2,,125.8971
offline,RSC,data_off,Walker2d,Locomotion,gravity,gravity_1.2,1.2000,0,1,1,2,2,,82.8990
offline,SynthER,standard,Walker2d,Locomotion,gravity,gravity_1.2,1.2000,0,1,1,2,2,,65.7188
offline,TD3+BC,standard,Walker2d,Locomotion,gravity,gravity_1.2,1.2000,0,1,1,2,2,,130.1837
offline,ATLA_off,learner_off,Walker2d,Locomotion,gravity,gravity_1.3,1.3000,0,1,1,3,3,,39.7100
offline,FMGAN,generative,Walker2d,Locomotion,gravity,gravity_1.3,1.3000,0,1,1,3,3,,42.9776
offline,FWM,generative,Walker2d,Locomotion,gravity,gravity_1.3,1.3000,0,1,1,3,3,,47.7774
offline,IQL,standard,Walker2d,Locomotion,gravity,gravity_1.3,1.3000,0,1,1,3,3,,35.9708
offline,MOPO,standard,Walker2d,Locomotion,gravity,gravity_1.3,1.3000,0,1,1,3,3,,8.3973
offline,RAMBO,data_off,Walker2d,Locomotion,gravity,gravity_1.3,1.3000,0,1,1,3,3,,108.7401
offline,RFQI,learner_off,Walker2d,Locomotion,gravity,gravity_1.3,1.3000,0,1,1,3,3,,45.9548
offline,ROMB,generative,Walker2d,Locomotion,gravity,gravity_1.3,1.3000,0,1,1,3,3,,41.6316
offline,RORL,learner_off,Walker2d,Locomotion,gravity,gravity_1.3,1.3000,0,1,1,3,3,,122.4066
offline,RSC,data_off,Walker2d,Locomotion,gravity,gravity_1.3,1.3000,0,1,1,3,3,,39.7396
offline,SynthER,standard,Walker2d,Locomotion,gravity,gravity_1.3,1.3000,0,1,1,3,3,,33.4556
offline,TD3+BC,standard,Walker2d,Locomotion,gravity,gravity_1.3,1.3000,0,1,1,3,3,,113.6778
offline,ATLA_off,learner_off,Walker2d,Locomotion,gravity,gravity_1.4,1.4000,0,1,1,4,4,,25.4551
offline,FMGAN,generative,Walker2d,Locomotion,gravity,gravity_1.4,1.4000,0,1,1,4,4,,28.6926
offline,FWM,generative,Walker2d,Locomotion,gravity,gravity_1.4,1.4000,0,1,1,4,4,,31.0105
offline,IQL,standard,Walker2d,Locomotion,gravity,gravity_1.4,1.4000,0,1,1,4,4,,26.1707
offline,MOPO,standard,Walker2d,Locomotion,gravity,gravity_1.4,1.4000,0,1,1,4,4,,13.3252
offline,RAMBO,data_off,Walker2d,Locomotion,gravity,gravity_1.4,1.4000,0,1,1,4,4,,74.0117
offline,RFQI,learner_off,Walker2d,Locomotion,gravity,gravity_1.4,1.4000,0,1,1,4,4,,26.7092
offline,ROMB,generative,Walker2d,Locomotion,gravity,gravity_1.4,1.4000,0,1,1,4,4,,25.7593
offline,RORL,learner_off,Walker2d,Locomotion,gravity,gravity_1.4,1.4000,0,1,1,4,4,,120.7667
offline,RSC,data_off,Walker2d,Locomotion,gravity,gravity_1.4,1.4000,0,1,1,4,4,,27.3079
offline,SynthER,standard,Walker2d,Locomotion,gravity,gravity_1.4,1.4000,0,1,1,4,4,,18.2699
offline,TD3+BC,standard,Walker2d,Locomotion,gravity,gravity_1.4,1.4000,0,1,1,4,4,,75.1031
offline,ATLA_off,learner_off,Walker2d,Locomotion,morph,morph_0.6,0.6000,0,1,1,4,4,,2.0636
offline,FMGAN,generative,Walker2d,Locomotion,morph,morph_0.6,0.6000,0,1,1,4,4,,3.5685
offline,FWM,generative,Walker2d,Locomotion,morph,morph_0.6,0.6000,0,1,1,4,4,,3.9073
offline,IQL,standard,Walker2d,Locomotion,morph,morph_0.6,0.6000,0,1,1,4,4,,3.6124
offline,MOPO,standard,Walker2d,Locomotion,morph,morph_0.6,0.6000,0,1,1,4,4,,0.4691
offline,RAMBO,data_off,Walker2d,Locomotion,morph,morph_0.6,0.6000,0,1,1,4,4,,5.6553
offline,RFQI,learner_off,Walker2d,Locomotion,morph,morph_0.6,0.6000,0,1,1,4,4,,16.2005
offline,ROMB,generative,Walker2d,Locomotion,morph,morph_0.6,0.6000,0,1,1,4,4,,2.6236
offline,RORL,learner_off,Walker2d,Locomotion,morph,morph_0.6,0.6000,0,1,1,4,4,,3.4890
offline,RSC,data_off,Walker2d,Locomotion,morph,morph_0.6,0.6000,0,1,1,4,4,,3.5893
offline,SynthER,standard,Walker2d,Locomotion,morph,morph_0.6,0.6000,0,1,1,4,4,,0.1065
offline,TD3+BC,standard,Walker2d,Locomotion,morph,morph_0.6,0.6000,0,1,1,4,4,,5.5680
offline,ATLA_off,learner_off,Walker2d,Locomotion,morph,morph_0.7,0.7000,0,1,1,3,3,,7.8498
offline,FMGAN,generative,Walker2d,Locomotion,morph,morph_0.7,0.7000,0,1,1,3,3,,19.3629
offline,FWM,generative,Walker2d,Locomotion,morph,morph_0.7,0.7000,0,1,1,3,3,,14.6448
offline,IQL,standard,Walker2d,Locomotion,morph,morph_0.7,0.7000,0,1,1,3,3,,6.7478
offline,MOPO,standard,Walker2d,Locomotion,morph,morph_0.7,0.7000,0,1,1,3,3,,5.4739
offline,RAMBO,data_off,Walker2d,Locomotion,morph,morph_0.7,0.7000,0,1,1,3,3,,3.9837
offline,RFQI,learner_off,Walker2d,Locomotion,morph,morph_0.7,0.7000,0,1,1,3,3,,20.2537
offline,ROMB,generative,Walker2d,Locomotion,morph,morph_0.7,0.7000,0,1,1,3,3,,7.2010
offline,RORL,learner_off,Walker2d,Locomotion,morph,morph_0.7,0.7000,0,1,1,3,3,,14.4270
offline,RSC,data_off,Walker2d,Locomotion,morph,morph_0.7,0.7000,0,1,1,3,3,,11.4804
offline,SynthER,standard,Walker2d,Locomotion,morph,morph_0.7,0.7000,0,1,1,3,3,,4.5266
offline,TD3+BC,standard,Walker2d,Locomotion,morph,morph_0.7,0.7000,0,1,1,3,3,,17.2050
offline,ATLA_off,learner_off,Walker2d,Locomotion,morph,morph_0.8,0.8000,0,1,1,2,2,,15.3247
offline,FMGAN,generative,Walker2d,Locomotion,morph,morph_0.8,0.8000,0,1,1,2,2,,48.3049
offline,FWM,generative,Walker2d,Locomotion,morph,morph_0.8,0.8000,0,1,1,2,2,,58.1211
offline,IQL,standard,Walker2d,Locomotion,morph,morph_0.8,0.8000,0,1,1,2,2,,12.4184
offline,MOPO,standard,Walker2d,Locomotion,morph,morph_0.8,0.8000,0,1,1,2,2,,3.1032
offline,RAMBO,data_off,Walker2d,Locomotion,morph,morph_0.8,0.8000,0,1,1,2,2,,23.7374
offline,RFQI,learner_off,Walker2d,Locomotion,morph,morph_0.8,0.8000,0,1,1,2,2,,34.2881
offline,ROMB,generative,Walker2d,Locomotion,morph,morph_0.8,0.8000,0,1,1,2,2,,27.5837
offline,RORL,learner_off,Walker2d,Locomotion,morph,morph_0.8,0.8000,0,1,1,2,2,,49.2148
offline,RSC,data_off,Walker2d,Locomotion,morph,morph_0.8,0.8000,0,1,1,2,2,,22.1294
offline,SynthER,standard,Walker2d,Locomotion,morph,morph_0.8,0.8000,0,1,1,2,2,,16.1900
offline,TD3+BC,standard,Walker2d,Locomotion,morph,morph_0.8,0.8000,0,1,1,2,2,,63.2134
offline,ATLA_off,learner_off,Walker2d,Locomotion,morph,morph_0.9,0.9000,0,1,1,1,1,,91.1613
offline,FMGAN,generative,Walker2d,Locomotion,morph,morph_0.9,0.9000,0,1,1,1,1,,67.5086
offline,FWM,generative,Walker2d,Locomotion,morph,morph_0.9,0.9000,0,1,1,1,1,,99.8279
offline,IQL,standard,Walker2d,Locomotion,morph,morph_0.9,0.9000,0,1,1,1,1,,99.6626
offline,MOPO,standard,Walker2d,Locomotion,morph,morph_0.9,0.9000,0,1,1,1,1,,20.9524
offline,RAMBO,data_off,Walker2d,Locomotion,morph,morph_0.9,0.9000,0,1,1,1,1,,88.4656
offline,RFQI,learner_off,Walker2d,Locomotion,morph,morph_0.9,0.9000,0,1,1,1,1,,47.1676
offline,ROMB,generative,Walker2d,Locomotion,morph,morph_0.9,0.9000,0,1,1,1,1,,85.2958
offline,RORL,learner_off,Walker2d,Locomotion,morph,morph_0.9,0.9000,0,1,1,1,1,,125.5264
offline,RSC,data_off,Walker2d,Locomotion,morph,morph_0.9,0.9000,0,1,1,1,1,,89.5749
offline,SynthER,standard,Walker2d,Locomotion,morph,morph_0.9,0.9000,0,1,1,1,1,,78.8587
offline,TD3+BC,standard,Walker2d,Locomotion,morph,morph_0.9,0.9000,0,1,1,1,1,,118.9646
offline,ATLA_off,learner_off,Walker2d,Locomotion,morph,nominal,1.0000,1,0,0,,,,130.8511
offline,FMGAN,generative,Walker2d,Locomotion,morph,nominal,1.0000,1,0,0,,,,134.0760
offline,FWM,generative,Walker2d,Locomotion,morph,nominal,1.0000,1,0,0,,,,132.6611
offline,IQL,standard,Walker2d,Locomotion,morph,nominal,1.0000,1,0,0,,,,125.1361
offline,MOPO,standard,Walker2d,Locomotion,morph,nominal,1.0000,1,0,0,,,,9.5476
offline,RAMBO,data_off,Walker2d,Locomotion,morph,nominal,1.0000,1,0,0,,,,126.7253
offline,RFQI,learner_off,Walker2d,Locomotion,morph,nominal,1.0000,1,0,0,,,,108.5818
offline,ROMB,generative,Walker2d,Locomotion,morph,nominal,1.0000,1,0,0,,,,133.1395
offline,RORL,learner_off,Walker2d,Locomotion,morph,nominal,1.0000,1,0,0,,,,135.5166
offline,RSC,data_off,Walker2d,Locomotion,morph,nominal,1.0000,1,0,0,,,,118.1612
offline,SynthER,standard,Walker2d,Locomotion,morph,nominal,1.0000,1,0,0,,,,121.6629
offline,TD3+BC,standard,Walker2d,Locomotion,morph,nominal,1.0000,1,0,0,,,,134.2023
offline,ATLA_off,learner_off,Walker2d,Locomotion,morph,morph_1.1,1.1000,0,1,1,1,1,,125.2612
offline,FMGAN,generative,Walker2d,Locomotion,morph,morph_1.1,1.1000,0,1,1,1,1,,126.7684
offline,FWM,generative,Walker2d,Locomotion,morph,morph_1.1,1.1000,0,1,1,1,1,,126.6138
offline,IQL,standard,Walker2d,Locomotion,morph,morph_1.1,1.1000,0,1,1,1,1,,126.4473
offline,MOPO,standard,Walker2d,Locomotion,morph,morph_1.1,1.1000,0,1,1,1,1,,8.4795
offline,RAMBO,data_off,Walker2d,Locomotion,morph,morph_1.1,1.1000,0,1,1,1,1,,111.5562
offline,RFQI,learner_off,Walker2d,Locomotion,morph,morph_1.1,1.1000,0,1,1,1,1,,97.3189
offline,ROMB,generative,Walker2d,Locomotion,morph,morph_1.1,1.1000,0,1,1,1,1,,125.9488
offline,RORL,learner_off,Walker2d,Locomotion,morph,morph_1.1,1.1000,0,1,1,1,1,,129.9020
offline,RSC,data_off,Walker2d,Locomotion,morph,morph_1.1,1.1000,0,1,1,1,1,,125.4728
offline,SynthER,standard,Walker2d,Locomotion,morph,morph_1.1,1.1000,0,1,1,1,1,,116.1049
offline,TD3+BC,standard,Walker2d,Locomotion,morph,morph_1.1,1.1000,0,1,1,1,1,,126.2409
offline,ATLA_off,learner_off,Walker2d,Locomotion,morph,morph_1.2,1.2000,0,1,1,2,2,,107.8358
offline,FMGAN,generative,Walker2d,Locomotion,morph,morph_1.2,1.2000,0,1,1,2,2,,103.8947
offline,FWM,generative,Walker2d,Locomotion,morph,morph_1.2,1.2000,0,1,1,2,2,,112.6759
offline,IQL,standard,Walker2d,Locomotion,morph,morph_1.2,1.2000,0,1,1,2,2,,109.2423
offline,MOPO,standard,Walker2d,Locomotion,morph,morph_1.2,1.2000,0,1,1,2,2,,8.3948
offline,RAMBO,data_off,Walker2d,Locomotion,morph,morph_1.2,1.2000,0,1,1,2,2,,78.4763
offline,RFQI,learner_off,Walker2d,Locomotion,morph,morph_1.2,1.2000,0,1,1,2,2,,89.0359
offline,ROMB,generative,Walker2d,Locomotion,morph,morph_1.2,1.2000,0,1,1,2,2,,112.2982
offline,RORL,learner_off,Walker2d,Locomotion,morph,morph_1.2,1.2000,0,1,1,2,2,,123.1989
offline,RSC,data_off,Walker2d,Locomotion,morph,morph_1.2,1.2000,0,1,1,2,2,,113.6320
offline,SynthER,standard,Walker2d,Locomotion,morph,morph_1.2,1.2000,0,1,1,2,2,,109.9737
offline,TD3+BC,standard,Walker2d,Locomotion,morph,morph_1.2,1.2000,0,1,1,2,2,,105.2091
offline,ATLA_off,learner_off,Walker2d,Locomotion,morph,morph_1.3,1.3000,0,1,1,3,3,,84.4375
offline,FMGAN,generative,Walker2d,Locomotion,morph,morph_1.3,1.3000,0,1,1,3,3,,81.0289
offline,FWM,generative,Walker2d,Locomotion,morph,morph_1.3,1.3000,0,1,1,3,3,,96.0912
offline,IQL,standard,Walker2d,Locomotion,morph,morph_1.3,1.3000,0,1,1,3,3,,84.1780
offline,MOPO,standard,Walker2d,Locomotion,morph,morph_1.3,1.3000,0,1,1,3,3,,6.5233
offline,RAMBO,data_off,Walker2d,Locomotion,morph,morph_1.3,1.3000,0,1,1,3,3,,71.4765
offline,RFQI,learner_off,Walker2d,Locomotion,morph,morph_1.3,1.3000,0,1,1,3,3,,47.5865
offline,ROMB,generative,Walker2d,Locomotion,morph,morph_1.3,1.3000,0,1,1,3,3,,86.1831
offline,RORL,learner_off,Walker2d,Locomotion,morph,morph_1.3,1.3000,0,1,1,3,3,,114.5952
offline,RSC,data_off,Walker2d,Locomotion,morph,morph_1.3,1.3000,0,1,1,3,3,,86.1020
offline,SynthER,standard,Walker2d,Locomotion,morph,morph_1.3,1.3000,0,1,1,3,3,,80.6225
offline,TD3+BC,standard,Walker2d,Locomotion,morph,morph_1.3,1.3000,0,1,1,3,3,,49.4138
offline,ATLA_off,learner_off,Walker2d,Locomotion,morph,morph_1.4,1.4000,0,1,1,4,4,,61.4930
offline,FMGAN,generative,Walker2d,Locomotion,morph,morph_1.4,1.4000,0,1,1,4,4,,68.0359
offline,FWM,generative,Walker2d,Locomotion,morph,morph_1.4,1.4000,0,1,1,4,4,,71.2616
offline,IQL,standard,Walker2d,Locomotion,morph,morph_1.4,1.4000,0,1,1,4,4,,71.3477
offline,MOPO,standard,Walker2d,Locomotion,morph,morph_1.4,1.4000,0,1,1,4,4,,1.1220
offline,RAMBO,data_off,Walker2d,Locomotion,morph,morph_1.4,1.4000,0,1,1,4,4,,40.7333
offline,RFQI,learner_off,Walker2d,Locomotion,morph,morph_1.4,1.4000,0,1,1,4,4,,18.6793
offline,ROMB,generative,Walker2d,Locomotion,morph,morph_1.4,1.4000,0,1,1,4,4,,81.5530
offline,RORL,learner_off,Walker2d,Locomotion,morph,morph_1.4,1.4000,0,1,1,4,4,,101.3255
offline,RSC,data_off,Walker2d,Locomotion,morph,morph_1.4,1.4000,0,1,1,4,4,,67.9224
offline,SynthER,standard,Walker2d,Locomotion,morph,morph_1.4,1.4000,0,1,1,4,4,,59.5376
offline,TD3+BC,standard,Walker2d,Locomotion,morph,morph_1.4,1.4000,0,1,1,4,4,,45.8571
online,ATLA,learner_on,CarRacing,Vehicle control,fric,fric_0.2,0.2000,0,0,1,4,,48.7378,8.5099
online,ATLA-SA,learner_on,CarRacing,Vehicle control,fric,fric_0.2,0.2000,0,0,1,4,,100.3098,14.0526
online,DR-SAC,data_on,CarRacing,Vehicle control,fric,fric_0.2,0.2000,0,0,1,4,,-17.9226,1.3455
online,PPO,standard,CarRacing,Vehicle control,fric,fric_0.2,0.2000,0,0,1,4,,117.2213,15.8702
online,RARL-PPO,data_on,CarRacing,Vehicle control,fric,fric_0.2,0.2000,0,0,1,4,,181.9820,22.8304
online,RARL-TRPO,data_on,CarRacing,Vehicle control,fric,fric_0.2,0.2000,0,0,1,4,,122.2399,16.4096
online,RSC-SAC,learner_on,CarRacing,Vehicle control,fric,fric_0.2,0.2000,0,0,1,4,,-25.0372,0.5808
online,SAC,standard,CarRacing,Vehicle control,fric,fric_0.2,0.2000,0,0,1,4,,-45.4313,-1.6110
online,ATLA,learner_on,CarRacing,Vehicle control,fric,fric_0.3,0.3000,0,0,1,4,,128.1674,17.0466
online,ATLA-SA,learner_on,CarRacing,Vehicle control,fric,fric_0.3,0.3000,0,0,1,4,,204.4746,25.2478
online,DR-SAC,data_on,CarRacing,Vehicle control,fric,fric_0.3,0.3000,0,0,1,4,,-0.2086,3.2493
online,PPO,standard,CarRacing,Vehicle control,fric,fric_0.3,0.3000,0,0,1,4,,272.9607,32.6084
online,RARL-PPO,data_on,CarRacing,Vehicle control,fric,fric_0.3,0.3000,0,0,1,4,,374.6645,43.5391
online,RARL-TRPO,data_on,CarRacing,Vehicle control,fric,fric_0.3,0.3000,0,0,1,4,,182.7463,22.9125
online,RSC-SAC,learner_on,CarRacing,Vehicle control,fric,fric_0.3,0.3000,0,0,1,4,,-14.9421,1.6658
online,SAC,standard,CarRacing,Vehicle control,fric,fric_0.3,0.3000,0,0,1,4,,-41.2561,-1.1623
online,ATLA,learner_on,CarRacing,Vehicle control,fric,fric_0.4,0.4000,0,0,1,4,,275.6116,32.8933
online,ATLA-SA,learner_on,CarRacing,Vehicle control,fric,fric_0.4,0.4000,0,0,1,4,,395.0867,45.7340
online,DR-SAC,data_on,CarRacing,Vehicle control,fric,fric_0.4,0.4000,0,0,1,4,,1.0031,3.3795
online,PPO,standard,CarRacing,Vehicle control,fric,fric_0.4,0.4000,0,0,1,4,,473.9683,54.2119
online,RARL-PPO,data_on,CarRacing,Vehicle control,fric,fric_0.4,0.4000,0,0,1,4,,510.5232,58.1406
online,RARL-TRPO,data_on,CarRacing,Vehicle control,fric,fric_0.4,0.4000,0,0,1,4,,262.5916,31.4940
online,RSC-SAC,learner_on,CarRacing,Vehicle control,fric,fric_0.4,0.4000,0,0,1,4,,-13.5886,1.8113
online,SAC,standard,CarRacing,Vehicle control,fric,fric_0.4,0.4000,0,0,1,4,,-33.6973,-0.3499
online,ATLA,learner_on,CarRacing,Vehicle control,fric,fric_0.5,0.5000,0,0,1,3,,337.9063,39.5885
online,ATLA-SA,learner_on,CarRacing,Vehicle control,fric,fric_0.5,0.5000,0,0,1,3,,444.7450,51.0711
online,DR-SAC,data_on,CarRacing,Vehicle control,fric,fric_0.5,0.5000,0,0,1,3,,6.4444,3.9644
online,PPO,standard,CarRacing,Vehicle control,fric,fric_0.5,0.5000,0,0,1,3,,529.7037,60.2021
online,RARL-PPO,data_on,CarRacing,Vehicle control,fric,fric_0.5,0.5000,0,0,1,3,,541.2122,61.4390
online,RARL-TRPO,data_on,CarRacing,Vehicle control,fric,fric_0.5,0.5000,0,0,1,3,,311.8869,36.7920
online,RSC-SAC,learner_on,CarRacing,Vehicle control,fric,fric_0.5,0.5000,0,0,1,3,,-9.3120,2.2709
online,SAC,standard,CarRacing,Vehicle control,fric,fric_0.5,0.5000,0,0,1,3,,-28.5722,0.2009
online,ATLA,learner_on,CarRacing,Vehicle control,fric,fric_0.6,0.6000,0,1,1,3,4,379.2659,44.0337
online,ATLA-SA,learner_on,CarRacing,Vehicle control,fric,fric_0.6,0.6000,0,1,1,3,4,518.3158,58.9782
online,DR-SAC,data_on,CarRacing,Vehicle control,fric,fric_0.6,0.6000,0,1,1,3,4,27.4479,6.2217
online,PPO,standard,CarRacing,Vehicle control,fric,fric_0.6,0.6000,0,1,1,3,4,591.2002,66.8115
online,RARL-PPO,data_on,CarRacing,Vehicle control,fric,fric_0.6,0.6000,0,1,1,3,4,609.0614,68.7311
online,RARL-TRPO,data_on,CarRacing,Vehicle control,fric,fric_0.6,0.6000,0,1,1,3,4,383.0485,44.4402
online,RSC-SAC,learner_on,CarRacing,Vehicle control,fric,fric_0.6,0.6000,0,1,1,3,4,5.8078,3.8959
online,SAC,standard,CarRacing,Vehicle control,fric,fric_0.6,0.6000,0,1,1,3,4,-20.0064,1.1215
online,ATLA,learner_on,CarRacing,Vehicle control,fric,fric_0.7,0.7000,0,1,1,2,4,428.8345,49.3611
online,ATLA-SA,learner_on,CarRacing,Vehicle control,fric,fric_0.7,0.7000,0,1,1,2,4,510.0993,58.0951
online,DR-SAC,data_on,CarRacing,Vehicle control,fric,fric_0.7,0.7000,0,1,1,2,4,105.0724,14.5645
online,PPO,standard,CarRacing,Vehicle control,fric,fric_0.7,0.7000,0,1,1,2,4,624.0761,70.3448
online,RARL-PPO,data_on,CarRacing,Vehicle control,fric,fric_0.7,0.7000,0,1,1,2,4,635.6623,71.5901
online,RARL-TRPO,data_on,CarRacing,Vehicle control,fric,fric_0.7,0.7000,0,1,1,2,4,377.8765,43.8843
online,RSC-SAC,learner_on,CarRacing,Vehicle control,fric,fric_0.7,0.7000,0,1,1,2,4,50.1412,8.6607
online,SAC,standard,CarRacing,Vehicle control,fric,fric_0.7,0.7000,0,1,1,2,4,-8.0027,2.4116
online,ATLA,learner_on,CarRacing,Vehicle control,fric,fric_0.8,0.8000,0,1,1,1,3,494.2009,56.3864
online,ATLA-SA,learner_on,CarRacing,Vehicle control,fric,fric_0.8,0.8000,0,1,1,1,3,607.3037,68.5422
online,DR-SAC,data_on,CarRacing,Vehicle control,fric,fric_0.8,0.8000,0,1,1,1,3,241.9184,29.2721
online,PPO,standard,CarRacing,Vehicle control,fric,fric_0.8,0.8000,0,1,1,1,3,648.1224,72.9292
online,RARL-PPO,data_on,CarRacing,Vehicle control,fric,fric_0.8,0.8000,0,1,1,1,3,684.1111,76.7972
online,RARL-TRPO,data_on,CarRacing,Vehicle control,fric,fric_0.8,0.8000,0,1,1,1,3,405.2794,46.8295
online,RSC-SAC,learner_on,CarRacing,Vehicle control,fric,fric_0.8,0.8000,0,1,1,1,3,152.1190,19.6208
online,SAC,standard,CarRacing,Vehicle control,fric,fric_0.8,0.8000,0,1,1,1,3,13.6098,4.7345
online,ATLA,learner_on,CarRacing,Vehicle control,fric,fric_0.9,0.9000,0,1,1,1,1,514.0447,58.5191
online,ATLA-SA,learner_on,CarRacing,Vehicle control,fric,fric_0.9,0.9000,0,1,1,1,1,648.1429,72.9314
online,DR-SAC,data_on,CarRacing,Vehicle control,fric,fric_0.9,0.9000,0,1,1,1,1,618.6213,69.7586
online,PPO,standard,CarRacing,Vehicle control,fric,fric_0.9,0.9000,0,1,1,1,1,688.9480,77.3170
online,RARL-PPO,data_on,CarRacing,Vehicle control,fric,fric_0.9,0.9000,0,1,1,1,1,650.2979,73.1631
online,RARL-TRPO,data_on,CarRacing,Vehicle control,fric,fric_0.9,0.9000,0,1,1,1,1,429.9432,49.4802
online,RSC-SAC,learner_on,CarRacing,Vehicle control,fric,fric_0.9,0.9000,0,1,1,1,1,506.6977,57.7295
online,SAC,standard,CarRacing,Vehicle control,fric,fric_0.9,0.9000,0,1,1,1,1,152.7644,19.6902
online,ATLA,learner_on,CarRacing,Vehicle control,fric,fric_1,1.0000,1,0,0,,,515.9520,58.7241
online,ATLA-SA,learner_on,CarRacing,Vehicle control,fric,fric_1,1.0000,1,0,0,,,717.6690,80.4038
online,DR-SAC,data_on,CarRacing,Vehicle control,fric,fric_1,1.0000,1,0,0,,,762.6862,85.2421
online,PPO,standard,CarRacing,Vehicle control,fric,fric_1,1.0000,1,0,0,,,696.0801,78.0835
online,RARL-PPO,data_on,CarRacing,Vehicle control,fric,fric_1,1.0000,1,0,0,,,673.6293,75.6706
online,RARL-TRPO,data_on,CarRacing,Vehicle control,fric,fric_1,1.0000,1,0,0,,,455.2036,52.1951
online,RSC-SAC,learner_on,CarRacing,Vehicle control,fric,fric_1,1.0000,1,0,0,,,771.1545,86.1522
online,SAC,standard,CarRacing,Vehicle control,fric,fric_1,1.0000,1,0,0,,,299.3029,35.4396
online,ATLA,learner_on,CarRacing,Vehicle control,fric,fric_1.1,1.1000,0,1,1,1,1,508.6510,57.9394
online,ATLA-SA,learner_on,CarRacing,Vehicle control,fric,fric_1.1,1.1000,0,1,1,1,1,754.4881,84.3610
online,DR-SAC,data_on,CarRacing,Vehicle control,fric,fric_1.1,1.1000,0,1,1,1,1,833.4665,92.8493
online,PPO,standard,CarRacing,Vehicle control,fric,fric_1.1,1.1000,0,1,1,1,1,694.8203,77.9481
online,RARL-PPO,data_on,CarRacing,Vehicle control,fric,fric_1.1,1.1000,0,1,1,1,1,676.7085,76.0016
online,RARL-TRPO,data_on,CarRacing,Vehicle control,fric,fric_1.1,1.1000,0,1,1,1,1,473.8051,54.1943
online,RSC-SAC,learner_on,CarRacing,Vehicle control,fric,fric_1.1,1.1000,0,1,1,1,1,817.2575,91.1072
online,SAC,standard,CarRacing,Vehicle control,fric,fric_1.1,1.1000,0,1,1,1,1,363.1114,42.2974
online,ATLA,learner_on,CarRacing,Vehicle control,fric,fric_1.2,1.2000,0,1,1,1,2,533.9528,60.6588
online,ATLA-SA,learner_on,CarRacing,Vehicle control,fric,fric_1.2,1.2000,0,1,1,1,2,749.8493,83.8624
online,DR-SAC,data_on,CarRacing,Vehicle control,fric,fric_1.2,1.2000,0,1,1,1,2,851.4362,94.7806
online,PPO,standard,CarRacing,Vehicle control,fric,fric_1.2,1.2000,0,1,1,1,2,714.9425,80.1108
online,RARL-PPO,data_on,CarRacing,Vehicle control,fric,fric_1.2,1.2000,0,1,1,1,2,680.1573,76.3722
online,RARL-TRPO,data_on,CarRacing,Vehicle control,fric,fric_1.2,1.2000,0,1,1,1,2,489.7527,55.9083
online,RSC-SAC,learner_on,CarRacing,Vehicle control,fric,fric_1.2,1.2000,0,1,1,1,2,813.2073,90.6719
online,SAC,standard,CarRacing,Vehicle control,fric,fric_1.2,1.2000,0,1,1,1,2,379.1608,44.0224
online,ATLA,learner_on,CarRacing,Vehicle control,fric,fric_1.3,1.3000,0,0,1,2,,524.9348,59.6895
online,ATLA-SA,learner_on,CarRacing,Vehicle control,fric,fric_1.3,1.3000,0,0,1,2,,764.5863,85.4463
online,DR-SAC,data_on,CarRacing,Vehicle control,fric,fric_1.3,1.3000,0,0,1,2,,841.4998,93.7126
online,PPO,standard,CarRacing,Vehicle control,fric,fric_1.3,1.3000,0,0,1,2,,716.2050,80.2465
online,RARL-PPO,data_on,CarRacing,Vehicle control,fric,fric_1.3,1.3000,0,0,1,2,,710.6028,79.6444
online,RARL-TRPO,data_on,CarRacing,Vehicle control,fric,fric_1.3,1.3000,0,0,1,2,,492.1905,56.1703
online,RSC-SAC,learner_on,CarRacing,Vehicle control,fric,fric_1.3,1.3000,0,0,1,2,,817.1593,91.0966
online,SAC,standard,CarRacing,Vehicle control,fric,fric_1.3,1.3000,0,0,1,2,,386.4602,44.8069
online,ATLA,learner_on,CarRacing,Vehicle control,fric,fric_1.4,1.4000,0,0,1,2,,515.5087,58.6765
online,ATLA-SA,learner_on,CarRacing,Vehicle control,fric,fric_1.4,1.4000,0,0,1,2,,810.2650,90.3557
online,DR-SAC,data_on,CarRacing,Vehicle control,fric,fric_1.4,1.4000,0,0,1,2,,825.1157,91.9517
online,PPO,standard,CarRacing,Vehicle control,fric,fric_1.4,1.4000,0,0,1,2,,722.8294,80.9584
online,RARL-PPO,data_on,CarRacing,Vehicle control,fric,fric_1.4,1.4000,0,0,1,2,,697.4672,78.2326
online,RARL-TRPO,data_on,CarRacing,Vehicle control,fric,fric_1.4,1.4000,0,0,1,2,,469.5985,53.7422
online,RSC-SAC,learner_on,CarRacing,Vehicle control,fric,fric_1.4,1.4000,0,0,1,2,,802.5216,89.5234
online,SAC,standard,CarRacing,Vehicle control,fric,fric_1.4,1.4000,0,0,1,2,,409.9975,47.3366
online,ATLA,learner_on,CarRacing,Vehicle control,fric,fric_1.5,1.5000,0,0,1,3,,522.2163,59.3974
online,ATLA-SA,learner_on,CarRacing,Vehicle control,fric,fric_1.5,1.5000,0,0,1,3,,780.7930,87.1881
online,DR-SAC,data_on,CarRacing,Vehicle control,fric,fric_1.5,1.5000,0,0,1,3,,805.2778,89.8197
online,PPO,standard,CarRacing,Vehicle control,fric,fric_1.5,1.5000,0,0,1,3,,732.8211,82.0323
online,RARL-PPO,data_on,CarRacing,Vehicle control,fric,fric_1.5,1.5000,0,0,1,3,,699.5564,78.4572
online,RARL-TRPO,data_on,CarRacing,Vehicle control,fric,fric_1.5,1.5000,0,0,1,3,,482.7643,55.1572
online,RSC-SAC,learner_on,CarRacing,Vehicle control,fric,fric_1.5,1.5000,0,0,1,3,,798.1026,89.0485
online,SAC,standard,CarRacing,Vehicle control,fric,fric_1.5,1.5000,0,0,1,3,,404.3125,46.7256
online,ATLA,learner_on,CarRacing,Vehicle control,gear,gear_0.2,0.2000,0,0,1,3,,327.0348,38.4201
online,ATLA-SA,learner_on,CarRacing,Vehicle control,gear,gear_0.2,0.2000,0,0,1,3,,509.1667,57.9949
online,DR-SAC,data_on,CarRacing,Vehicle control,gear,gear_0.2,0.2000,0,0,1,3,,671.9473,75.4898
online,PPO,standard,CarRacing,Vehicle control,gear,gear_0.2,0.2000,0,0,1,3,,431.2452,49.6202
online,RARL-PPO,data_on,CarRacing,Vehicle control,gear,gear_0.2,0.2000,0,0,1,3,,487.7314,55.6911
online,RARL-TRPO,data_on,CarRacing,Vehicle control,gear,gear_0.2,0.2000,0,0,1,3,,368.6636,42.8942
online,RSC-SAC,learner_on,CarRacing,Vehicle control,gear,gear_0.2,0.2000,0,0,1,3,,617.9139,69.6826
online,SAC,standard,CarRacing,Vehicle control,gear,gear_0.2,0.2000,0,0,1,3,,382.9285,44.4273
online,ATLA,learner_on,CarRacing,Vehicle control,gear,gear_0.4,0.4000,0,1,1,2,4,478.7849,54.7296
online,ATLA-SA,learner_on,CarRacing,Vehicle control,gear,gear_0.4,0.4000,0,1,1,2,4,733.9029,82.1486
online,DR-SAC,data_on,CarRacing,Vehicle control,gear,gear_0.4,0.4000,0,1,1,2,4,833.7486,92.8796
online,PPO,standard,CarRacing,Vehicle control,gear,gear_0.4,0.4000,0,1,1,2,4,632.2024,71.2182
online,RARL-PPO,data_on,CarRacing,Vehicle control,gear,gear_0.4,0.4000,0,1,1,2,4,651.5716,73.2999
online,RARL-TRPO,data_on,CarRacing,Vehicle control,gear,gear_0.4,0.4000,0,1,1,2,4,487.3701,55.6522
online,RSC-SAC,learner_on,CarRacing,Vehicle control,gear,gear_0.4,0.4000,0,1,1,2,4,821.8520,91.6010
online,SAC,standard,CarRacing,Vehicle control,gear,gear_0.4,0.4000,0,1,1,2,4,445.4490,51.1467
online,ATLA,learner_on,CarRacing,Vehicle control,gear,gear_0.6,0.6000,0,1,1,1,2,504.5856,57.5025
online,ATLA-SA,learner_on,CarRacing,Vehicle control,gear,gear_0.6,0.6000,0,1,1,1,2,753.8595,84.2934
online,DR-SAC,data_on,CarRacing,Vehicle control,gear,gear_0.6,0.6000,0,1,1,1,2,844.9163,94.0798
online,PPO,standard,CarRacing,Vehicle control,gear,gear_0.6,0.6000,0,1,1,1,2,675.6051,75.8830
online,RARL-PPO,data_on,CarRacing,Vehicle control,gear,gear_0.6,0.6000,0,1,1,1,2,698.0019,78.2901
online,RARL-TRPO,data_on,CarRacing,Vehicle control,gear,gear_0.6,0.6000,0,1,1,1,2,472.8627,54.0931
online,RSC-SAC,learner_on,CarRacing,Vehicle control,gear,gear_0.6,0.6000,0,1,1,1,2,828.4234,92.3072
online,SAC,standard,CarRacing,Vehicle control,gear,gear_0.6,0.6000,0,1,1,1,2,394.5792,45.6795
online,ATLA,learner_on,CarRacing,Vehicle control,gear,gear_0.8,0.8000,0,1,1,1,1,500.5724,57.0712
online,ATLA-SA,learner_on,CarRacing,Vehicle control,gear,gear_0.8,0.8000,0,1,1,1,1,731.9955,81.9436
online,DR-SAC,data_on,CarRacing,Vehicle control,gear,gear_0.8,0.8000,0,1,1,1,1,811.1511,90.4509
online,PPO,standard,CarRacing,Vehicle control,gear,gear_0.8,0.8000,0,1,1,1,1,695.4716,78.0181
online,RARL-PPO,data_on,CarRacing,Vehicle control,gear,gear_0.8,0.8000,0,1,1,1,1,699.5255,78.4538
online,RARL-TRPO,data_on,CarRacing,Vehicle control,gear,gear_0.8,0.8000,0,1,1,1,1,472.3865,54.0419
online,RSC-SAC,learner_on,CarRacing,Vehicle control,gear,gear_0.8,0.8000,0,1,1,1,1,807.9835,90.1105
online,SAC,standard,CarRacing,Vehicle control,gear,gear_0.8,0.8000,0,1,1,1,1,373.5858,43.4232
online,ATLA,learner_on,CarRacing,Vehicle control,gear,gear_1,1.0000,1,0,0,,,515.5958,58.6858
online,ATLA-SA,learner_on,CarRacing,Vehicle control,gear,gear_1,1.0000,1,0,0,,,719.4093,80.5909
online,DR-SAC,data_on,CarRacing,Vehicle control,gear,gear_1,1.0000,1,0,0,,,780.3188,87.1372
online,PPO,standard,CarRacing,Vehicle control,gear,gear_1,1.0000,1,0,0,,,696.0801,78.0835
online,RARL-PPO,data_on,CarRacing,Vehicle control,gear,gear_1,1.0000,1,0,0,,,673.6293,75.6706
online,RARL-TRPO,data_on,CarRacing,Vehicle control,gear,gear_1,1.0000,1,0,0,,,458.8434,52.5863
online,RSC-SAC,learner_on,CarRacing,Vehicle control,gear,gear_1,1.0000,1,0,0,,,763.1818,85.2953
online,SAC,standard,CarRacing,Vehicle control,gear,gear_1,1.0000,1,0,0,,,299.3029,35.4396
online,ATLA,learner_on,CarRacing,Vehicle control,gear,gear_1.2,1.2000,0,1,1,1,1,513.8249,58.4955
online,ATLA-SA,learner_on,CarRacing,Vehicle control,gear,gear_1.2,1.2000,0,1,1,1,1,641.9241,72.2631
online,DR-SAC,data_on,CarRacing,Vehicle control,gear,gear_1.2,1.2000,0,1,1,1,1,668.3257,75.1006
online,PPO,standard,CarRacing,Vehicle control,gear,gear_1.2,1.2000,0,1,1,1,1,697.5911,78.2459
online,RARL-PPO,data_on,CarRacing,Vehicle control,gear,gear_1.2,1.2000,0,1,1,1,1,665.4720,74.7939
online,RARL-TRPO,data_on,CarRacing,Vehicle control,gear,gear_1.2,1.2000,0,1,1,1,1,426.4059,49.1001
online,RSC-SAC,learner_on,CarRacing,Vehicle control,gear,gear_1.2,1.2000,0,1,1,1,1,621.1577,70.0312
online,SAC,standard,CarRacing,Vehicle control,gear,gear_1.2,1.2000,0,1,1,1,1,148.1810,19.1976
online,ATLA,learner_on,CarRacing,Vehicle control,gear,gear_1.4,1.4000,0,1,1,2,3,510.1475,58.1003
online,ATLA-SA,learner_on,CarRacing,Vehicle control,gear,gear_1.4,1.4000,0,1,1,2,3,669.2994,75.2053
online,DR-SAC,data_on,CarRacing,Vehicle control,gear,gear_1.4,1.4000,0,1,1,2,3,422.5379,48.6843
online,PPO,standard,CarRacing,Vehicle control,gear,gear_1.4,1.4000,0,1,1,2,3,702.9001,78.8165
online,RARL-PPO,data_on,CarRacing,Vehicle control,gear,gear_1.4,1.4000,0,1,1,2,3,671.4113,75.4322
online,RARL-TRPO,data_on,CarRacing,Vehicle control,gear,gear_1.4,1.4000,0,1,1,2,3,385.6901,44.7241
online,RSC-SAC,learner_on,CarRacing,Vehicle control,gear,gear_1.4,1.4000,0,1,1,2,3,360.1960,41.9841
online,SAC,standard,CarRacing,Vehicle control,gear,gear_1.4,1.4000,0,1,1,2,3,30.7569,6.5774
online,ATLA,learner_on,CarRacing,Vehicle control,gear,gear_1.6,1.6000,0,1,1,3,4,478.8309,54.7345
online,ATLA-SA,learner_on,CarRacing,Vehicle control,gear,gear_1.6,1.6000,0,1,1,3,4,576.1224,65.1910
online,DR-SAC,data_on,CarRacing,Vehicle control,gear,gear_1.6,1.6000,0,1,1,3,4,196.9537,24.4395
online,PPO,standard,CarRacing,Vehicle control,gear,gear_1.6,1.6000,0,1,1,3,4,701.0531,78.6180
online,RARL-PPO,data_on,CarRacing,Vehicle control,gear,gear_1.6,1.6000,0,1,1,3,4,641.0995,72.1744
online,RARL-TRPO,data_on,CarRacing,Vehicle control,gear,gear_1.6,1.6000,0,1,1,3,4,337.9992,39.5985
online,RSC-SAC,learner_on,CarRacing,Vehicle control,gear,gear_1.6,1.6000,0,1,1,3,4,262.5491,31.4894
online,SAC,standard,CarRacing,Vehicle control,gear,gear_1.6,1.6000,0,1,1,3,4,7.1270,4.0377
online,ATLA,learner_on,CarRacing,Vehicle control,gear,gear_1.8,1.8000,0,0,1,4,,500.2157,57.0328
online,ATLA-SA,learner_on,CarRacing,Vehicle control,gear,gear_1.8,1.8000,0,0,1,4,,595.2944,67.2515
online,DR-SAC,data_on,CarRacing,Vehicle control,gear,gear_1.8,1.8000,0,0,1,4,,63.6908,10.1169
online,PPO,standard,CarRacing,Vehicle control,gear,gear_1.8,1.8000,0,0,1,4,,681.6628,76.5340
online,RARL-PPO,data_on,CarRacing,Vehicle control,gear,gear_1.8,1.8000,0,0,1,4,,630.4867,71.0338
online,RARL-TRPO,data_on,CarRacing,Vehicle control,gear,gear_1.8,1.8000,0,0,1,4,,287.3524,34.1552
online,RSC-SAC,learner_on,CarRacing,Vehicle control,gear,gear_1.8,1.8000,0,0,1,4,,96.0763,13.5976
online,SAC,standard,CarRacing,Vehicle control,gear,gear_1.8,1.8000,0,0,1,4,,-16.2992,1.5200
online,ATLA,learner_on,CarRacing,Vehicle control,gear,gear_2,2.0000,0,0,1,4,,515.5334,58.6791
online,ATLA-SA,learner_on,CarRacing,Vehicle control,gear,gear_2,2.0000,0,0,1,4,,540.7338,61.3876
online,DR-SAC,data_on,CarRacing,Vehicle control,gear,gear_2,2.0000,0,0,1,4,,71.8788,10.9970
online,PPO,standard,CarRacing,Vehicle control,gear,gear_2,2.0000,0,0,1,4,,704.6349,79.0030
online,RARL-PPO,data_on,CarRacing,Vehicle control,gear,gear_2,2.0000,0,0,1,4,,632.9118,71.2945
online,RARL-TRPO,data_on,CarRacing,Vehicle control,gear,gear_2,2.0000,0,0,1,4,,245.8269,29.6922
online,RSC-SAC,learner_on,CarRacing,Vehicle control,gear,gear_2,2.0000,0,0,1,4,,54.3904,9.1174
online,SAC,standard,CarRacing,Vehicle control,gear,gear_2,2.0000,0,0,1,4,,-17.9213,1.3456
online,ATLA,learner_on,CarRacing,Vehicle control,morph,morph_0.4,0.4000,0,0,1,3,,2.8895,3.5823
online,ATLA-SA,learner_on,CarRacing,Vehicle control,morph,morph_0.4,0.4000,0,0,1,3,,-4.2599,2.8139
online,DR-SAC,data_on,CarRacing,Vehicle control,morph,morph_0.4,0.4000,0,0,1,3,,-38.3134,-0.8460
online,PPO,standard,CarRacing,Vehicle control,morph,morph_0.4,0.4000,0,0,1,3,,37.2952,7.2801
online,RARL-PPO,data_on,CarRacing,Vehicle control,morph,morph_0.4,0.4000,0,0,1,3,,-32.6444,-0.2368
online,RARL-TRPO,data_on,CarRacing,Vehicle control,morph,morph_0.4,0.4000,0,0,1,3,,-23.2346,0.7746
online,RSC-SAC,learner_on,CarRacing,Vehicle control,morph,morph_0.4,0.4000,0,0,1,3,,-55.2277,-2.6639
online,SAC,standard,CarRacing,Vehicle control,morph,morph_0.4,0.4000,0,0,1,3,,-31.3994,-0.1029
online,ATLA,learner_on,CarRacing,Vehicle control,morph,morph_0.6,0.6000,0,1,1,2,2,390.9198,45.2862
online,ATLA-SA,learner_on,CarRacing,Vehicle control,morph,morph_0.6,0.6000,0,1,1,2,2,617.8115,69.6715
online,DR-SAC,data_on,CarRacing,Vehicle control,morph,morph_0.6,0.6000,0,1,1,2,2,748.1346,83.6781
online,PPO,standard,CarRacing,Vehicle control,morph,morph_0.6,0.6000,0,1,1,2,2,470.6059,53.8505
online,RARL-PPO,data_on,CarRacing,Vehicle control,morph,morph_0.6,0.6000,0,1,1,2,2,27.7841,6.2578
online,RARL-TRPO,data_on,CarRacing,Vehicle control,morph,morph_0.6,0.6000,0,1,1,2,2,282.8654,33.6729
online,RSC-SAC,learner_on,CarRacing,Vehicle control,morph,morph_0.6,0.6000,0,1,1,2,2,694.0929,77.8700
online,SAC,standard,CarRacing,Vehicle control,morph,morph_0.6,0.6000,0,1,1,2,2,352.8844,41.1983
online,ATLA,learner_on,CarRacing,Vehicle control,morph,morph_0.8,0.8000,0,1,1,1,1,467.7507,53.5436
online,ATLA-SA,learner_on,CarRacing,Vehicle control,morph,morph_0.8,0.8000,0,1,1,1,1,754.6877,84.3824
online,DR-SAC,data_on,CarRacing,Vehicle control,morph,morph_0.8,0.8000,0,1,1,1,1,821.0018,91.5096
online,PPO,standard,CarRacing,Vehicle control,morph,morph_0.8,0.8000,0,1,1,1,1,709.2564,79.4997
online,RARL-PPO,data_on,CarRacing,Vehicle control,morph,morph_0.8,0.8000,0,1,1,1,1,705.0963,79.0526
online,RARL-TRPO,data_on,CarRacing,Vehicle control,morph,morph_0.8,0.8000,0,1,1,1,1,478.5035,54.6993
online,RSC-SAC,learner_on,CarRacing,Vehicle control,morph,morph_0.8,0.8000,0,1,1,1,1,803.9277,89.6745
online,SAC,standard,CarRacing,Vehicle control,morph,morph_0.8,0.8000,0,1,1,1,1,443.1946,50.9045
online,ATLA,learner_on,CarRacing,Vehicle control,morph,morph_1,1.0000,1,0,0,,,515.9520,58.7241
online,ATLA-SA,learner_on,CarRacing,Vehicle control,morph,morph_1,1.0000,1,0,0,,,723.3036,81.0094
online,DR-SAC,data_on,CarRacing,Vehicle control,morph,morph_1,1.0000,1,0,0,,,796.5091,88.8772
online,PPO,standard,CarRacing,Vehicle control,morph,morph_1,1.0000,1,0,0,,,695.5214,78.0235
online,RARL-PPO,data_on,CarRacing,Vehicle control,morph,morph_1,1.0000,1,0,0,,,673.6293,75.6706
online,RARL-TRPO,data_on,CarRacing,Vehicle control,morph,morph_1,1.0000,1,0,0,,,458.8434,52.5863
online,RSC-SAC,learner_on,CarRacing,Vehicle control,morph,morph_1,1.0000,1,0,0,,,760.8154,85.0410
online,SAC,standard,CarRacing,Vehicle control,morph,morph_1,1.0000,1,0,0,,,299.3029,35.4396
online,ATLA,learner_on,CarRacing,Vehicle control,morph,morph_1.2,1.2000,0,1,1,1,1,371.8294,43.2344
online,ATLA-SA,learner_on,CarRacing,Vehicle control,morph,morph_1.2,1.2000,0,1,1,1,1,397.1061,45.9511
online,DR-SAC,data_on,CarRacing,Vehicle control,morph,morph_1.2,1.2000,0,1,1,1,1,466.1133,53.3677
online,PPO,standard,CarRacing,Vehicle control,morph,morph_1.2,1.2000,0,1,1,1,1,414.5487,47.8257
online,RARL-PPO,data_on,CarRacing,Vehicle control,morph,morph_1.2,1.2000,0,1,1,1,1,476.9214,54.5293
online,RARL-TRPO,data_on,CarRacing,Vehicle control,morph,morph_1.2,1.2000,0,1,1,1,1,353.4021,41.2539
online,RSC-SAC,learner_on,CarRacing,Vehicle control,morph,morph_1.2,1.2000,0,1,1,1,1,53.5405,9.0260
online,SAC,standard,CarRacing,Vehicle control,morph,morph_1.2,1.2000,0,1,1,1,1,17.3444,5.1358
online,ATLA,learner_on,CarRacing,Vehicle control,morph,morph_1.4,1.4000,0,1,1,2,3,211.5715,26.0106
online,ATLA-SA,learner_on,CarRacing,Vehicle control,morph,morph_1.4,1.4000,0,1,1,2,3,264.1011,31.6562
online,DR-SAC,data_on,CarRacing,Vehicle control,morph,morph_1.4,1.4000,0,1,1,2,3,103.8079,14.4286
online,PPO,standard,CarRacing,Vehicle control,morph,morph_1.4,1.4000,0,1,1,2,3,239.9408,29.0596
online,RARL-PPO,data_on,CarRacing,Vehicle control,morph,morph_1.4,1.4000,0,1,1,2,3,320.2438,37.6902
online,RARL-TRPO,data_on,CarRacing,Vehicle control,morph,morph_1.4,1.4000,0,1,1,2,3,275.7029,32.9031
online,RSC-SAC,learner_on,CarRacing,Vehicle control,morph,morph_1.4,1.4000,0,1,1,2,3,15.2858,4.9146
online,SAC,standard,CarRacing,Vehicle control,morph,morph_1.4,1.4000,0,1,1,2,3,-15.8038,1.5732
online,ATLA,learner_on,CarRacing,Vehicle control,morph,morph_1.6,1.6000,0,1,1,3,4,166.6262,21.1800
online,ATLA-SA,learner_on,CarRacing,Vehicle control,morph,morph_1.6,1.6000,0,1,1,3,4,203.7990,25.1752
online,DR-SAC,data_on,CarRacing,Vehicle control,morph,morph_1.6,1.6000,0,1,1,3,4,24.8841,5.9462
online,PPO,standard,CarRacing,Vehicle control,morph,morph_1.6,1.6000,0,1,1,3,4,215.7588,26.4606
online,RARL-PPO,data_on,CarRacing,Vehicle control,morph,morph_1.6,1.6000,0,1,1,3,4,245.5581,29.6633
online,RARL-TRPO,data_on,CarRacing,Vehicle control,morph,morph_1.6,1.6000,0,1,1,3,4,236.1233,28.6493
online,RSC-SAC,learner_on,CarRacing,Vehicle control,morph,morph_1.6,1.6000,0,1,1,3,4,2.3675,3.5262
online,SAC,standard,CarRacing,Vehicle control,morph,morph_1.6,1.6000,0,1,1,3,4,-24.2587,0.6645
online,ATLA,learner_on,CarRacing,Vehicle control,morph,morph_1.8,1.8000,0,1,1,4,4,156.1175,20.0506
online,ATLA-SA,learner_on,CarRacing,Vehicle control,morph,morph_1.8,1.8000,0,1,1,4,4,173.4732,21.9159
online,DR-SAC,data_on,CarRacing,Vehicle control,morph,morph_1.8,1.8000,0,1,1,4,4,10.5623,4.4069
online,PPO,standard,CarRacing,Vehicle control,morph,morph_1.8,1.8000,0,1,1,4,4,172.3246,21.7925
online,RARL-PPO,data_on,CarRacing,Vehicle control,morph,morph_1.8,1.8000,0,1,1,4,4,244.7666,29.5782
online,RARL-TRPO,data_on,CarRacing,Vehicle control,morph,morph_1.8,1.8000,0,1,1,4,4,215.7846,26.4634
online,RSC-SAC,learner_on,CarRacing,Vehicle control,morph,morph_1.8,1.8000,0,1,1,4,4,-4.3911,2.7998
online,SAC,standard,CarRacing,Vehicle control,morph,morph_1.8,1.8000,0,1,1,4,4,-18.8913,1.2414
online,ATLA,learner_on,CarRacing,Vehicle control,morph,morph_2,2.0000,0,0,1,4,,161.7028,20.6509
online,ATLA-SA,learner_on,CarRacing,Vehicle control,morph,morph_2,2.0000,0,0,1,4,,143.9056,18.7381
online,DR-SAC,data_on,CarRacing,Vehicle control,morph,morph_2,2.0000,0,0,1,4,,6.6530,3.9868
online,PPO,standard,CarRacing,Vehicle control,morph,morph_2,2.0000,0,0,1,4,,149.3069,19.3186
online,RARL-PPO,data_on,CarRacing,Vehicle control,morph,morph_2,2.0000,0,0,1,4,,228.9272,27.8759
online,RARL-TRPO,data_on,CarRacing,Vehicle control,morph,morph_2,2.0000,0,0,1,4,,201.8340,24.9640
online,RSC-SAC,learner_on,CarRacing,Vehicle control,morph,morph_2,2.0000,0,0,1,4,,-2.4187,3.0118
online,SAC,standard,CarRacing,Vehicle control,morph,morph_2,2.0000,0,0,1,4,,-26.9386,0.3765
online,ATLA,learner_on,FetchReach,Manipulation,gear,gear_0.1,0.1000,0,1,1,4,3,-1.3367,84.1254
online,ATLA-SA,learner_on,FetchReach,Manipulation,gear,gear_0.1,0.1000,0,1,1,4,3,-2.0487,75.6703
online,DR-SAC,data_on,FetchReach,Manipulation,gear,gear_0.1,0.1000,0,1,1,4,3,-2.4061,71.4255
online,PPO,standard,FetchReach,Manipulation,gear,gear_0.1,0.1000,0,1,1,4,3,-2.7236,67.6555
online,RARL-PPO,data_on,FetchReach,Manipulation,gear,gear_0.1,0.1000,0,1,1,4,3,-2.4160,71.3082
online,RARL-TRPO,data_on,FetchReach,Manipulation,gear,gear_0.1,0.1000,0,1,1,4,3,-2.3339,72.2826
online,RSC-SAC,learner_on,FetchReach,Manipulation,gear,gear_0.1,0.1000,0,1,1,4,3,-2.8116,66.6102
online,SAC,standard,FetchReach,Manipulation,gear,gear_0.1,0.1000,0,1,1,4,3,-2.4192,71.2701
online,ATLA,learner_on,FetchReach,Manipulation,gear,gear_0.2,0.2000,0,1,1,4,2,-0.8830,89.5133
online,ATLA-SA,learner_on,FetchReach,Manipulation,gear,gear_0.2,0.2000,0,1,1,4,2,-0.9974,88.1546
online,DR-SAC,data_on,FetchReach,Manipulation,gear,gear_0.2,0.2000,0,1,1,4,2,-1.2068,85.6683
online,PPO,standard,FetchReach,Manipulation,gear,gear_0.2,0.2000,0,1,1,4,2,-1.4183,83.1563
online,RARL-PPO,data_on,FetchReach,Manipulation,gear,gear_0.2,0.2000,0,1,1,4,2,-1.2442,85.2238
online,RARL-TRPO,data_on,FetchReach,Manipulation,gear,gear_0.2,0.2000,0,1,1,4,2,-1.1997,85.7531
online,RSC-SAC,learner_on,FetchReach,Manipulation,gear,gear_0.2,0.2000,0,1,1,4,2,-1.6078,80.9063
online,SAC,standard,FetchReach,Manipulation,gear,gear_0.2,0.2000,0,1,1,4,2,-1.2097,85.6336
online,ATLA,learner_on,FetchReach,Manipulation,gear,gear_0.3,0.3000,0,0,1,3,,-0.8101,90.3799
online,ATLA-SA,learner_on,FetchReach,Manipulation,gear,gear_0.3,0.3000,0,0,1,3,,-0.6300,92.5184
online,DR-SAC,data_on,FetchReach,Manipulation,gear,gear_0.3,0.3000,0,0,1,3,,-0.8007,90.4910
online,PPO,standard,FetchReach,Manipulation,gear,gear_0.3,0.3000,0,0,1,3,,-0.9456,88.7697
online,RARL-PPO,data_on,FetchReach,Manipulation,gear,gear_0.3,0.3000,0,0,1,3,,-0.8484,89.9250
online,RARL-TRPO,data_on,FetchReach,Manipulation,gear,gear_0.3,0.3000,0,0,1,3,,-0.8202,90.2598
online,RSC-SAC,learner_on,FetchReach,Manipulation,gear,gear_0.3,0.3000,0,0,1,3,,-1.1707,86.0970
online,SAC,standard,FetchReach,Manipulation,gear,gear_0.3,0.3000,0,0,1,3,,-0.7981,90.5218
online,ATLA,learner_on,FetchReach,Manipulation,gear,gear_0.4,0.4000,0,1,1,3,1,-0.9152,89.1316
online,ATLA-SA,learner_on,FetchReach,Manipulation,gear,gear_0.4,0.4000,0,1,1,3,1,-0.4724,94.3896
online,DR-SAC,data_on,FetchReach,Manipulation,gear,gear_0.4,0.4000,0,1,1,3,1,-0.5966,92.9145
online,PPO,standard,FetchReach,Manipulation,gear,gear_0.4,0.4000,0,1,1,3,1,-0.7083,91.5889
online,RARL-PPO,data_on,FetchReach,Manipulation,gear,gear_0.4,0.4000,0,1,1,3,1,-0.6501,92.2798
online,RARL-TRPO,data_on,FetchReach,Manipulation,gear,gear_0.4,0.4000,0,1,1,3,1,-0.6304,92.5131
online,RSC-SAC,learner_on,FetchReach,Manipulation,gear,gear_0.4,0.4000,0,1,1,3,1,-0.9518,88.6961
online,SAC,standard,FetchReach,Manipulation,gear,gear_0.4,0.4000,0,1,1,3,1,-0.5919,92.9707
online,ATLA,learner_on,FetchReach,Manipulation,gear,gear_0.5,0.5000,0,0,1,2,,-1.0343,87.7173
online,ATLA-SA,learner_on,FetchReach,Manipulation,gear,gear_0.5,0.5000,0,0,1,2,,-0.3959,95.2986
online,DR-SAC,data_on,FetchReach,Manipulation,gear,gear_0.5,0.5000,0,0,1,2,,-0.4738,94.3731
online,PPO,standard,FetchReach,Manipulation,gear,gear_0.5,0.5000,0,0,1,2,,-0.5658,93.2809
online,RARL-PPO,data_on,FetchReach,Manipulation,gear,gear_0.5,0.5000,0,0,1,2,,-0.5312,93.6920
online,RARL-TRPO,data_on,FetchReach,Manipulation,gear,gear_0.5,0.5000,0,0,1,2,,-0.5167,93.8636
online,RSC-SAC,learner_on,FetchReach,Manipulation,gear,gear_0.5,0.5000,0,0,1,2,,-0.8208,90.2524
online,SAC,standard,FetchReach,Manipulation,gear,gear_0.5,0.5000,0,0,1,2,,-0.4678,94.4446
online,ATLA,learner_on,FetchReach,Manipulation,gear,gear_0.6,0.6000,0,0,1,2,,-1.1120,86.7937
online,ATLA-SA,learner_on,FetchReach,Manipulation,gear,gear_0.6,0.6000,0,0,1,2,,-0.3557,95.7758
online,DR-SAC,data_on,FetchReach,Manipulation,gear,gear_0.6,0.6000,0,0,1,2,,-0.3921,95.3440
online,PPO,standard,FetchReach,Manipulation,gear,gear_0.6,0.6000,0,0,1,2,,-0.4710,94.4062
online,RARL-PPO,data_on,FetchReach,Manipulation,gear,gear_0.6,0.6000,0,0,1,2,,-0.4520,94.6317
online,RARL-TRPO,data_on,FetchReach,Manipulation,gear,gear_0.6,0.6000,0,0,1,2,,-0.4410,94.7622
online,RSC-SAC,learner_on,FetchReach,Manipulation,gear,gear_0.6,0.6000,0,0,1,2,,-0.7340,91.2829
online,SAC,standard,FetchReach,Manipulation,gear,gear_0.6,0.6000,0,0,1,2,,-0.3852,95.4258
online,ATLA,learner_on,FetchReach,Manipulation,gear,gear_0.8,0.8000,0,0,1,1,,-1.1983,85.7691
online,ATLA-SA,learner_on,FetchReach,Manipulation,gear,gear_0.8,0.8000,0,0,1,1,,-0.3226,96.1689
online,DR-SAC,data_on,FetchReach,Manipulation,gear,gear_0.8,0.8000,0,0,1,1,,-0.2900,96.5557
online,PPO,standard,FetchReach,Manipulation,gear,gear_0.8,0.8000,0,0,1,1,,-0.3530,95.8080
online,RARL-PPO,data_on,FetchReach,Manipulation,gear,gear_0.8,0.8000,0,0,1,1,,-0.3537,95.7997
online,RARL-TRPO,data_on,FetchReach,Manipulation,gear,gear_0.8,0.8000,0,0,1,1,,-0.3484,95.8622
online,RSC-SAC,learner_on,FetchReach,Manipulation,gear,gear_0.8,0.8000,0,0,1,1,,-0.6268,92.5568
online,SAC,standard,FetchReach,Manipulation,gear,gear_0.8,0.8000,0,0,1,1,,-0.2821,96.6501
online,ATLA,learner_on,FetchReach,Manipulation,gear,gear_1,1.0000,1,0,0,,,-1.2396,85.2790
online,ATLA-SA,learner_on,FetchReach,Manipulation,gear,gear_1,1.0000,1,0,0,,,-0.3140,96.2706
online,DR-SAC,data_on,FetchReach,Manipulation,gear,gear_1,1.0000,1,0,0,,,-0.2296,97.2736
online,PPO,standard,FetchReach,Manipulation,gear,gear_1,1.0000,1,0,0,,,-0.2839,96.6287
online,RARL-PPO,data_on,FetchReach,Manipulation,gear,gear_1,1.0000,1,0,0,,,-0.2961,96.4833
online,RARL-TRPO,data_on,FetchReach,Manipulation,gear,gear_1,1.0000,1,0,0,,,-0.2949,96.4979
online,RSC-SAC,learner_on,FetchReach,Manipulation,gear,gear_1,1.0000,1,0,0,,,-0.5635,93.3082
online,SAC,standard,FetchReach,Manipulation,gear,gear_1,1.0000,1,0,0,,,-0.2204,97.3826
online,ATLA,learner_on,FetchReach,Manipulation,gear,gear_1.2,1.2000,0,0,1,1,,-1.2825,84.7693
online,ATLA-SA,learner_on,FetchReach,Manipulation,gear,gear_1.2,1.2000,0,0,1,1,,-0.3127,96.2866
online,DR-SAC,data_on,FetchReach,Manipulation,gear,gear_1.2,1.2000,0,0,1,1,,-0.2285,97.2861
online,PPO,standard,FetchReach,Manipulation,gear,gear_1.2,1.2000,0,0,1,1,,-0.2747,96.7379
online,RARL-PPO,data_on,FetchReach,Manipulation,gear,gear_1.2,1.2000,0,0,1,1,,-0.2960,96.4847
online,RARL-TRPO,data_on,FetchReach,Manipulation,gear,gear_1.2,1.2000,0,0,1,1,,-0.3024,96.4086
online,RSC-SAC,learner_on,FetchReach,Manipulation,gear,gear_1.2,1.2000,0,0,1,1,,-0.5519,93.4453
online,SAC,standard,FetchReach,Manipulation,gear,gear_1.2,1.2000,0,0,1,1,,-0.2192,97.3969
online,ATLA,learner_on,FetchReach,Manipulation,gear,gear_1.4,1.4000,0,0,1,1,,-1.3174,84.3549
online,ATLA-SA,learner_on,FetchReach,Manipulation,gear,gear_1.4,1.4000,0,0,1,1,,-0.3132,96.2802
online,DR-SAC,data_on,FetchReach,Manipulation,gear,gear_1.4,1.4000,0,0,1,1,,-0.2333,97.2292
online,PPO,standard,FetchReach,Manipulation,gear,gear_1.4,1.4000,0,0,1,1,,-0.2725,96.7636
online,RARL-PPO,data_on,FetchReach,Manipulation,gear,gear_1.4,1.4000,0,0,1,1,,-0.3024,96.4089
online,RARL-TRPO,data_on,FetchReach,Manipulation,gear,gear_1.4,1.4000,0,0,1,1,,-0.6348,92.4614
online,RSC-SAC,learner_on,FetchReach,Manipulation,gear,gear_1.4,1.4000,0,0,1,1,,-0.5500,93.4681
online,SAC,standard,FetchReach,Manipulation,gear,gear_1.4,1.4000,0,0,1,1,,-0.2236,97.3448
online,ATLA,learner_on,FetchReach,Manipulation,gear,gear_1.6,1.6000,0,0,1,2,,-1.3610,83.8374
online,ATLA-SA,learner_on,FetchReach,Manipulation,gear,gear_1.6,1.6000,0,0,1,2,,-0.3145,96.2651
online,DR-SAC,data_on,FetchReach,Manipulation,gear,gear_1.6,1.6000,0,0,1,2,,-0.2585,96.9298
online,PPO,standard,FetchReach,Manipulation,gear,gear_1.6,1.6000,0,0,1,2,,-0.2813,96.6591
online,RARL-PPO,data_on,FetchReach,Manipulation,gear,gear_1.6,1.6000,0,0,1,2,,-0.4603,94.5335
online,RARL-TRPO,data_on,FetchReach,Manipulation,gear,gear_1.6,1.6000,0,0,1,2,,-1.1053,86.8735
online,RSC-SAC,learner_on,FetchReach,Manipulation,gear,gear_1.6,1.6000,0,0,1,2,,-0.5495,93.4740
online,SAC,standard,FetchReach,Manipulation,gear,gear_1.6,1.6000,0,0,1,2,,-0.2391,97.1604
online,ATLA,learner_on,FetchReach,Manipulation,gear,gear_1.8,1.8000,0,0,1,3,,-1.3771,83.6461
online,ATLA-SA,learner_on,FetchReach,Manipulation,gear,gear_1.8,1.8000,0,0,1,3,,-0.3162,96.2452
online,DR-SAC,data_on,FetchReach,Manipulation,gear,gear_1.8,1.8000,0,0,1,3,,-0.8563,89.8305
online,PPO,standard,FetchReach,Manipulation,gear,gear_1.8,1.8000,0,0,1,3,,-0.3695,95.6119
online,RARL-PPO,data_on,FetchReach,Manipulation,gear,gear_1.8,1.8000,0,0,1,3,,-0.9324,88.9273
online,RARL-TRPO,data_on,FetchReach,Manipulation,gear,gear_1.8,1.8000,0,0,1,3,,-1.1572,86.2579
online,RSC-SAC,learner_on,FetchReach,Manipulation,gear,gear_1.8,1.8000,0,0,1,3,,-0.5496,93.4727
online,SAC,standard,FetchReach,Manipulation,gear,gear_1.8,1.8000,0,0,1,3,,-0.5517,93.4478
online,ATLA,learner_on,FetchReach,Manipulation,gear,gear_2,2.0000,0,1,1,4,4,-1.3954,83.4286
online,ATLA-SA,learner_on,FetchReach,Manipulation,gear,gear_2,2.0000,0,1,1,4,4,-0.3184,96.2190
online,DR-SAC,data_on,FetchReach,Manipulation,gear,gear_2,2.0000,0,1,1,4,4,-1.1252,86.6376
online,PPO,standard,FetchReach,Manipulation,gear,gear_2,2.0000,0,1,1,4,4,-0.3890,95.3800
online,RARL-PPO,data_on,FetchReach,Manipulation,gear,gear_2,2.0000,0,1,1,4,4,-1.0823,87.1466
online,RARL-TRPO,data_on,FetchReach,Manipulation,gear,gear_2,2.0000,0,1,1,4,4,-1.1731,86.0681
online,RSC-SAC,learner_on,FetchReach,Manipulation,gear,gear_2,2.0000,0,1,1,4,4,-0.5502,93.4661
online,SAC,standard,FetchReach,Manipulation,gear,gear_2,2.0000,0,1,1,4,4,-1.0974,86.9680
online,ATLA,learner_on,FetchReach,Manipulation,morph,morph_0.6,0.6000,0,0,1,2,,-8.6976,-3.2908
online,ATLA-SA,learner_on,FetchReach,Manipulation,morph,morph_0.6,0.6000,0,0,1,2,,-8.6726,-2.9933
online,DR-SAC,data_on,FetchReach,Manipulation,morph,morph_0.6,0.6000,0,0,1,2,,-10.6764,-26.7910
online,PPO,standard,FetchReach,Manipulation,morph,morph_0.6,0.6000,0,0,1,2,,-11.6719,-38.6123
online,RARL-PPO,data_on,FetchReach,Manipulation,morph,morph_0.6,0.6000,0,0,1,2,,-11.1061,-31.8936
online,RARL-TRPO,data_on,FetchReach,Manipulation,morph,morph_0.6,0.6000,0,0,1,2,,-10.8622,-28.9972
online,RSC-SAC,learner_on,FetchReach,Manipulation,morph,morph_0.6,0.6000,0,0,1,2,,-11.6385,-38.2166
online,SAC,standard,FetchReach,Manipulation,morph,morph_0.6,0.6000,0,0,1,2,,-10.7778,-27.9952
online,ATLA,learner_on,FetchReach,Manipulation,morph,morph_0.8,0.8000,0,1,1,1,2,-1.4790,82.4360
online,ATLA-SA,learner_on,FetchReach,Manipulation,morph,morph_0.8,0.8000,0,1,1,1,2,-1.4040,83.3261
online,DR-SAC,data_on,FetchReach,Manipulation,morph,morph_0.8,0.8000,0,1,1,1,2,-1.1129,86.7829
online,PPO,standard,FetchReach,Manipulation,morph,morph_0.8,0.8000,0,1,1,1,2,-1.4147,83.1989
online,RARL-PPO,data_on,FetchReach,Manipulation,morph,morph_0.8,0.8000,0,1,1,1,2,-1.1649,86.1659
online,RARL-TRPO,data_on,FetchReach,Manipulation,morph,morph_0.8,0.8000,0,1,1,1,2,-1.0902,87.0531
online,RSC-SAC,learner_on,FetchReach,Manipulation,morph,morph_0.8,0.8000,0,1,1,1,2,-1.7681,79.0023
online,SAC,standard,FetchReach,Manipulation,morph,morph_0.8,0.8000,0,1,1,1,2,-1.1302,86.5783
online,ATLA,learner_on,FetchReach,Manipulation,morph,morph_1,1.0000,1,0,0,,,-1.2396,85.2790
online,ATLA-SA,learner_on,FetchReach,Manipulation,morph,morph_1,1.0000,1,0,0,,,-0.3140,96.2706
online,DR-SAC,data_on,FetchReach,Manipulation,morph,morph_1,1.0000,1,0,0,,,-0.2296,97.2736
online,PPO,standard,FetchReach,Manipulation,morph,morph_1,1.0000,1,0,0,,,-0.2839,96.6287
online,RARL-PPO,data_on,FetchReach,Manipulation,morph,morph_1,1.0000,1,0,0,,,-0.2961,96.4833
online,RARL-TRPO,data_on,FetchReach,Manipulation,morph,morph_1,1.0000,1,0,0,,,-0.2949,96.4979
online,RSC-SAC,learner_on,FetchReach,Manipulation,morph,morph_1,1.0000,1,0,0,,,-0.5635,93.3082
online,SAC,standard,FetchReach,Manipulation,morph,morph_1,1.0000,1,0,0,,,-0.2204,97.3826
online,ATLA,learner_on,FetchReach,Manipulation,morph,morph_1.2,1.2000,0,1,1,1,1,-1.5539,81.5465
online,ATLA-SA,learner_on,FetchReach,Manipulation,morph,morph_1.2,1.2000,0,1,1,1,1,-0.6740,91.9953
online,DR-SAC,data_on,FetchReach,Manipulation,morph,morph_1.2,1.2000,0,1,1,1,1,-0.4322,94.8679
online,PPO,standard,FetchReach,Manipulation,morph,morph_1.2,1.2000,0,1,1,1,1,-0.4898,94.1833
online,RARL-PPO,data_on,FetchReach,Manipulation,morph,morph_1.2,1.2000,0,1,1,1,1,-0.4989,94.0756
online,RARL-TRPO,data_on,FetchReach,Manipulation,morph,morph_1.2,1.2000,0,1,1,1,1,-0.4939,94.1351
online,RSC-SAC,learner_on,FetchReach,Manipulation,morph,morph_1.2,1.2000,0,1,1,1,1,-0.7771,90.7714
online,SAC,standard,FetchReach,Manipulation,morph,morph_1.2,1.2000,0,1,1,1,1,-0.4237,94.9681
online,ATLA,learner_on,FetchReach,Manipulation,morph,morph_1.4,1.4000,0,1,1,1,3,-2.5128,70.1587
online,ATLA-SA,learner_on,FetchReach,Manipulation,morph,morph_1.4,1.4000,0,1,1,1,3,-1.7609,79.0885
online,DR-SAC,data_on,FetchReach,Manipulation,morph,morph_1.4,1.4000,0,1,1,1,3,-1.2723,84.8899
online,PPO,standard,FetchReach,Manipulation,morph,morph_1.4,1.4000,0,1,1,1,3,-1.3654,83.7852
online,RARL-PPO,data_on,FetchReach,Manipulation,morph,morph_1.4,1.4000,0,1,1,1,3,-1.3362,84.1310
online,RARL-TRPO,data_on,FetchReach,Manipulation,morph,morph_1.4,1.4000,0,1,1,1,3,-1.3273,84.2376
online,RSC-SAC,learner_on,FetchReach,Manipulation,morph,morph_1.4,1.4000,0,1,1,1,3,-1.6389,80.5368
online,SAC,standard,FetchReach,Manipulation,morph,morph_1.4,1.4000,0,1,1,1,3,-1.2739,84.8714
online,ATLA,learner_on,FetchReach,Manipulation,morph,morph_1.6,1.6000,0,1,1,2,4,-4.0068,52.4164
online,ATLA-SA,learner_on,FetchReach,Manipulation,morph,morph_1.6,1.6000,0,1,1,2,4,-3.3891,59.7514
online,DR-SAC,data_on,FetchReach,Manipulation,morph,morph_1.6,1.6000,0,1,1,2,4,-2.6970,67.9705
online,PPO,standard,FetchReach,Manipulation,morph,morph_1.6,1.6000,0,1,1,2,4,-2.8582,66.0564
online,RARL-PPO,data_on,FetchReach,Manipulation,morph,morph_1.6,1.6000,0,1,1,2,4,-2.7567,67.2621
online,RARL-TRPO,data_on,FetchReach,Manipulation,morph,morph_1.6,1.6000,0,1,1,2,4,-2.7305,67.5730
online,RSC-SAC,learner_on,FetchReach,Manipulation,morph,morph_1.6,1.6000,0,1,1,2,4,-3.1089,63.0798
online,SAC,standard,FetchReach,Manipulation,morph,morph_1.6,1.6000,0,1,1,2,4,-2.6957,67.9870
online,ATLA,learner_on,FetchReach,Manipulation,morph,morph_1.8,1.8000,0,0,1,3,,-6.5131,22.6514
online,ATLA-SA,learner_on,FetchReach,Manipulation,morph,morph_1.8,1.8000,0,0,1,3,,-6.0631,27.9957
online,DR-SAC,data_on,FetchReach,Manipulation,morph,morph_1.8,1.8000,0,0,1,3,,-5.2300,37.8899
online,PPO,standard,FetchReach,Manipulation,morph,morph_1.8,1.8000,0,0,1,3,,-5.4096,35.7564
online,RARL-PPO,data_on,FetchReach,Manipulation,morph,morph_1.8,1.8000,0,0,1,3,,-5.1987,38.2610
online,RARL-TRPO,data_on,FetchReach,Manipulation,morph,morph_1.8,1.8000,0,0,1,3,,-5.2177,38.0360
online,RSC-SAC,learner_on,FetchReach,Manipulation,morph,morph_1.8,1.8000,0,0,1,3,,-5.7534,31.6742
online,SAC,standard,FetchReach,Manipulation,morph,morph_1.8,1.8000,0,0,1,3,,-5.1926,38.3341
online,ATLA,learner_on,FetchReach,Manipulation,morph,morph_2,2.0000,0,0,1,3,,-10.1156,-20.1303
online,ATLA-SA,learner_on,FetchReach,Manipulation,morph,morph_2,2.0000,0,0,1,3,,-9.8135,-16.5423
online,DR-SAC,data_on,FetchReach,Manipulation,morph,morph_2,2.0000,0,0,1,3,,-8.8732,-5.3758
online,PPO,standard,FetchReach,Manipulation,morph,morph_2,2.0000,0,0,1,3,,-9.0359,-7.3081
online,RARL-PPO,data_on,FetchReach,Manipulation,morph,morph_2,2.0000,0,0,1,3,,-8.6341,-2.5370
online,RARL-TRPO,data_on,FetchReach,Manipulation,morph,morph_2,2.0000,0,0,1,3,,-9.0151,-7.0610
online,RSC-SAC,learner_on,FetchReach,Manipulation,morph,morph_2,2.0000,0,0,1,3,,-10.3543,-22.9658
online,SAC,standard,FetchReach,Manipulation,morph,morph_2,2.0000,0,0,1,3,,-8.5736,-1.8177
online,ATLA,learner_on,FetchReach,Manipulation,morph,morph_2.2,2.2000,0,0,1,4,,-13.7941,-63.8157
online,ATLA-SA,learner_on,FetchReach,Manipulation,morph,morph_2.2,2.2000,0,0,1,4,,-13.5467,-60.8779
online,DR-SAC,data_on,FetchReach,Manipulation,morph,morph_2.2,2.2000,0,0,1,4,,-13.8786,-64.8192
online,PPO,standard,FetchReach,Manipulation,morph,morph_2.2,2.2000,0,0,1,4,,-12.7524,-51.4444
online,RARL-PPO,data_on,FetchReach,Manipulation,morph,morph_2.2,2.2000,0,0,1,4,,-12.2675,-45.6859
online,RARL-TRPO,data_on,FetchReach,Manipulation,morph,morph_2.2,2.2000,0,0,1,4,,-12.4973,-48.4155
online,RSC-SAC,learner_on,FetchReach,Manipulation,morph,morph_2.2,2.2000,0,0,1,4,,-14.7302,-74.9330
online,SAC,standard,FetchReach,Manipulation,morph,morph_2.2,2.2000,0,0,1,4,,-12.2814,-45.8516
online,ATLA,learner_on,FetchReach,Manipulation,morph,morph_2.4,2.4000,0,0,1,4,,-18.1445,-115.4799
online,ATLA-SA,learner_on,FetchReach,Manipulation,morph,morph_2.4,2.4000,0,0,1,4,,-17.8457,-111.9316
online,DR-SAC,data_on,FetchReach,Manipulation,morph,morph_2.4,2.4000,0,0,1,4,,-21.8750,-159.7829
online,PPO,standard,FetchReach,Manipulation,morph,morph_2.4,2.4000,0,0,1,4,,-17.1835,-104.0678
online,RARL-PPO,data_on,FetchReach,Manipulation,morph,morph_2.4,2.4000,0,0,1,4,,-16.5921,-97.0443
online,RARL-TRPO,data_on,FetchReach,Manipulation,morph,morph_2.4,2.4000,0,0,1,4,,-16.6517,-97.7521
online,RSC-SAC,learner_on,FetchReach,Manipulation,morph,morph_2.4,2.4000,0,0,1,4,,-19.7567,-134.6256
online,SAC,standard,FetchReach,Manipulation,morph,morph_2.4,2.4000,0,0,1,4,,-16.7141,-98.4923
online,ATLA,learner_on,HalfCheetah,Locomotion,gear,gear_0.6,0.6000,0,1,1,4,4,1602.9756,15.1682
online,ATLA-SA,learner_on,HalfCheetah,Locomotion,gear,gear_0.6,0.6000,0,1,1,4,4,1639.9283,15.4658
online,DR-SAC,data_on,HalfCheetah,Locomotion,gear,gear_0.6,0.6000,0,1,1,4,4,3234.9162,28.3129
online,PPO,standard,HalfCheetah,Locomotion,gear,gear_0.6,0.6000,0,1,1,4,4,-62.7333,1.7515
online,RARL-PPO,data_on,HalfCheetah,Locomotion,gear,gear_0.6,0.6000,0,1,1,4,4,-117.8120,1.3078
online,RARL-TRPO,data_on,HalfCheetah,Locomotion,gear,gear_0.6,0.6000,0,1,1,4,4,659.1661,7.5661
online,RSC-SAC,learner_on,HalfCheetah,Locomotion,gear,gear_0.6,0.6000,0,1,1,4,4,2889.7926,25.5330
online,SAC,standard,HalfCheetah,Locomotion,gear,gear_0.6,0.6000,0,1,1,4,4,2110.2873,19.2544
online,ATLA,learner_on,HalfCheetah,Locomotion,gear,gear_0.7,0.7000,0,1,1,3,3,2830.4190,25.0548
online,ATLA-SA,learner_on,HalfCheetah,Locomotion,gear,gear_0.7,0.7000,0,1,1,3,3,2738.9193,24.3178
online,DR-SAC,data_on,HalfCheetah,Locomotion,gear,gear_0.7,0.7000,0,1,1,3,3,5042.2945,42.8707
online,PPO,standard,HalfCheetah,Locomotion,gear,gear_0.7,0.7000,0,1,1,3,3,145.2297,3.4265
online,RARL-PPO,data_on,HalfCheetah,Locomotion,gear,gear_0.7,0.7000,0,1,1,3,3,666.2270,7.6230
online,RARL-TRPO,data_on,HalfCheetah,Locomotion,gear,gear_0.7,0.7000,0,1,1,3,3,1401.0171,13.5415
online,RSC-SAC,learner_on,HalfCheetah,Locomotion,gear,gear_0.7,0.7000,0,1,1,3,3,4107.2858,35.3395
online,SAC,standard,HalfCheetah,Locomotion,gear,gear_0.7,0.7000,0,1,1,3,3,3168.5195,27.7781
online,ATLA,learner_on,HalfCheetah,Locomotion,gear,gear_0.8,0.8000,0,1,1,2,2,3884.4246,33.5445
online,ATLA-SA,learner_on,HalfCheetah,Locomotion,gear,gear_0.8,0.8000,0,1,1,2,2,3728.2181,32.2863
online,DR-SAC,data_on,HalfCheetah,Locomotion,gear,gear_0.8,0.8000,0,1,1,2,2,7333.6518,61.3268
online,PPO,standard,HalfCheetah,Locomotion,gear,gear_0.8,0.8000,0,1,1,2,2,790.8281,8.6266
online,RARL-PPO,data_on,HalfCheetah,Locomotion,gear,gear_0.8,0.8000,0,1,1,2,2,1820.6763,16.9217
online,RARL-TRPO,data_on,HalfCheetah,Locomotion,gear,gear_0.8,0.8000,0,1,1,2,2,2732.9841,24.2700
online,RSC-SAC,learner_on,HalfCheetah,Locomotion,gear,gear_0.8,0.8000,0,1,1,2,2,6008.6125,50.6541
online,SAC,standard,HalfCheetah,Locomotion,gear,gear_0.8,0.8000,0,1,1,2,2,5007.8090,42.5929
online,ATLA,learner_on,HalfCheetah,Locomotion,gear,gear_0.9,0.9000,0,1,1,1,1,4805.4311,40.9628
online,ATLA-SA,learner_on,HalfCheetah,Locomotion,gear,gear_0.9,0.9000,0,1,1,1,1,4695.5731,40.0780
online,DR-SAC,data_on,HalfCheetah,Locomotion,gear,gear_0.9,0.9000,0,1,1,1,1,8741.7091,72.6682
online,PPO,standard,HalfCheetah,Locomotion,gear,gear_0.9,0.9000,0,1,1,1,1,1988.1579,18.2707
online,RARL-PPO,data_on,HalfCheetah,Locomotion,gear,gear_0.9,0.9000,0,1,1,1,1,2635.8963,23.4880
online,RARL-TRPO,data_on,HalfCheetah,Locomotion,gear,gear_0.9,0.9000,0,1,1,1,1,4022.8221,34.6592
online,RSC-SAC,learner_on,HalfCheetah,Locomotion,gear,gear_0.9,0.9000,0,1,1,1,1,7342.2884,61.3964
online,SAC,standard,HalfCheetah,Locomotion,gear,gear_0.9,0.9000,0,1,1,1,1,7060.5614,59.1271
online,ATLA,learner_on,HalfCheetah,Locomotion,gear,gear_1,1.0000,1,0,0,,,5339.8942,45.2678
online,ATLA-SA,learner_on,HalfCheetah,Locomotion,gear,gear_1,1.0000,1,0,0,,,5183.2091,44.0057
online,DR-SAC,data_on,HalfCheetah,Locomotion,gear,gear_1,1.0000,1,0,0,,,9579.4672,79.4161
online,PPO,standard,HalfCheetah,Locomotion,gear,gear_1,1.0000,1,0,0,,,2619.2242,23.3537
online,RARL-PPO,data_on,HalfCheetah,Locomotion,gear,gear_1,1.0000,1,0,0,,,2892.5777,25.5555
online,RARL-TRPO,data_on,HalfCheetah,Locomotion,gear,gear_1,1.0000,1,0,0,,,4560.2058,38.9876
online,RSC-SAC,learner_on,HalfCheetah,Locomotion,gear,gear_1,1.0000,1,0,0,,,7731.4837,64.5312
online,SAC,standard,HalfCheetah,Locomotion,gear,gear_1,1.0000,1,0,0,,,7783.4478,64.9497
online,ATLA,learner_on,HalfCheetah,Locomotion,gear,gear_1.1,1.1000,0,1,1,1,1,5157.9484,43.8022
online,ATLA-SA,learner_on,HalfCheetah,Locomotion,gear,gear_1.1,1.1000,0,1,1,1,1,4841.1246,41.2503
online,DR-SAC,data_on,HalfCheetah,Locomotion,gear,gear_1.1,1.1000,0,1,1,1,1,10004.5101,82.8396
online,PPO,standard,HalfCheetah,Locomotion,gear,gear_1.1,1.1000,0,1,1,1,1,2157.5550,19.6351
online,RARL-PPO,data_on,HalfCheetah,Locomotion,gear,gear_1.1,1.1000,0,1,1,1,1,2681.4269,23.8547
online,RARL-TRPO,data_on,HalfCheetah,Locomotion,gear,gear_1.1,1.1000,0,1,1,1,1,3830.2343,33.1080
online,RSC-SAC,learner_on,HalfCheetah,Locomotion,gear,gear_1.1,1.1000,0,1,1,1,1,7932.1739,66.1477
online,SAC,standard,HalfCheetah,Locomotion,gear,gear_1.1,1.1000,0,1,1,1,1,7719.8360,64.4374
online,ATLA,learner_on,HalfCheetah,Locomotion,gear,gear_1.2,1.2000,0,1,1,2,2,4560.3912,38.9891
online,ATLA-SA,learner_on,HalfCheetah,Locomotion,gear,gear_1.2,1.2000,0,1,1,2,2,3433.8278,29.9150
online,DR-SAC,data_on,HalfCheetah,Locomotion,gear,gear_1.2,1.2000,0,1,1,2,2,9826.4749,81.4056
online,PPO,standard,HalfCheetah,Locomotion,gear,gear_1.2,1.2000,0,1,1,2,2,1491.4711,14.2700
online,RARL-PPO,data_on,HalfCheetah,Locomotion,gear,gear_1.2,1.2000,0,1,1,2,2,2407.7295,21.6502
online,RARL-TRPO,data_on,HalfCheetah,Locomotion,gear,gear_1.2,1.2000,0,1,1,2,2,2196.2902,19.9471
online,RSC-SAC,learner_on,HalfCheetah,Locomotion,gear,gear_1.2,1.2000,0,1,1,2,2,7119.9888,59.6058
online,SAC,standard,HalfCheetah,Locomotion,gear,gear_1.2,1.2000,0,1,1,2,2,7558.9860,63.1418
online,ATLA,learner_on,HalfCheetah,Locomotion,gear,gear_1.3,1.3000,0,1,1,3,3,3879.5337,33.5051
online,ATLA-SA,learner_on,HalfCheetah,Locomotion,gear,gear_1.3,1.3000,0,1,1,3,3,2432.5552,21.8501
online,DR-SAC,data_on,HalfCheetah,Locomotion,gear,gear_1.3,1.3000,0,1,1,3,3,9314.4617,77.2815
online,PPO,standard,HalfCheetah,Locomotion,gear,gear_1.3,1.3000,0,1,1,3,3,1244.9725,12.2846
online,RARL-PPO,data_on,HalfCheetah,Locomotion,gear,gear_1.3,1.3000,0,1,1,3,3,2278.1335,20.6063
online,RARL-TRPO,data_on,HalfCheetah,Locomotion,gear,gear_1.3,1.3000,0,1,1,3,3,1665.1078,15.6686
online,RSC-SAC,learner_on,HalfCheetah,Locomotion,gear,gear_1.3,1.3000,0,1,1,3,3,6301.5097,53.0132
online,SAC,standard,HalfCheetah,Locomotion,gear,gear_1.3,1.3000,0,1,1,3,3,6055.4906,51.0316
online,ATLA,learner_on,HalfCheetah,Locomotion,gear,gear_1.4,1.4000,0,1,1,4,4,3222.7725,28.2151
online,ATLA-SA,learner_on,HalfCheetah,Locomotion,gear,gear_1.4,1.4000,0,1,1,4,4,1548.0635,14.7259
online,DR-SAC,data_on,HalfCheetah,Locomotion,gear,gear_1.4,1.4000,0,1,1,4,4,8617.7159,71.6695
online,PPO,standard,HalfCheetah,Locomotion,gear,gear_1.4,1.4000,0,1,1,4,4,1216.9953,12.0592
online,RARL-PPO,data_on,HalfCheetah,Locomotion,gear,gear_1.4,1.4000,0,1,1,4,4,1914.8591,17.6803
online,RARL-TRPO,data_on,HalfCheetah,Locomotion,gear,gear_1.4,1.4000,0,1,1,4,4,750.2880,8.3001
online,RSC-SAC,learner_on,HalfCheetah,Locomotion,gear,gear_1.4,1.4000,0,1,1,4,4,4649.5016,39.7069
online,SAC,standard,HalfCheetah,Locomotion,gear,gear_1.4,1.4000,0,1,1,4,4,5652.1621,47.7830
online,ATLA,learner_on,HalfCheetah,Locomotion,gravity,gravity_0.6,0.6000,0,1,1,4,4,2578.6435,23.0268
online,ATLA-SA,learner_on,HalfCheetah,Locomotion,gravity,gravity_0.6,0.6000,0,1,1,4,4,2427.4100,21.8087
online,DR-SAC,data_on,HalfCheetah,Locomotion,gravity,gravity_0.6,0.6000,0,1,1,4,4,7198.4558,60.2378
online,PPO,standard,HalfCheetah,Locomotion,gravity,gravity_0.6,0.6000,0,1,1,4,4,862.8333,9.2066
online,RARL-PPO,data_on,HalfCheetah,Locomotion,gravity,gravity_0.6,0.6000,0,1,1,4,4,1721.4955,16.1228
online,RARL-TRPO,data_on,HalfCheetah,Locomotion,gravity,gravity_0.6,0.6000,0,1,1,4,4,1763.6431,16.4623
online,RSC-SAC,learner_on,HalfCheetah,Locomotion,gravity,gravity_0.6,0.6000,0,1,1,4,4,5870.0918,49.5383
online,SAC,standard,HalfCheetah,Locomotion,gravity,gravity_0.6,0.6000,0,1,1,4,4,5892.4534,49.7184
online,ATLA,learner_on,HalfCheetah,Locomotion,gravity,gravity_0.7,0.7000,0,1,1,3,3,3387.7684,29.5441
online,ATLA-SA,learner_on,HalfCheetah,Locomotion,gravity,gravity_0.7,0.7000,0,1,1,3,3,2962.9135,26.1220
online,DR-SAC,data_on,HalfCheetah,Locomotion,gravity,gravity_0.7,0.7000,0,1,1,3,3,8172.3070,68.0819
online,PPO,standard,HalfCheetah,Locomotion,gravity,gravity_0.7,0.7000,0,1,1,3,3,1390.8817,13.4598
online,RARL-PPO,data_on,HalfCheetah,Locomotion,gravity,gravity_0.7,0.7000,0,1,1,3,3,2001.4196,18.3775
online,RARL-TRPO,data_on,HalfCheetah,Locomotion,gravity,gravity_0.7,0.7000,0,1,1,3,3,2463.7989,22.1018
online,RSC-SAC,learner_on,HalfCheetah,Locomotion,gravity,gravity_0.7,0.7000,0,1,1,3,3,6569.2743,55.1700
online,SAC,standard,HalfCheetah,Locomotion,gravity,gravity_0.7,0.7000,0,1,1,3,3,6307.3560,53.0603
online,ATLA,learner_on,HalfCheetah,Locomotion,gravity,gravity_0.8,0.8000,0,1,1,2,2,4592.0755,39.2443
online,ATLA-SA,learner_on,HalfCheetah,Locomotion,gravity,gravity_0.8,0.8000,0,1,1,2,2,3683.0729,31.9226
online,DR-SAC,data_on,HalfCheetah,Locomotion,gravity,gravity_0.8,0.8000,0,1,1,2,2,8984.0709,74.6203
online,PPO,standard,HalfCheetah,Locomotion,gravity,gravity_0.8,0.8000,0,1,1,2,2,1910.5264,17.6454
online,RARL-PPO,data_on,HalfCheetah,Locomotion,gravity,gravity_0.8,0.8000,0,1,1,2,2,2243.9794,20.3312
online,RARL-TRPO,data_on,HalfCheetah,Locomotion,gravity,gravity_0.8,0.8000,0,1,1,2,2,3591.6244,31.1860
online,RSC-SAC,learner_on,HalfCheetah,Locomotion,gravity,gravity_0.8,0.8000,0,1,1,2,2,7078.2372,59.2695
online,SAC,standard,HalfCheetah,Locomotion,gravity,gravity_0.8,0.8000,0,1,1,2,2,6976.3874,58.4491
online,ATLA,learner_on,HalfCheetah,Locomotion,gravity,gravity_0.9,0.9000,0,1,1,1,1,5265.4547,44.6682
online,ATLA-SA,learner_on,HalfCheetah,Locomotion,gravity,gravity_0.9,0.9000,0,1,1,1,1,4626.3451,39.5204
online,DR-SAC,data_on,HalfCheetah,Locomotion,gravity,gravity_0.9,0.9000,0,1,1,1,1,9414.6068,78.0882
online,PPO,standard,HalfCheetah,Locomotion,gravity,gravity_0.9,0.9000,0,1,1,1,1,2225.1932,20.1799
online,RARL-PPO,data_on,HalfCheetah,Locomotion,gravity,gravity_0.9,0.9000,0,1,1,1,1,2580.8395,23.0445
online,RARL-TRPO,data_on,HalfCheetah,Locomotion,gravity,gravity_0.9,0.9000,0,1,1,1,1,4424.2810,37.8928
online,RSC-SAC,learner_on,HalfCheetah,Locomotion,gravity,gravity_0.9,0.9000,0,1,1,1,1,7718.7778,64.4288
online,SAC,standard,HalfCheetah,Locomotion,gravity,gravity_0.9,0.9000,0,1,1,1,1,7520.4988,62.8318
online,ATLA,learner_on,HalfCheetah,Locomotion,gravity,gravity_1,1.0000,1,0,0,,,5339.8942,45.2678
online,ATLA-SA,learner_on,HalfCheetah,Locomotion,gravity,gravity_1,1.0000,1,0,0,,,5183.2091,44.0057
online,DR-SAC,data_on,HalfCheetah,Locomotion,gravity,gravity_1,1.0000,1,0,0,,,9571.2773,79.3501
online,PPO,standard,HalfCheetah,Locomotion,gravity,gravity_1,1.0000,1,0,0,,,2618.5588,23.3483
online,RARL-PPO,data_on,HalfCheetah,Locomotion,gravity,gravity_1,1.0000,1,0,0,,,2890.9186,25.5421
online,RARL-TRPO,data_on,HalfCheetah,Locomotion,gravity,gravity_1,1.0000,1,0,0,,,4569.3273,39.0611
online,RSC-SAC,learner_on,HalfCheetah,Locomotion,gravity,gravity_1,1.0000,1,0,0,,,7701.5811,64.2903
online,SAC,standard,HalfCheetah,Locomotion,gravity,gravity_1,1.0000,1,0,0,,,7781.7568,64.9361
online,ATLA,learner_on,HalfCheetah,Locomotion,gravity,gravity_1.1,1.1000,0,1,1,1,1,5131.7819,43.5915
online,ATLA-SA,learner_on,HalfCheetah,Locomotion,gravity,gravity_1.1,1.1000,0,1,1,1,1,5276.6863,44.7586
online,DR-SAC,data_on,HalfCheetah,Locomotion,gravity,gravity_1.1,1.1000,0,1,1,1,1,9423.5442,78.1602
online,PPO,standard,HalfCheetah,Locomotion,gravity,gravity_1.1,1.1000,0,1,1,1,1,2371.4642,21.3581
online,RARL-PPO,data_on,HalfCheetah,Locomotion,gravity,gravity_1.1,1.1000,0,1,1,1,1,2931.2957,25.8673
online,RARL-TRPO,data_on,HalfCheetah,Locomotion,gravity,gravity_1.1,1.1000,0,1,1,1,1,4371.7671,37.4698
online,RSC-SAC,learner_on,HalfCheetah,Locomotion,gravity,gravity_1.1,1.1000,0,1,1,1,1,7608.6699,63.5420
online,SAC,standard,HalfCheetah,Locomotion,gravity,gravity_1.1,1.1000,0,1,1,1,1,7479.6453,62.5027
online,ATLA,learner_on,HalfCheetah,Locomotion,gravity,gravity_1.2,1.2000,0,1,1,2,2,4867.0249,41.4590
online,ATLA-SA,learner_on,HalfCheetah,Locomotion,gravity,gravity_1.2,1.2000,0,1,1,2,2,4811.7966,41.0141
online,DR-SAC,data_on,HalfCheetah,Locomotion,gravity,gravity_1.2,1.2000,0,1,1,2,2,8807.3747,73.1971
online,PPO,standard,HalfCheetah,Locomotion,gravity,gravity_1.2,1.2000,0,1,1,2,2,2039.8605,18.6871
online,RARL-PPO,data_on,HalfCheetah,Locomotion,gravity,gravity_1.2,1.2000,0,1,1,2,2,2597.4289,23.1781
online,RARL-TRPO,data_on,HalfCheetah,Locomotion,gravity,gravity_1.2,1.2000,0,1,1,2,2,3258.8848,28.5059
online,RSC-SAC,learner_on,HalfCheetah,Locomotion,gravity,gravity_1.2,1.2000,0,1,1,2,2,7049.4902,59.0380
online,SAC,standard,HalfCheetah,Locomotion,gravity,gravity_1.2,1.2000,0,1,1,2,2,6785.5297,56.9119
online,ATLA,learner_on,HalfCheetah,Locomotion,gravity,gravity_1.3,1.3000,0,1,1,3,3,4407.2268,37.7554
online,ATLA-SA,learner_on,HalfCheetah,Locomotion,gravity,gravity_1.3,1.3000,0,1,1,3,3,4243.0245,36.4328
online,DR-SAC,data_on,HalfCheetah,Locomotion,gravity,gravity_1.3,1.3000,0,1,1,3,3,7121.0741,59.6145
online,PPO,standard,HalfCheetah,Locomotion,gravity,gravity_1.3,1.3000,0,1,1,3,3,1857.8926,17.2214
online,RARL-PPO,data_on,HalfCheetah,Locomotion,gravity,gravity_1.3,1.3000,0,1,1,3,3,2327.1941,21.0015
online,RARL-TRPO,data_on,HalfCheetah,Locomotion,gravity,gravity_1.3,1.3000,0,1,1,3,3,2507.2457,22.4517
online,RSC-SAC,learner_on,HalfCheetah,Locomotion,gravity,gravity_1.3,1.3000,0,1,1,3,3,6180.7017,52.0402
online,SAC,standard,HalfCheetah,Locomotion,gravity,gravity_1.3,1.3000,0,1,1,3,3,5646.6545,47.7386
online,ATLA,learner_on,HalfCheetah,Locomotion,gravity,gravity_1.4,1.4000,0,1,1,4,4,4002.1291,34.4925
online,ATLA-SA,learner_on,HalfCheetah,Locomotion,gravity,gravity_1.4,1.4000,0,1,1,4,4,3842.4816,33.2066
online,DR-SAC,data_on,HalfCheetah,Locomotion,gravity,gravity_1.4,1.4000,0,1,1,4,4,5813.5343,49.0828
online,PPO,standard,HalfCheetah,Locomotion,gravity,gravity_1.4,1.4000,0,1,1,4,4,1659.5391,15.6238
online,RARL-PPO,data_on,HalfCheetah,Locomotion,gravity,gravity_1.4,1.4000,0,1,1,4,4,2022.4136,18.5466
online,RARL-TRPO,data_on,HalfCheetah,Locomotion,gravity,gravity_1.4,1.4000,0,1,1,4,4,2171.9053,19.7507
online,RSC-SAC,learner_on,HalfCheetah,Locomotion,gravity,gravity_1.4,1.4000,0,1,1,4,4,5490.3329,46.4795
online,SAC,standard,HalfCheetah,Locomotion,gravity,gravity_1.4,1.4000,0,1,1,4,4,4662.0146,39.8077
online,ATLA,learner_on,HalfCheetah,Locomotion,morph,morph_0.6,0.6000,0,1,1,4,4,1147.1661,11.4968
online,ATLA-SA,learner_on,HalfCheetah,Locomotion,morph,morph_0.6,0.6000,0,1,1,4,4,680.1188,7.7349
online,DR-SAC,data_on,HalfCheetah,Locomotion,morph,morph_0.6,0.6000,0,1,1,4,4,2178.0346,19.8001
online,PPO,standard,HalfCheetah,Locomotion,morph,morph_0.6,0.6000,0,1,1,4,4,255.5975,4.3155
online,RARL-PPO,data_on,HalfCheetah,Locomotion,morph,morph_0.6,0.6000,0,1,1,4,4,554.9126,6.7264
online,RARL-TRPO,data_on,HalfCheetah,Locomotion,morph,morph_0.6,0.6000,0,1,1,4,4,2039.5678,18.6848
online,RSC-SAC,learner_on,HalfCheetah,Locomotion,morph,morph_0.6,0.6000,0,1,1,4,4,1756.6261,16.4058
online,SAC,standard,HalfCheetah,Locomotion,morph,morph_0.6,0.6000,0,1,1,4,4,1832.5041,17.0169
online,ATLA,learner_on,HalfCheetah,Locomotion,morph,morph_0.7,0.7000,0,1,1,3,3,2223.3593,20.1651
online,ATLA-SA,learner_on,HalfCheetah,Locomotion,morph,morph_0.7,0.7000,0,1,1,3,3,1900.1877,17.5621
online,DR-SAC,data_on,HalfCheetah,Locomotion,morph,morph_0.7,0.7000,0,1,1,3,3,4233.2524,36.3541
online,PPO,standard,HalfCheetah,Locomotion,morph,morph_0.7,0.7000,0,1,1,3,3,567.5796,6.8284
online,RARL-PPO,data_on,HalfCheetah,Locomotion,morph,morph_0.7,0.7000,0,1,1,3,3,787.6117,8.6007
online,RARL-TRPO,data_on,HalfCheetah,Locomotion,morph,morph_0.7,0.7000,0,1,1,3,3,2588.6417,23.1074
online,RSC-SAC,learner_on,HalfCheetah,Locomotion,morph,morph_0.7,0.7000,0,1,1,3,3,2928.7711,25.8470
online,SAC,standard,HalfCheetah,Locomotion,morph,morph_0.7,0.7000,0,1,1,3,3,2729.0797,24.2385
online,ATLA,learner_on,HalfCheetah,Locomotion,morph,morph_0.8,0.8000,0,1,1,2,2,3497.4834,30.4278
online,ATLA-SA,learner_on,HalfCheetah,Locomotion,morph,morph_0.8,0.8000,0,1,1,2,2,3325.6031,29.0433
online,DR-SAC,data_on,HalfCheetah,Locomotion,morph,morph_0.8,0.8000,0,1,1,2,2,6586.0411,55.3050
online,PPO,standard,HalfCheetah,Locomotion,morph,morph_0.8,0.8000,0,1,1,2,2,1100.1528,11.1181
online,RARL-PPO,data_on,HalfCheetah,Locomotion,morph,morph_0.8,0.8000,0,1,1,2,2,1293.6612,12.6767
online,RARL-TRPO,data_on,HalfCheetah,Locomotion,morph,morph_0.8,0.8000,0,1,1,2,2,3083.6638,27.0946
online,RSC-SAC,learner_on,HalfCheetah,Locomotion,morph,morph_0.8,0.8000,0,1,1,2,2,4178.8562,35.9160
online,SAC,standard,HalfCheetah,Locomotion,morph,morph_0.8,0.8000,0,1,1,2,2,3821.6737,33.0390
online,ATLA,learner_on,HalfCheetah,Locomotion,morph,morph_0.9,0.9000,0,1,1,1,1,4639.1388,39.6234
online,ATLA-SA,learner_on,HalfCheetah,Locomotion,morph,morph_0.9,0.9000,0,1,1,1,1,4754.8416,40.5554
online,DR-SAC,data_on,HalfCheetah,Locomotion,morph,morph_0.9,0.9000,0,1,1,1,1,8491.3726,70.6518
online,PPO,standard,HalfCheetah,Locomotion,morph,morph_0.9,0.9000,0,1,1,1,1,1961.2036,18.0536
online,RARL-PPO,data_on,HalfCheetah,Locomotion,morph,morph_0.9,0.9000,0,1,1,1,1,2112.0537,19.2686
online,RARL-TRPO,data_on,HalfCheetah,Locomotion,morph,morph_0.9,0.9000,0,1,1,1,1,3804.6651,32.9020
online,RSC-SAC,learner_on,HalfCheetah,Locomotion,morph,morph_0.9,0.9000,0,1,1,1,1,5635.5619,47.6493
online,SAC,standard,HalfCheetah,Locomotion,morph,morph_0.9,0.9000,0,1,1,1,1,5575.4335,47.1649
online,ATLA,learner_on,HalfCheetah,Locomotion,morph,morph_1,1.0000,1,0,0,,,5339.8942,45.2678
online,ATLA-SA,learner_on,HalfCheetah,Locomotion,morph,morph_1,1.0000,1,0,0,,,5183.2091,44.0057
online,DR-SAC,data_on,HalfCheetah,Locomotion,morph,morph_1,1.0000,1,0,0,,,9572.8494,79.3628
online,PPO,standard,HalfCheetah,Locomotion,morph,morph_1,1.0000,1,0,0,,,2619.2242,23.3537
online,RARL-PPO,data_on,HalfCheetah,Locomotion,morph,morph_1,1.0000,1,0,0,,,2893.6544,25.5641
online,RARL-TRPO,data_on,HalfCheetah,Locomotion,morph,morph_1,1.0000,1,0,0,,,4568.2661,39.0526
online,RSC-SAC,learner_on,HalfCheetah,Locomotion,morph,morph_1,1.0000,1,0,0,,,7743.6205,64.6289
online,SAC,standard,HalfCheetah,Locomotion,morph,morph_1,1.0000,1,0,0,,,7495.2881,62.6287
online,ATLA,learner_on,HalfCheetah,Locomotion,morph,morph_1.1,1.1000,0,1,1,1,1,5054.0531,42.9654
online,ATLA-SA,learner_on,HalfCheetah,Locomotion,morph,morph_1.1,1.1000,0,1,1,1,1,5174.2088,43.9332
online,DR-SAC,data_on,HalfCheetah,Locomotion,morph,morph_1.1,1.1000,0,1,1,1,1,9095.5356,75.5182
online,PPO,standard,HalfCheetah,Locomotion,morph,morph_1.1,1.1000,0,1,1,1,1,2028.8769,18.5987
online,RARL-PPO,data_on,HalfCheetah,Locomotion,morph,morph_1.1,1.1000,0,1,1,1,1,2041.9852,18.7042
online,RARL-TRPO,data_on,HalfCheetah,Locomotion,morph,morph_1.1,1.1000,0,1,1,1,1,4547.1212,38.8822
online,RSC-SAC,learner_on,HalfCheetah,Locomotion,morph,morph_1.1,1.1000,0,1,1,1,1,6891.8898,57.7685
online,SAC,standard,HalfCheetah,Locomotion,morph,morph_1.1,1.1000,0,1,1,1,1,5476.3088,46.3665
online,ATLA,learner_on,HalfCheetah,Locomotion,morph,morph_1.2,1.2000,0,1,1,2,2,2177.5192,19.7959
online,ATLA-SA,learner_on,HalfCheetah,Locomotion,morph,morph_1.2,1.2000,0,1,1,2,2,4338.4571,37.2015
online,DR-SAC,data_on,HalfCheetah,Locomotion,morph,morph_1.2,1.2000,0,1,1,2,2,5908.7156,49.8494
online,PPO,standard,HalfCheetah,Locomotion,morph,morph_1.2,1.2000,0,1,1,2,2,1338.5538,13.0383
online,RARL-PPO,data_on,HalfCheetah,Locomotion,morph,morph_1.2,1.2000,0,1,1,2,2,1433.7109,13.8048
online,RARL-TRPO,data_on,HalfCheetah,Locomotion,morph,morph_1.2,1.2000,0,1,1,2,2,4305.8856,36.9392
online,RSC-SAC,learner_on,HalfCheetah,Locomotion,morph,morph_1.2,1.2000,0,1,1,2,2,3888.3364,33.5760
online,SAC,standard,HalfCheetah,Locomotion,morph,morph_1.2,1.2000,0,1,1,2,2,3152.7279,27.6509
online,ATLA,learner_on,HalfCheetah,Locomotion,morph,morph_1.3,1.3000,0,1,1,3,3,1113.2984,11.2240
online,ATLA-SA,learner_on,HalfCheetah,Locomotion,morph,morph_1.3,1.3000,0,1,1,3,3,3121.6519,27.4006
online,DR-SAC,data_on,HalfCheetah,Locomotion,morph,morph_1.3,1.3000,0,1,1,3,3,5043.5466,42.8808
online,PPO,standard,HalfCheetah,Locomotion,morph,morph_1.3,1.3000,0,1,1,3,3,678.3606,7.7207
online,RARL-PPO,data_on,HalfCheetah,Locomotion,morph,morph_1.3,1.3000,0,1,1,3,3,972.9411,10.0935
online,RARL-TRPO,data_on,HalfCheetah,Locomotion,morph,morph_1.3,1.3000,0,1,1,3,3,4037.8014,34.7798
online,RSC-SAC,learner_on,HalfCheetah,Locomotion,morph,morph_1.3,1.3000,0,1,1,3,3,2242.2776,20.3175
online,SAC,standard,HalfCheetah,Locomotion,morph,morph_1.3,1.3000,0,1,1,3,3,2151.3045,19.5848
online,ATLA,learner_on,HalfCheetah,Locomotion,morph,morph_1.4,1.4000,0,1,1,4,4,846.4465,9.0746
online,ATLA-SA,learner_on,HalfCheetah,Locomotion,morph,morph_1.4,1.4000,0,1,1,4,4,2523.2769,22.5809
online,DR-SAC,data_on,HalfCheetah,Locomotion,morph,morph_1.4,1.4000,0,1,1,4,4,4080.3405,35.1225
online,PPO,standard,HalfCheetah,Locomotion,morph,morph_1.4,1.4000,0,1,1,4,4,355.7299,5.1220
online,RARL-PPO,data_on,HalfCheetah,Locomotion,morph,morph_1.4,1.4000,0,1,1,4,4,710.3151,7.9781
online,RARL-TRPO,data_on,HalfCheetah,Locomotion,morph,morph_1.4,1.4000,0,1,1,4,4,3351.4759,29.2517
online,RSC-SAC,learner_on,HalfCheetah,Locomotion,morph,morph_1.4,1.4000,0,1,1,4,4,341.2489,5.0054
online,SAC,standard,HalfCheetah,Locomotion,morph,morph_1.4,1.4000,0,1,1,4,4,1630.4703,15.3896
online,ATLA,learner_on,Hopper,Locomotion,gear,gear_0.6,0.6000,0,1,1,4,4,367.5094,11.9150
online,ATLA-SA,learner_on,Hopper,Locomotion,gear,gear_0.6,0.6000,0,1,1,4,4,359.8092,11.6784
online,DR-SAC,data_on,Hopper,Locomotion,gear,gear_0.6,0.6000,0,1,1,4,4,370.3900,12.0035
online,PPO,standard,Hopper,Locomotion,gear,gear_0.6,0.6000,0,1,1,4,4,314.1436,10.2753
online,RARL-PPO,data_on,Hopper,Locomotion,gear,gear_0.6,0.6000,0,1,1,4,4,319.5186,10.4404
online,RARL-TRPO,data_on,Hopper,Locomotion,gear,gear_0.6,0.6000,0,1,1,4,4,346.7694,11.2777
online,RSC-SAC,learner_on,Hopper,Locomotion,gear,gear_0.6,0.6000,0,1,1,4,4,493.8544,15.7971
online,SAC,standard,Hopper,Locomotion,gear,gear_0.6,0.6000,0,1,1,4,4,347.4406,11.2983
online,ATLA,learner_on,Hopper,Locomotion,gear,gear_0.7,0.7000,0,1,1,3,3,451.9049,14.5081
online,ATLA-SA,learner_on,Hopper,Locomotion,gear,gear_0.7,0.7000,0,1,1,3,3,525.5591,16.7712
online,DR-SAC,data_on,Hopper,Locomotion,gear,gear_0.7,0.7000,0,1,1,3,3,507.0632,16.2029
online,PPO,standard,Hopper,Locomotion,gear,gear_0.7,0.7000,0,1,1,3,3,345.5532,11.2404
online,RARL-PPO,data_on,Hopper,Locomotion,gear,gear_0.7,0.7000,0,1,1,3,3,442.7934,14.2282
online,RARL-TRPO,data_on,Hopper,Locomotion,gear,gear_0.7,0.7000,0,1,1,3,3,382.0368,12.3614
online,RSC-SAC,learner_on,Hopper,Locomotion,gear,gear_0.7,0.7000,0,1,1,3,3,901.9446,28.3360
online,SAC,standard,Hopper,Locomotion,gear,gear_0.7,0.7000,0,1,1,3,3,483.1632,15.4686
online,ATLA,learner_on,Hopper,Locomotion,gear,gear_0.8,0.8000,0,1,1,2,2,618.6436,19.6313
online,ATLA-SA,learner_on,Hopper,Locomotion,gear,gear_0.8,0.8000,0,1,1,2,2,851.6759,26.7915
online,DR-SAC,data_on,Hopper,Locomotion,gear,gear_0.8,0.8000,0,1,1,2,2,943.6508,29.6175
online,PPO,standard,Hopper,Locomotion,gear,gear_0.8,0.8000,0,1,1,2,2,431.2422,13.8732
online,RARL-PPO,data_on,Hopper,Locomotion,gear,gear_0.8,0.8000,0,1,1,2,2,598.0429,18.9984
online,RARL-TRPO,data_on,Hopper,Locomotion,gear,gear_0.8,0.8000,0,1,1,2,2,572.2547,18.2060
online,RSC-SAC,learner_on,Hopper,Locomotion,gear,gear_0.8,0.8000,0,1,1,2,2,1076.4839,33.6989
online,SAC,standard,Hopper,Locomotion,gear,gear_0.8,0.8000,0,1,1,2,2,574.2498,18.2673
online,ATLA,learner_on,Hopper,Locomotion,gear,gear_0.9,0.9000,0,1,1,1,1,1192.2720,37.2566
online,ATLA-SA,learner_on,Hopper,Locomotion,gear,gear_0.9,0.9000,0,1,1,1,1,1864.9572,57.9256
online,DR-SAC,data_on,Hopper,Locomotion,gear,gear_0.9,0.9000,0,1,1,1,1,2178.2140,67.5507
online,PPO,standard,Hopper,Locomotion,gear,gear_0.9,0.9000,0,1,1,1,1,886.8269,27.8715
online,RARL-PPO,data_on,Hopper,Locomotion,gear,gear_0.9,0.9000,0,1,1,1,1,1252.9057,39.1197
online,RARL-TRPO,data_on,Hopper,Locomotion,gear,gear_0.9,0.9000,0,1,1,1,1,867.5885,27.2804
online,RSC-SAC,learner_on,Hopper,Locomotion,gear,gear_0.9,0.9000,0,1,1,1,1,1333.2283,41.5877
online,SAC,standard,Hopper,Locomotion,gear,gear_0.9,0.9000,0,1,1,1,1,832.2839,26.1956
online,ATLA,learner_on,Hopper,Locomotion,gear,gear_1,1.0000,1,0,0,,,2176.4060,67.4951
online,ATLA-SA,learner_on,Hopper,Locomotion,gear,gear_1,1.0000,1,0,0,,,3305.7640,102.1958
online,DR-SAC,data_on,Hopper,Locomotion,gear,gear_1,1.0000,1,0,0,,,3334.5929,103.0816
online,PPO,standard,Hopper,Locomotion,gear,gear_1,1.0000,1,0,0,,,2445.4279,75.7611
online,RARL-PPO,data_on,Hopper,Locomotion,gear,gear_1,1.0000,1,0,0,,,2391.1661,74.0939
online,RARL-TRPO,data_on,Hopper,Locomotion,gear,gear_1,1.0000,1,0,0,,,2461.6933,76.2609
online,RSC-SAC,learner_on,Hopper,Locomotion,gear,gear_1,1.0000,1,0,0,,,2599.1626,80.4848
online,SAC,standard,Hopper,Locomotion,gear,gear_1,1.0000,1,0,0,,,2288.8608,70.9504
online,ATLA,learner_on,Hopper,Locomotion,gear,gear_1.1,1.1000,0,1,1,1,1,2927.9964,90.5885
online,ATLA-SA,learner_on,Hopper,Locomotion,gear,gear_1.1,1.1000,0,1,1,1,1,2507.4651,77.6673
online,DR-SAC,data_on,Hopper,Locomotion,gear,gear_1.1,1.1000,0,1,1,1,1,2755.4750,85.2876
online,PPO,standard,Hopper,Locomotion,gear,gear_1.1,1.1000,0,1,1,1,1,2763.0620,85.5207
online,RARL-PPO,data_on,Hopper,Locomotion,gear,gear_1.1,1.1000,0,1,1,1,1,1874.2162,58.2101
online,RARL-TRPO,data_on,Hopper,Locomotion,gear,gear_1.1,1.1000,0,1,1,1,1,3155.5074,97.5790
online,RSC-SAC,learner_on,Hopper,Locomotion,gear,gear_1.1,1.1000,0,1,1,1,1,2848.5646,88.1479
online,SAC,standard,Hopper,Locomotion,gear,gear_1.1,1.1000,0,1,1,1,1,2818.2091,87.2152
online,ATLA,learner_on,Hopper,Locomotion,gear,gear_1.2,1.2000,0,1,1,2,2,1630.6730,50.7270
online,ATLA-SA,learner_on,Hopper,Locomotion,gear,gear_1.2,1.2000,0,1,1,2,2,1601.3009,49.8245
online,DR-SAC,data_on,Hopper,Locomotion,gear,gear_1.2,1.2000,0,1,1,2,2,2231.6450,69.1924
online,PPO,standard,Hopper,Locomotion,gear,gear_1.2,1.2000,0,1,1,2,2,1659.4740,51.6119
online,RARL-PPO,data_on,Hopper,Locomotion,gear,gear_1.2,1.2000,0,1,1,2,2,1370.6652,42.7379
online,RARL-TRPO,data_on,Hopper,Locomotion,gear,gear_1.2,1.2000,0,1,1,2,2,2113.6583,65.5672
online,RSC-SAC,learner_on,Hopper,Locomotion,gear,gear_1.2,1.2000,0,1,1,2,2,2847.9763,88.1298
online,SAC,standard,Hopper,Locomotion,gear,gear_1.2,1.2000,0,1,1,2,2,2261.2614,70.1024
online,ATLA,learner_on,Hopper,Locomotion,gear,gear_1.3,1.3000,0,1,1,3,3,1127.2617,35.2591
online,ATLA-SA,learner_on,Hopper,Locomotion,gear,gear_1.3,1.3000,0,1,1,3,3,740.4912,23.3752
online,DR-SAC,data_on,Hopper,Locomotion,gear,gear_1.3,1.3000,0,1,1,3,3,1982.7772,61.5457
online,PPO,standard,Hopper,Locomotion,gear,gear_1.3,1.3000,0,1,1,3,3,1005.7384,31.5252
online,RARL-PPO,data_on,Hopper,Locomotion,gear,gear_1.3,1.3000,0,1,1,3,3,842.9857,26.5245
online,RARL-TRPO,data_on,Hopper,Locomotion,gear,gear_1.3,1.3000,0,1,1,3,3,1562.0238,48.6176
online,RSC-SAC,learner_on,Hopper,Locomotion,gear,gear_1.3,1.3000,0,1,1,3,3,1639.4535,50.9967
online,SAC,standard,Hopper,Locomotion,gear,gear_1.3,1.3000,0,1,1,3,3,1174.6983,36.7167
online,ATLA,learner_on,Hopper,Locomotion,gear,gear_1.4,1.4000,0,1,1,4,4,646.0175,20.4724
online,ATLA-SA,learner_on,Hopper,Locomotion,gear,gear_1.4,1.4000,0,1,1,4,4,373.4817,12.0985
online,DR-SAC,data_on,Hopper,Locomotion,gear,gear_1.4,1.4000,0,1,1,4,4,1027.3669,32.1898
online,PPO,standard,Hopper,Locomotion,gear,gear_1.4,1.4000,0,1,1,4,4,515.2201,16.4535
online,RARL-PPO,data_on,Hopper,Locomotion,gear,gear_1.4,1.4000,0,1,1,4,4,609.0381,19.3362
online,RARL-TRPO,data_on,Hopper,Locomotion,gear,gear_1.4,1.4000,0,1,1,4,4,1388.0060,43.2708
online,RSC-SAC,learner_on,Hopper,Locomotion,gear,gear_1.4,1.4000,0,1,1,4,4,1113.4076,34.8335
online,SAC,standard,Hopper,Locomotion,gear,gear_1.4,1.4000,0,1,1,4,4,579.0493,18.4148
online,ATLA,learner_on,Hopper,Locomotion,gravity,gravity_0.6,0.6000,0,1,1,4,4,940.9072,29.5332
online,ATLA-SA,learner_on,Hopper,Locomotion,gravity,gravity_0.6,0.6000,0,1,1,4,4,785.7139,24.7647
online,DR-SAC,data_on,Hopper,Locomotion,gravity,gravity_0.6,0.6000,0,1,1,4,4,1890.4322,58.7083
online,PPO,standard,Hopper,Locomotion,gravity,gravity_0.6,0.6000,0,1,1,4,4,1356.7088,42.3091
online,RARL-PPO,data_on,Hopper,Locomotion,gravity,gravity_0.6,0.6000,0,1,1,4,4,675.6912,21.3842
online,RARL-TRPO,data_on,Hopper,Locomotion,gravity,gravity_0.6,0.6000,0,1,1,4,4,1217.7365,38.0391
online,RSC-SAC,learner_on,Hopper,Locomotion,gravity,gravity_0.6,0.6000,0,1,1,4,4,838.7269,26.3936
online,SAC,standard,Hopper,Locomotion,gravity,gravity_0.6,0.6000,0,1,1,4,4,1816.3825,56.4331
online,ATLA,learner_on,Hopper,Locomotion,gravity,gravity_0.7,0.7000,0,1,1,3,3,2237.6566,69.3771
online,ATLA-SA,learner_on,Hopper,Locomotion,gravity,gravity_0.7,0.7000,0,1,1,3,3,2478.2376,76.7692
online,DR-SAC,data_on,Hopper,Locomotion,gravity,gravity_0.7,0.7000,0,1,1,3,3,2618.6647,81.0840
online,PPO,standard,Hopper,Locomotion,gravity,gravity_0.7,0.7000,0,1,1,3,3,1472.9288,45.8801
online,RARL-PPO,data_on,Hopper,Locomotion,gravity,gravity_0.7,0.7000,0,1,1,3,3,942.8175,29.5919
online,RARL-TRPO,data_on,Hopper,Locomotion,gravity,gravity_0.7,0.7000,0,1,1,3,3,2691.5949,83.3248
online,RSC-SAC,learner_on,Hopper,Locomotion,gravity,gravity_0.7,0.7000,0,1,1,3,3,2267.5705,70.2963
online,SAC,standard,Hopper,Locomotion,gravity,gravity_0.7,0.7000,0,1,1,3,3,2573.2875,79.6897
online,ATLA,learner_on,Hopper,Locomotion,gravity,gravity_0.8,0.8000,0,1,1,2,2,2487.1622,77.0434
online,ATLA-SA,learner_on,Hopper,Locomotion,gravity,gravity_0.8,0.8000,0,1,1,2,2,2692.1435,83.3417
online,DR-SAC,data_on,Hopper,Locomotion,gravity,gravity_0.8,0.8000,0,1,1,2,2,2477.6200,76.7502
online,PPO,standard,Hopper,Locomotion,gravity,gravity_0.8,0.8000,0,1,1,2,2,1627.1255,50.6180
online,RARL-PPO,data_on,Hopper,Locomotion,gravity,gravity_0.8,0.8000,0,1,1,2,2,1450.1424,45.1800
online,RARL-TRPO,data_on,Hopper,Locomotion,gravity,gravity_0.8,0.8000,0,1,1,2,2,2551.8819,79.0320
online,RSC-SAC,learner_on,Hopper,Locomotion,gravity,gravity_0.8,0.8000,0,1,1,2,2,2653.9016,82.1667
online,SAC,standard,Hopper,Locomotion,gravity,gravity_0.8,0.8000,0,1,1,2,2,2369.5708,73.4303
online,ATLA,learner_on,Hopper,Locomotion,gravity,gravity_0.9,0.9000,0,1,1,1,1,2539.3235,78.6462
online,ATLA-SA,learner_on,Hopper,Locomotion,gravity,gravity_0.9,0.9000,0,1,1,1,1,3008.6371,93.0663
online,DR-SAC,data_on,Hopper,Locomotion,gravity,gravity_0.9,0.9000,0,1,1,1,1,3053.5411,94.4460
online,PPO,standard,Hopper,Locomotion,gravity,gravity_0.9,0.9000,0,1,1,1,1,2551.6510,79.0249
online,RARL-PPO,data_on,Hopper,Locomotion,gravity,gravity_0.9,0.9000,0,1,1,1,1,1928.2197,59.8694
online,RARL-TRPO,data_on,Hopper,Locomotion,gravity,gravity_0.9,0.9000,0,1,1,1,1,2896.0055,89.6056
online,RSC-SAC,learner_on,Hopper,Locomotion,gravity,gravity_0.9,0.9000,0,1,1,1,1,2857.4768,88.4217
online,SAC,standard,Hopper,Locomotion,gravity,gravity_0.9,0.9000,0,1,1,1,1,2765.1202,85.5840
online,ATLA,learner_on,Hopper,Locomotion,gravity,gravity_1,1.0000,1,0,0,,,2176.4060,67.4951
online,ATLA-SA,learner_on,Hopper,Locomotion,gravity,gravity_1,1.0000,1,0,0,,,3305.7640,102.1958
online,DR-SAC,data_on,Hopper,Locomotion,gravity,gravity_1,1.0000,1,0,0,,,3334.9639,103.0930
online,PPO,standard,Hopper,Locomotion,gravity,gravity_1,1.0000,1,0,0,,,2430.9848,75.3173
online,RARL-PPO,data_on,Hopper,Locomotion,gravity,gravity_1,1.0000,1,0,0,,,2391.0946,74.0917
online,RARL-TRPO,data_on,Hopper,Locomotion,gravity,gravity_1,1.0000,1,0,0,,,2458.9192,76.1756
online,RSC-SAC,learner_on,Hopper,Locomotion,gravity,gravity_1,1.0000,1,0,0,,,2600.1744,80.5159
online,SAC,standard,Hopper,Locomotion,gravity,gravity_1,1.0000,1,0,0,,,2297.7455,71.2234
online,ATLA,learner_on,Hopper,Locomotion,gravity,gravity_1.1,1.1000,0,1,1,1,1,1838.6713,57.1179
online,ATLA-SA,learner_on,Hopper,Locomotion,gravity,gravity_1.1,1.1000,0,1,1,1,1,3268.4738,101.0500
online,DR-SAC,data_on,Hopper,Locomotion,gravity,gravity_1.1,1.1000,0,1,1,1,1,3353.8070,103.6720
online,PPO,standard,Hopper,Locomotion,gravity,gravity_1.1,1.1000,0,1,1,1,1,1905.5740,59.1736
online,RARL-PPO,data_on,Hopper,Locomotion,gravity,gravity_1.1,1.1000,0,1,1,1,1,2628.9680,81.4006
online,RARL-TRPO,data_on,Hopper,Locomotion,gravity,gravity_1.1,1.1000,0,1,1,1,1,2226.4300,69.0322
online,RSC-SAC,learner_on,Hopper,Locomotion,gravity,gravity_1.1,1.1000,0,1,1,1,1,2358.0209,73.0754
online,SAC,standard,Hopper,Locomotion,gravity,gravity_1.1,1.1000,0,1,1,1,1,1771.7543,55.0618
online,ATLA,learner_on,Hopper,Locomotion,gravity,gravity_1.2,1.2000,0,1,1,2,2,1610.1303,50.0958
online,ATLA-SA,learner_on,Hopper,Locomotion,gravity,gravity_1.2,1.2000,0,1,1,2,2,3222.8864,99.6493
online,DR-SAC,data_on,Hopper,Locomotion,gravity,gravity_1.2,1.2000,0,1,1,2,2,3317.1415,102.5454
online,PPO,standard,Hopper,Locomotion,gravity,gravity_1.2,1.2000,0,1,1,2,2,838.1965,26.3773
online,RARL-PPO,data_on,Hopper,Locomotion,gravity,gravity_1.2,1.2000,0,1,1,2,2,1368.5379,42.6726
online,RARL-TRPO,data_on,Hopper,Locomotion,gravity,gravity_1.2,1.2000,0,1,1,2,2,902.5717,28.3553
online,RSC-SAC,learner_on,Hopper,Locomotion,gravity,gravity_1.2,1.2000,0,1,1,2,2,1706.0165,53.0420
online,SAC,standard,Hopper,Locomotion,gravity,gravity_1.2,1.2000,0,1,1,2,2,1531.3311,47.6746
online,ATLA,learner_on,Hopper,Locomotion,gravity,gravity_1.3,1.3000,0,1,1,3,3,1211.1193,37.8357
online,ATLA-SA,learner_on,Hopper,Locomotion,gravity,gravity_1.3,1.3000,0,1,1,3,3,2599.9885,80.5101
online,DR-SAC,data_on,Hopper,Locomotion,gravity,gravity_1.3,1.3000,0,1,1,3,3,2761.3085,85.4669
online,PPO,standard,Hopper,Locomotion,gravity,gravity_1.3,1.3000,0,1,1,3,3,614.6938,19.5100
online,RARL-PPO,data_on,Hopper,Locomotion,gravity,gravity_1.3,1.3000,0,1,1,3,3,669.1402,21.1829
online,RARL-TRPO,data_on,Hopper,Locomotion,gravity,gravity_1.3,1.3000,0,1,1,3,3,732.0465,23.1157
online,RSC-SAC,learner_on,Hopper,Locomotion,gravity,gravity_1.3,1.3000,0,1,1,3,3,1428.8363,44.5253
online,SAC,standard,Hopper,Locomotion,gravity,gravity_1.3,1.3000,0,1,1,3,3,727.8024,22.9853
online,ATLA,learner_on,Hopper,Locomotion,gravity,gravity_1.4,1.4000,0,1,1,4,4,801.2649,25.2426
online,ATLA-SA,learner_on,Hopper,Locomotion,gravity,gravity_1.4,1.4000,0,1,1,4,4,1877.1123,58.2990
online,DR-SAC,data_on,Hopper,Locomotion,gravity,gravity_1.4,1.4000,0,1,1,4,4,1493.4168,46.5096
online,PPO,standard,Hopper,Locomotion,gravity,gravity_1.4,1.4000,0,1,1,4,4,478.4741,15.3245
online,RARL-PPO,data_on,Hopper,Locomotion,gravity,gravity_1.4,1.4000,0,1,1,4,4,499.2838,15.9639
online,RARL-TRPO,data_on,Hopper,Locomotion,gravity,gravity_1.4,1.4000,0,1,1,4,4,606.2287,19.2499
online,RSC-SAC,learner_on,Hopper,Locomotion,gravity,gravity_1.4,1.4000,0,1,1,4,4,1127.8033,35.2758
online,SAC,standard,Hopper,Locomotion,gravity,gravity_1.4,1.4000,0,1,1,4,4,916.6050,28.7865
online,ATLA,learner_on,Hopper,Locomotion,morph,morph_0.6,0.6000,0,1,1,4,4,572.7584,18.2215
online,ATLA-SA,learner_on,Hopper,Locomotion,morph,morph_0.6,0.6000,0,1,1,4,4,865.9174,27.2291
online,DR-SAC,data_on,Hopper,Locomotion,morph,morph_0.6,0.6000,0,1,1,4,4,35.1605,1.7032
online,PPO,standard,Hopper,Locomotion,morph,morph_0.6,0.6000,0,1,1,4,4,404.7522,13.0593
online,RARL-PPO,data_on,Hopper,Locomotion,morph,morph_0.6,0.6000,0,1,1,4,4,372.4050,12.0654
online,RARL-TRPO,data_on,Hopper,Locomotion,morph,morph_0.6,0.6000,0,1,1,4,4,196.3451,6.6558
online,RSC-SAC,learner_on,Hopper,Locomotion,morph,morph_0.6,0.6000,0,1,1,4,4,458.3878,14.7073
online,SAC,standard,Hopper,Locomotion,morph,morph_0.6,0.6000,0,1,1,4,4,189.8436,6.4560
online,ATLA,learner_on,Hopper,Locomotion,morph,morph_0.7,0.7000,0,1,1,3,3,995.8205,31.2205
online,ATLA-SA,learner_on,Hopper,Locomotion,morph,morph_0.7,0.7000,0,1,1,3,3,1291.9371,40.3190
online,DR-SAC,data_on,Hopper,Locomotion,morph,morph_0.7,0.7000,0,1,1,3,3,841.2557,26.4713
online,PPO,standard,Hopper,Locomotion,morph,morph_0.7,0.7000,0,1,1,3,3,540.5256,17.2311
online,RARL-PPO,data_on,Hopper,Locomotion,morph,morph_0.7,0.7000,0,1,1,3,3,591.3997,18.7942
online,RARL-TRPO,data_on,Hopper,Locomotion,morph,morph_0.7,0.7000,0,1,1,3,3,664.4487,21.0387
online,RSC-SAC,learner_on,Hopper,Locomotion,morph,morph_0.7,0.7000,0,1,1,3,3,1180.9604,36.9091
online,SAC,standard,Hopper,Locomotion,morph,morph_0.7,0.7000,0,1,1,3,3,620.9575,19.7024
online,ATLA,learner_on,Hopper,Locomotion,morph,morph_0.8,0.8000,0,1,1,2,2,1170.1233,36.5761
online,ATLA-SA,learner_on,Hopper,Locomotion,morph,morph_0.8,0.8000,0,1,1,2,2,2105.7774,65.3250
online,DR-SAC,data_on,Hopper,Locomotion,morph,morph_0.8,0.8000,0,1,1,2,2,1147.2114,35.8721
online,PPO,standard,Hopper,Locomotion,morph,morph_0.8,0.8000,0,1,1,2,2,628.3889,19.9308
online,RARL-PPO,data_on,Hopper,Locomotion,morph,morph_0.8,0.8000,0,1,1,2,2,647.1979,20.5087
online,RARL-TRPO,data_on,Hopper,Locomotion,morph,morph_0.8,0.8000,0,1,1,2,2,1050.0454,32.8866
online,RSC-SAC,learner_on,Hopper,Locomotion,morph,morph_0.8,0.8000,0,1,1,2,2,1424.0314,44.3777
online,SAC,standard,Hopper,Locomotion,morph,morph_0.8,0.8000,0,1,1,2,2,1063.0655,33.2866
online,ATLA,learner_on,Hopper,Locomotion,morph,morph_0.9,0.9000,0,1,1,1,1,1407.3567,43.8653
online,ATLA-SA,learner_on,Hopper,Locomotion,morph,morph_0.9,0.9000,0,1,1,1,1,2132.1241,66.1345
online,DR-SAC,data_on,Hopper,Locomotion,morph,morph_0.9,0.9000,0,1,1,1,1,1881.2836,58.4272
online,PPO,standard,Hopper,Locomotion,morph,morph_0.9,0.9000,0,1,1,1,1,823.7704,25.9341
online,RARL-PPO,data_on,Hopper,Locomotion,morph,morph_0.9,0.9000,0,1,1,1,1,1512.3928,47.0927
online,RARL-TRPO,data_on,Hopper,Locomotion,morph,morph_0.9,0.9000,0,1,1,1,1,1441.3768,44.9106
online,RSC-SAC,learner_on,Hopper,Locomotion,morph,morph_0.9,0.9000,0,1,1,1,1,1455.9790,45.3593
online,SAC,standard,Hopper,Locomotion,morph,morph_0.9,0.9000,0,1,1,1,1,1433.1778,44.6587
online,ATLA,learner_on,Hopper,Locomotion,morph,morph_1,1.0000,1,0,0,,,2176.4060,67.4951
online,ATLA-SA,learner_on,Hopper,Locomotion,morph,morph_1,1.0000,1,0,0,,,3305.7640,102.1958
online,DR-SAC,data_on,Hopper,Locomotion,morph,morph_1,1.0000,1,0,0,,,3334.1211,103.0671
online,PPO,standard,Hopper,Locomotion,morph,morph_1,1.0000,1,0,0,,,2430.9848,75.3173
online,RARL-PPO,data_on,Hopper,Locomotion,morph,morph_1,1.0000,1,0,0,,,2391.1661,74.0939
online,RARL-TRPO,data_on,Hopper,Locomotion,morph,morph_1,1.0000,1,0,0,,,2466.5198,76.4092
online,RSC-SAC,learner_on,Hopper,Locomotion,morph,morph_1,1.0000,1,0,0,,,2598.9967,80.4797
online,SAC,standard,Hopper,Locomotion,morph,morph_1,1.0000,1,0,0,,,2284.6653,70.8215
online,ATLA,learner_on,Hopper,Locomotion,morph,morph_1.1,1.1000,0,1,1,1,1,1913.3767,59.4133
online,ATLA-SA,learner_on,Hopper,Locomotion,morph,morph_1.1,1.1000,0,1,1,1,1,3095.3698,95.7312
online,DR-SAC,data_on,Hopper,Locomotion,morph,morph_1.1,1.1000,0,1,1,1,1,3004.3498,92.9345
online,PPO,standard,Hopper,Locomotion,morph,morph_1.1,1.1000,0,1,1,1,1,1701.8159,52.9129
online,RARL-PPO,data_on,Hopper,Locomotion,morph,morph_1.1,1.1000,0,1,1,1,1,2247.5839,69.6822
online,RARL-TRPO,data_on,Hopper,Locomotion,morph,morph_1.1,1.1000,0,1,1,1,1,1446.3260,45.0627
online,RSC-SAC,learner_on,Hopper,Locomotion,morph,morph_1.1,1.1000,0,1,1,1,1,2030.7725,63.0204
online,SAC,standard,Hopper,Locomotion,morph,morph_1.1,1.1000,0,1,1,1,1,1078.9462,33.7746
online,ATLA,learner_on,Hopper,Locomotion,morph,morph_1.2,1.2000,0,1,1,2,2,1389.4980,43.3166
online,ATLA-SA,learner_on,Hopper,Locomotion,morph,morph_1.2,1.2000,0,1,1,2,2,2440.9051,75.6221
online,DR-SAC,data_on,Hopper,Locomotion,morph,morph_1.2,1.2000,0,1,1,2,2,2412.0150,74.7345
online,PPO,standard,Hopper,Locomotion,morph,morph_1.2,1.2000,0,1,1,2,2,1285.2526,40.1136
online,RARL-PPO,data_on,Hopper,Locomotion,morph,morph_1.2,1.2000,0,1,1,2,2,1709.2563,53.1415
online,RARL-TRPO,data_on,Hopper,Locomotion,morph,morph_1.2,1.2000,0,1,1,2,2,999.4744,31.3327
online,RSC-SAC,learner_on,Hopper,Locomotion,morph,morph_1.2,1.2000,0,1,1,2,2,1553.0399,48.3416
online,SAC,standard,Hopper,Locomotion,morph,morph_1.2,1.2000,0,1,1,2,2,872.6866,27.4371
online,ATLA,learner_on,Hopper,Locomotion,morph,morph_1.3,1.3000,0,1,1,3,3,1334.6940,41.6327
online,ATLA-SA,learner_on,Hopper,Locomotion,morph,morph_1.3,1.3000,0,1,1,3,3,2097.7825,65.0794
online,DR-SAC,data_on,Hopper,Locomotion,morph,morph_1.3,1.3000,0,1,1,3,3,1412.5999,44.0264
online,PPO,standard,Hopper,Locomotion,morph,morph_1.3,1.3000,0,1,1,3,3,1098.4460,34.3737
online,RARL-PPO,data_on,Hopper,Locomotion,morph,morph_1.3,1.3000,0,1,1,3,3,1504.0128,46.8352
online,RARL-TRPO,data_on,Hopper,Locomotion,morph,morph_1.3,1.3000,0,1,1,3,3,1177.7935,36.8118
online,RSC-SAC,learner_on,Hopper,Locomotion,morph,morph_1.3,1.3000,0,1,1,3,3,1642.2282,51.0820
online,SAC,standard,Hopper,Locomotion,morph,morph_1.3,1.3000,0,1,1,3,3,744.9632,23.5126
online,ATLA,learner_on,Hopper,Locomotion,morph,morph_1.4,1.4000,0,1,1,4,4,1282.6320,40.0330
online,ATLA-SA,learner_on,Hopper,Locomotion,morph,morph_1.4,1.4000,0,1,1,4,4,1939.3295,60.2107
online,DR-SAC,data_on,Hopper,Locomotion,morph,morph_1.4,1.4000,0,1,1,4,4,1500.7091,46.7337
online,PPO,standard,Hopper,Locomotion,morph,morph_1.4,1.4000,0,1,1,4,4,896.9411,28.1823
online,RARL-PPO,data_on,Hopper,Locomotion,morph,morph_1.4,1.4000,0,1,1,4,4,1436.7916,44.7697
online,RARL-TRPO,data_on,Hopper,Locomotion,morph,morph_1.4,1.4000,0,1,1,4,4,952.5680,29.8915
online,RSC-SAC,learner_on,Hopper,Locomotion,morph,morph_1.4,1.4000,0,1,1,4,4,1570.6236,48.8819
online,SAC,standard,Hopper,Locomotion,morph,morph_1.4,1.4000,0,1,1,4,4,735.0784,23.2089
online,ATLA,learner_on,PointMaze,Navigation,adv,oppose_0.2,0.2000,0,0,1,1,,5.2000,94.3074
online,ATLA,learner_on,PointMaze,Navigation,adv,oppose-goal_0.2,0.2000,0,0,1,1,,5.1800,93.9279
online,ATLA-SA,learner_on,PointMaze,Navigation,adv,oppose_0.2,0.2000,0,0,1,1,,4.3900,78.9374
online,ATLA-SA,learner_on,PointMaze,Navigation,adv,oppose-goal_0.2,0.2000,0,0,1,1,,4.3900,78.9374
online,DR-SAC,data_on,PointMaze,Navigation,adv,oppose_0.2,0.2000,0,0,1,1,,4.9000,88.6148
online,DR-SAC,data_on,PointMaze,Navigation,adv,oppose-goal_0.2,0.2000,0,0,1,1,,4.8600,87.8558
online,PPO,standard,PointMaze,Navigation,adv,oppose_0.2,0.2000,0,0,1,1,,3.9100,69.8292
online,PPO,standard,PointMaze,Navigation,adv,oppose-goal_0.2,0.2000,0,0,1,1,,3.3300,58.8235
online,RARL-PPO,data_on,PointMaze,Navigation,adv,oppose_0.2,0.2000,0,0,1,1,,3.7500,66.7932
online,RARL-PPO,data_on,PointMaze,Navigation,adv,oppose-goal_0.2,0.2000,0,0,1,1,,3.2900,58.0645
online,RARL-TRPO,data_on,PointMaze,Navigation,adv,oppose_0.2,0.2000,0,0,1,1,,3.8300,68.3112
online,RARL-TRPO,data_on,PointMaze,Navigation,adv,oppose-goal_0.2,0.2000,0,0,1,1,,3.6900,65.6546
online,RSC-SAC,learner_on,PointMaze,Navigation,adv,oppose_0.2,0.2000,0,0,1,1,,2.9400,51.4231
online,RSC-SAC,learner_on,PointMaze,Navigation,adv,oppose-goal_0.2,0.2000,0,0,1,1,,2.6100,45.1613
online,SAC,standard,PointMaze,Navigation,adv,oppose_0.2,0.2000,0,0,1,1,,5.0000,90.5123
online,SAC,standard,PointMaze,Navigation,adv,oppose-goal_0.2,0.2000,0,0,1,1,,4.9600,89.7533
online,ATLA,learner_on,PointMaze,Navigation,adv,oppose_0.3,0.3000,0,0,1,1,,5.1600,93.5484
online,ATLA,learner_on,PointMaze,Navigation,adv,oppose-goal_0.3,0.3000,0,0,1,2,,5.1600,93.5484
online,ATLA-SA,learner_on,PointMaze,Navigation,adv,oppose_0.3,0.3000,0,0,1,1,,4.3800,78.7476
online,ATLA-SA,learner_on,PointMaze,Navigation,adv,oppose-goal_0.3,0.3000,0,0,1,2,,4.3800,78.7476
online,DR-SAC,data_on,PointMaze,Navigation,adv,oppose_0.3,0.3000,0,0,1,1,,4.6700,84.2505
online,DR-SAC,data_on,PointMaze,Navigation,adv,oppose-goal_0.3,0.3000,0,0,1,2,,4.4700,80.4554
online,PPO,standard,PointMaze,Navigation,adv,oppose_0.3,0.3000,0,0,1,1,,3.6800,65.4649
online,PPO,standard,PointMaze,Navigation,adv,oppose-goal_0.3,0.3000,0,0,1,2,,2.9400,51.4231
online,RARL-PPO,data_on,PointMaze,Navigation,adv,oppose_0.3,0.3000,0,0,1,1,,3.3800,59.7723
online,RARL-PPO,data_on,PointMaze,Navigation,adv,oppose-goal_0.3,0.3000,0,0,1,2,,2.6900,46.6793
online,RARL-TRPO,data_on,PointMaze,Navigation,adv,oppose_0.3,0.3000,0,0,1,1,,3.5700,63.3776
online,RARL-TRPO,data_on,PointMaze,Navigation,adv,oppose-goal_0.3,0.3000,0,0,1,2,,3.3700,59.5825
online,RSC-SAC,learner_on,PointMaze,Navigation,adv,oppose_0.3,0.3000,0,0,1,1,,2.8000,48.7666
online,RSC-SAC,learner_on,PointMaze,Navigation,adv,oppose-goal_0.3,0.3000,0,0,1,2,,2.1900,37.1917
online,SAC,standard,PointMaze,Navigation,adv,oppose_0.3,0.3000,0,0,1,1,,4.6700,84.2505
online,SAC,standard,PointMaze,Navigation,adv,oppose-goal_0.3,0.3000,0,0,1,2,,4.5800,82.5427
online,ATLA,learner_on,PointMaze,Navigation,adv,oppose_0.4,0.4000,0,0,1,2,,5.1800,93.9279
online,ATLA,learner_on,PointMaze,Navigation,adv,oppose-goal_0.4,0.4000,0,0,1,2,,5.2000,94.3074
online,ATLA-SA,learner_on,PointMaze,Navigation,adv,oppose_0.4,0.4000,0,0,1,2,,4.3800,78.7476
online,ATLA-SA,learner_on,PointMaze,Navigation,adv,oppose-goal_0.4,0.4000,0,0,1,2,,4.3300,77.7989
online,DR-SAC,data_on,PointMaze,Navigation,adv,oppose_0.4,0.4000,0,0,1,2,,4.3200,77.6091
online,DR-SAC,data_on,PointMaze,Navigation,adv,oppose-goal_0.4,0.4000,0,0,1,2,,4.0600,72.6755
online,PPO,standard,PointMaze,Navigation,adv,oppose_0.4,0.4000,0,0,1,2,,3.3300,58.8235
online,PPO,standard,PointMaze,Navigation,adv,oppose-goal_0.4,0.4000,0,0,1,2,,2.6600,46.1101
online,RARL-PPO,data_on,PointMaze,Navigation,adv,oppose_0.4,0.4000,0,0,1,2,,3.1500,55.4080
online,RARL-PPO,data_on,PointMaze,Navigation,adv,oppose-goal_0.4,0.4000,0,0,1,2,,2.3300,39.8482
online,RARL-TRPO,data_on,PointMaze,Navigation,adv,oppose_0.4,0.4000,0,0,1,2,,3.2500,57.3055
online,RARL-TRPO,data_on,PointMaze,Navigation,adv,oppose-goal_0.4,0.4000,0,0,1,2,,3.0600,53.7002
online,RSC-SAC,learner_on,PointMaze,Navigation,adv,oppose_0.4,0.4000,0,0,1,2,,2.6400,45.7306
online,RSC-SAC,learner_on,PointMaze,Navigation,adv,oppose-goal_0.4,0.4000,0,0,1,2,,1.7200,28.2732
online,SAC,standard,PointMaze,Navigation,adv,oppose_0.4,0.4000,0,0,1,2,,4.3400,77.9886
online,SAC,standard,PointMaze,Navigation,adv,oppose-goal_0.4,0.4000,0,0,1,2,,4.0800,73.0550
online,ATLA,learner_on,PointMaze,Navigation,adv,oppose_0.5,0.5000,0,0,1,2,,5.1500,93.3586
online,ATLA,learner_on,PointMaze,Navigation,adv,oppose-goal_0.5,0.5000,0,0,1,3,,5.1600,93.5484
online,ATLA-SA,learner_on,PointMaze,Navigation,adv,oppose_0.5,0.5000,0,0,1,2,,4.3500,78.1784
online,ATLA-SA,learner_on,PointMaze,Navigation,adv,oppose-goal_0.5,0.5000,0,0,1,3,,4.3400,77.9886
online,DR-SAC,data_on,PointMaze,Navigation,adv,oppose_0.5,0.5000,0,0,1,2,,3.8100,67.9317
online,DR-SAC,data_on,PointMaze,Navigation,adv,oppose-goal_0.5,0.5000,0,0,1,3,,3.6000,63.9469
online,PPO,standard,PointMaze,Navigation,adv,oppose_0.5,0.5000,0,0,1,2,,3.0000,52.5617
online,PPO,standard,PointMaze,Navigation,adv,oppose-goal_0.5,0.5000,0,0,1,3,,2.3100,39.4687
online,RARL-PPO,data_on,PointMaze,Navigation,adv,oppose_0.5,0.5000,0,0,1,2,,2.9500,51.6129
online,RARL-PPO,data_on,PointMaze,Navigation,adv,oppose-goal_0.5,0.5000,0,0,1,3,,1.8500,30.7400
online,RARL-TRPO,data_on,PointMaze,Navigation,adv,oppose_0.5,0.5000,0,0,1,2,,2.9300,51.2334
online,RARL-TRPO,data_on,PointMaze,Navigation,adv,oppose-goal_0.5,0.5000,0,0,1,3,,2.9000,50.6641
online,RSC-SAC,learner_on,PointMaze,Navigation,adv,oppose_0.5,0.5000,0,0,1,2,,2.4100,41.3662
online,RSC-SAC,learner_on,PointMaze,Navigation,adv,oppose-goal_0.5,0.5000,0,0,1,3,,1.1400,17.2676
online,SAC,standard,PointMaze,Navigation,adv,oppose_0.5,0.5000,0,0,1,2,,3.8100,67.9317
online,SAC,standard,PointMaze,Navigation,adv,oppose-goal_0.5,0.5000,0,0,1,3,,3.3000,58.2543
online,ATLA,learner_on,PointMaze,Navigation,adv,oppose_0.6,0.6000,0,1,1,2,1,5.2100,94.4972
online,ATLA,learner_on,PointMaze,Navigation,adv,oppose-goal_0.6,0.6000,0,1,1,3,2,5.1600,93.5484
online,ATLA-SA,learner_on,PointMaze,Navigation,adv,oppose_0.6,0.6000,0,1,1,2,1,4.4000,79.1271
online,ATLA-SA,learner_on,PointMaze,Navigation,adv,oppose-goal_0.6,0.6000,0,1,1,3,2,4.3600,78.3681
online,DR-SAC,data_on,PointMaze,Navigation,adv,oppose_0.6,0.6000,0,1,1,2,1,3.2300,56.9260
online,DR-SAC,data_on,PointMaze,Navigation,adv,oppose-goal_0.6,0.6000,0,1,1,3,2,2.8200,49.1461
online,PPO,standard,PointMaze,Navigation,adv,oppose_0.6,0.6000,0,1,1,2,1,2.7600,48.0076
online,PPO,standard,PointMaze,Navigation,adv,oppose-goal_0.6,0.6000,0,1,1,3,2,1.8800,31.3093
online,RARL-PPO,data_on,PointMaze,Navigation,adv,oppose_0.6,0.6000,0,1,1,2,1,2.5000,43.0740
online,RARL-PPO,data_on,PointMaze,Navigation,adv,oppose-goal_0.6,0.6000,0,1,1,3,2,1.5100,24.2884
online,RARL-TRPO,data_on,PointMaze,Navigation,adv,oppose_0.6,0.6000,0,1,1,2,1,2.6300,45.5408
online,RARL-TRPO,data_on,PointMaze,Navigation,adv,oppose-goal_0.6,0.6000,0,1,1,3,2,2.6800,46.4896
online,RSC-SAC,learner_on,PointMaze,Navigation,adv,oppose_0.6,0.6000,0,1,1,2,1,2.1100,35.6736
online,RSC-SAC,learner_on,PointMaze,Navigation,adv,oppose-goal_0.6,0.6000,0,1,1,3,2,0.7900,10.6262
online,SAC,standard,PointMaze,Navigation,adv,oppose_0.6,0.6000,0,1,1,2,1,3.2700,57.6850
online,SAC,standard,PointMaze,Navigation,adv,oppose-goal_0.6,0.6000,0,1,1,3,2,2.3800,40.7970
online,ATLA,learner_on,PointMaze,Navigation,adv,oppose_0.7,0.7000,0,0,1,3,,5.2000,94.3074
online,ATLA,learner_on,PointMaze,Navigation,adv,oppose-goal_0.7,0.7000,0,0,1,3,,5.1500,93.3586
online,ATLA-SA,learner_on,PointMaze,Navigation,adv,oppose_0.7,0.7000,0,0,1,3,,4.4000,79.1271
online,ATLA-SA,learner_on,PointMaze,Navigation,adv,oppose-goal_0.7,0.7000,0,0,1,3,,4.3600,78.3681
online,DR-SAC,data_on,PointMaze,Navigation,adv,oppose_0.7,0.7000,0,0,1,3,,2.7600,48.0076
online,DR-SAC,data_on,PointMaze,Navigation,adv,oppose-goal_0.7,0.7000,0,0,1,3,,1.9500,32.6376
online,PPO,standard,PointMaze,Navigation,adv,oppose_0.7,0.7000,0,0,1,3,,2.3300,39.8482
online,PPO,standard,PointMaze,Navigation,adv,oppose-goal_0.7,0.7000,0,0,1,3,,1.3900,22.0114
online,RARL-PPO,data_on,PointMaze,Navigation,adv,oppose_0.7,0.7000,0,0,1,3,,2.1200,35.8634
online,RARL-PPO,data_on,PointMaze,Navigation,adv,oppose-goal_0.7,0.7000,0,0,1,3,,1.1600,17.6471
online,RARL-TRPO,data_on,PointMaze,Navigation,adv,oppose_0.7,0.7000,0,0,1,3,,2.1400,36.2429
online,RARL-TRPO,data_on,PointMaze,Navigation,adv,oppose-goal_0.7,0.7000,0,0,1,3,,2.1200,35.8634
online,RSC-SAC,learner_on,PointMaze,Navigation,adv,oppose_0.7,0.7000,0,0,1,3,,1.8000,29.7913
online,RSC-SAC,learner_on,PointMaze,Navigation,adv,oppose-goal_0.7,0.7000,0,0,1,3,,0.4300,3.7951
online,SAC,standard,PointMaze,Navigation,adv,oppose_0.7,0.7000,0,0,1,3,,2.8000,48.7666
online,SAC,standard,PointMaze,Navigation,adv,oppose-goal_0.7,0.7000,0,0,1,3,,1.5800,25.6167
online,ATLA,learner_on,PointMaze,Navigation,adv,oppose_0.8,0.8000,0,0,1,3,,5.2400,95.0664
online,ATLA,learner_on,PointMaze,Navigation,adv,oppose-goal_0.8,0.8000,0,1,1,4,3,5.1300,92.9791
online,ATLA-SA,learner_on,PointMaze,Navigation,adv,oppose_0.8,0.8000,0,0,1,3,,4.4100,79.3169
online,ATLA-SA,learner_on,PointMaze,Navigation,adv,oppose-goal_0.8,0.8000,0,1,1,4,3,4.3700,78.5579
online,DR-SAC,data_on,PointMaze,Navigation,adv,oppose_0.8,0.8000,0,0,1,3,,1.9500,32.6376
online,DR-SAC,data_on,PointMaze,Navigation,adv,oppose-goal_0.8,0.8000,0,1,1,4,3,1.3300,20.8729
online,PPO,standard,PointMaze,Navigation,adv,oppose_0.8,0.8000,0,0,1,3,,1.7700,29.2220
online,PPO,standard,PointMaze,Navigation,adv,oppose-goal_0.8,0.8000,0,1,1,4,3,1.0000,14.6110
online,RARL-PPO,data_on,PointMaze,Navigation,adv,oppose_0.8,0.8000,0,0,1,3,,1.6000,25.9962
online,RARL-PPO,data_on,PointMaze,Navigation,adv,oppose-goal_0.8,0.8000,0,1,1,4,3,0.9200,13.0930
online,RARL-TRPO,data_on,PointMaze,Navigation,adv,oppose_0.8,0.8000,0,0,1,3,,1.6900,27.7040
online,RARL-TRPO,data_on,PointMaze,Navigation,adv,oppose-goal_0.8,0.8000,0,1,1,4,3,1.6400,26.7552
online,RSC-SAC,learner_on,PointMaze,Navigation,adv,oppose_0.8,0.8000,0,0,1,3,,1.4400,22.9602
online,RSC-SAC,learner_on,PointMaze,Navigation,adv,oppose-goal_0.8,0.8000,0,1,1,4,3,0.1100,-2.2770
online,SAC,standard,PointMaze,Navigation,adv,oppose_0.8,0.8000,0,0,1,3,,2.0500,34.5351
online,SAC,standard,PointMaze,Navigation,adv,oppose-goal_0.8,0.8000,0,1,1,4,3,0.9700,14.0417
online,ATLA,learner_on,PointMaze,Navigation,adv,oppose_0.9,0.9000,0,0,1,4,,5.2400,95.0664
online,ATLA,learner_on,PointMaze,Navigation,adv,oppose-goal_0.9,0.9000,0,0,1,4,,5.1000,92.4099
online,ATLA-SA,learner_on,PointMaze,Navigation,adv,oppose_0.9,0.9000,0,0,1,4,,4.3800,78.7476
online,ATLA-SA,learner_on,PointMaze,Navigation,adv,oppose-goal_0.9,0.9000,0,0,1,4,,4.3800,78.7476
online,DR-SAC,data_on,PointMaze,Navigation,adv,oppose_0.9,0.9000,0,0,1,4,,1.2200,18.7856
online,DR-SAC,data_on,PointMaze,Navigation,adv,oppose-goal_0.9,0.9000,0,0,1,4,,0.6500,7.9696
online,PPO,standard,PointMaze,Navigation,adv,oppose_0.9,0.9000,0,0,1,4,,1.1400,17.2676
online,PPO,standard,PointMaze,Navigation,adv,oppose-goal_0.9,0.9000,0,0,1,4,,0.5800,6.6414
online,RARL-PPO,data_on,PointMaze,Navigation,adv,oppose_0.9,0.9000,0,0,1,4,,0.9900,14.4213
online,RARL-PPO,data_on,PointMaze,Navigation,adv,oppose-goal_0.9,0.9000,0,0,1,4,,0.6600,8.1594
online,RARL-TRPO,data_on,PointMaze,Navigation,adv,oppose_0.9,0.9000,0,0,1,4,,1.0900,16.3188
online,RARL-TRPO,data_on,PointMaze,Navigation,adv,oppose-goal_0.9,0.9000,0,0,1,4,,1.1800,18.0266
online,RSC-SAC,learner_on,PointMaze,Navigation,adv,oppose_0.9,0.9000,0,0,1,4,,0.9000,12.7135
online,RSC-SAC,learner_on,PointMaze,Navigation,adv,oppose-goal_0.9,0.9000,0,0,1,4,,0.0200,-3.9848
online,SAC,standard,PointMaze,Navigation,adv,oppose_0.9,0.9000,0,0,1,4,,1.2500,19.3548
online,SAC,standard,PointMaze,Navigation,adv,oppose-goal_0.9,0.9000,0,0,1,4,,0.5900,6.8311
online,ATLA,learner_on,PointMaze,Navigation,adv,rotate_10,10.0000,0,0,1,1,,5.1400,93.1689
online,ATLA-SA,learner_on,PointMaze,Navigation,adv,rotate_10,10.0000,0,0,1,1,,4.3700,78.5579
online,DR-SAC,data_on,PointMaze,Navigation,adv,rotate_10,10.0000,0,0,1,1,,5.3400,96.9639
online,PPO,standard,PointMaze,Navigation,adv,rotate_10,10.0000,0,0,1,1,,4.0200,71.9165
online,RARL-PPO,data_on,PointMaze,Navigation,adv,rotate_10,10.0000,0,0,1,1,,4.0400,72.2960
online,RARL-TRPO,data_on,PointMaze,Navigation,adv,rotate_10,10.0000,0,0,1,1,,3.9900,71.3472
online,RSC-SAC,learner_on,PointMaze,Navigation,adv,rotate_10,10.0000,0,0,1,1,,3.0300,53.1309
online,SAC,standard,PointMaze,Navigation,adv,rotate_10,10.0000,0,0,1,1,,5.3700,97.5332
online,ATLA,learner_on,PointMaze,Navigation,adv,rotate_20,20.0000,0,0,1,1,,4.3900,78.9374
online,ATLA-SA,learner_on,PointMaze,Navigation,adv,rotate_20,20.0000,0,0,1,1,,3.9800,71.1575
online,DR-SAC,data_on,PointMaze,Navigation,adv,rotate_20,20.0000,0,0,1,1,,5.0900,92.2201
online,PPO,standard,PointMaze,Navigation,adv,rotate_20,20.0000,0,0,1,1,,3.9400,70.3985
online,RARL-PPO,data_on,PointMaze,Navigation,adv,rotate_20,20.0000,0,0,1,1,,3.7700,67.1727
online,RARL-TRPO,data_on,PointMaze,Navigation,adv,rotate_20,20.0000,0,0,1,1,,3.6200,64.3264
online,RSC-SAC,learner_on,PointMaze,Navigation,adv,rotate_20,20.0000,0,0,1,1,,2.8600,49.9051
online,SAC,standard,PointMaze,Navigation,adv,rotate_20,20.0000,0,0,1,1,,5.1500,93.3586
online,ATLA,learner_on,PointMaze,Navigation,adv,rotate_30,30.0000,0,0,1,1,,3.3000,58.2543
online,ATLA-SA,learner_on,PointMaze,Navigation,adv,rotate_30,30.0000,0,0,1,1,,3.4100,60.3416
online,DR-SAC,data_on,PointMaze,Navigation,adv,rotate_30,30.0000,0,0,1,1,,4.7200,85.1992
online,PPO,standard,PointMaze,Navigation,adv,rotate_30,30.0000,0,0,1,1,,3.5400,62.8083
online,RARL-PPO,data_on,PointMaze,Navigation,adv,rotate_30,30.0000,0,0,1,1,,3.3400,59.0133
online,RARL-TRPO,data_on,PointMaze,Navigation,adv,rotate_30,30.0000,0,0,1,1,,3.1600,55.5977
online,RSC-SAC,learner_on,PointMaze,Navigation,adv,rotate_30,30.0000,0,0,1,1,,2.3600,40.4175
online,SAC,standard,PointMaze,Navigation,adv,rotate_30,30.0000,0,0,1,1,,4.7900,86.5275
online,ATLA,learner_on,PointMaze,Navigation,adv,rotate_40,40.0000,0,0,1,2,,2.3300,39.8482
online,ATLA-SA,learner_on,PointMaze,Navigation,adv,rotate_40,40.0000,0,0,1,2,,2.4500,42.1252
online,DR-SAC,data_on,PointMaze,Navigation,adv,rotate_40,40.0000,0,0,1,2,,4.3000,77.2296
online,PPO,standard,PointMaze,Navigation,adv,rotate_40,40.0000,0,0,1,2,,2.6200,45.3510
online,RARL-PPO,data_on,PointMaze,Navigation,adv,rotate_40,40.0000,0,0,1,2,,2.6700,46.2998
online,RARL-TRPO,data_on,PointMaze,Navigation,adv,rotate_40,40.0000,0,0,1,2,,2.4700,42.5047
online,RSC-SAC,learner_on,PointMaze,Navigation,adv,rotate_40,40.0000,0,0,1,2,,1.7500,28.8425
online,SAC,standard,PointMaze,Navigation,adv,rotate_40,40.0000,0,0,1,2,,4.2400,76.0911
online,ATLA,learner_on,PointMaze,Navigation,adv,rotate_50,50.0000,0,0,1,3,,2.1800,37.0019
online,ATLA-SA,learner_on,PointMaze,Navigation,adv,rotate_50,50.0000,0,0,1,3,,1.8800,31.3093
online,DR-SAC,data_on,PointMaze,Navigation,adv,rotate_50,50.0000,0,0,1,3,,2.9400,51.4231
online,PPO,standard,PointMaze,Navigation,adv,rotate_50,50.0000,0,0,1,3,,1.3700,21.6319
online,RARL-PPO,data_on,PointMaze,Navigation,adv,rotate_50,50.0000,0,0,1,3,,1.4800,23.7192
online,RARL-TRPO,data_on,PointMaze,Navigation,adv,rotate_50,50.0000,0,0,1,3,,0.9800,14.2315
online,RSC-SAC,learner_on,PointMaze,Navigation,adv,rotate_50,50.0000,0,0,1,3,,1.3300,20.8729
online,SAC,standard,PointMaze,Navigation,adv,rotate_50,50.0000,0,0,1,3,,2.7000,46.8691
online,ATLA,learner_on,PointMaze,Navigation,adv,rotate_60,60.0000,0,0,1,4,,2.0300,34.1556
online,ATLA-SA,learner_on,PointMaze,Navigation,adv,rotate_60,60.0000,0,0,1,4,,1.3300,20.8729
online,DR-SAC,data_on,PointMaze,Navigation,adv,rotate_60,60.0000,0,0,1,4,,1.5200,24.4782
online,PPO,standard,PointMaze,Navigation,adv,rotate_60,60.0000,0,0,1,4,,0.9700,14.0417
online,RARL-PPO,data_on,PointMaze,Navigation,adv,rotate_60,60.0000,0,0,1,4,,1.1100,16.6983
online,RARL-TRPO,data_on,PointMaze,Navigation,adv,rotate_60,60.0000,0,0,1,4,,0.7100,9.1082
online,RSC-SAC,learner_on,PointMaze,Navigation,adv,rotate_60,60.0000,0,0,1,4,,1.0800,16.1290
online,SAC,standard,PointMaze,Navigation,adv,rotate_60,60.0000,0,0,1,4,,1.3100,20.4934
online,ATLA,learner_on,PointMaze,Navigation,adv,rotate_70,70.0000,0,1,1,4,4,1.9400,32.4478
online,ATLA-SA,learner_on,PointMaze,Navigation,adv,rotate_70,70.0000,0,1,1,4,4,0.9500,13.6622
online,DR-SAC,data_on,PointMaze,Navigation,adv,rotate_70,70.0000,0,1,1,4,4,0.9900,14.4213
online,PPO,standard,PointMaze,Navigation,adv,rotate_70,70.0000,0,1,1,4,4,0.7300,9.4877
online,RARL-PPO,data_on,PointMaze,Navigation,adv,rotate_70,70.0000,0,1,1,4,4,0.8200,11.1954
online,RARL-TRPO,data_on,PointMaze,Navigation,adv,rotate_70,70.0000,0,1,1,4,4,0.4400,3.9848
online,RSC-SAC,learner_on,PointMaze,Navigation,adv,rotate_70,70.0000,0,1,1,4,4,0.8900,12.5237
online,SAC,standard,PointMaze,Navigation,adv,rotate_70,70.0000,0,1,1,4,4,0.9100,12.9032
online,ATLA,learner_on,PointMaze,Navigation,adv,rotate_80,80.0000,0,0,1,4,,1.7200,28.2732
online,ATLA-SA,learner_on,PointMaze,Navigation,adv,rotate_80,80.0000,0,0,1,4,,0.6900,8.7287
online,DR-SAC,data_on,PointMaze,Navigation,adv,rotate_80,80.0000,0,0,1,4,,0.7200,9.2979
online,PPO,standard,PointMaze,Navigation,adv,rotate_80,80.0000,0,0,1,4,,0.6000,7.0209
online,RARL-PPO,data_on,PointMaze,Navigation,adv,rotate_80,80.0000,0,0,1,4,,0.7200,9.2979
online,RARL-TRPO,data_on,PointMaze,Navigation,adv,rotate_80,80.0000,0,0,1,4,,0.3600,2.4668
online,RSC-SAC,learner_on,PointMaze,Navigation,adv,rotate_80,80.0000,0,0,1,4,,0.8100,11.0057
online,SAC,standard,PointMaze,Navigation,adv,rotate_80,80.0000,0,0,1,4,,0.7500,9.8672
online,ATLA,learner_on,PointMaze,Navigation,dryfric,dry-fric_10,10.0000,0,1,1,1,1,5.0800,92.0304
online,ATLA-SA,learner_on,PointMaze,Navigation,dryfric,dry-fric_10,10.0000,0,1,1,1,1,4.4200,79.5066
online,DR-SAC,data_on,PointMaze,Navigation,dryfric,dry-fric_10,10.0000,0,1,1,1,1,5.2200,94.6869
online,PPO,standard,PointMaze,Navigation,dryfric,dry-fric_10,10.0000,0,1,1,1,1,4.1900,75.1423
online,RARL-PPO,data_on,PointMaze,Navigation,dryfric,dry-fric_10,10.0000,0,1,1,1,1,3.8400,68.5009
online,RARL-TRPO,data_on,PointMaze,Navigation,dryfric,dry-fric_10,10.0000,0,1,1,1,1,4.0500,72.4858
online,RSC-SAC,learner_on,PointMaze,Navigation,dryfric,dry-fric_10,10.0000,0,1,1,1,1,2.8300,49.3359
online,SAC,standard,PointMaze,Navigation,dryfric,dry-fric_10,10.0000,0,1,1,1,1,5.2500,95.2562
online,ATLA,learner_on,PointMaze,Navigation,dryfric,dry-fric_20,20.0000,0,1,1,1,2,4.8500,87.6660
online,ATLA-SA,learner_on,PointMaze,Navigation,dryfric,dry-fric_20,20.0000,0,1,1,1,2,4.4000,79.1271
online,DR-SAC,data_on,PointMaze,Navigation,dryfric,dry-fric_20,20.0000,0,1,1,1,2,4.8700,88.0455
online,PPO,standard,PointMaze,Navigation,dryfric,dry-fric_20,20.0000,0,1,1,1,2,3.7000,65.8444
online,RARL-PPO,data_on,PointMaze,Navigation,dryfric,dry-fric_20,20.0000,0,1,1,1,2,3.3900,59.9620
online,RARL-TRPO,data_on,PointMaze,Navigation,dryfric,dry-fric_20,20.0000,0,1,1,1,2,3.8000,67.7419
online,RSC-SAC,learner_on,PointMaze,Navigation,dryfric,dry-fric_20,20.0000,0,1,1,1,2,2.5300,43.6433
online,SAC,standard,PointMaze,Navigation,dryfric,dry-fric_20,20.0000,0,1,1,1,2,4.9700,89.9431
online,ATLA,learner_on,PointMaze,Navigation,dryfric,dry-fric_30,30.0000,0,1,1,2,3,4.6700,84.2505
online,ATLA-SA,learner_on,PointMaze,Navigation,dryfric,dry-fric_30,30.0000,0,1,1,2,3,4.3300,77.7989
online,DR-SAC,data_on,PointMaze,Navigation,dryfric,dry-fric_30,30.0000,0,1,1,2,3,4.4500,80.0759
online,PPO,standard,PointMaze,Navigation,dryfric,dry-fric_30,30.0000,0,1,1,2,3,3.1300,55.0285
online,RARL-PPO,data_on,PointMaze,Navigation,dryfric,dry-fric_30,30.0000,0,1,1,2,3,2.8000,48.7666
online,RARL-TRPO,data_on,PointMaze,Navigation,dryfric,dry-fric_30,30.0000,0,1,1,2,3,3.6600,65.0854
online,RSC-SAC,learner_on,PointMaze,Navigation,dryfric,dry-fric_30,30.0000,0,1,1,2,3,1.8600,30.9298
online,SAC,standard,PointMaze,Navigation,dryfric,dry-fric_30,30.0000,0,1,1,2,3,4.5500,81.9734
online,ATLA,learner_on,PointMaze,Navigation,dryfric,dry-fric_40,40.0000,0,1,1,2,4,4.4900,80.8349
online,ATLA-SA,learner_on,PointMaze,Navigation,dryfric,dry-fric_40,40.0000,0,1,1,2,4,4.2600,76.4706
online,DR-SAC,data_on,PointMaze,Navigation,dryfric,dry-fric_40,40.0000,0,1,1,2,4,3.9300,70.2087
online,PPO,standard,PointMaze,Navigation,dryfric,dry-fric_40,40.0000,0,1,1,2,4,2.7200,47.2486
online,RARL-PPO,data_on,PointMaze,Navigation,dryfric,dry-fric_40,40.0000,0,1,1,2,4,2.1600,36.6224
online,RARL-TRPO,data_on,PointMaze,Navigation,dryfric,dry-fric_40,40.0000,0,1,1,2,4,3.3000,58.2543
online,RSC-SAC,learner_on,PointMaze,Navigation,dryfric,dry-fric_40,40.0000,0,1,1,2,4,1.0600,15.7495
online,SAC,standard,PointMaze,Navigation,dryfric,dry-fric_40,40.0000,0,1,1,2,4,4.0400,72.2960
online,ATLA,learner_on,PointMaze,Navigation,dryfric,dry-fric_50,50.0000,0,0,1,3,,4.4000,79.1271
online,ATLA-SA,learner_on,PointMaze,Navigation,dryfric,dry-fric_50,50.0000,0,0,1,3,,4.1400,74.1935
online,DR-SAC,data_on,PointMaze,Navigation,dryfric,dry-fric_50,50.0000,0,0,1,3,,3.2400,57.1157
online,PPO,standard,PointMaze,Navigation,dryfric,dry-fric_50,50.0000,0,0,1,3,,2.1200,35.8634
online,RARL-PPO,data_on,PointMaze,Navigation,dryfric,dry-fric_50,50.0000,0,0,1,3,,1.6200,26.3757
online,RARL-TRPO,data_on,PointMaze,Navigation,dryfric,dry-fric_50,50.0000,0,0,1,3,,2.8600,49.9051
online,RSC-SAC,learner_on,PointMaze,Navigation,dryfric,dry-fric_50,50.0000,0,0,1,3,,0.5700,6.4516
online,SAC,standard,PointMaze,Navigation,dryfric,dry-fric_50,50.0000,0,0,1,3,,3.2700,57.6850
online,ATLA,learner_on,PointMaze,Navigation,dryfric,dry-fric_60,60.0000,0,0,1,3,,4.0300,72.1063
online,ATLA-SA,learner_on,PointMaze,Navigation,dryfric,dry-fric_60,60.0000,0,0,1,3,,3.8100,67.9317
online,DR-SAC,data_on,PointMaze,Navigation,dryfric,dry-fric_60,60.0000,0,0,1,3,,2.4100,41.3662
online,PPO,standard,PointMaze,Navigation,dryfric,dry-fric_60,60.0000,0,0,1,3,,1.5800,25.6167
online,RARL-PPO,data_on,PointMaze,Navigation,dryfric,dry-fric_60,60.0000,0,0,1,3,,1.2000,18.4061
online,RARL-TRPO,data_on,PointMaze,Navigation,dryfric,dry-fric_60,60.0000,0,0,1,3,,2.4700,42.5047
online,RSC-SAC,learner_on,PointMaze,Navigation,dryfric,dry-fric_60,60.0000,0,0,1,3,,0.2300,0.0000
online,SAC,standard,PointMaze,Navigation,dryfric,dry-fric_60,60.0000,0,0,1,3,,2.3400,40.0380
online,ATLA,learner_on,PointMaze,Navigation,dryfric,dry-fric_70,70.0000,0,0,1,4,,3.5000,62.0493
online,ATLA-SA,learner_on,PointMaze,Navigation,dryfric,dry-fric_70,70.0000,0,0,1,4,,3.3000,58.2543
online,DR-SAC,data_on,PointMaze,Navigation,dryfric,dry-fric_70,70.0000,0,0,1,4,,1.6500,26.9450
online,PPO,standard,PointMaze,Navigation,dryfric,dry-fric_70,70.0000,0,0,1,4,,1.0700,15.9393
online,RARL-PPO,data_on,PointMaze,Navigation,dryfric,dry-fric_70,70.0000,0,0,1,4,,1.0500,15.5598
online,RARL-TRPO,data_on,PointMaze,Navigation,dryfric,dry-fric_70,70.0000,0,0,1,4,,1.9400,32.4478
online,RSC-SAC,learner_on,PointMaze,Navigation,dryfric,dry-fric_70,70.0000,0,0,1,4,,0.0800,-2.8463
online,SAC,standard,PointMaze,Navigation,dryfric,dry-fric_70,70.0000,0,0,1,4,,1.4300,22.7704
online,ATLA,learner_on,PointMaze,Navigation,dryfric,dry-fric_80,80.0000,0,0,1,4,,2.9700,51.9924
online,ATLA-SA,learner_on,PointMaze,Navigation,dryfric,dry-fric_80,80.0000,0,0,1,4,,2.7800,48.3871
online,DR-SAC,data_on,PointMaze,Navigation,dryfric,dry-fric_80,80.0000,0,0,1,4,,0.8900,12.5237
online,PPO,standard,PointMaze,Navigation,dryfric,dry-fric_80,80.0000,0,0,1,4,,0.6800,8.5389
online,RARL-PPO,data_on,PointMaze,Navigation,dryfric,dry-fric_80,80.0000,0,0,1,4,,0.7900,10.6262
online,RARL-TRPO,data_on,PointMaze,Navigation,dryfric,dry-fric_80,80.0000,0,0,1,4,,1.5200,24.4782
online,RSC-SAC,learner_on,PointMaze,Navigation,dryfric,dry-fric_80,80.0000,0,0,1,4,,0.0300,-3.7951
online,SAC,standard,PointMaze,Navigation,dryfric,dry-fric_80,80.0000,0,0,1,4,,0.9100,12.9032
online,ATLA,learner_on,PointMaze,Navigation,gear,gear_0.4,0.4000,0,0,1,3,,3.2800,57.8748
online,ATLA-SA,learner_on,PointMaze,Navigation,gear,gear_0.4,0.4000,0,0,1,3,,3.2800,57.8748
online,DR-SAC,data_on,PointMaze,Navigation,gear,gear_0.4,0.4000,0,0,1,3,,3.2300,56.9260
online,PPO,standard,PointMaze,Navigation,gear,gear_0.4,0.4000,0,0,1,3,,2.7600,48.0076
online,RARL-PPO,data_on,PointMaze,Navigation,gear,gear_0.4,0.4000,0,0,1,3,,2.5000,43.0740
online,RARL-TRPO,data_on,PointMaze,Navigation,gear,gear_0.4,0.4000,0,0,1,3,,2.6300,45.5408
online,RSC-SAC,learner_on,PointMaze,Navigation,gear,gear_0.4,0.4000,0,0,1,3,,2.1100,35.6736
online,SAC,standard,PointMaze,Navigation,gear,gear_0.4,0.4000,0,0,1,3,,3.2700,57.6850
online,ATLA,learner_on,PointMaze,Navigation,gear,gear_0.6,0.6000,0,1,1,2,4,4.2700,76.6603
online,ATLA-SA,learner_on,PointMaze,Navigation,gear,gear_0.6,0.6000,0,1,1,2,4,3.7200,66.2239
online,DR-SAC,data_on,PointMaze,Navigation,gear,gear_0.6,0.6000,0,1,1,2,4,4.3200,77.6091
online,PPO,standard,PointMaze,Navigation,gear,gear_0.6,0.6000,0,1,1,2,4,3.3300,58.8235
online,RARL-PPO,data_on,PointMaze,Navigation,gear,gear_0.6,0.6000,0,1,1,2,4,3.1500,55.4080
online,RARL-TRPO,data_on,PointMaze,Navigation,gear,gear_0.6,0.6000,0,1,1,2,4,3.2500,57.3055
online,RSC-SAC,learner_on,PointMaze,Navigation,gear,gear_0.6,0.6000,0,1,1,2,4,2.6400,45.7306
online,SAC,standard,PointMaze,Navigation,gear,gear_0.6,0.6000,0,1,1,2,4,4.3400,77.9886
online,ATLA,learner_on,PointMaze,Navigation,gear,gear_0.8,0.8000,0,1,1,1,2,4.5500,81.9734
online,ATLA-SA,learner_on,PointMaze,Navigation,gear,gear_0.8,0.8000,0,1,1,1,2,4.2100,75.5218
online,DR-SAC,data_on,PointMaze,Navigation,gear,gear_0.8,0.8000,0,1,1,1,2,4.9000,88.6148
online,PPO,standard,PointMaze,Navigation,gear,gear_0.8,0.8000,0,1,1,1,2,3.9100,69.8292
online,RARL-PPO,data_on,PointMaze,Navigation,gear,gear_0.8,0.8000,0,1,1,1,2,3.7500,66.7932
online,RARL-TRPO,data_on,PointMaze,Navigation,gear,gear_0.8,0.8000,0,1,1,1,2,3.8300,68.3112
online,RSC-SAC,learner_on,PointMaze,Navigation,gear,gear_0.8,0.8000,0,1,1,1,2,2.9400,51.4231
online,SAC,standard,PointMaze,Navigation,gear,gear_0.8,0.8000,0,1,1,1,2,5.0000,90.5123
online,ATLA,learner_on,PointMaze,Navigation,gear,gear_1,1.0000,1,0,0,,,5.1900,94.1176
online,ATLA-SA,learner_on,PointMaze,Navigation,gear,gear_1,1.0000,1,0,0,,,4.3800,78.7476
online,DR-SAC,data_on,PointMaze,Navigation,gear,gear_1,1.0000,1,0,0,,,5.3300,96.7742
online,PPO,standard,PointMaze,Navigation,gear,gear_1,1.0000,1,0,0,,,4.2700,76.6603
online,RARL-PPO,data_on,PointMaze,Navigation,gear,gear_1,1.0000,1,0,0,,,4.1000,73.4345
online,RARL-TRPO,data_on,PointMaze,Navigation,gear,gear_1,1.0000,1,0,0,,,4.1600,74.5731
online,RSC-SAC,learner_on,PointMaze,Navigation,gear,gear_1,1.0000,1,0,0,,,3.1800,55.9772
online,SAC,standard,PointMaze,Navigation,gear,gear_1,1.0000,1,0,0,,,5.4500,99.0512
online,ATLA,learner_on,PointMaze,Navigation,gear,gear_1.2,1.2000,0,1,1,1,1,5.5600,101.1385
online,ATLA-SA,learner_on,PointMaze,Navigation,gear,gear_1.2,1.2000,0,1,1,1,1,4.8300,87.2865
online,DR-SAC,data_on,PointMaze,Navigation,gear,gear_1.2,1.2000,0,1,1,1,1,5.7300,104.3643
online,PPO,standard,PointMaze,Navigation,gear,gear_1.2,1.2000,0,1,1,1,1,4.5300,81.5939
online,RARL-PPO,data_on,PointMaze,Navigation,gear,gear_1.2,1.2000,0,1,1,1,1,4.3700,78.5579
online,RARL-TRPO,data_on,PointMaze,Navigation,gear,gear_1.2,1.2000,0,1,1,1,1,4.4000,79.1271
online,RSC-SAC,learner_on,PointMaze,Navigation,gear,gear_1.2,1.2000,0,1,1,1,1,3.4100,60.3416
online,SAC,standard,PointMaze,Navigation,gear,gear_1.2,1.2000,0,1,1,1,1,5.7500,104.7438
online,ATLA,learner_on,PointMaze,Navigation,gear,gear_1.4,1.4000,0,1,1,1,3,5.8300,106.2619
online,ATLA-SA,learner_on,PointMaze,Navigation,gear,gear_1.4,1.4000,0,1,1,1,3,5.1400,93.1689
online,DR-SAC,data_on,PointMaze,Navigation,gear,gear_1.4,1.4000,0,1,1,1,3,5.9900,109.2979
online,PPO,standard,PointMaze,Navigation,gear,gear_1.4,1.4000,0,1,1,1,3,4.6800,84.4402
online,RARL-PPO,data_on,PointMaze,Navigation,gear,gear_1.4,1.4000,0,1,1,1,3,4.4900,80.8349
online,RARL-TRPO,data_on,PointMaze,Navigation,gear,gear_1.4,1.4000,0,1,1,1,3,4.7100,85.0095
online,RSC-SAC,learner_on,PointMaze,Navigation,gear,gear_1.4,1.4000,0,1,1,1,3,3.5000,62.0493
online,SAC,standard,PointMaze,Navigation,gear,gear_1.4,1.4000,0,1,1,1,3,5.9900,109.2979
online,ATLA,learner_on,PointMaze,Navigation,gear,gear_1.6,1.6000,0,0,1,2,,6.0300,110.0569
online,ATLA-SA,learner_on,PointMaze,Navigation,gear,gear_1.6,1.6000,0,0,1,2,,5.4100,98.2922
online,DR-SAC,data_on,PointMaze,Navigation,gear,gear_1.6,1.6000,0,0,1,2,,6.2000,113.2827
online,PPO,standard,PointMaze,Navigation,gear,gear_1.6,1.6000,0,0,1,2,,4.7200,85.1992
online,RARL-PPO,data_on,PointMaze,Navigation,gear,gear_1.6,1.6000,0,0,1,2,,4.6800,84.4402
online,RARL-TRPO,data_on,PointMaze,Navigation,gear,gear_1.6,1.6000,0,0,1,2,,4.8500,87.6660
online,RSC-SAC,learner_on,PointMaze,Navigation,gear,gear_1.6,1.6000,0,0,1,2,,3.4200,60.5313
online,SAC,standard,PointMaze,Navigation,gear,gear_1.6,1.6000,0,0,1,2,,6.1500,112.3340
online,ATLA,learner_on,PointMaze,Navigation,gear,gear_1.8,1.8000,0,0,1,3,,6.2100,113.4725
online,ATLA-SA,learner_on,PointMaze,Navigation,gear,gear_1.8,1.8000,0,0,1,3,,5.5900,101.7078
online,DR-SAC,data_on,PointMaze,Navigation,gear,gear_1.8,1.8000,0,0,1,3,,6.3000,115.1803
online,PPO,standard,PointMaze,Navigation,gear,gear_1.8,1.8000,0,0,1,3,,4.8000,86.7173
online,RARL-PPO,data_on,PointMaze,Navigation,gear,gear_1.8,1.8000,0,0,1,3,,4.8000,86.7173
online,RARL-TRPO,data_on,PointMaze,Navigation,gear,gear_1.8,1.8000,0,0,1,3,,4.8800,88.2353
online,RSC-SAC,learner_on,PointMaze,Navigation,gear,gear_1.8,1.8000,0,0,1,3,,3.4900,61.8596
online,SAC,standard,PointMaze,Navigation,gear,gear_1.8,1.8000,0,0,1,3,,6.2000,113.2827
online,ATLA,learner_on,PointMaze,Navigation,gear,gear_2,2.0000,0,0,1,4,,6.4300,117.6471
online,ATLA-SA,learner_on,PointMaze,Navigation,gear,gear_2,2.0000,0,0,1,4,,5.8800,107.2106
online,DR-SAC,data_on,PointMaze,Navigation,gear,gear_2,2.0000,0,0,1,4,,6.4500,118.0266
online,PPO,standard,PointMaze,Navigation,gear,gear_2,2.0000,0,0,1,4,,4.8500,87.6660
online,RARL-PPO,data_on,PointMaze,Navigation,gear,gear_2,2.0000,0,0,1,4,,4.8700,88.0455
online,RARL-TRPO,data_on,PointMaze,Navigation,gear,gear_2,2.0000,0,0,1,4,,5.0100,90.7021
online,RSC-SAC,learner_on,PointMaze,Navigation,gear,gear_2,2.0000,0,0,1,4,,3.6700,65.2751
online,SAC,standard,PointMaze,Navigation,gear,gear_2,2.0000,0,0,1,4,,6.2800,114.8008
online,ATLA,learner_on,PointMaze,Navigation,gear,gear_2.2,2.2000,0,0,1,4,,6.4700,118.4061
online,ATLA-SA,learner_on,PointMaze,Navigation,gear,gear_2.2,2.2000,0,0,1,4,,6.0100,109.6774
online,DR-SAC,data_on,PointMaze,Navigation,gear,gear_2.2,2.2000,0,0,1,4,,6.4700,118.4061
online,PPO,standard,PointMaze,Navigation,gear,gear_2.2,2.2000,0,0,1,4,,5.0200,90.8918
online,RARL-PPO,data_on,PointMaze,Navigation,gear,gear_2.2,2.2000,0,0,1,4,,4.9500,89.5636
online,RARL-TRPO,data_on,PointMaze,Navigation,gear,gear_2.2,2.2000,0,0,1,4,,5.0700,91.8406
online,RSC-SAC,learner_on,PointMaze,Navigation,gear,gear_2.2,2.2000,0,0,1,4,,3.5600,63.1879
online,SAC,standard,PointMaze,Navigation,gear,gear_2.2,2.2000,0,0,1,4,,6.3600,116.3188
online,ATLA,learner_on,PointMaze,Navigation,gear,gear_2.4,2.4000,0,0,1,4,,6.6200,121.2524
online,ATLA-SA,learner_on,PointMaze,Navigation,gear,gear_2.4,2.4000,0,0,1,4,,6.1900,113.0930
online,DR-SAC,data_on,PointMaze,Navigation,gear,gear_2.4,2.4000,0,0,1,4,,6.6100,121.0626
online,PPO,standard,PointMaze,Navigation,gear,gear_2.4,2.4000,0,0,1,4,,5.1000,92.4099
online,RARL-PPO,data_on,PointMaze,Navigation,gear,gear_2.4,2.4000,0,0,1,4,,5.0400,91.2713
online,RARL-TRPO,data_on,PointMaze,Navigation,gear,gear_2.4,2.4000,0,0,1,4,,5.1900,94.1176
online,RSC-SAC,learner_on,PointMaze,Navigation,gear,gear_2.4,2.4000,0,0,1,4,,3.4900,61.8596
online,SAC,standard,PointMaze,Navigation,gear,gear_2.4,2.4000,0,0,1,4,,6.4200,117.4573
online,ATLA,learner_on,Walker2d,Locomotion,gear,gear_0.6,0.6000,0,1,1,4,4,315.4515,6.8361
online,ATLA-SA,learner_on,Walker2d,Locomotion,gear,gear_0.6,0.6000,0,1,1,4,4,283.3874,6.1376
online,DR-SAC,data_on,Walker2d,Locomotion,gear,gear_0.6,0.6000,0,1,1,4,4,333.5797,7.2310
online,PPO,standard,Walker2d,Locomotion,gear,gear_0.6,0.6000,0,1,1,4,4,338.7845,7.3444
online,RARL-PPO,data_on,Walker2d,Locomotion,gear,gear_0.6,0.6000,0,1,1,4,4,376.4059,8.1639
online,RARL-TRPO,data_on,Walker2d,Locomotion,gear,gear_0.6,0.6000,0,1,1,4,4,361.3148,7.8351
online,RSC-SAC,learner_on,Walker2d,Locomotion,gear,gear_0.6,0.6000,0,1,1,4,4,379.0944,8.2224
online,SAC,standard,Walker2d,Locomotion,gear,gear_0.6,0.6000,0,1,1,4,4,586.3588,12.7373
online,ATLA,learner_on,Walker2d,Locomotion,gear,gear_0.7,0.7000,0,1,1,3,3,397.2283,8.6175
online,ATLA-SA,learner_on,Walker2d,Locomotion,gear,gear_0.7,0.7000,0,1,1,3,3,382.0090,8.2859
online,DR-SAC,data_on,Walker2d,Locomotion,gear,gear_0.7,0.7000,0,1,1,3,3,719.2698,15.6326
online,PPO,standard,Walker2d,Locomotion,gear,gear_0.7,0.7000,0,1,1,3,3,389.8925,8.4577
online,RARL-PPO,data_on,Walker2d,Locomotion,gear,gear_0.7,0.7000,0,1,1,3,3,437.6435,9.4978
online,RARL-TRPO,data_on,Walker2d,Locomotion,gear,gear_0.7,0.7000,0,1,1,3,3,418.8967,9.0895
online,RSC-SAC,learner_on,Walker2d,Locomotion,gear,gear_0.7,0.7000,0,1,1,3,3,1081.8174,23.5301
online,SAC,standard,Walker2d,Locomotion,gear,gear_0.7,0.7000,0,1,1,3,3,1939.0703,42.2039
online,ATLA,learner_on,Walker2d,Locomotion,gear,gear_0.8,0.8000,0,1,1,2,2,515.5926,11.1958
online,ATLA-SA,learner_on,Walker2d,Locomotion,gear,gear_0.8,0.8000,0,1,1,2,2,902.9065,19.6328
online,DR-SAC,data_on,Walker2d,Locomotion,gear,gear_0.8,0.8000,0,1,1,2,2,2400.2837,52.2506
online,PPO,standard,Walker2d,Locomotion,gear,gear_0.8,0.8000,0,1,1,2,2,489.7201,10.6322
online,RARL-PPO,data_on,Walker2d,Locomotion,gear,gear_0.8,0.8000,0,1,1,2,2,783.9562,17.0417
online,RARL-TRPO,data_on,Walker2d,Locomotion,gear,gear_0.8,0.8000,0,1,1,2,2,698.4864,15.1799
online,RSC-SAC,learner_on,Walker2d,Locomotion,gear,gear_0.8,0.8000,0,1,1,2,2,1772.0083,38.5647
online,SAC,standard,Walker2d,Locomotion,gear,gear_0.8,0.8000,0,1,1,2,2,3354.0352,73.0265
online,ATLA,learner_on,Walker2d,Locomotion,gear,gear_0.9,0.9000,0,1,1,1,1,1210.8736,26.3413
online,ATLA-SA,learner_on,Walker2d,Locomotion,gear,gear_0.9,0.9000,0,1,1,1,1,1583.9662,34.4685
online,DR-SAC,data_on,Walker2d,Locomotion,gear,gear_0.9,0.9000,0,1,1,1,1,4020.9162,87.5534
online,PPO,standard,Walker2d,Locomotion,gear,gear_0.9,0.9000,0,1,1,1,1,1005.5891,21.8696
online,RARL-PPO,data_on,Walker2d,Locomotion,gear,gear_0.9,0.9000,0,1,1,1,1,2327.2050,50.6587
online,RARL-TRPO,data_on,Walker2d,Locomotion,gear,gear_0.9,0.9000,0,1,1,1,1,2057.3148,44.7796
online,RSC-SAC,learner_on,Walker2d,Locomotion,gear,gear_0.9,0.9000,0,1,1,1,1,2260.7795,49.2118
online,SAC,standard,Walker2d,Locomotion,gear,gear_0.9,0.9000,0,1,1,1,1,4508.3713,98.1718
online,ATLA,learner_on,Walker2d,Locomotion,gear,gear_1,1.0000,1,0,0,,,3835.7641,83.5201
online,ATLA-SA,learner_on,Walker2d,Locomotion,gear,gear_1,1.0000,1,0,0,,,2921.0441,63.5945
online,DR-SAC,data_on,Walker2d,Locomotion,gear,gear_1,1.0000,1,0,0,,,3809.7198,82.9528
online,PPO,standard,Walker2d,Locomotion,gear,gear_1,1.0000,1,0,0,,,3541.6253,77.1128
online,RARL-PPO,data_on,Walker2d,Locomotion,gear,gear_1,1.0000,1,0,0,,,5160.0385,112.3672
online,RARL-TRPO,data_on,Walker2d,Locomotion,gear,gear_1,1.0000,1,0,0,,,4505.7685,98.1151
online,RSC-SAC,learner_on,Walker2d,Locomotion,gear,gear_1,1.0000,1,0,0,,,4011.3656,87.3453
online,SAC,standard,Walker2d,Locomotion,gear,gear_1,1.0000,1,0,0,,,4808.5800,104.7113
online,ATLA,learner_on,Walker2d,Locomotion,gear,gear_1.1,1.1000,0,1,1,1,1,3608.2325,78.5638
online,ATLA-SA,learner_on,Walker2d,Locomotion,gear,gear_1.1,1.1000,0,1,1,1,1,4019.0173,87.5120
online,DR-SAC,data_on,Walker2d,Locomotion,gear,gear_1.1,1.1000,0,1,1,1,1,3799.8993,82.7389
online,PPO,standard,Walker2d,Locomotion,gear,gear_1.1,1.1000,0,1,1,1,1,2830.3239,61.6183
online,RARL-PPO,data_on,Walker2d,Locomotion,gear,gear_1.1,1.1000,0,1,1,1,1,4847.7901,105.5654
online,RARL-TRPO,data_on,Walker2d,Locomotion,gear,gear_1.1,1.1000,0,1,1,1,1,4041.7557,88.0073
online,RSC-SAC,learner_on,Walker2d,Locomotion,gear,gear_1.1,1.1000,0,1,1,1,1,3971.2548,86.4716
online,SAC,standard,Walker2d,Locomotion,gear,gear_1.1,1.1000,0,1,1,1,1,4846.8460,105.5449
online,ATLA,learner_on,Walker2d,Locomotion,gear,gear_1.2,1.2000,0,1,1,2,2,2543.6854,55.3744
online,ATLA-SA,learner_on,Walker2d,Locomotion,gear,gear_1.2,1.2000,0,1,1,2,2,3967.3332,86.3862
online,DR-SAC,data_on,Walker2d,Locomotion,gear,gear_1.2,1.2000,0,1,1,2,2,4016.3974,87.4549
online,PPO,standard,Walker2d,Locomotion,gear,gear_1.2,1.2000,0,1,1,2,2,2492.0195,54.2489
online,RARL-PPO,data_on,Walker2d,Locomotion,gear,gear_1.2,1.2000,0,1,1,2,2,4103.0578,89.3427
online,RARL-TRPO,data_on,Walker2d,Locomotion,gear,gear_1.2,1.2000,0,1,1,2,2,2696.3547,58.7000
online,RSC-SAC,learner_on,Walker2d,Locomotion,gear,gear_1.2,1.2000,0,1,1,2,2,4064.8741,88.5109
online,SAC,standard,Walker2d,Locomotion,gear,gear_1.2,1.2000,0,1,1,2,2,4810.6663,104.7567
online,ATLA,learner_on,Walker2d,Locomotion,gear,gear_1.3,1.3000,0,1,1,3,3,1909.0335,41.5496
online,ATLA-SA,learner_on,Walker2d,Locomotion,gear,gear_1.3,1.3000,0,1,1,3,3,3899.2816,84.9038
online,DR-SAC,data_on,Walker2d,Locomotion,gear,gear_1.3,1.3000,0,1,1,3,3,4055.5643,88.3081
online,PPO,standard,Walker2d,Locomotion,gear,gear_1.3,1.3000,0,1,1,3,3,2187.0588,47.6059
online,RARL-PPO,data_on,Walker2d,Locomotion,gear,gear_1.3,1.3000,0,1,1,3,3,3066.2426,66.7574
online,RARL-TRPO,data_on,Walker2d,Locomotion,gear,gear_1.3,1.3000,0,1,1,3,3,2141.7585,46.6191
online,RSC-SAC,learner_on,Walker2d,Locomotion,gear,gear_1.3,1.3000,0,1,1,3,3,3986.1436,86.7959
online,SAC,standard,Walker2d,Locomotion,gear,gear_1.3,1.3000,0,1,1,3,3,4620.7996,100.6208
online,ATLA,learner_on,Walker2d,Locomotion,gear,gear_1.4,1.4000,0,1,1,4,4,1568.6183,34.1342
online,ATLA-SA,learner_on,Walker2d,Locomotion,gear,gear_1.4,1.4000,0,1,1,4,4,3797.5710,82.6882
online,DR-SAC,data_on,Walker2d,Locomotion,gear,gear_1.4,1.4000,0,1,1,4,4,3817.0636,83.1128
online,PPO,standard,Walker2d,Locomotion,gear,gear_1.4,1.4000,0,1,1,4,4,2063.1808,44.9074
online,RARL-PPO,data_on,Walker2d,Locomotion,gear,gear_1.4,1.4000,0,1,1,4,4,2866.8898,62.4149
online,RARL-TRPO,data_on,Walker2d,Locomotion,gear,gear_1.4,1.4000,0,1,1,4,4,1725.4909,37.5514
online,RSC-SAC,learner_on,Walker2d,Locomotion,gear,gear_1.4,1.4000,0,1,1,4,4,3710.8921,80.8000
online,SAC,standard,Walker2d,Locomotion,gear,gear_1.4,1.4000,0,1,1,4,4,4536.1172,98.7762
online,ATLA,learner_on,Walker2d,Locomotion,gravity,gravity_0.6,0.6000,0,1,1,4,4,1693.0703,36.8452
online,ATLA-SA,learner_on,Walker2d,Locomotion,gravity,gravity_0.6,0.6000,0,1,1,4,4,3559.2337,77.4964
online,DR-SAC,data_on,Walker2d,Locomotion,gravity,gravity_0.6,0.6000,0,1,1,4,4,3689.7739,80.3400
online,PPO,standard,Walker2d,Locomotion,gravity,gravity_0.6,0.6000,0,1,1,4,4,1697.3475,36.9384
online,RARL-PPO,data_on,Walker2d,Locomotion,gravity,gravity_0.6,0.6000,0,1,1,4,4,2969.6271,64.6528
online,RARL-TRPO,data_on,Walker2d,Locomotion,gravity,gravity_0.6,0.6000,0,1,1,4,4,1479.9538,32.2028
online,RSC-SAC,learner_on,Walker2d,Locomotion,gravity,gravity_0.6,0.6000,0,1,1,4,4,2912.1551,63.4009
online,SAC,standard,Walker2d,Locomotion,gravity,gravity_0.6,0.6000,0,1,1,4,4,4150.7742,90.3821
online,ATLA,learner_on,Walker2d,Locomotion,gravity,gravity_0.7,0.7000,0,1,1,3,3,1958.2620,42.6219
online,ATLA-SA,learner_on,Walker2d,Locomotion,gravity,gravity_0.7,0.7000,0,1,1,3,3,3770.6369,82.1015
online,DR-SAC,data_on,Walker2d,Locomotion,gravity,gravity_0.7,0.7000,0,1,1,3,3,3641.5844,79.2903
online,PPO,standard,Walker2d,Locomotion,gravity,gravity_0.7,0.7000,0,1,1,3,3,2135.9548,46.4927
online,RARL-PPO,data_on,Walker2d,Locomotion,gravity,gravity_0.7,0.7000,0,1,1,3,3,2602.0912,56.6467
online,RARL-TRPO,data_on,Walker2d,Locomotion,gravity,gravity_0.7,0.7000,0,1,1,3,3,1421.9440,30.9392
online,RSC-SAC,learner_on,Walker2d,Locomotion,gravity,gravity_0.7,0.7000,0,1,1,3,3,3156.7939,68.7299
online,SAC,standard,Walker2d,Locomotion,gravity,gravity_0.7,0.7000,0,1,1,3,3,4428.4283,96.4303
online,ATLA,learner_on,Walker2d,Locomotion,gravity,gravity_0.8,0.8000,0,1,1,2,2,2482.4395,54.0403
online,ATLA-SA,learner_on,Walker2d,Locomotion,gravity,gravity_0.8,0.8000,0,1,1,2,2,3844.1067,83.7019
online,DR-SAC,data_on,Walker2d,Locomotion,gravity,gravity_0.8,0.8000,0,1,1,2,2,4139.9351,90.1460
online,PPO,standard,Walker2d,Locomotion,gravity,gravity_0.8,0.8000,0,1,1,2,2,2375.4480,51.7096
online,RARL-PPO,data_on,Walker2d,Locomotion,gravity,gravity_0.8,0.8000,0,1,1,2,2,3932.9950,85.6382
online,RARL-TRPO,data_on,Walker2d,Locomotion,gravity,gravity_0.8,0.8000,0,1,1,2,2,2774.0767,60.3931
online,RSC-SAC,learner_on,Walker2d,Locomotion,gravity,gravity_0.8,0.8000,0,1,1,2,2,3322.3729,72.3368
online,SAC,standard,Walker2d,Locomotion,gravity,gravity_0.8,0.8000,0,1,1,2,2,4674.0294,101.7803
online,ATLA,learner_on,Walker2d,Locomotion,gravity,gravity_0.9,0.9000,0,1,1,1,1,3789.6721,82.5161
online,ATLA-SA,learner_on,Walker2d,Locomotion,gravity,gravity_0.9,0.9000,0,1,1,1,1,3665.5080,79.8114
online,DR-SAC,data_on,Walker2d,Locomotion,gravity,gravity_0.9,0.9000,0,1,1,1,1,4180.3722,91.0268
online,PPO,standard,Walker2d,Locomotion,gravity,gravity_0.9,0.9000,0,1,1,1,1,3017.1379,65.6878
online,RARL-PPO,data_on,Walker2d,Locomotion,gravity,gravity_0.9,0.9000,0,1,1,1,1,4573.9428,99.6001
online,RARL-TRPO,data_on,Walker2d,Locomotion,gravity,gravity_0.9,0.9000,0,1,1,1,1,3756.6749,81.7973
online,RSC-SAC,learner_on,Walker2d,Locomotion,gravity,gravity_0.9,0.9000,0,1,1,1,1,3922.4107,85.4076
online,SAC,standard,Walker2d,Locomotion,gravity,gravity_0.9,0.9000,0,1,1,1,1,4774.8390,103.9763
online,ATLA,learner_on,Walker2d,Locomotion,gravity,gravity_1,1.0000,1,0,0,,,3835.7641,83.5201
online,ATLA-SA,learner_on,Walker2d,Locomotion,gravity,gravity_1,1.0000,1,0,0,,,2921.0441,63.5945
online,DR-SAC,data_on,Walker2d,Locomotion,gravity,gravity_1,1.0000,1,0,0,,,3809.7915,82.9544
online,PPO,standard,Walker2d,Locomotion,gravity,gravity_1,1.0000,1,0,0,,,3541.6253,77.1128
online,RARL-PPO,data_on,Walker2d,Locomotion,gravity,gravity_1,1.0000,1,0,0,,,5154.1176,112.2382
online,RARL-TRPO,data_on,Walker2d,Locomotion,gravity,gravity_1,1.0000,1,0,0,,,4493.4983,97.8478
online,RSC-SAC,learner_on,Walker2d,Locomotion,gravity,gravity_1,1.0000,1,0,0,,,4011.3656,87.3453
online,SAC,standard,Walker2d,Locomotion,gravity,gravity_1,1.0000,1,0,0,,,4817.1854,104.8987
online,ATLA,learner_on,Walker2d,Locomotion,gravity,gravity_1.1,1.1000,0,1,1,1,1,1928.8698,41.9817
online,ATLA-SA,learner_on,Walker2d,Locomotion,gravity,gravity_1.1,1.1000,0,1,1,1,1,2832.9061,61.6746
online,DR-SAC,data_on,Walker2d,Locomotion,gravity,gravity_1.1,1.1000,0,1,1,1,1,4167.2668,90.7414
online,PPO,standard,Walker2d,Locomotion,gravity,gravity_1.1,1.1000,0,1,1,1,1,1660.8077,36.1424
online,RARL-PPO,data_on,Walker2d,Locomotion,gravity,gravity_1.1,1.1000,0,1,1,1,1,4365.6083,95.0619
online,RARL-TRPO,data_on,Walker2d,Locomotion,gravity,gravity_1.1,1.1000,0,1,1,1,1,4414.9534,96.1368
online,RSC-SAC,learner_on,Walker2d,Locomotion,gravity,gravity_1.1,1.1000,0,1,1,1,1,3004.3356,65.4089
online,SAC,standard,Walker2d,Locomotion,gravity,gravity_1.1,1.1000,0,1,1,1,1,4710.7685,102.5806
online,ATLA,learner_on,Walker2d,Locomotion,gravity,gravity_1.2,1.2000,0,1,1,2,2,792.2918,17.2233
online,ATLA-SA,learner_on,Walker2d,Locomotion,gravity,gravity_1.2,1.2000,0,1,1,2,2,1252.8732,27.2562
online,DR-SAC,data_on,Walker2d,Locomotion,gravity,gravity_1.2,1.2000,0,1,1,2,2,4308.5828,93.8197
online,PPO,standard,Walker2d,Locomotion,gravity,gravity_1.2,1.2000,0,1,1,2,2,690.1479,14.9982
online,RARL-PPO,data_on,Walker2d,Locomotion,gravity,gravity_1.2,1.2000,0,1,1,2,2,1454.8610,31.6562
online,RARL-TRPO,data_on,Walker2d,Locomotion,gravity,gravity_1.2,1.2000,0,1,1,2,2,1833.3290,39.9005
online,RSC-SAC,learner_on,Walker2d,Locomotion,gravity,gravity_1.2,1.2000,0,1,1,2,2,2045.9782,44.5327
online,SAC,standard,Walker2d,Locomotion,gravity,gravity_1.2,1.2000,0,1,1,2,2,4556.2963,99.2157
online,ATLA,learner_on,Walker2d,Locomotion,gravity,gravity_1.3,1.3000,0,1,1,3,3,488.7859,10.6119
online,ATLA-SA,learner_on,Walker2d,Locomotion,gravity,gravity_1.3,1.3000,0,1,1,3,3,1036.9313,22.5523
online,DR-SAC,data_on,Walker2d,Locomotion,gravity,gravity_1.3,1.3000,0,1,1,3,3,4340.6496,94.5182
online,PPO,standard,Walker2d,Locomotion,gravity,gravity_1.3,1.3000,0,1,1,3,3,484.2953,10.5141
online,RARL-PPO,data_on,Walker2d,Locomotion,gravity,gravity_1.3,1.3000,0,1,1,3,3,901.9491,19.6119
online,RARL-TRPO,data_on,Walker2d,Locomotion,gravity,gravity_1.3,1.3000,0,1,1,3,3,962.0438,20.9210
online,RSC-SAC,learner_on,Walker2d,Locomotion,gravity,gravity_1.3,1.3000,0,1,1,3,3,1904.7758,41.4568
online,SAC,standard,Walker2d,Locomotion,gravity,gravity_1.3,1.3000,0,1,1,3,3,4085.3634,88.9572
online,ATLA,learner_on,Walker2d,Locomotion,gravity,gravity_1.4,1.4000,0,1,1,4,4,391.7283,8.4977
online,ATLA-SA,learner_on,Walker2d,Locomotion,gravity,gravity_1.4,1.4000,0,1,1,4,4,910.6813,19.8022
online,DR-SAC,data_on,Walker2d,Locomotion,gravity,gravity_1.4,1.4000,0,1,1,4,4,3528.2826,76.8222
online,PPO,standard,Walker2d,Locomotion,gravity,gravity_1.4,1.4000,0,1,1,4,4,413.8544,8.9796
online,RARL-PPO,data_on,Walker2d,Locomotion,gravity,gravity_1.4,1.4000,0,1,1,4,4,513.0158,11.1397
online,RARL-TRPO,data_on,Walker2d,Locomotion,gravity,gravity_1.4,1.4000,0,1,1,4,4,660.1987,14.3458
online,RSC-SAC,learner_on,Walker2d,Locomotion,gravity,gravity_1.4,1.4000,0,1,1,4,4,1609.8475,35.0323
online,SAC,standard,Walker2d,Locomotion,gravity,gravity_1.4,1.4000,0,1,1,4,4,3493.7892,76.0708
online,ATLA,learner_on,Walker2d,Locomotion,morph,morph_0.6,0.6000,0,1,1,4,4,291.6759,6.3182
online,ATLA-SA,learner_on,Walker2d,Locomotion,morph,morph_0.6,0.6000,0,1,1,4,4,70.7062,1.5047
online,DR-SAC,data_on,Walker2d,Locomotion,morph,morph_0.6,0.6000,0,1,1,4,4,265.4877,5.7477
online,PPO,standard,Walker2d,Locomotion,morph,morph_0.6,0.6000,0,1,1,4,4,109.5024,2.3498
online,RARL-PPO,data_on,Walker2d,Locomotion,morph,morph_0.6,0.6000,0,1,1,4,4,120.7726,2.5953
online,RARL-TRPO,data_on,Walker2d,Locomotion,morph,morph_0.6,0.6000,0,1,1,4,4,116.9099,2.5112
online,RSC-SAC,learner_on,Walker2d,Locomotion,morph,morph_0.6,0.6000,0,1,1,4,4,171.2451,3.6948
online,SAC,standard,Walker2d,Locomotion,morph,morph_0.6,0.6000,0,1,1,4,4,194.0026,4.1905
online,ATLA,learner_on,Walker2d,Locomotion,morph,morph_0.7,0.7000,0,1,1,3,3,313.0109,6.7829
online,ATLA-SA,learner_on,Walker2d,Locomotion,morph,morph_0.7,0.7000,0,1,1,3,3,92.4404,1.9782
online,DR-SAC,data_on,Walker2d,Locomotion,morph,morph_0.7,0.7000,0,1,1,3,3,711.4152,15.4615
online,PPO,standard,Walker2d,Locomotion,morph,morph_0.7,0.7000,0,1,1,3,3,140.3549,3.0219
online,RARL-PPO,data_on,Walker2d,Locomotion,morph,morph_0.7,0.7000,0,1,1,3,3,72.4771,1.5433
online,RARL-TRPO,data_on,Walker2d,Locomotion,morph,morph_0.7,0.7000,0,1,1,3,3,80.8186,1.7250
online,RSC-SAC,learner_on,Walker2d,Locomotion,morph,morph_0.7,0.7000,0,1,1,3,3,343.1228,7.4389
online,SAC,standard,Walker2d,Locomotion,morph,morph_0.7,0.7000,0,1,1,3,3,730.8001,15.8838
online,ATLA,learner_on,Walker2d,Locomotion,morph,morph_0.8,0.8000,0,1,1,2,2,332.7460,7.2128
online,ATLA-SA,learner_on,Walker2d,Locomotion,morph,morph_0.8,0.8000,0,1,1,2,2,175.1676,3.7802
online,DR-SAC,data_on,Walker2d,Locomotion,morph,morph_0.8,0.8000,0,1,1,2,2,2470.8951,53.7888
online,PPO,standard,Walker2d,Locomotion,morph,morph_0.8,0.8000,0,1,1,2,2,418.1961,9.0742
online,RARL-PPO,data_on,Walker2d,Locomotion,morph,morph_0.8,0.8000,0,1,1,2,2,309.4521,6.7054
online,RARL-TRPO,data_on,Walker2d,Locomotion,morph,morph_0.8,0.8000,0,1,1,2,2,60.2481,1.2769
online,RSC-SAC,learner_on,Walker2d,Locomotion,morph,morph_0.8,0.8000,0,1,1,2,2,1620.7523,35.2699
online,SAC,standard,Walker2d,Locomotion,morph,morph_0.8,0.8000,0,1,1,2,2,3257.8506,70.9313
online,ATLA,learner_on,Walker2d,Locomotion,morph,morph_0.9,0.9000,0,1,1,1,1,841.2639,18.2900
online,ATLA-SA,learner_on,Walker2d,Locomotion,morph,morph_0.9,0.9000,0,1,1,1,1,1029.2538,22.3851
online,DR-SAC,data_on,Walker2d,Locomotion,morph,morph_0.9,0.9000,0,1,1,1,1,4404.7216,95.9139
online,PPO,standard,Walker2d,Locomotion,morph,morph_0.9,0.9000,0,1,1,1,1,1164.2115,25.3249
online,RARL-PPO,data_on,Walker2d,Locomotion,morph,morph_0.9,0.9000,0,1,1,1,1,1703.2235,37.0664
online,RARL-TRPO,data_on,Walker2d,Locomotion,morph,morph_0.9,0.9000,0,1,1,1,1,2198.2590,47.8499
online,RSC-SAC,learner_on,Walker2d,Locomotion,morph,morph_0.9,0.9000,0,1,1,1,1,3180.3722,69.2435
online,SAC,standard,Walker2d,Locomotion,morph,morph_0.9,0.9000,0,1,1,1,1,4226.3381,92.0281
online,ATLA,learner_on,Walker2d,Locomotion,morph,morph_1,1.0000,1,0,0,,,3835.7641,83.5201
online,ATLA-SA,learner_on,Walker2d,Locomotion,morph,morph_1,1.0000,1,0,0,,,2921.0441,63.5945
online,DR-SAC,data_on,Walker2d,Locomotion,morph,morph_1,1.0000,1,0,0,,,3809.7915,82.9544
online,PPO,standard,Walker2d,Locomotion,morph,morph_1,1.0000,1,0,0,,,3541.6253,77.1128
online,RARL-PPO,data_on,Walker2d,Locomotion,morph,morph_1,1.0000,1,0,0,,,5155.0781,112.2592
online,RARL-TRPO,data_on,Walker2d,Locomotion,morph,morph_1,1.0000,1,0,0,,,4493.7894,97.8541
online,RSC-SAC,learner_on,Walker2d,Locomotion,morph,morph_1,1.0000,1,0,0,,,4011.3656,87.3453
online,SAC,standard,Walker2d,Locomotion,morph,morph_1,1.0000,1,0,0,,,4809.9036,104.7401
online,ATLA,learner_on,Walker2d,Locomotion,morph,morph_1.1,1.1000,0,1,1,1,1,3954.2866,86.1020
online,ATLA-SA,learner_on,Walker2d,Locomotion,morph,morph_1.1,1.1000,0,1,1,1,1,3529.4177,76.8469
online,DR-SAC,data_on,Walker2d,Locomotion,morph,morph_1.1,1.1000,0,1,1,1,1,4267.6575,92.9282
online,PPO,standard,Walker2d,Locomotion,morph,morph_1.1,1.1000,0,1,1,1,1,2489.5789,54.1958
online,RARL-PPO,data_on,Walker2d,Locomotion,morph,morph_1.1,1.1000,0,1,1,1,1,4306.4750,93.7738
online,RARL-TRPO,data_on,Walker2d,Locomotion,morph,morph_1.1,1.1000,0,1,1,1,1,5207.0245,113.3907
online,RSC-SAC,learner_on,Walker2d,Locomotion,morph,morph_1.1,1.1000,0,1,1,1,1,3789.5351,82.5131
online,SAC,standard,Walker2d,Locomotion,morph,morph_1.1,1.1000,0,1,1,1,1,4763.8632,103.7372
online,ATLA,learner_on,Walker2d,Locomotion,morph,morph_1.2,1.2000,0,1,1,2,2,2917.1734,63.5102
online,ATLA-SA,learner_on,Walker2d,Locomotion,morph,morph_1.2,1.2000,0,1,1,2,2,2856.0195,62.1781
online,DR-SAC,data_on,Walker2d,Locomotion,morph,morph_1.2,1.2000,0,1,1,2,2,4228.5817,92.0770
online,PPO,standard,Walker2d,Locomotion,morph,morph_1.2,1.2000,0,1,1,2,2,1673.7292,36.4239
online,RARL-PPO,data_on,Walker2d,Locomotion,morph,morph_1.2,1.2000,0,1,1,2,2,3586.8750,78.0985
online,RARL-TRPO,data_on,Walker2d,Locomotion,morph,morph_1.2,1.2000,0,1,1,2,2,4482.2087,97.6018
online,RSC-SAC,learner_on,Walker2d,Locomotion,morph,morph_1.2,1.2000,0,1,1,2,2,3955.5861,86.1303
online,SAC,standard,Walker2d,Locomotion,morph,morph_1.2,1.2000,0,1,1,2,2,4721.4653,102.8136
online,ATLA,learner_on,Walker2d,Locomotion,morph,morph_1.3,1.3000,0,1,1,3,3,2015.7959,43.8752
online,ATLA-SA,learner_on,Walker2d,Locomotion,morph,morph_1.3,1.3000,0,1,1,3,3,2595.7492,56.5085
online,DR-SAC,data_on,Walker2d,Locomotion,morph,morph_1.3,1.3000,0,1,1,3,3,4131.9033,89.9710
online,PPO,standard,Walker2d,Locomotion,morph,morph_1.3,1.3000,0,1,1,3,3,1047.8924,22.7911
online,RARL-PPO,data_on,Walker2d,Locomotion,morph,morph_1.3,1.3000,0,1,1,3,3,2116.4784,46.0684
online,RARL-TRPO,data_on,Walker2d,Locomotion,morph,morph_1.3,1.3000,0,1,1,3,3,4250.5767,92.5561
online,RSC-SAC,learner_on,Walker2d,Locomotion,morph,morph_1.3,1.3000,0,1,1,3,3,3599.8113,78.3803
online,SAC,standard,Walker2d,Locomotion,morph,morph_1.3,1.3000,0,1,1,3,3,4258.9631,92.7388
online,ATLA,learner_on,Walker2d,Locomotion,morph,morph_1.4,1.4000,0,1,1,4,4,1028.5903,22.3706
online,ATLA-SA,learner_on,Walker2d,Locomotion,morph,morph_1.4,1.4000,0,1,1,4,4,2216.3292,48.2435
online,DR-SAC,data_on,Walker2d,Locomotion,morph,morph_1.4,1.4000,0,1,1,4,4,3857.6435,83.9968
online,PPO,standard,Walker2d,Locomotion,morph,morph_1.4,1.4000,0,1,1,4,4,652.0296,14.1679
online,RARL-PPO,data_on,Walker2d,Locomotion,morph,morph_1.4,1.4000,0,1,1,4,4,1293.0213,28.1308
online,RARL-TRPO,data_on,Walker2d,Locomotion,morph,morph_1.4,1.4000,0,1,1,4,4,3516.7071,76.5700
online,RSC-SAC,learner_on,Walker2d,Locomotion,morph,morph_1.4,1.4000,0,1,1,4,4,3054.9306,66.5110
online,SAC,standard,Walker2d,Locomotion,morph,morph_1.4,1.4000,0,1,1,4,4,3722.7453,81.0582
