regime,method,display,channel,grid,cell,seed,in_selection,return_mean,return_std,return_min,cvar,episode_length_mean,n_episodes,score,eval_seed,ckpt_select,diverged,source
online,PPO,PPO,theta_o,spec_obsadv_hopper,nominal,0,0,2504.4558,1018.289590788313,935.7759730753195,1040.3276058605493,744.2,20,77.5748,10000,last,0,runs/spec_p2_online/PPO/hopper_seed0/r_spec_obsadv_hopper_eval.json
online,PPO,PPO,theta_o,spec_obsadv_hopper,obs_uni_0.05,0,0,678.2387,183.38845516278533,380.9819550489243,445.1713735500093,221.2,20,21.4624,10000,last,0,runs/spec_p2_online/PPO/hopper_seed0/r_spec_obsadv_hopper_eval.json
online,PPO,PPO,theta_o,spec_obsadv_hopper,obs_uni_0.10,0,1,467.4581,108.31543809339104,342.78137918323813,350.5378811789431,169.35,20,14.9859,10000,last,0,runs/spec_p2_online/PPO/hopper_seed0/r_spec_obsadv_hopper_eval.json
online,PPO,PPO,theta_o,spec_obsadv_hopper,obs_uni_0.15,0,0,377.0529,45.622932536998555,293.755460700399,319.6327854834997,148.9,20,12.2082,10000,last,0,runs/spec_p2_online/PPO/hopper_seed0/r_spec_obsadv_hopper_eval.json
online,PPO,PPO,theta_o,spec_obsadv_hopper,obs_rel_0.05,0,0,1035.9197,189.7568832971085,800.3300261304628,871.62869000317,310.3,20,32.4525,10000,last,0,runs/spec_p2_online/PPO/hopper_seed0/r_spec_obsadv_hopper_eval.json
online,PPO,PPO,theta_o,spec_obsadv_hopper,obs_rel_0.10,0,1,838.2576,158.57050497346793,527.2759562344348,640.8122134686741,262.9,20,26.3791,10000,last,0,runs/spec_p2_online/PPO/hopper_seed0/r_spec_obsadv_hopper_eval.json
online,PPO,PPO,theta_o,spec_obsadv_hopper,obs_bias_0.05,0,0,744.2314,613.4159192118132,122.56444781892894,279.36479702331366,266.6,20,23.4901,10000,last,0,runs/spec_p2_online/PPO/hopper_seed0/r_spec_obsadv_hopper_eval.json
online,PPO,PPO,theta_o,spec_obsadv_hopper,obs_gauss_0.05,0,0,512.1171,171.01088345941687,310.16636345162397,338.37286555526236,182.15,20,16.3581,10000,last,0,runs/spec_p2_online/PPO/hopper_seed0/r_spec_obsadv_hopper_eval.json
online,PPO,PPO,theta_o,spec_obsadv_hopper,obs_gauss_0.10,0,1,318.4084,118.44990490009627,64.4282349720822,145.36718963832294,130.3,20,10.4062,10000,last,0,runs/spec_p2_online/PPO/hopper_seed0/r_spec_obsadv_hopper_eval.json
online,PPO,PPO,theta_o,spec_obsadv_hopper,obs_shift_0.01,0,0,895.2742,24.12542545606397,854.8248416533389,865.4710106745149,261.5,20,28.1310,10000,last,0,runs/spec_p2_online/PPO/hopper_seed0/r_spec_obsadv_hopper_eval.json
online,PPO,PPO,theta_o,spec_obsadv_hopper,obs_shift_0.02,0,0,788.7285,33.27918279590842,737.4549512256041,750.1343681233828,234.5,20,24.8573,10000,last,0,runs/spec_p2_online/PPO/hopper_seed0/r_spec_obsadv_hopper_eval.json
online,PPO,PPO,theta_o,spec_obsadv_hopper,nominal,1,0,3133.4931,630.1336523795866,2169.632583327399,2284.416448205329,855.4,20,96.9026,10000,last,0,runs/spec_p2_online/PPO/hopper_seed1/r_spec_obsadv_hopper_eval.json
online,PPO,PPO,theta_o,spec_obsadv_hopper,obs_uni_0.05,1,0,340.4781,414.8046524567401,73.8556269151775,82.22632799993535,120.4,20,11.0844,10000,last,0,runs/spec_p2_online/PPO/hopper_seed1/r_spec_obsadv_hopper_eval.json
online,PPO,PPO,theta_o,spec_obsadv_hopper,obs_uni_0.10,1,1,92.9563,75.02173908700465,42.75439765847815,49.67247836281469,48.9,20,3.4790,10000,last,0,runs/spec_p2_online/PPO/hopper_seed1/r_spec_obsadv_hopper_eval.json
online,PPO,PPO,theta_o,spec_obsadv_hopper,obs_uni_0.15,1,0,68.0437,30.282977281125156,39.58387594909724,44.39006603834836,39.2,20,2.7135,10000,last,0,runs/spec_p2_online/PPO/hopper_seed1/r_spec_obsadv_hopper_eval.json
online,PPO,PPO,theta_o,spec_obsadv_hopper,obs_rel_0.05,1,0,2529.5620,759.1057279605196,1180.9768814847032,1644.5897528124267,690.3,20,78.3462,10000,last,0,runs/spec_p2_online/PPO/hopper_seed1/r_spec_obsadv_hopper_eval.json
online,PPO,PPO,theta_o,spec_obsadv_hopper,obs_rel_0.10,1,1,1405.1930,759.8590133557562,157.21070383924283,334.08394480202804,391.9,20,43.7988,10000,last,0,runs/spec_p2_online/PPO/hopper_seed1/r_spec_obsadv_hopper_eval.json
online,PPO,PPO,theta_o,spec_obsadv_hopper,obs_bias_0.05,1,0,2051.3757,1440.1899403018124,45.66513679816361,110.27635974213199,585.2,20,63.6534,10000,last,0,runs/spec_p2_online/PPO/hopper_seed1/r_spec_obsadv_hopper_eval.json
online,PPO,PPO,theta_o,spec_obsadv_hopper,obs_gauss_0.05,1,0,74.9859,18.82334610864474,46.21189067128494,55.7412251671514,44.3,20,2.9268,10000,last,0,runs/spec_p2_online/PPO/hopper_seed1/r_spec_obsadv_hopper_eval.json
online,PPO,PPO,theta_o,spec_obsadv_hopper,obs_gauss_0.10,1,1,57.2508,9.024982896851913,42.90321692524852,45.55756824034789,34.4,20,2.3819,10000,last,0,runs/spec_p2_online/PPO/hopper_seed1/r_spec_obsadv_hopper_eval.json
online,PPO,PPO,theta_o,spec_obsadv_hopper,obs_shift_0.01,1,0,2991.7503,722.3123235627527,1956.7099255040528,1993.9683260833494,812.55,20,92.5474,10000,last,0,runs/spec_p2_online/PPO/hopper_seed1/r_spec_obsadv_hopper_eval.json
online,PPO,PPO,theta_o,spec_obsadv_hopper,obs_shift_0.02,1,0,1778.7978,593.6167626122582,1341.6177053376962,1412.0384418347726,479.85,20,55.2782,10000,last,0,runs/spec_p2_online/PPO/hopper_seed1/r_spec_obsadv_hopper_eval.json
online,PPO,PPO,theta_o,spec_obsadv_hopper,nominal,2,0,2591.3774,1094.6192985466996,1077.1888428104435,1180.2276669545724,741.05,20,80.2455,10000,last,0,runs/spec_p2_online/PPO/hopper_seed2/r_spec_obsadv_hopper_eval.json
online,PPO,PPO,theta_o,spec_obsadv_hopper,obs_uni_0.05,2,0,556.1861,197.97393662565392,389.0001415455383,402.4264638644264,179.6,20,17.7122,10000,last,0,runs/spec_p2_online/PPO/hopper_seed2/r_spec_obsadv_hopper_eval.json
online,PPO,PPO,theta_o,spec_obsadv_hopper,obs_uni_0.10,2,1,240.5247,176.65490107982868,73.74442234635063,77.50834407196784,92.45,20,8.0132,10000,last,0,runs/spec_p2_online/PPO/hopper_seed2/r_spec_obsadv_hopper_eval.json
online,PPO,PPO,theta_o,spec_obsadv_hopper,obs_uni_0.15,2,0,98.6606,77.90240555805909,55.866570424513014,63.74255146237205,50.2,20,3.6543,10000,last,0,runs/spec_p2_online/PPO/hopper_seed2/r_spec_obsadv_hopper_eval.json
online,PPO,PPO,theta_o,spec_obsadv_hopper,obs_rel_0.05,2,0,1388.9267,1224.741519985942,411.8205233729145,445.5344479308398,410.95,20,43.2990,10000,last,0,runs/spec_p2_online/PPO/hopper_seed2/r_spec_obsadv_hopper_eval.json
online,PPO,PPO,theta_o,spec_obsadv_hopper,obs_rel_0.10,2,1,533.2948,204.2197018531642,219.75671504889382,363.969637029328,172.45,20,17.0088,10000,last,0,runs/spec_p2_online/PPO/hopper_seed2/r_spec_obsadv_hopper_eval.json
online,PPO,PPO,theta_o,spec_obsadv_hopper,obs_bias_0.05,2,0,1151.7301,960.5903042603746,77.78096615562914,256.1871583053422,344.7,20,36.0109,10000,last,0,runs/spec_p2_online/PPO/hopper_seed2/r_spec_obsadv_hopper_eval.json
online,PPO,PPO,theta_o,spec_obsadv_hopper,obs_gauss_0.05,2,0,262.0669,162.56464689375628,71.16518668474698,78.14359076529881,98.55,20,8.6751,10000,last,0,runs/spec_p2_online/PPO/hopper_seed2/r_spec_obsadv_hopper_eval.json
online,PPO,PPO,theta_o,spec_obsadv_hopper,obs_gauss_0.10,2,1,109.3419,98.55905485060786,55.60864959927877,61.229296640784,52.4,20,3.9825,10000,last,0,runs/spec_p2_online/PPO/hopper_seed2/r_spec_obsadv_hopper_eval.json
online,PPO,PPO,theta_o,spec_obsadv_hopper,obs_shift_0.01,2,0,1146.0035,247.8060989016168,931.1135086752486,968.203056234297,325.2,20,35.8350,10000,last,0,runs/spec_p2_online/PPO/hopper_seed2/r_spec_obsadv_hopper_eval.json
online,PPO,PPO,theta_o,spec_obsadv_hopper,obs_shift_0.02,2,0,974.7514,376.41999721331933,611.089258779125,622.1301706322809,282.9,20,30.5731,10000,last,0,runs/spec_p2_online/PPO/hopper_seed2/r_spec_obsadv_hopper_eval.json
online,PPO,PPO,theta_o,spec_obsadv_hopper,nominal,3407,0,2248.3716,885.7186915114814,98.12946236413127,1343.0614260716732,625.7,20,69.7063,10000,last,0,runs/spec_p2_online/PPO/hopper_seed3407/r_spec_obsadv_hopper_eval.json
online,PPO,PPO,theta_o,spec_obsadv_hopper,obs_uni_0.05,3407,0,1628.8126,1245.910729198604,62.3432498812751,74.28100657618675,462.9,20,50.6698,10000,last,0,runs/spec_p2_online/PPO/hopper_seed3407/r_spec_obsadv_hopper_eval.json
online,PPO,PPO,theta_o,spec_obsadv_hopper,obs_uni_0.10,3407,1,905.5601,973.4523956084353,59.91714334917037,62.66589354646352,269.35,20,28.4471,10000,last,0,runs/spec_p2_online/PPO/hopper_seed3407/r_spec_obsadv_hopper_eval.json
online,PPO,PPO,theta_o,spec_obsadv_hopper,obs_uni_0.15,3407,0,823.7468,585.0740866298195,54.50508489824368,61.276858800625675,252.05,20,25.9333,10000,last,0,runs/spec_p2_online/PPO/hopper_seed3407/r_spec_obsadv_hopper_eval.json
online,PPO,PPO,theta_o,spec_obsadv_hopper,obs_rel_0.05,3407,0,2580.0142,1297.7797913789966,74.89382383563091,625.4867092374978,715.0,20,79.8964,10000,last,0,runs/spec_p2_online/PPO/hopper_seed3407/r_spec_obsadv_hopper_eval.json
online,PPO,PPO,theta_o,spec_obsadv_hopper,obs_rel_0.10,3407,1,1676.8651,1431.8482948774606,59.24713820797931,65.1718529526477,474.2,20,52.1462,10000,last,0,runs/spec_p2_online/PPO/hopper_seed3407/r_spec_obsadv_hopper_eval.json
online,PPO,PPO,theta_o,spec_obsadv_hopper,obs_bias_0.05,3407,0,1102.8128,1149.0410662727477,52.67075992852278,62.675062549333134,333.55,20,34.5079,10000,last,0,runs/spec_p2_online/PPO/hopper_seed3407/r_spec_obsadv_hopper_eval.json
online,PPO,PPO,theta_o,spec_obsadv_hopper,obs_gauss_0.05,3407,0,843.8831,899.2468493995974,59.45390933059243,62.72694523282134,251.1,20,26.5520,10000,last,0,runs/spec_p2_online/PPO/hopper_seed3407/r_spec_obsadv_hopper_eval.json
online,PPO,PPO,theta_o,spec_obsadv_hopper,obs_gauss_0.10,3407,1,587.3149,527.8555044762443,56.973346574382745,58.91018185487381,191.45,20,18.6687,10000,last,0,runs/spec_p2_online/PPO/hopper_seed3407/r_spec_obsadv_hopper_eval.json
online,PPO,PPO,theta_o,spec_obsadv_hopper,obs_shift_0.01,3407,0,1207.1610,161.33374678204973,729.4326787715294,979.7565529271471,347.0,20,37.7141,10000,last,0,runs/spec_p2_online/PPO/hopper_seed3407/r_spec_obsadv_hopper_eval.json
online,PPO,PPO,theta_o,spec_obsadv_hopper,obs_shift_0.02,3407,0,799.2689,68.37382077025346,677.3998758756177,709.7001287064347,241.55,20,25.1812,10000,last,0,runs/spec_p2_online/PPO/hopper_seed3407/r_spec_obsadv_hopper_eval.json
online,PPO,PPO,theta_o,spec_obsadv_hopper,nominal,42,0,2858.1148,970.2097847403708,1419.3147913935256,1491.0346548019654,760.5,20,88.4413,10000,last,0,runs/spec_p2_online/PPO/hopper_seed42/r_spec_obsadv_hopper_eval.json
online,PPO,PPO,theta_o,spec_obsadv_hopper,obs_uni_0.05,42,0,1519.2447,971.9884293666008,637.4583583380388,763.2460879240158,415.1,20,47.3032,10000,last,0,runs/spec_p2_online/PPO/hopper_seed42/r_spec_obsadv_hopper_eval.json
online,PPO,PPO,theta_o,spec_obsadv_hopper,obs_uni_0.10,42,1,905.1112,554.9995936231784,85.07808468334218,338.7441829863974,258.5,20,28.4333,10000,last,0,runs/spec_p2_online/PPO/hopper_seed42/r_spec_obsadv_hopper_eval.json
online,PPO,PPO,theta_o,spec_obsadv_hopper,obs_uni_0.15,42,0,559.5199,372.65727616589703,77.29707810453742,124.31883942787314,179.55,20,17.8146,10000,last,0,runs/spec_p2_online/PPO/hopper_seed42/r_spec_obsadv_hopper_eval.json
online,PPO,PPO,theta_o,spec_obsadv_hopper,obs_rel_0.05,42,0,2606.7116,908.0148297505193,1083.7121021600817,1552.1357705894102,694.1,20,80.7167,10000,last,0,runs/spec_p2_online/PPO/hopper_seed42/r_spec_obsadv_hopper_eval.json
online,PPO,PPO,theta_o,spec_obsadv_hopper,obs_rel_0.10,42,1,2264.6975,937.7247722962485,910.231438099643,1269.2429035225719,597.35,20,70.2080,10000,last,0,runs/spec_p2_online/PPO/hopper_seed42/r_spec_obsadv_hopper_eval.json
online,PPO,PPO,theta_o,spec_obsadv_hopper,obs_bias_0.05,42,0,1917.1263,1387.1998113674601,79.64464112750987,263.31165175441146,527.8,20,59.5285,10000,last,0,runs/spec_p2_online/PPO/hopper_seed42/r_spec_obsadv_hopper_eval.json
online,PPO,PPO,theta_o,spec_obsadv_hopper,obs_gauss_0.05,42,0,1192.2334,605.684007986448,532.750069743055,643.174327391646,332.3,20,37.2554,10000,last,0,runs/spec_p2_online/PPO/hopper_seed42/r_spec_obsadv_hopper_eval.json
online,PPO,PPO,theta_o,spec_obsadv_hopper,obs_gauss_0.10,42,1,534.3448,328.6616973221908,79.88668946361344,150.24492823925505,171.0,20,17.0411,10000,last,0,runs/spec_p2_online/PPO/hopper_seed42/r_spec_obsadv_hopper_eval.json
online,PPO,PPO,theta_o,spec_obsadv_hopper,obs_shift_0.01,42,0,1899.9320,376.77210314086255,1452.4636320720215,1584.470811519002,490.7,20,59.0002,10000,last,0,runs/spec_p2_online/PPO/hopper_seed42/r_spec_obsadv_hopper_eval.json
online,PPO,PPO,theta_o,spec_obsadv_hopper,obs_shift_0.02,42,0,2087.8256,772.5535670410459,1430.4921025581136,1452.5056088143788,543.5,20,64.7734,10000,last,0,runs/spec_p2_online/PPO/hopper_seed42/r_spec_obsadv_hopper_eval.json
online,PPO,PPO,theta_o,spec_obsadv_mad_hopper,nominal,0,0,2549.7064,1026.7694104679376,931.4507388606689,1047.5648513841466,,20,78.9652,10000,,0,runs/spec_p2_online/PPO/hopper_seed0/r_spec_obsadv_mad_hopper_eval.json
online,PPO,PPO,theta_o,spec_obsadv_mad_hopper,mad_0.02,0,1,843.6221,132.90885455465946,518.8166673233858,680.2514376726089,,20,26.5440,10000,,0,runs/spec_p2_online/PPO/hopper_seed0/r_spec_obsadv_mad_hopper_eval.json
online,PPO,PPO,theta_o,spec_obsadv_mad_hopper,mad_0.035,0,0,504.9990,131.23165796438363,332.12944860116716,354.0907193134466,,20,16.1394,10000,,0,runs/spec_p2_online/PPO/hopper_seed0/r_spec_obsadv_mad_hopper_eval.json
online,PPO,PPO,theta_o,spec_obsadv_mad_hopper,mad_0.05,0,1,393.1418,60.73286227329528,298.73270322167014,332.12383990281126,,20,12.7025,10000,,0,runs/spec_p2_online/PPO/hopper_seed0/r_spec_obsadv_mad_hopper_eval.json
online,PPO,PPO,theta_o,spec_obsadv_mad_hopper,mad_0.075,0,0,345.1970,47.17772962544857,243.76597553892563,286.06918529390015,,20,11.2293,10000,,0,runs/spec_p2_online/PPO/hopper_seed0/r_spec_obsadv_mad_hopper_eval.json
online,PPO,PPO,theta_o,spec_obsadv_mad_hopper,mad_0.10,0,0,349.8854,45.71655203005488,227.27547056953117,285.60540858469113,,20,11.3734,10000,,0,runs/spec_p2_online/PPO/hopper_seed0/r_spec_obsadv_mad_hopper_eval.json
online,PPO,PPO,theta_o,spec_obsadv_mad_hopper,nominal,1,0,2984.4998,660.9535669344617,2167.877960438305,2180.237134535399,,20,92.3246,10000,,0,runs/spec_p2_online/PPO/hopper_seed1/r_spec_obsadv_mad_hopper_eval.json
online,PPO,PPO,theta_o,spec_obsadv_mad_hopper,mad_0.02,1,1,631.8497,656.3714185365606,83.36139650492615,85.51482632329632,,20,20.0370,10000,,0,runs/spec_p2_online/PPO/hopper_seed1/r_spec_obsadv_mad_hopper_eval.json
online,PPO,PPO,theta_o,spec_obsadv_mad_hopper,mad_0.035,1,0,101.8083,42.88235258044419,67.28957623816673,73.14243436374262,,20,3.7510,10000,,0,runs/spec_p2_online/PPO/hopper_seed1/r_spec_obsadv_mad_hopper_eval.json
online,PPO,PPO,theta_o,spec_obsadv_mad_hopper,mad_0.05,1,1,63.0028,12.014853199564325,41.32217262332872,47.172387239550076,,20,2.5586,10000,,0,runs/spec_p2_online/PPO/hopper_seed1/r_spec_obsadv_mad_hopper_eval.json
online,PPO,PPO,theta_o,spec_obsadv_mad_hopper,mad_0.075,1,0,62.5551,13.722430392298332,43.02271071541129,47.61862725091608,,20,2.5449,10000,,0,runs/spec_p2_online/PPO/hopper_seed1/r_spec_obsadv_mad_hopper_eval.json
online,PPO,PPO,theta_o,spec_obsadv_mad_hopper,mad_0.10,1,0,51.0762,10.953400109730847,39.12729318147532,41.09623708844488,,20,2.1922,10000,,0,runs/spec_p2_online/PPO/hopper_seed1/r_spec_obsadv_mad_hopper_eval.json
online,PPO,PPO,theta_o,spec_obsadv_mad_hopper,nominal,2,0,2350.9239,1127.9331339600117,1080.7742313572203,1122.2295318665945,,20,72.8574,10000,,0,runs/spec_p2_online/PPO/hopper_seed2/r_spec_obsadv_mad_hopper_eval.json
online,PPO,PPO,theta_o,spec_obsadv_mad_hopper,mad_0.02,2,1,500.9595,148.1492389787412,395.6411008158815,397.346569483401,,20,16.0153,10000,,0,runs/spec_p2_online/PPO/hopper_seed2/r_spec_obsadv_mad_hopper_eval.json
online,PPO,PPO,theta_o,spec_obsadv_mad_hopper,mad_0.035,2,0,335.0799,240.43536399618503,75.47582795479596,80.45101826057734,,20,10.9185,10000,,0,runs/spec_p2_online/PPO/hopper_seed2/r_spec_obsadv_mad_hopper_eval.json
online,PPO,PPO,theta_o,spec_obsadv_mad_hopper,mad_0.05,2,1,112.2680,93.53607651335496,67.8929601136121,71.0057994507401,,20,4.0724,10000,,0,runs/spec_p2_online/PPO/hopper_seed2/r_spec_obsadv_mad_hopper_eval.json
online,PPO,PPO,theta_o,spec_obsadv_mad_hopper,mad_0.075,2,0,92.6789,68.60213621513154,60.82684156281369,61.63431621526934,,20,3.4705,10000,,0,runs/spec_p2_online/PPO/hopper_seed2/r_spec_obsadv_mad_hopper_eval.json
online,PPO,PPO,theta_o,spec_obsadv_mad_hopper,mad_0.10,2,0,150.6995,121.80921407586146,55.80925154387615,61.74720423719155,,20,5.2532,10000,,0,runs/spec_p2_online/PPO/hopper_seed2/r_spec_obsadv_mad_hopper_eval.json
online,PPO,PPO,theta_o,spec_obsadv_mad_hopper,nominal,3407,0,2319.1186,853.5851778460554,98.03857781118,1371.0518639397853,,20,71.8801,10000,,0,runs/spec_p2_online/PPO/hopper_seed3407/r_spec_obsadv_mad_hopper_eval.json
online,PPO,PPO,theta_o,spec_obsadv_mad_hopper,mad_0.02,3407,1,1477.8269,1102.880150866097,57.512573306216616,67.91159741336111,,20,46.0306,10000,,0,runs/spec_p2_online/PPO/hopper_seed3407/r_spec_obsadv_mad_hopper_eval.json
online,PPO,PPO,theta_o,spec_obsadv_mad_hopper,mad_0.035,3407,0,505.4325,572.3344521479116,55.82451959313751,59.82881348260205,,20,16.1527,10000,,0,runs/spec_p2_online/PPO/hopper_seed3407/r_spec_obsadv_mad_hopper_eval.json
online,PPO,PPO,theta_o,spec_obsadv_mad_hopper,mad_0.05,3407,1,344.7776,417.5673285782198,56.67542320565886,61.590462180026705,,20,11.2165,10000,,0,runs/spec_p2_online/PPO/hopper_seed3407/r_spec_obsadv_mad_hopper_eval.json
online,PPO,PPO,theta_o,spec_obsadv_mad_hopper,mad_0.075,3407,0,406.8668,317.6738355156058,56.47416609216048,64.56294628730328,,20,13.1242,10000,,0,runs/spec_p2_online/PPO/hopper_seed3407/r_spec_obsadv_mad_hopper_eval.json
online,PPO,PPO,theta_o,spec_obsadv_mad_hopper,mad_0.10,3407,0,263.3144,189.6077111030252,60.29474976933775,68.69871634304118,,20,8.7134,10000,,0,runs/spec_p2_online/PPO/hopper_seed3407/r_spec_obsadv_mad_hopper_eval.json
online,PPO,PPO,theta_o,spec_obsadv_mad_hopper,nominal,42,0,2823.9521,952.0292121528852,1418.7533831473856,1486.6206007310893,,20,87.3916,10000,,0,runs/spec_p2_online/PPO/hopper_seed42/r_spec_obsadv_mad_hopper_eval.json
online,PPO,PPO,theta_o,spec_obsadv_mad_hopper,mad_0.02,42,1,1535.5654,848.1045731074186,714.6583264165711,794.7843617321626,,20,47.8046,10000,,0,runs/spec_p2_online/PPO/hopper_seed42/r_spec_obsadv_mad_hopper_eval.json
online,PPO,PPO,theta_o,spec_obsadv_mad_hopper,mad_0.035,42,0,1343.6004,849.3452535027014,411.86795476876824,606.4033182373489,,20,41.9063,10000,,0,runs/spec_p2_online/PPO/hopper_seed42/r_spec_obsadv_mad_hopper_eval.json
online,PPO,PPO,theta_o,spec_obsadv_mad_hopper,mad_0.05,42,1,1156.1372,788.4381052765846,189.77180220344903,446.60111764109115,,20,36.1463,10000,,0,runs/spec_p2_online/PPO/hopper_seed42/r_spec_obsadv_mad_hopper_eval.json
online,PPO,PPO,theta_o,spec_obsadv_mad_hopper,mad_0.075,42,0,530.7917,363.50487524010373,76.27382733463195,172.49331304383833,,20,16.9319,10000,,0,runs/spec_p2_online/PPO/hopper_seed42/r_spec_obsadv_mad_hopper_eval.json
online,PPO,PPO,theta_o,spec_obsadv_mad_hopper,mad_0.10,42,0,307.2500,202.06104226943518,75.89944935229106,134.8898964665911,,20,10.0634,10000,,0,runs/spec_p2_online/PPO/hopper_seed42/r_spec_obsadv_mad_hopper_eval.json
online,PPO,PPO,theta_a,spec_action_hopper,nominal,0,0,2504.4558,1018.289590788313,935.7759730753195,1040.3276058605493,744.2,20,77.5748,10000,last,0,runs/spec_p2_online/PPO/hopper_seed0/r_spec_action_hopper_eval.json
online,PPO,PPO,theta_a,spec_action_hopper,act_gauss_0.05,0,0,1687.9019,773.9980513119617,870.4861540709466,899.7597055867788,496.6,20,52.4853,10000,last,0,runs/spec_p2_online/PPO/hopper_seed0/r_spec_action_hopper_eval.json
online,PPO,PPO,theta_a,spec_action_hopper,act_gauss_0.10,0,1,1550.1332,620.6016319767474,696.4217360020691,832.6957902365102,458.25,20,48.2522,10000,last,0,runs/spec_p2_online/PPO/hopper_seed0/r_spec_action_hopper_eval.json
online,PPO,PPO,theta_a,spec_action_hopper,act_gauss_0.20,0,0,1150.2374,402.4674561049898,623.542225949441,722.1758592390493,349.05,20,35.9650,10000,last,0,runs/spec_p2_online/PPO/hopper_seed0/r_spec_action_hopper_eval.json
online,PPO,PPO,theta_a,spec_action_hopper,act_uni_0.10,0,1,1739.7194,813.7318707897238,861.4493378052169,894.0750577277701,513.55,20,54.0775,10000,last,0,runs/spec_p2_online/PPO/hopper_seed0/r_spec_action_hopper_eval.json
online,PPO,PPO,theta_a,spec_action_hopper,act_offset_0.05,0,1,744.1182,72.7737250153043,652.7978738235105,667.8691369129103,222.6,20,23.4866,10000,last,0,runs/spec_p2_online/PPO/hopper_seed0/r_spec_action_hopper_eval.json
online,PPO,PPO,theta_a,spec_action_hopper,act_oppose_0.10,0,1,813.1334,50.36302972137645,710.1216438672539,741.3390770193439,242.95,20,25.6072,10000,last,0,runs/spec_p2_online/PPO/hopper_seed0/r_spec_action_hopper_eval.json
online,PPO,PPO,theta_a,spec_action_hopper,act_oppose_0.20,0,0,607.7819,18.34325284297451,585.0686992877426,587.9983063508246,195.4,20,19.2975,10000,last,0,runs/spec_p2_online/PPO/hopper_seed0/r_spec_action_hopper_eval.json
online,PPO,PPO,theta_a,spec_action_hopper,cmd_gauss_0.20,0,0,1150.2374,402.4674561049898,623.542225949441,722.1758592390493,349.05,20,35.9650,10000,last,0,runs/spec_p2_online/PPO/hopper_seed0/r_spec_action_hopper_eval.json
online,PPO,PPO,theta_a,spec_action_hopper,cmd_oppose_0.20,0,1,607.7819,18.34325284297451,585.0686992877426,587.9983063508246,195.4,20,19.2975,10000,last,0,runs/spec_p2_online/PPO/hopper_seed0/r_spec_action_hopper_eval.json
online,PPO,PPO,theta_a,spec_action_hopper,nominal,1,0,3133.4931,630.1336523795866,2169.632583327399,2284.416448205329,855.4,20,96.9026,10000,last,0,runs/spec_p2_online/PPO/hopper_seed1/r_spec_action_hopper_eval.json
online,PPO,PPO,theta_a,spec_action_hopper,act_gauss_0.05,1,0,2999.5122,842.509588732271,1668.3431734794044,1784.1566345250933,826.2,20,92.7859,10000,last,0,runs/spec_p2_online/PPO/hopper_seed1/r_spec_action_hopper_eval.json
online,PPO,PPO,theta_a,spec_action_hopper,act_gauss_0.10,1,1,2232.0594,780.614811656711,1271.7453251327327,1403.0271949153037,611.75,20,69.2051,10000,last,0,runs/spec_p2_online/PPO/hopper_seed1/r_spec_action_hopper_eval.json
online,PPO,PPO,theta_a,spec_action_hopper,act_gauss_0.20,1,0,781.1523,547.6667020415941,154.31133617704046,158.82348816180405,236.05,20,24.6245,10000,last,0,runs/spec_p2_online/PPO/hopper_seed1/r_spec_action_hopper_eval.json
online,PPO,PPO,theta_a,spec_action_hopper,act_uni_0.10,1,1,2568.7694,794.710392086997,1608.8608588970617,1769.3595904466224,704.8,20,79.5509,10000,last,0,runs/spec_p2_online/PPO/hopper_seed1/r_spec_action_hopper_eval.json
online,PPO,PPO,theta_a,spec_action_hopper,act_offset_0.05,1,1,375.6510,429.185855392302,158.30243978959362,159.95624408557288,127.6,20,12.1651,10000,last,0,runs/spec_p2_online/PPO/hopper_seed1/r_spec_action_hopper_eval.json
online,PPO,PPO,theta_a,spec_action_hopper,act_oppose_0.10,1,1,1847.8122,774.3188080221868,1158.6264619177641,1302.411899055697,520.5,20,57.3987,10000,last,0,runs/spec_p2_online/PPO/hopper_seed1/r_spec_action_hopper_eval.json
online,PPO,PPO,theta_a,spec_action_hopper,act_oppose_0.20,1,0,241.3263,177.99713829301996,164.66667123317242,164.80130282587658,97.4,20,8.0378,10000,last,0,runs/spec_p2_online/PPO/hopper_seed1/r_spec_action_hopper_eval.json
online,PPO,PPO,theta_a,spec_action_hopper,cmd_gauss_0.20,1,0,781.1523,547.6667020415941,154.31133617704046,158.82348816180405,236.05,20,24.6245,10000,last,0,runs/spec_p2_online/PPO/hopper_seed1/r_spec_action_hopper_eval.json
online,PPO,PPO,theta_a,spec_action_hopper,cmd_oppose_0.20,1,1,241.3263,177.99713829301996,164.66667123317242,164.80130282587658,97.4,20,8.0378,10000,last,0,runs/spec_p2_online/PPO/hopper_seed1/r_spec_action_hopper_eval.json
online,PPO,PPO,theta_a,spec_action_hopper,nominal,2,0,2591.3774,1094.6192985466996,1077.1888428104435,1180.2276669545724,741.05,20,80.2455,10000,last,0,runs/spec_p2_online/PPO/hopper_seed2/r_spec_action_hopper_eval.json
online,PPO,PPO,theta_a,spec_action_hopper,act_gauss_0.05,2,0,1551.4186,922.1741512423166,622.164354011757,749.2636798476866,446.45,20,48.2917,10000,last,0,runs/spec_p2_online/PPO/hopper_seed2/r_spec_action_hopper_eval.json
online,PPO,PPO,theta_a,spec_action_hopper,act_gauss_0.10,2,1,1024.3199,551.106374478555,538.6331270060806,568.8802685638364,302.8,20,32.0961,10000,last,0,runs/spec_p2_online/PPO/hopper_seed2/r_spec_action_hopper_eval.json
online,PPO,PPO,theta_a,spec_action_hopper,act_gauss_0.20,2,0,529.7403,201.7836539757248,388.9890602058804,393.16761998928683,173.05,20,16.8996,10000,last,0,runs/spec_p2_online/PPO/hopper_seed2/r_spec_action_hopper_eval.json
online,PPO,PPO,theta_a,spec_action_hopper,act_uni_0.10,2,1,2219.5487,1150.5996775199937,541.3111829753142,884.9592413525054,640.6,20,68.8207,10000,last,0,runs/spec_p2_online/PPO/hopper_seed2/r_spec_action_hopper_eval.json
online,PPO,PPO,theta_a,spec_action_hopper,act_offset_0.05,2,1,597.9730,31.476525713025875,502.62159717447304,552.2646543020307,189.3,20,18.9962,10000,last,0,runs/spec_p2_online/PPO/hopper_seed2/r_spec_action_hopper_eval.json
online,PPO,PPO,theta_a,spec_action_hopper,act_oppose_0.10,2,1,1318.0632,542.3770688590382,830.8849807226666,898.4838677607022,384.95,20,41.1217,10000,last,0,runs/spec_p2_online/PPO/hopper_seed2/r_spec_action_hopper_eval.json
online,PPO,PPO,theta_a,spec_action_hopper,act_oppose_0.20,2,0,414.8610,16.729647593139006,387.7389216034832,392.5654889683581,145.0,20,13.3698,10000,last,0,runs/spec_p2_online/PPO/hopper_seed2/r_spec_action_hopper_eval.json
online,PPO,PPO,theta_a,spec_action_hopper,cmd_gauss_0.20,2,0,529.7403,201.7836539757248,388.9890602058804,393.16761998928683,173.05,20,16.8996,10000,last,0,runs/spec_p2_online/PPO/hopper_seed2/r_spec_action_hopper_eval.json
online,PPO,PPO,theta_a,spec_action_hopper,cmd_oppose_0.20,2,1,414.8610,16.729647593139006,387.7389216034832,392.5654889683581,145.0,20,13.3698,10000,last,0,runs/spec_p2_online/PPO/hopper_seed2/r_spec_action_hopper_eval.json
online,PPO,PPO,theta_a,spec_action_hopper,nominal,3407,0,2248.3716,885.7186915114814,98.12946236413127,1343.0614260716732,625.7,20,69.7063,10000,last,0,runs/spec_p2_online/PPO/hopper_seed3407/r_spec_action_hopper_eval.json
online,PPO,PPO,theta_a,spec_action_hopper,act_gauss_0.05,3407,0,2118.9456,754.9189003831501,82.01672810098545,1201.422228790068,588.85,20,65.7296,10000,last,0,runs/spec_p2_online/PPO/hopper_seed3407/r_spec_action_hopper_eval.json
online,PPO,PPO,theta_a,spec_action_hopper,act_gauss_0.10,3407,1,1340.3585,1186.4800317307247,54.62199315086499,61.756327597797494,386.65,20,41.8067,10000,last,0,runs/spec_p2_online/PPO/hopper_seed3407/r_spec_action_hopper_eval.json
online,PPO,PPO,theta_a,spec_action_hopper,act_gauss_0.20,3407,0,653.2093,426.33164914410304,55.99885171651192,64.46831265022698,202.3,20,20.6933,10000,last,0,runs/spec_p2_online/PPO/hopper_seed3407/r_spec_action_hopper_eval.json
online,PPO,PPO,theta_a,spec_action_hopper,act_uni_0.10,3407,1,2003.5469,803.7035425027419,1167.742962316952,1320.8107198962248,556.3,20,62.1839,10000,last,0,runs/spec_p2_online/PPO/hopper_seed3407/r_spec_action_hopper_eval.json
online,PPO,PPO,theta_a,spec_action_hopper,act_offset_0.05,3407,1,90.9655,9.33161446686776,70.24053759378809,77.89073670160607,52.95,20,3.4178,10000,last,0,runs/spec_p2_online/PPO/hopper_seed3407/r_spec_action_hopper_eval.json
online,PPO,PPO,theta_a,spec_action_hopper,act_oppose_0.10,3407,1,711.3893,307.97525109361675,98.23137348299488,237.55570976291278,219.1,20,22.4810,10000,last,0,runs/spec_p2_online/PPO/hopper_seed3407/r_spec_action_hopper_eval.json
online,PPO,PPO,theta_a,spec_action_hopper,act_oppose_0.20,3407,0,416.6920,184.88315926559903,91.63676185535151,97.37927618670396,141.15,20,13.4261,10000,last,0,runs/spec_p2_online/PPO/hopper_seed3407/r_spec_action_hopper_eval.json
online,PPO,PPO,theta_a,spec_action_hopper,cmd_gauss_0.20,3407,0,653.2093,426.33164914410304,55.99885171651192,64.46831265022698,202.3,20,20.6933,10000,last,0,runs/spec_p2_online/PPO/hopper_seed3407/r_spec_action_hopper_eval.json
online,PPO,PPO,theta_a,spec_action_hopper,cmd_oppose_0.20,3407,1,416.6920,184.88315926559903,91.63676185535151,97.37927618670396,141.15,20,13.4261,10000,last,0,runs/spec_p2_online/PPO/hopper_seed3407/r_spec_action_hopper_eval.json
online,PPO,PPO,theta_a,spec_action_hopper,nominal,42,0,2858.1148,970.2097847403708,1419.3147913935256,1491.0346548019654,760.5,20,88.4413,10000,last,0,runs/spec_p2_online/PPO/hopper_seed42/r_spec_action_hopper_eval.json
online,PPO,PPO,theta_a,spec_action_hopper,act_gauss_0.05,42,0,1524.7082,571.6795911671975,1041.7108124882814,1101.8272246362974,395.85,20,47.4710,10000,last,0,runs/spec_p2_online/PPO/hopper_seed42/r_spec_action_hopper_eval.json
online,PPO,PPO,theta_a,spec_action_hopper,act_gauss_0.10,42,1,1322.1311,616.0995493765503,897.1658380392587,956.8407046367796,348.45,20,41.2466,10000,last,0,runs/spec_p2_online/PPO/hopper_seed42/r_spec_action_hopper_eval.json
online,PPO,PPO,theta_a,spec_action_hopper,act_gauss_0.20,42,0,941.9414,217.00873101830848,628.3799868534143,692.6290274234224,258.9,20,29.5649,10000,last,0,runs/spec_p2_online/PPO/hopper_seed42/r_spec_action_hopper_eval.json
online,PPO,PPO,theta_a,spec_action_hopper,act_uni_0.10,42,1,1661.6782,761.5893158238737,1049.4049193749813,1076.20062425021,430.95,20,51.6796,10000,last,0,runs/spec_p2_online/PPO/hopper_seed42/r_spec_action_hopper_eval.json
online,PPO,PPO,theta_a,spec_action_hopper,act_offset_0.05,42,1,915.9965,46.215392893554224,760.436309971032,854.9843340231715,237.6,20,28.7677,10000,last,0,runs/spec_p2_online/PPO/hopper_seed42/r_spec_action_hopper_eval.json
online,PPO,PPO,theta_a,spec_action_hopper,act_oppose_0.10,42,1,778.3720,73.40367160137792,715.5473763376082,720.7745968374799,218.55,20,24.5391,10000,last,0,runs/spec_p2_online/PPO/hopper_seed42/r_spec_action_hopper_eval.json
online,PPO,PPO,theta_a,spec_action_hopper,act_oppose_0.20,42,0,618.9138,10.716551757801849,602.3791472106175,604.1924323289966,182.15,20,19.6396,10000,last,0,runs/spec_p2_online/PPO/hopper_seed42/r_spec_action_hopper_eval.json
online,PPO,PPO,theta_a,spec_action_hopper,cmd_gauss_0.20,42,0,941.9414,217.00873101830848,628.3799868534143,692.6290274234224,258.9,20,29.5649,10000,last,0,runs/spec_p2_online/PPO/hopper_seed42/r_spec_action_hopper_eval.json
online,PPO,PPO,theta_a,spec_action_hopper,cmd_oppose_0.20,42,1,618.9138,10.716551757801849,602.3791472106175,604.1924323289966,182.15,20,19.6396,10000,last,0,runs/spec_p2_online/PPO/hopper_seed42/r_spec_action_hopper_eval.json
online,PPO,PPO,theta_p,spec_transition_hopper,nominal,0,0,2504.4558,1018.289590788313,935.7759730753195,1040.3276058605493,744.2,20,77.5748,10000,last,0,runs/spec_p2_online/PPO/hopper_seed0/r_spec_transition_hopper_eval.json
online,PPO,PPO,theta_p,spec_transition_hopper,trans_t1,0,1,1303.9058,514.9455366993881,676.4476472970119,784.8948915060088,381.5,20,40.6867,10000,last,0,runs/spec_p2_online/PPO/hopper_seed0/r_spec_transition_hopper_eval.json
online,PPO,PPO,theta_p,spec_transition_hopper,trans_t2,0,0,928.4199,277.12301212676067,483.68378000343563,630.2163534295269,277.75,20,29.1495,10000,last,0,runs/spec_p2_online/PPO/hopper_seed0/r_spec_transition_hopper_eval.json
online,PPO,PPO,theta_p,spec_transition_hopper,trans_t3,0,0,612.6205,181.7602612094914,257.3870160807626,417.2263257117564,196.45,20,19.4462,10000,last,0,runs/spec_p2_online/PPO/hopper_seed0/r_spec_transition_hopper_eval.json
online,PPO,PPO,theta_p,spec_transition_hopper,nominal,1,0,3133.4931,630.1336523795866,2169.632583327399,2284.416448205329,855.4,20,96.9026,10000,last,0,runs/spec_p2_online/PPO/hopper_seed1/r_spec_transition_hopper_eval.json
online,PPO,PPO,theta_p,spec_transition_hopper,trans_t1,1,1,2266.8166,855.5205835269164,1011.3202168480888,1249.7954379736,617.4,20,70.2731,10000,last,0,runs/spec_p2_online/PPO/hopper_seed1/r_spec_transition_hopper_eval.json
online,PPO,PPO,theta_p,spec_transition_hopper,trans_t2,1,0,900.8757,863.6715359176529,80.66981826993192,115.9457249245946,269.45,20,28.3031,10000,last,0,runs/spec_p2_online/PPO/hopper_seed1/r_spec_transition_hopper_eval.json
online,PPO,PPO,theta_p,spec_transition_hopper,trans_t3,1,0,323.7075,442.8070370617093,73.45419402754003,79.20177459716588,118.9,20,10.5691,10000,last,0,runs/spec_p2_online/PPO/hopper_seed1/r_spec_transition_hopper_eval.json
online,PPO,PPO,theta_p,spec_transition_hopper,nominal,2,0,2591.3774,1094.6192985466996,1077.1888428104435,1180.2276669545724,741.05,20,80.2455,10000,last,0,runs/spec_p2_online/PPO/hopper_seed2/r_spec_transition_hopper_eval.json
online,PPO,PPO,theta_p,spec_transition_hopper,trans_t1,2,1,1166.3764,638.6106623916928,474.7943174192338,566.1780091449739,339.45,20,36.4609,10000,last,0,runs/spec_p2_online/PPO/hopper_seed2/r_spec_transition_hopper_eval.json
online,PPO,PPO,theta_p,spec_transition_hopper,trans_t2,2,0,686.8255,298.06737358610764,383.58131134096527,398.6269161753088,217.55,20,21.7262,10000,last,0,runs/spec_p2_online/PPO/hopper_seed2/r_spec_transition_hopper_eval.json
online,PPO,PPO,theta_p,spec_transition_hopper,trans_t3,2,0,442.5889,179.70043721802378,219.73474071764375,291.27062548567903,158.05,20,14.2218,10000,last,0,runs/spec_p2_online/PPO/hopper_seed2/r_spec_transition_hopper_eval.json
online,PPO,PPO,theta_p,spec_transition_hopper,nominal,3407,0,2248.3716,885.7186915114814,98.12946236413127,1343.0614260716732,625.7,20,69.7063,10000,last,0,runs/spec_p2_online/PPO/hopper_seed3407/r_spec_transition_hopper_eval.json
online,PPO,PPO,theta_p,spec_transition_hopper,trans_t1,3407,1,904.3894,549.9337318288012,57.10085478000235,85.29531778625665,268.8,20,28.4111,10000,last,0,runs/spec_p2_online/PPO/hopper_seed3407/r_spec_transition_hopper_eval.json
online,PPO,PPO,theta_p,spec_transition_hopper,trans_t2,3407,0,517.1313,387.6566288361515,55.16118881994573,72.61224977110352,165.65,20,16.5122,10000,last,0,runs/spec_p2_online/PPO/hopper_seed3407/r_spec_transition_hopper_eval.json
online,PPO,PPO,theta_p,spec_transition_hopper,trans_t3,3407,0,262.9937,270.7723859761247,42.77576471916722,47.17156391112213,97.75,20,8.7036,10000,last,0,runs/spec_p2_online/PPO/hopper_seed3407/r_spec_transition_hopper_eval.json
online,PPO,PPO,theta_p,spec_transition_hopper,nominal,42,0,2858.1148,970.2097847403708,1419.3147913935256,1491.0346548019654,760.5,20,88.4413,10000,last,0,runs/spec_p2_online/PPO/hopper_seed42/r_spec_transition_hopper_eval.json
online,PPO,PPO,theta_p,spec_transition_hopper,trans_t1,42,1,1677.0062,819.7058483835934,739.1740506444221,942.4512829104364,436.7,20,52.1506,10000,last,0,runs/spec_p2_online/PPO/hopper_seed42/r_spec_transition_hopper_eval.json
online,PPO,PPO,theta_p,spec_transition_hopper,trans_t2,42,0,1198.7016,557.9448299133269,394.6034200199684,571.5608420848541,323.1,20,37.4542,10000,last,0,runs/spec_p2_online/PPO/hopper_seed42/r_spec_transition_hopper_eval.json
online,PPO,PPO,theta_p,spec_transition_hopper,trans_t3,42,0,979.4489,643.2351596698657,190.87474614868526,330.38743231924684,289.3,20,30.7174,10000,last,0,runs/spec_p2_online/PPO/hopper_seed42/r_spec_transition_hopper_eval.json
online,PPO,PPO,theta_p,spec_push_hopper,nominal,0,0,2504.4558,1018.289590788313,935.7759730753195,1040.3276058605493,744.2,20,77.5748,10000,last,0,runs/spec_p2_online/PPO/hopper_seed0/r_spec_push_hopper_eval.json
online,PPO,PPO,theta_p,spec_push_hopper,push_30,0,0,960.2527,413.07577200363966,521.9700354017307,619.3631606142869,283.2,20,30.1276,10000,last,0,runs/spec_p2_online/PPO/hopper_seed0/r_spec_push_hopper_eval.json
online,PPO,PPO,theta_p,spec_push_hopper,push_60,0,1,839.1654,365.9119409005605,387.12785279723715,501.946025760962,255.65,20,26.4070,10000,last,0,runs/spec_p2_online/PPO/hopper_seed0/r_spec_push_hopper_eval.json
online,PPO,PPO,theta_p,spec_push_hopper,push_100,0,0,679.2322,296.1842957062187,267.98710173082094,393.2702893351783,219.8,20,21.4929,10000,last,0,runs/spec_p2_online/PPO/hopper_seed0/r_spec_push_hopper_eval.json
online,PPO,PPO,theta_p,spec_push_hopper,push_150,0,0,615.8929,339.16680955629437,38.829559059364115,299.5010163466663,195.6,20,19.5468,10000,last,0,runs/spec_p2_online/PPO/hopper_seed0/r_spec_push_hopper_eval.json
online,PPO,PPO,theta_p,spec_push_hopper,nominal,1,0,3133.4931,630.1336523795866,2169.632583327399,2284.416448205329,855.4,20,96.9026,10000,last,0,runs/spec_p2_online/PPO/hopper_seed1/r_spec_push_hopper_eval.json
online,PPO,PPO,theta_p,spec_push_hopper,push_30,1,0,1454.0547,876.2803280229193,164.5077081007771,450.1509066784677,409.8,20,45.3001,10000,last,0,runs/spec_p2_online/PPO/hopper_seed1/r_spec_push_hopper_eval.json
online,PPO,PPO,theta_p,spec_push_hopper,push_60,1,1,809.2550,434.6136505410262,152.49107803122075,343.9901101539954,241.55,20,25.4880,10000,last,0,runs/spec_p2_online/PPO/hopper_seed1/r_spec_push_hopper_eval.json
online,PPO,PPO,theta_p,spec_push_hopper,push_100,1,0,573.2423,236.54381989050805,137.66107145718217,287.21581272222454,182.55,20,18.2363,10000,last,0,runs/spec_p2_online/PPO/hopper_seed1/r_spec_push_hopper_eval.json
online,PPO,PPO,theta_p,spec_push_hopper,push_150,1,0,512.7791,275.7359370401999,40.50182419110911,175.059957284362,163.2,20,16.3785,10000,last,0,runs/spec_p2_online/PPO/hopper_seed1/r_spec_push_hopper_eval.json
online,PPO,PPO,theta_p,spec_push_hopper,nominal,2,0,2591.3774,1094.6192985466996,1077.1888428104435,1180.2276669545724,741.05,20,80.2455,10000,last,0,runs/spec_p2_online/PPO/hopper_seed2/r_spec_push_hopper_eval.json
online,PPO,PPO,theta_p,spec_push_hopper,push_30,2,0,1155.7507,643.7958006543279,412.06799558136527,491.33737353709085,334.45,20,36.1344,10000,last,0,runs/spec_p2_online/PPO/hopper_seed2/r_spec_push_hopper_eval.json
online,PPO,PPO,theta_p,spec_push_hopper,push_60,2,1,831.9057,445.9109481090555,364.3833594688391,400.4437385079167,250.3,20,26.1840,10000,last,0,runs/spec_p2_online/PPO/hopper_seed2/r_spec_push_hopper_eval.json
online,PPO,PPO,theta_p,spec_push_hopper,push_100,2,0,605.0183,222.80963106457116,328.4776901804986,368.6387487608939,189.7,20,19.2126,10000,last,0,runs/spec_p2_online/PPO/hopper_seed2/r_spec_push_hopper_eval.json
online,PPO,PPO,theta_p,spec_push_hopper,push_150,2,0,573.2469,308.39756565345954,193.8783120236625,283.29339948096396,185.0,20,18.2364,10000,last,0,runs/spec_p2_online/PPO/hopper_seed2/r_spec_push_hopper_eval.json
online,PPO,PPO,theta_p,spec_push_hopper,nominal,3407,0,2248.3716,885.7186915114814,98.12946236413127,1343.0614260716732,625.7,20,69.7063,10000,last,0,runs/spec_p2_online/PPO/hopper_seed3407/r_spec_push_hopper_eval.json
online,PPO,PPO,theta_p,spec_push_hopper,push_30,3407,0,1064.6073,594.52268118717,69.92993020468991,434.9272411419306,307.4,20,33.3340,10000,last,0,runs/spec_p2_online/PPO/hopper_seed3407/r_spec_push_hopper_eval.json
online,PPO,PPO,theta_p,spec_push_hopper,push_60,3407,1,879.1351,580.4380818336155,79.36642906048104,340.5000147088739,258.7,20,27.6351,10000,last,0,runs/spec_p2_online/PPO/hopper_seed3407/r_spec_push_hopper_eval.json
online,PPO,PPO,theta_p,spec_push_hopper,push_100,3407,0,667.8447,442.18245548633297,98.12946236413127,275.2054530557501,214.35,20,21.1430,10000,last,0,runs/spec_p2_online/PPO/hopper_seed3407/r_spec_push_hopper_eval.json
online,PPO,PPO,theta_p,spec_push_hopper,push_150,3407,0,551.9893,441.58775028401465,42.127593671383956,186.4756898206803,183.4,20,17.5833,10000,last,0,runs/spec_p2_online/PPO/hopper_seed3407/r_spec_push_hopper_eval.json
online,PPO,PPO,theta_p,spec_push_hopper,nominal,42,0,2858.1148,970.2097847403708,1419.3147913935256,1491.0346548019654,760.5,20,88.4413,10000,last,0,runs/spec_p2_online/PPO/hopper_seed42/r_spec_push_hopper_eval.json
online,PPO,PPO,theta_p,spec_push_hopper,push_30,42,0,1479.0255,931.322836595028,713.5296418174657,771.1541478242597,390.55,20,46.0674,10000,last,0,runs/spec_p2_online/PPO/hopper_seed42/r_spec_push_hopper_eval.json
online,PPO,PPO,theta_p,spec_push_hopper,push_60,42,1,1268.6806,811.2747108900127,437.45691781869976,536.5938937102017,351.65,20,39.6043,10000,last,0,runs/spec_p2_online/PPO/hopper_seed42/r_spec_push_hopper_eval.json
online,PPO,PPO,theta_p,spec_push_hopper,push_100,42,0,884.1303,564.2252783626991,369.9978824518535,432.6167205933833,251.25,20,27.7886,10000,last,0,runs/spec_p2_online/PPO/hopper_seed42/r_spec_push_hopper_eval.json
online,PPO,PPO,theta_p,spec_push_hopper,push_150,42,0,773.5220,545.2371002358069,38.93166123852969,316.2659075559026,223.3,20,24.3901,10000,last,0,runs/spec_p2_online/PPO/hopper_seed42/r_spec_push_hopper_eval.json
online,PPO,PPO,theta_p,spec_timevar_hopper,nominal,0,0,2504.4558,1018.289590788313,935.7759730753195,1040.3276058605493,744.2,20,77.5748,10000,last,0,runs/spec_p2_online/PPO/hopper_seed0/r_spec_timevar_hopper_eval.json
online,PPO,PPO,theta_p,spec_timevar_hopper,gear_static_0.8,0,1,645.6931,177.44906828823886,551.5248820055982,554.9503124209257,209.1,20,20.4624,10000,last,0,runs/spec_p2_online/PPO/hopper_seed0/r_spec_timevar_hopper_eval.json
online,PPO,PPO,theta_p,spec_timevar_hopper,gear_step_0.8,0,0,1838.6957,514.8539588055257,935.7759730753195,1040.3276058605493,545.15,20,57.1186,10000,last,0,runs/spec_p2_online/PPO/hopper_seed0/r_spec_timevar_hopper_eval.json
online,PPO,PPO,theta_p,spec_timevar_hopper,gear_ramp_0.8,0,1,1264.3567,342.9023839115893,860.1257568146343,890.3155591555412,374.85,20,39.4715,10000,last,0,runs/spec_p2_online/PPO/hopper_seed0/r_spec_timevar_hopper_eval.json
online,PPO,PPO,theta_p,spec_timevar_hopper,gear_sine_p200,0,0,930.3565,42.19006244688482,820.3443568600082,877.0129401330427,272.3,20,29.2090,10000,last,0,runs/spec_p2_online/PPO/hopper_seed0/r_spec_timevar_hopper_eval.json
online,PPO,PPO,theta_p,spec_timevar_hopper,gear_sine_p500,0,1,1303.3863,136.27708267852717,1043.8412284990923,1141.0248320128005,386.45,20,40.6707,10000,last,0,runs/spec_p2_online/PPO/hopper_seed0/r_spec_timevar_hopper_eval.json
online,PPO,PPO,theta_p,spec_timevar_hopper,gravity_ramp_1.2,0,0,1855.0323,737.2299166467249,897.7095277865351,941.3605074692459,539.8,20,57.6206,10000,last,0,runs/spec_p2_online/PPO/hopper_seed0/r_spec_timevar_hopper_eval.json
online,PPO,PPO,theta_p,spec_timevar_hopper,nominal,1,0,3133.4931,630.1336523795866,2169.632583327399,2284.416448205329,855.4,20,96.9026,10000,last,0,runs/spec_p2_online/PPO/hopper_seed1/r_spec_timevar_hopper_eval.json
online,PPO,PPO,theta_p,spec_timevar_hopper,gear_static_0.8,1,1,202.5305,84.89047526714431,164.3499479775919,165.32407723420087,87.95,20,6.8458,10000,last,0,runs/spec_p2_online/PPO/hopper_seed1/r_spec_timevar_hopper_eval.json
online,PPO,PPO,theta_p,spec_timevar_hopper,gear_step_0.8,1,0,2131.0041,72.27488044944529,2026.8262309061304,2039.8097683175415,593.7,20,66.1001,10000,last,0,runs/spec_p2_online/PPO/hopper_seed1/r_spec_timevar_hopper_eval.json
online,PPO,PPO,theta_p,spec_timevar_hopper,gear_ramp_0.8,1,1,1673.8412,206.91974430019496,1457.802989706412,1472.355636313781,463.55,20,52.0533,10000,last,0,runs/spec_p2_online/PPO/hopper_seed1/r_spec_timevar_hopper_eval.json
online,PPO,PPO,theta_p,spec_timevar_hopper,gear_sine_p200,1,0,610.0338,30.150408785610242,583.8578843754481,589.5579173894292,218.85,20,19.3667,10000,last,0,runs/spec_p2_online/PPO/hopper_seed1/r_spec_timevar_hopper_eval.json
online,PPO,PPO,theta_p,spec_timevar_hopper,gear_sine_p500,1,1,709.5016,188.46195031250107,565.9800396028274,588.6199600943908,252.0,20,22.4230,10000,last,0,runs/spec_p2_online/PPO/hopper_seed1/r_spec_timevar_hopper_eval.json
online,PPO,PPO,theta_p,spec_timevar_hopper,gravity_ramp_1.2,1,0,2523.0079,568.8371672122231,2121.6960784743874,2129.446842349904,684.65,20,78.1448,10000,last,0,runs/spec_p2_online/PPO/hopper_seed1/r_spec_timevar_hopper_eval.json
online,PPO,PPO,theta_p,spec_timevar_hopper,nominal,2,0,2591.3774,1094.6192985466996,1077.1888428104435,1180.2276669545724,741.05,20,80.2455,10000,last,0,runs/spec_p2_online/PPO/hopper_seed2/r_spec_timevar_hopper_eval.json
online,PPO,PPO,theta_p,spec_timevar_hopper,gear_static_0.8,2,1,380.9286,0.7811885217437728,379.3630217260522,380.0135959889567,138.0,20,12.3272,10000,last,0,runs/spec_p2_online/PPO/hopper_seed2/r_spec_timevar_hopper_eval.json
online,PPO,PPO,theta_p,spec_timevar_hopper,gear_step_0.8,2,0,1832.8288,481.9475012481789,1077.1888428104435,1180.2276669545724,523.65,20,56.9384,10000,last,0,runs/spec_p2_online/PPO/hopper_seed2/r_spec_timevar_hopper_eval.json
online,PPO,PPO,theta_p,spec_timevar_hopper,gear_ramp_0.8,2,1,1247.6250,266.08411777605005,860.1817356100223,980.7196700428542,359.2,20,38.9574,10000,last,0,runs/spec_p2_online/PPO/hopper_seed2/r_spec_timevar_hopper_eval.json
online,PPO,PPO,theta_p,spec_timevar_hopper,gear_sine_p200,2,0,984.9160,38.45701784386985,873.31804114452,928.4556899881829,280.2,20,30.8854,10000,last,0,runs/spec_p2_online/PPO/hopper_seed2/r_spec_timevar_hopper_eval.json
online,PPO,PPO,theta_p,spec_timevar_hopper,gear_sine_p500,2,1,1095.3868,273.4034352648098,684.9516812329326,739.4272421808986,323.95,20,34.2797,10000,last,0,runs/spec_p2_online/PPO/hopper_seed2/r_spec_timevar_hopper_eval.json
online,PPO,PPO,theta_p,spec_timevar_hopper,gravity_ramp_1.2,2,0,1817.4016,931.0444054329611,985.6561129873688,1110.7678319538159,514.2,20,56.4643,10000,last,0,runs/spec_p2_online/PPO/hopper_seed2/r_spec_timevar_hopper_eval.json
online,PPO,PPO,theta_p,spec_timevar_hopper,nominal,3407,0,2248.3716,885.7186915114814,98.12946236413127,1343.0614260716732,625.7,20,69.7063,10000,last,0,runs/spec_p2_online/PPO/hopper_seed3407/r_spec_timevar_hopper_eval.json
online,PPO,PPO,theta_p,spec_timevar_hopper,gear_static_0.8,3407,1,441.8611,12.903029073457251,422.13344287197543,426.4368546900399,154.55,20,14.1995,10000,last,0,runs/spec_p2_online/PPO/hopper_seed3407/r_spec_timevar_hopper_eval.json
online,PPO,PPO,theta_p,spec_timevar_hopper,gear_step_0.8,3407,0,1809.5615,432.5314671016649,98.12946236413127,1340.4235183978103,515.15,20,56.2234,10000,last,0,runs/spec_p2_online/PPO/hopper_seed3407/r_spec_timevar_hopper_eval.json
online,PPO,PPO,theta_p,spec_timevar_hopper,gear_ramp_0.8,3407,1,1161.6539,360.0311395848802,98.13226183266137,731.8914328649678,338.1,20,36.3158,10000,last,0,runs/spec_p2_online/PPO/hopper_seed3407/r_spec_timevar_hopper_eval.json
online,PPO,PPO,theta_p,spec_timevar_hopper,gear_sine_p200,3407,0,610.9725,117.64392063696654,102.78749094297018,513.3247060411679,202.3,20,19.3956,10000,last,0,runs/spec_p2_online/PPO/hopper_seed3407/r_spec_timevar_hopper_eval.json
online,PPO,PPO,theta_p,spec_timevar_hopper,gear_sine_p500,3407,1,1354.7534,290.19031011510543,100.4292496334301,1110.4237972427995,400.1,20,42.2490,10000,last,0,runs/spec_p2_online/PPO/hopper_seed3407/r_spec_timevar_hopper_eval.json
online,PPO,PPO,theta_p,spec_timevar_hopper,gravity_ramp_1.2,3407,0,1503.1162,478.9185509306761,100.6178094445386,925.2879090918362,426.8,20,46.8076,10000,last,0,runs/spec_p2_online/PPO/hopper_seed3407/r_spec_timevar_hopper_eval.json
online,PPO,PPO,theta_p,spec_timevar_hopper,nominal,42,0,2858.1148,970.2097847403708,1419.3147913935256,1491.0346548019654,760.5,20,88.4413,10000,last,0,runs/spec_p2_online/PPO/hopper_seed42/r_spec_timevar_hopper_eval.json
online,PPO,PPO,theta_p,spec_timevar_hopper,gear_static_0.8,42,1,459.4880,19.384467442375943,423.6735219487453,431.4832931710731,149.2,20,14.7411,10000,last,0,runs/spec_p2_online/PPO/hopper_seed42/r_spec_timevar_hopper_eval.json
online,PPO,PPO,theta_p,spec_timevar_hopper,gear_step_0.8,42,0,2156.3431,416.53565798107195,1419.3147913935256,1491.0346548019654,569.95,20,66.8787,10000,last,0,runs/spec_p2_online/PPO/hopper_seed42/r_spec_timevar_hopper_eval.json
online,PPO,PPO,theta_p,spec_timevar_hopper,gear_ramp_0.8,42,1,1387.9993,316.37336711381687,1062.571742852161,1088.0793537031761,364.75,20,43.2705,10000,last,0,runs/spec_p2_online/PPO/hopper_seed42/r_spec_timevar_hopper_eval.json
online,PPO,PPO,theta_p,spec_timevar_hopper,gear_sine_p200,42,0,1045.4170,15.582627530461178,1006.2718131141414,1024.668417707487,276.9,20,32.7443,10000,last,0,runs/spec_p2_online/PPO/hopper_seed42/r_spec_timevar_hopper_eval.json
online,PPO,PPO,theta_p,spec_timevar_hopper,gear_sine_p500,42,1,1507.7519,54.470231895617424,1443.1284743968765,1454.2483128668832,416.55,20,46.9500,10000,last,0,runs/spec_p2_online/PPO/hopper_seed42/r_spec_timevar_hopper_eval.json
online,PPO,PPO,theta_p,spec_timevar_hopper,gravity_ramp_1.2,42,0,1916.1226,724.461349572771,1268.8383807343978,1299.8025230394642,494.15,20,59.4976,10000,last,0,runs/spec_p2_online/PPO/hopper_seed42/r_spec_timevar_hopper_eval.json
online,PPO,PPO,theta_tau_exec,spec_timing_hopper,nominal,0,0,2504.4558,1018.289590788313,935.7759730753195,1040.3276058605493,744.2,20,77.5748,10000,last,0,runs/spec_p2_online/PPO/hopper_seed0/r_spec_timing_hopper_eval.json
online,PPO,PPO,theta_tau_exec,spec_timing_hopper,act_delay_8ms,0,1,811.7188,183.89987889638408,398.18171803365055,588.7728897432764,247.55,20,25.5637,10000,last,0,runs/spec_p2_online/PPO/hopper_seed0/r_spec_timing_hopper_eval.json
online,PPO,PPO,theta_tau_exec,spec_timing_hopper,act_delay_rand1,0,1,2001.7347,1188.115277212026,606.4068208719208,722.5304668627504,597.3,20,62.1282,10000,last,0,runs/spec_p2_online/PPO/hopper_seed0/r_spec_timing_hopper_eval.json
online,PPO,PPO,theta_tau_exec,spec_timing_hopper,act_delay_rand2,0,0,1162.1454,1096.4184676967982,56.013169238132946,199.12099006916884,353.7,20,36.3309,10000,last,0,runs/spec_p2_online/PPO/hopper_seed0/r_spec_timing_hopper_eval.json
online,PPO,PPO,theta_tau_exec,spec_timing_hopper,substep,0,0,1104.5901,656.2419923164516,335.8666826014933,540.9116836956714,324.0,20,34.5625,10000,last,0,runs/spec_p2_online/PPO/hopper_seed0/r_spec_timing_hopper_eval.json
online,PPO,PPO,theta_tau_exec,spec_timing_hopper,obs_delay_4ms,0,1,831.9092,90.08202236584725,665.0108660275475,710.2849517822522,243.4,20,26.1841,10000,last,0,runs/spec_p2_online/PPO/hopper_seed0/r_spec_timing_hopper_eval.json
online,PPO,PPO,theta_tau_exec,spec_timing_hopper,obs_delay_8ms,0,1,877.8806,124.7034950454145,574.19197593312,709.0092000955958,264.3,20,27.5966,10000,last,0,runs/spec_p2_online/PPO/hopper_seed0/r_spec_timing_hopper_eval.json
online,PPO,PPO,theta_tau_exec,spec_timing_hopper,obs_delay_16ms,0,1,498.0753,176.8063445633076,298.3227243836359,312.7143757786559,168.5,20,15.9267,10000,last,0,runs/spec_p2_online/PPO/hopper_seed0/r_spec_timing_hopper_eval.json
online,PPO,PPO,theta_tau_exec,spec_timing_hopper,nominal,1,0,3133.4931,630.1336523795866,2169.632583327399,2284.416448205329,855.4,20,96.9026,10000,last,0,runs/spec_p2_online/PPO/hopper_seed1/r_spec_timing_hopper_eval.json
online,PPO,PPO,theta_tau_exec,spec_timing_hopper,act_delay_8ms,1,1,84.9324,2.542065417912505,82.53075814916127,83.35432583475384,50.4,20,3.2325,10000,last,0,runs/spec_p2_online/PPO/hopper_seed1/r_spec_timing_hopper_eval.json
online,PPO,PPO,theta_tau_exec,spec_timing_hopper,act_delay_rand1,1,1,1892.0334,1558.089040729184,82.53075814916127,83.74021307723983,528.55,20,58.7575,10000,last,0,runs/spec_p2_online/PPO/hopper_seed1/r_spec_timing_hopper_eval.json
online,PPO,PPO,theta_tau_exec,spec_timing_hopper,act_delay_rand2,1,0,935.5241,1367.6706480286052,57.21729650301147,58.204822152339275,273.3,20,29.3678,10000,last,0,runs/spec_p2_online/PPO/hopper_seed1/r_spec_timing_hopper_eval.json
online,PPO,PPO,theta_tau_exec,spec_timing_hopper,substep,1,0,1643.5100,1001.1359865098096,96.9449184670248,312.8896262071734,452.15,20,51.1213,10000,last,0,runs/spec_p2_online/PPO/hopper_seed1/r_spec_timing_hopper_eval.json
online,PPO,PPO,theta_tau_exec,spec_timing_hopper,obs_delay_4ms,1,1,3039.6804,971.1021698605359,1195.910832615454,1417.2374679542222,829.35,20,94.0201,10000,last,0,runs/spec_p2_online/PPO/hopper_seed1/r_spec_timing_hopper_eval.json
online,PPO,PPO,theta_tau_exec,spec_timing_hopper,obs_delay_8ms,1,1,315.7036,368.7017514283255,84.01750012169119,88.35134043656237,112.8,20,10.3231,10000,last,0,runs/spec_p2_online/PPO/hopper_seed1/r_spec_timing_hopper_eval.json
online,PPO,PPO,theta_tau_exec,spec_timing_hopper,obs_delay_16ms,1,1,73.1569,11.055273104572562,55.20981647025622,59.00710538656597,43.15,20,2.8706,10000,last,0,runs/spec_p2_online/PPO/hopper_seed1/r_spec_timing_hopper_eval.json
online,PPO,PPO,theta_tau_exec,spec_timing_hopper,nominal,2,0,2591.3774,1094.6192985466996,1077.1888428104435,1180.2276669545724,741.05,20,80.2455,10000,last,0,runs/spec_p2_online/PPO/hopper_seed2/r_spec_timing_hopper_eval.json
online,PPO,PPO,theta_tau_exec,spec_timing_hopper,act_delay_8ms,2,1,393.0913,12.864476903652836,338.620963097033,381.1267245160294,134.1,20,12.7009,10000,last,0,runs/spec_p2_online/PPO/hopper_seed2/r_spec_timing_hopper_eval.json
online,PPO,PPO,theta_tau_exec,spec_timing_hopper,act_delay_rand1,2,1,1924.8060,1442.3434527983304,389.6745119953665,393.67800285292896,559.6,20,59.7645,10000,last,0,runs/spec_p2_online/PPO/hopper_seed2/r_spec_timing_hopper_eval.json
online,PPO,PPO,theta_tau_exec,spec_timing_hopper,act_delay_rand2,2,0,1031.5852,1274.7140063753918,75.89576693308906,76.16490845914214,310.05,20,32.3193,10000,last,0,runs/spec_p2_online/PPO/hopper_seed2/r_spec_timing_hopper_eval.json
online,PPO,PPO,theta_tau_exec,spec_timing_hopper,substep,2,0,710.4717,727.9829484160865,66.88889008732339,210.45216776073124,216.15,20,22.4528,10000,last,0,runs/spec_p2_online/PPO/hopper_seed2/r_spec_timing_hopper_eval.json
online,PPO,PPO,theta_tau_exec,spec_timing_hopper,obs_delay_4ms,2,1,968.9029,847.1801794293689,412.8477325245312,548.6445348402001,293.4,20,30.3934,10000,last,0,runs/spec_p2_online/PPO/hopper_seed2/r_spec_timing_hopper_eval.json
online,PPO,PPO,theta_tau_exec,spec_timing_hopper,obs_delay_8ms,2,1,426.8651,69.16902879255001,334.91699353085744,371.62587211334693,145.15,20,13.7387,10000,last,0,runs/spec_p2_online/PPO/hopper_seed2/r_spec_timing_hopper_eval.json
online,PPO,PPO,theta_tau_exec,spec_timing_hopper,obs_delay_16ms,2,1,165.4067,144.25534920213215,64.87764341572628,65.43139659369116,68.15,20,5.7051,10000,last,0,runs/spec_p2_online/PPO/hopper_seed2/r_spec_timing_hopper_eval.json
online,PPO,PPO,theta_tau_exec,spec_timing_hopper,nominal,3407,0,2248.3716,885.7186915114814,98.12946236413127,1343.0614260716732,625.7,20,69.7063,10000,last,0,runs/spec_p2_online/PPO/hopper_seed3407/r_spec_timing_hopper_eval.json
online,PPO,PPO,theta_tau_exec,spec_timing_hopper,act_delay_8ms,3407,1,851.0080,285.17984093253625,314.2301680810228,499.3644444300977,284.75,20,26.7709,10000,last,0,runs/spec_p2_online/PPO/hopper_seed3407/r_spec_timing_hopper_eval.json
online,PPO,PPO,theta_tau_exec,spec_timing_hopper,act_delay_rand1,3407,1,1728.6678,1147.8077090187,98.12946236679328,432.3025964352255,500.1,20,53.7379,10000,last,0,runs/spec_p2_online/PPO/hopper_seed3407/r_spec_timing_hopper_eval.json
online,PPO,PPO,theta_tau_exec,spec_timing_hopper,act_delay_rand2,3407,0,1316.9817,953.4849676090784,314.2301680810228,512.9141380053118,407.4,20,41.0884,10000,last,0,runs/spec_p2_online/PPO/hopper_seed3407/r_spec_timing_hopper_eval.json
online,PPO,PPO,theta_tau_exec,spec_timing_hopper,substep,3407,0,2059.8643,1531.7436345189308,34.718383137192994,47.81745017995689,575.8,20,63.9143,10000,last,0,runs/spec_p2_online/PPO/hopper_seed3407/r_spec_timing_hopper_eval.json
online,PPO,PPO,theta_tau_exec,spec_timing_hopper,obs_delay_4ms,3407,1,180.7782,264.5913956204988,74.13935476153505,80.67445617112855,77.6,20,6.1774,10000,last,0,runs/spec_p2_online/PPO/hopper_seed3407/r_spec_timing_hopper_eval.json
online,PPO,PPO,theta_tau_exec,spec_timing_hopper,obs_delay_8ms,3407,1,945.6228,468.323714858538,72.75288591771194,337.5133654835967,288.65,20,29.6780,10000,last,0,runs/spec_p2_online/PPO/hopper_seed3407/r_spec_timing_hopper_eval.json
online,PPO,PPO,theta_tau_exec,spec_timing_hopper,obs_delay_16ms,3407,1,509.3168,240.32305467142288,254.14589017703568,273.1842351446286,196.2,20,16.2721,10000,last,0,runs/spec_p2_online/PPO/hopper_seed3407/r_spec_timing_hopper_eval.json
online,PPO,PPO,theta_tau_exec,spec_timing_hopper,nominal,42,0,2858.1148,970.2097847403708,1419.3147913935256,1491.0346548019654,760.5,20,88.4413,10000,last,0,runs/spec_p2_online/PPO/hopper_seed42/r_spec_timing_hopper_eval.json
online,PPO,PPO,theta_tau_exec,spec_timing_hopper,act_delay_8ms,42,1,228.5079,87.04170622245695,205.88805608003128,206.8712730017045,93.8,20,7.6440,10000,last,0,runs/spec_p2_online/PPO/hopper_seed42/r_spec_timing_hopper_eval.json
online,PPO,PPO,theta_tau_exec,spec_timing_hopper,act_delay_rand1,42,1,1757.4582,1472.1310009437243,205.88805608003128,207.163405334543,481.5,20,54.6225,10000,last,0,runs/spec_p2_online/PPO/hopper_seed42/r_spec_timing_hopper_eval.json
online,PPO,PPO,theta_tau_exec,spec_timing_hopper,act_delay_rand2,42,0,935.2892,1306.0493809054274,78.01067929081874,78.24918016046767,270.2,20,29.3605,10000,last,0,runs/spec_p2_online/PPO/hopper_seed42/r_spec_timing_hopper_eval.json
online,PPO,PPO,theta_tau_exec,spec_timing_hopper,substep,42,0,1132.9272,908.3465471004827,127.7507424928322,271.5846176539047,302.65,20,35.4332,10000,last,0,runs/spec_p2_online/PPO/hopper_seed42/r_spec_timing_hopper_eval.json
online,PPO,PPO,theta_tau_exec,spec_timing_hopper,obs_delay_4ms,42,1,480.2271,224.49468922284072,204.67748311742557,205.07143757812756,149.45,20,15.3783,10000,last,0,runs/spec_p2_online/PPO/hopper_seed42/r_spec_timing_hopper_eval.json
online,PPO,PPO,theta_tau_exec,spec_timing_hopper,obs_delay_8ms,42,1,229.6331,100.4257526081544,200.498760304133,203.08813396435093,93.35,20,7.6785,10000,last,0,runs/spec_p2_online/PPO/hopper_seed42/r_spec_timing_hopper_eval.json
online,PPO,PPO,theta_tau_exec,spec_timing_hopper,obs_delay_16ms,42,1,151.4527,61.506129856218045,90.33659520981588,92.13209995081525,71.4,20,5.2764,10000,last,0,runs/spec_p2_online/PPO/hopper_seed42/r_spec_timing_hopper_eval.json
online,SAC,SAC,theta_o,spec_obsadv_hopper,nominal,0,0,2594.8973,532.2663244294639,1929.9062248153637,2009.0853678189828,745.6,20,80.3537,10000,last,0,runs/spec_p2_online/SAC/hopper_seed0/r_spec_obsadv_hopper_eval.json
online,SAC,SAC,theta_o,spec_obsadv_hopper,obs_uni_0.05,0,0,1583.1350,432.18846367681834,1086.0132057606788,1138.819224809028,450.45,20,49.2663,10000,last,0,runs/spec_p2_online/SAC/hopper_seed0/r_spec_obsadv_hopper_eval.json
online,SAC,SAC,theta_o,spec_obsadv_hopper,obs_uni_0.10,0,1,1191.4913,288.09667866611716,881.6161420529766,921.1118506295846,338.8,20,37.2326,10000,last,0,runs/spec_p2_online/SAC/hopper_seed0/r_spec_obsadv_hopper_eval.json
online,SAC,SAC,theta_o,spec_obsadv_hopper,obs_uni_0.15,0,0,885.5057,162.66594172681334,630.6267369472458,702.9331050289966,256.8,20,27.8309,10000,last,0,runs/spec_p2_online/SAC/hopper_seed0/r_spec_obsadv_hopper_eval.json
online,SAC,SAC,theta_o,spec_obsadv_hopper,obs_rel_0.05,0,0,1953.1253,474.0366168474046,1268.3428412878711,1395.5429539141105,553.2,20,60.6346,10000,last,0,runs/spec_p2_online/SAC/hopper_seed0/r_spec_obsadv_hopper_eval.json
online,SAC,SAC,theta_o,spec_obsadv_hopper,obs_rel_0.10,0,1,1846.3705,516.3281717859007,1067.1687667587628,1249.6839388503754,526.4,20,57.3544,10000,last,0,runs/spec_p2_online/SAC/hopper_seed0/r_spec_obsadv_hopper_eval.json
online,SAC,SAC,theta_o,spec_obsadv_hopper,obs_bias_0.05,0,0,1819.9933,1318.9067785237207,24.54627346635894,26.694829010974765,551.15,20,56.5440,10000,last,0,runs/spec_p2_online/SAC/hopper_seed0/r_spec_obsadv_hopper_eval.json
online,SAC,SAC,theta_o,spec_obsadv_hopper,obs_gauss_0.05,0,0,1384.9888,609.6911707807845,731.7398783089382,928.0202172869292,394.1,20,43.1780,10000,last,0,runs/spec_p2_online/SAC/hopper_seed0/r_spec_obsadv_hopper_eval.json
online,SAC,SAC,theta_o,spec_obsadv_hopper,obs_gauss_0.10,0,1,834.7759,240.11411861244684,561.9921448657483,589.2566839924858,246.6,20,26.2722,10000,last,0,runs/spec_p2_online/SAC/hopper_seed0/r_spec_obsadv_hopper_eval.json
online,SAC,SAC,theta_o,spec_obsadv_hopper,obs_shift_0.01,0,0,2610.9431,596.8390429099281,1842.509039966786,1914.090358232706,760.45,20,80.8467,10000,last,0,runs/spec_p2_online/SAC/hopper_seed0/r_spec_obsadv_hopper_eval.json
online,SAC,SAC,theta_o,spec_obsadv_hopper,obs_shift_0.02,0,0,450.6284,732.4572383131547,29.792339993278304,30.857790060089606,140.05,20,14.4688,10000,last,0,runs/spec_p2_online/SAC/hopper_seed0/r_spec_obsadv_hopper_eval.json
online,SAC,SAC,theta_o,spec_obsadv_hopper,nominal,1,0,1979.9750,937.3882174750303,1172.5885059039808,1243.637828323471,565.75,20,61.4596,10000,last,0,runs/spec_p2_online/SAC/hopper_seed1/r_spec_obsadv_hopper_eval.json
online,SAC,SAC,theta_o,spec_obsadv_hopper,obs_uni_0.05,1,0,1401.1267,783.595180477227,692.9704325196718,810.8197254860421,396.05,20,43.6739,10000,last,0,runs/spec_p2_online/SAC/hopper_seed1/r_spec_obsadv_hopper_eval.json
online,SAC,SAC,theta_o,spec_obsadv_hopper,obs_uni_0.10,1,1,963.7629,437.2393869532495,371.98227076383887,526.7654110527945,278.05,20,30.2354,10000,last,0,runs/spec_p2_online/SAC/hopper_seed1/r_spec_obsadv_hopper_eval.json
online,SAC,SAC,theta_o,spec_obsadv_hopper,obs_uni_0.15,1,0,860.6733,232.47396584348672,586.0862020272718,597.018975986303,255.1,20,27.0679,10000,last,0,runs/spec_p2_online/SAC/hopper_seed1/r_spec_obsadv_hopper_eval.json
online,SAC,SAC,theta_o,spec_obsadv_hopper,obs_rel_0.05,1,0,1836.3648,932.6018376191087,912.0908050908296,1048.4914665376705,531.95,20,57.0470,10000,last,0,runs/spec_p2_online/SAC/hopper_seed1/r_spec_obsadv_hopper_eval.json
online,SAC,SAC,theta_o,spec_obsadv_hopper,obs_rel_0.10,1,1,1668.1902,878.4124149237084,890.7893652021406,917.6356943190224,473.4,20,51.8797,10000,last,0,runs/spec_p2_online/SAC/hopper_seed1/r_spec_obsadv_hopper_eval.json
online,SAC,SAC,theta_o,spec_obsadv_hopper,obs_bias_0.05,1,0,1612.6070,1202.3852845669348,368.90307748244754,510.1908307143394,487.95,20,50.1718,10000,last,0,runs/spec_p2_online/SAC/hopper_seed1/r_spec_obsadv_hopper_eval.json
online,SAC,SAC,theta_o,spec_obsadv_hopper,obs_gauss_0.05,1,0,1107.5752,479.0471512224991,580.7784468702611,649.7120334074772,316.25,20,34.6542,10000,last,0,runs/spec_p2_online/SAC/hopper_seed1/r_spec_obsadv_hopper_eval.json
online,SAC,SAC,theta_o,spec_obsadv_hopper,obs_gauss_0.10,1,1,747.1404,251.32609871186787,63.770245601002294,442.0367059249535,226.2,20,23.5795,10000,last,0,runs/spec_p2_online/SAC/hopper_seed1/r_spec_obsadv_hopper_eval.json
online,SAC,SAC,theta_o,spec_obsadv_hopper,obs_shift_0.01,1,0,1263.4811,494.99855928743705,988.2463301754644,1017.2004598733895,358.3,20,39.4446,10000,last,0,runs/spec_p2_online/SAC/hopper_seed1/r_spec_obsadv_hopper_eval.json
online,SAC,SAC,theta_o,spec_obsadv_hopper,obs_shift_0.02,1,0,1080.2855,74.98128805067724,914.795086132704,962.8210768693596,304.5,20,33.8157,10000,last,0,runs/spec_p2_online/SAC/hopper_seed1/r_spec_obsadv_hopper_eval.json
online,SAC,SAC,theta_o,spec_obsadv_hopper,nominal,2,0,3170.7319,255.10133746299476,2351.558742818574,2831.8099646193227,958.2,20,98.0468,10000,last,0,runs/spec_p2_online/SAC/hopper_seed2/r_spec_obsadv_hopper_eval.json
online,SAC,SAC,theta_o,spec_obsadv_hopper,obs_uni_0.05,2,0,1742.2461,765.8229764988345,875.0968505277104,1031.1752620058692,520.25,20,54.1551,10000,last,0,runs/spec_p2_online/SAC/hopper_seed2/r_spec_obsadv_hopper_eval.json
online,SAC,SAC,theta_o,spec_obsadv_hopper,obs_uni_0.10,2,1,1443.6876,685.9908923787826,622.5611227002923,813.7065445669109,435.95,20,44.9816,10000,last,0,runs/spec_p2_online/SAC/hopper_seed2/r_spec_obsadv_hopper_eval.json
online,SAC,SAC,theta_o,spec_obsadv_hopper,obs_uni_0.15,2,0,1267.1960,670.5288094144079,399.10695393917104,576.8058237778077,387.9,20,39.5587,10000,last,0,runs/spec_p2_online/SAC/hopper_seed2/r_spec_obsadv_hopper_eval.json
online,SAC,SAC,theta_o,spec_obsadv_hopper,obs_rel_0.05,2,0,2298.8740,861.6648464164832,1110.9585647080662,1225.1856450954951,686.55,20,71.2581,10000,last,0,runs/spec_p2_online/SAC/hopper_seed2/r_spec_obsadv_hopper_eval.json
online,SAC,SAC,theta_o,spec_obsadv_hopper,obs_rel_0.10,2,1,1907.2054,838.6403952394719,1095.0708438404472,1103.3650269561956,571.0,20,59.2237,10000,last,0,runs/spec_p2_online/SAC/hopper_seed2/r_spec_obsadv_hopper_eval.json
online,SAC,SAC,theta_o,spec_obsadv_hopper,obs_bias_0.05,2,0,2418.6762,1108.6106570672553,702.8934211339223,854.2280206969559,746.7,20,74.9391,10000,last,0,runs/spec_p2_online/SAC/hopper_seed2/r_spec_obsadv_hopper_eval.json
online,SAC,SAC,theta_o,spec_obsadv_hopper,obs_gauss_0.05,2,0,1307.5788,657.5365475792445,582.6148631329932,755.8823846132027,394.2,20,40.7995,10000,last,0,runs/spec_p2_online/SAC/hopper_seed2/r_spec_obsadv_hopper_eval.json
online,SAC,SAC,theta_o,spec_obsadv_hopper,obs_gauss_0.10,2,1,941.7288,337.0490635777135,571.851575254075,596.161028739345,291.35,20,29.5584,10000,last,0,runs/spec_p2_online/SAC/hopper_seed2/r_spec_obsadv_hopper_eval.json
online,SAC,SAC,theta_o,spec_obsadv_hopper,obs_shift_0.01,2,0,3156.0162,430.2155514033057,1676.73102909066,2722.615105191874,954.55,20,97.5947,10000,last,0,runs/spec_p2_online/SAC/hopper_seed2/r_spec_obsadv_hopper_eval.json
online,SAC,SAC,theta_o,spec_obsadv_hopper,obs_shift_0.02,2,0,2290.0553,860.8345535979034,1107.3299488618868,1179.055669128381,683.15,20,70.9871,10000,last,0,runs/spec_p2_online/SAC/hopper_seed2/r_spec_obsadv_hopper_eval.json
online,SAC,SAC,theta_o,spec_obsadv_hopper,nominal,3407,0,1191.3622,56.390159299208314,1066.1286211947524,1121.9936169551095,350.9,20,37.2286,10000,last,0,runs/spec_p2_online/SAC/hopper_seed3407/r_spec_obsadv_hopper_eval.json
online,SAC,SAC,theta_o,spec_obsadv_hopper,obs_uni_0.05,3407,0,1074.6655,291.2086108218902,814.7573662921202,878.8085095358931,321.05,20,33.6430,10000,last,0,runs/spec_p2_online/SAC/hopper_seed3407/r_spec_obsadv_hopper_eval.json
online,SAC,SAC,theta_o,spec_obsadv_hopper,obs_uni_0.10,3407,1,903.3181,203.73443247172247,584.3917258363632,672.1342640488467,271.8,20,28.3782,10000,last,0,runs/spec_p2_online/SAC/hopper_seed3407/r_spec_obsadv_hopper_eval.json
online,SAC,SAC,theta_o,spec_obsadv_hopper,obs_uni_0.15,3407,0,745.7844,176.40161530618755,379.2388332645005,527.2521083268831,230.85,20,23.5378,10000,last,0,runs/spec_p2_online/SAC/hopper_seed3407/r_spec_obsadv_hopper_eval.json
online,SAC,SAC,theta_o,spec_obsadv_hopper,obs_rel_0.05,3407,0,1062.2757,109.8974219309453,928.870875976822,948.1202528715473,316.25,20,33.2623,10000,last,0,runs/spec_p2_online/SAC/hopper_seed3407/r_spec_obsadv_hopper_eval.json
online,SAC,SAC,theta_o,spec_obsadv_hopper,obs_rel_0.10,3407,1,980.3691,101.68190453631024,890.4517971656061,896.1041846831773,292.2,20,30.7457,10000,last,0,runs/spec_p2_online/SAC/hopper_seed3407/r_spec_obsadv_hopper_eval.json
online,SAC,SAC,theta_o,spec_obsadv_hopper,obs_bias_0.05,3407,0,2183.4661,1118.011037186184,629.0186855471824,793.443172017782,679.5,20,67.7121,10000,last,0,runs/spec_p2_online/SAC/hopper_seed3407/r_spec_obsadv_hopper_eval.json
online,SAC,SAC,theta_o,spec_obsadv_hopper,obs_gauss_0.05,3407,0,901.7429,144.3327890535173,638.3930292106214,731.5174560034118,272.55,20,28.3298,10000,last,0,runs/spec_p2_online/SAC/hopper_seed3407/r_spec_obsadv_hopper_eval.json
online,SAC,SAC,theta_o,spec_obsadv_hopper,obs_gauss_0.10,3407,1,746.6822,163.1931601128675,331.180511079141,562.6950421651084,229.4,20,23.5654,10000,last,0,runs/spec_p2_online/SAC/hopper_seed3407/r_spec_obsadv_hopper_eval.json
online,SAC,SAC,theta_o,spec_obsadv_hopper,obs_shift_0.01,3407,0,1040.9731,33.32514344925131,977.8183488566889,998.5579530636915,307.65,20,32.6078,10000,last,0,runs/spec_p2_online/SAC/hopper_seed3407/r_spec_obsadv_hopper_eval.json
online,SAC,SAC,theta_o,spec_obsadv_hopper,obs_shift_0.02,3407,0,979.4406,25.152701532952833,943.4331339574446,953.1764502344018,293.9,20,30.7171,10000,last,0,runs/spec_p2_online/SAC/hopper_seed3407/r_spec_obsadv_hopper_eval.json
online,SAC,SAC,theta_o,spec_obsadv_hopper,nominal,42,0,3159.4113,459.7150237510467,1883.221318303223,2413.186753559439,915.85,20,97.6990,10000,last,0,runs/spec_p2_online/SAC/hopper_seed42/r_spec_obsadv_hopper_eval.json
online,SAC,SAC,theta_o,spec_obsadv_hopper,obs_uni_0.05,42,0,1765.5941,672.3283905258664,932.6537781564111,1023.6810909129084,505.05,20,54.8725,10000,last,0,runs/spec_p2_online/SAC/hopper_seed42/r_spec_obsadv_hopper_eval.json
online,SAC,SAC,theta_o,spec_obsadv_hopper,obs_uni_0.10,42,1,1026.8603,256.26056170297613,647.6227442454501,731.2627168121182,301.35,20,32.1742,10000,last,0,runs/spec_p2_online/SAC/hopper_seed42/r_spec_obsadv_hopper_eval.json
online,SAC,SAC,theta_o,spec_obsadv_hopper,obs_uni_0.15,42,0,754.5421,307.91721076503046,79.77501340725681,451.04574629997495,229.9,20,23.8069,10000,last,0,runs/spec_p2_online/SAC/hopper_seed42/r_spec_obsadv_hopper_eval.json
online,SAC,SAC,theta_o,spec_obsadv_hopper,obs_rel_0.05,42,0,3063.8106,630.3665588737505,1640.356520464119,2014.6391886414713,881.2,20,94.7615,10000,last,0,runs/spec_p2_online/SAC/hopper_seed42/r_spec_obsadv_hopper_eval.json
online,SAC,SAC,theta_o,spec_obsadv_hopper,obs_rel_0.10,42,1,1986.0380,817.7244354601752,904.3104197268378,1020.3114757573633,562.7,20,61.6459,10000,last,0,runs/spec_p2_online/SAC/hopper_seed42/r_spec_obsadv_hopper_eval.json
online,SAC,SAC,theta_o,spec_obsadv_hopper,obs_bias_0.05,42,0,2607.4290,1064.6889857861645,139.69561220031596,912.3266479685739,766.85,20,80.7387,10000,last,0,runs/spec_p2_online/SAC/hopper_seed42/r_spec_obsadv_hopper_eval.json
online,SAC,SAC,theta_o,spec_obsadv_hopper,obs_gauss_0.05,42,0,987.1312,380.4136889768626,472.29936613132975,646.4891414569544,293.2,20,30.9534,10000,last,0,runs/spec_p2_online/SAC/hopper_seed42/r_spec_obsadv_hopper_eval.json
online,SAC,SAC,theta_o,spec_obsadv_hopper,obs_gauss_0.10,42,1,673.6668,239.48076101690606,79.34115782122336,387.84127625407245,209.75,20,21.3219,10000,last,0,runs/spec_p2_online/SAC/hopper_seed42/r_spec_obsadv_hopper_eval.json
online,SAC,SAC,theta_o,spec_obsadv_hopper,obs_shift_0.01,42,0,2517.0145,655.8696236751929,1603.0587571843378,1727.8118299510982,728.4,20,77.9607,10000,last,0,runs/spec_p2_online/SAC/hopper_seed42/r_spec_obsadv_hopper_eval.json
online,SAC,SAC,theta_o,spec_obsadv_hopper,obs_shift_0.02,42,0,2016.6793,581.7671485457271,1313.184064485148,1427.1380025266217,591.55,20,62.5874,10000,last,0,runs/spec_p2_online/SAC/hopper_seed42/r_spec_obsadv_hopper_eval.json
online,SAC,SAC,theta_o,spec_obsadv_mad_hopper,nominal,0,0,2577.2454,522.7407278999063,1868.4963822639531,1996.527054080254,,20,79.8113,10000,,0,runs/spec_p2_online/SAC/hopper_seed0/r_spec_obsadv_mad_hopper_eval.json
online,SAC,SAC,theta_o,spec_obsadv_mad_hopper,mad_0.02,0,1,1472.1475,346.2469774052699,959.8562527306584,1022.5002300986437,,20,45.8561,10000,,0,runs/spec_p2_online/SAC/hopper_seed0/r_spec_obsadv_mad_hopper_eval.json
online,SAC,SAC,theta_o,spec_obsadv_mad_hopper,mad_0.035,0,0,1191.5275,322.8794786691292,699.1358120878166,868.726682256872,,20,37.2337,10000,,0,runs/spec_p2_online/SAC/hopper_seed0/r_spec_obsadv_mad_hopper_eval.json
online,SAC,SAC,theta_o,spec_obsadv_mad_hopper,mad_0.05,0,1,1042.5910,321.1201603083936,686.399974515304,727.9419229273935,,20,32.6575,10000,,0,runs/spec_p2_online/SAC/hopper_seed0/r_spec_obsadv_mad_hopper_eval.json
online,SAC,SAC,theta_o,spec_obsadv_mad_hopper,mad_0.075,0,0,682.6136,168.94950000188786,382.57194366747524,496.54597917347076,,20,21.5968,10000,,0,runs/spec_p2_online/SAC/hopper_seed0/r_spec_obsadv_mad_hopper_eval.json
online,SAC,SAC,theta_o,spec_obsadv_mad_hopper,mad_0.10,0,0,532.5244,158.52523918041823,44.15484645779888,311.3995599953961,,20,16.9852,10000,,0,runs/spec_p2_online/SAC/hopper_seed0/r_spec_obsadv_mad_hopper_eval.json
online,SAC,SAC,theta_o,spec_obsadv_mad_hopper,nominal,1,0,1972.5776,928.0745694386828,1172.587748521342,1245.9797747965042,,20,61.2323,10000,,0,runs/spec_p2_online/SAC/hopper_seed1/r_spec_obsadv_mad_hopper_eval.json
online,SAC,SAC,theta_o,spec_obsadv_mad_hopper,mad_0.02,1,1,1143.1244,592.246721521376,377.83975807657595,563.3826433577582,,20,35.7465,10000,,0,runs/spec_p2_online/SAC/hopper_seed1/r_spec_obsadv_mad_hopper_eval.json
online,SAC,SAC,theta_o,spec_obsadv_mad_hopper,mad_0.035,1,0,760.9721,280.0243852211461,340.2206259661883,456.18726445566136,,20,24.0045,10000,,0,runs/spec_p2_online/SAC/hopper_seed1/r_spec_obsadv_mad_hopper_eval.json
online,SAC,SAC,theta_o,spec_obsadv_mad_hopper,mad_0.05,1,1,733.1334,179.4769910278429,353.9770643638174,546.9804436642231,,20,23.1491,10000,,0,runs/spec_p2_online/SAC/hopper_seed1/r_spec_obsadv_mad_hopper_eval.json
online,SAC,SAC,theta_o,spec_obsadv_mad_hopper,mad_0.075,1,0,554.5424,266.46608889245493,67.73171573786495,163.38277916834355,,20,17.6617,10000,,0,runs/spec_p2_online/SAC/hopper_seed1/r_spec_obsadv_mad_hopper_eval.json
online,SAC,SAC,theta_o,spec_obsadv_mad_hopper,mad_0.10,1,0,428.3101,287.3411239478069,59.683504607234454,76.74392720883544,,20,13.7831,10000,,0,runs/spec_p2_online/SAC/hopper_seed1/r_spec_obsadv_mad_hopper_eval.json
online,SAC,SAC,theta_o,spec_obsadv_mad_hopper,nominal,2,0,3165.6013,260.60517746599226,2351.5363311836722,2805.957366960697,,20,97.8892,10000,,0,runs/spec_p2_online/SAC/hopper_seed2/r_spec_obsadv_mad_hopper_eval.json
online,SAC,SAC,theta_o,spec_obsadv_mad_hopper,mad_0.02,2,1,1177.9140,511.2446314209868,877.3009220488223,889.4053173122571,,20,36.8154,10000,,0,runs/spec_p2_online/SAC/hopper_seed2/r_spec_obsadv_mad_hopper_eval.json
online,SAC,SAC,theta_o,spec_obsadv_mad_hopper,mad_0.035,2,0,1075.9972,353.0148089655992,614.0844117696943,673.9362117702889,,20,33.6839,10000,,0,runs/spec_p2_online/SAC/hopper_seed2/r_spec_obsadv_mad_hopper_eval.json
online,SAC,SAC,theta_o,spec_obsadv_mad_hopper,mad_0.05,2,1,812.6622,290.3574287370168,516.2966198468433,551.754358252163,,20,25.5927,10000,,0,runs/spec_p2_online/SAC/hopper_seed2/r_spec_obsadv_mad_hopper_eval.json
online,SAC,SAC,theta_o,spec_obsadv_mad_hopper,mad_0.075,2,0,616.4240,255.86743640672213,328.87305944713887,364.817757683675,,20,19.5631,10000,,0,runs/spec_p2_online/SAC/hopper_seed2/r_spec_obsadv_mad_hopper_eval.json
online,SAC,SAC,theta_o,spec_obsadv_mad_hopper,mad_0.10,2,0,376.5568,150.72070333335864,19.80174427372125,181.18186183084282,,20,12.1929,10000,,0,runs/spec_p2_online/SAC/hopper_seed2/r_spec_obsadv_mad_hopper_eval.json
online,SAC,SAC,theta_o,spec_obsadv_mad_hopper,nominal,3407,0,1191.3622,56.39010991745891,1066.1284559611174,1121.9937006631444,,20,37.2286,10000,,0,runs/spec_p2_online/SAC/hopper_seed3407/r_spec_obsadv_mad_hopper_eval.json
online,SAC,SAC,theta_o,spec_obsadv_mad_hopper,mad_0.02,3407,1,931.2392,87.13419585330234,787.6574036330993,844.3974178167507,,20,29.2361,10000,,0,runs/spec_p2_online/SAC/hopper_seed3407/r_spec_obsadv_mad_hopper_eval.json
online,SAC,SAC,theta_o,spec_obsadv_mad_hopper,mad_0.035,3407,0,781.0070,178.82604158080173,360.047375670998,579.4932767271227,,20,24.6201,10000,,0,runs/spec_p2_online/SAC/hopper_seed3407/r_spec_obsadv_mad_hopper_eval.json
online,SAC,SAC,theta_o,spec_obsadv_mad_hopper,mad_0.05,3407,1,716.1885,107.40310557657064,614.2835131157174,620.8747168803446,,20,22.6284,10000,,0,runs/spec_p2_online/SAC/hopper_seed3407/r_spec_obsadv_mad_hopper_eval.json
online,SAC,SAC,theta_o,spec_obsadv_mad_hopper,mad_0.075,3407,0,611.4694,173.40918595420518,287.7921267558517,383.7525670861249,,20,19.4108,10000,,0,runs/spec_p2_online/SAC/hopper_seed3407/r_spec_obsadv_mad_hopper_eval.json
online,SAC,SAC,theta_o,spec_obsadv_mad_hopper,mad_0.10,3407,0,540.4840,201.68166133811187,211.21426632606162,261.9096930027003,,20,17.2297,10000,,0,runs/spec_p2_online/SAC/hopper_seed3407/r_spec_obsadv_mad_hopper_eval.json
online,SAC,SAC,theta_o,spec_obsadv_mad_hopper,nominal,42,0,3126.0490,493.34284239446373,1883.2236416532767,2343.435853785866,,20,96.6739,10000,,0,runs/spec_p2_online/SAC/hopper_seed42/r_spec_obsadv_mad_hopper_eval.json
online,SAC,SAC,theta_o,spec_obsadv_mad_hopper,mad_0.02,42,1,1241.9429,540.6495508032484,846.7111767203905,884.9286374899791,,20,38.7828,10000,,0,runs/spec_p2_online/SAC/hopper_seed42/r_spec_obsadv_mad_hopper_eval.json
online,SAC,SAC,theta_o,spec_obsadv_mad_hopper,mad_0.035,42,0,782.3258,165.68932210878845,593.3375486666467,602.3770119930895,,20,24.6606,10000,,0,runs/spec_p2_online/SAC/hopper_seed42/r_spec_obsadv_mad_hopper_eval.json
online,SAC,SAC,theta_o,spec_obsadv_mad_hopper,mad_0.05,42,1,751.1749,145.0868193732145,566.8931516804064,592.3891045429052,,20,23.7034,10000,,0,runs/spec_p2_online/SAC/hopper_seed42/r_spec_obsadv_mad_hopper_eval.json
online,SAC,SAC,theta_o,spec_obsadv_mad_hopper,mad_0.075,42,0,513.6625,179.15657389849653,148.76848382077466,314.2309834096656,,20,16.4056,10000,,0,runs/spec_p2_online/SAC/hopper_seed42/r_spec_obsadv_mad_hopper_eval.json
online,SAC,SAC,theta_o,spec_obsadv_mad_hopper,mad_0.10,42,0,399.3044,162.69519594771157,118.11730980255186,200.81781996178125,,20,12.8919,10000,,0,runs/spec_p2_online/SAC/hopper_seed42/r_spec_obsadv_mad_hopper_eval.json
online,SAC,SAC,theta_a,spec_action_hopper,nominal,0,0,2594.8973,532.2663244294639,1929.9062248153637,2009.0853678189828,745.6,20,80.3537,10000,last,0,runs/spec_p2_online/SAC/hopper_seed0/r_spec_action_hopper_eval.json
online,SAC,SAC,theta_a,spec_action_hopper,act_gauss_0.05,0,0,2274.6262,626.4158582212056,1519.8962695251369,1606.0609734590143,662.7,20,70.5130,10000,last,0,runs/spec_p2_online/SAC/hopper_seed0/r_spec_action_hopper_eval.json
online,SAC,SAC,theta_a,spec_action_hopper,act_gauss_0.10,0,1,1920.2526,495.69199316179794,1200.8911779009854,1396.922218057151,552.75,20,59.6245,10000,last,0,runs/spec_p2_online/SAC/hopper_seed0/r_spec_action_hopper_eval.json
online,SAC,SAC,theta_a,spec_action_hopper,act_gauss_0.20,0,0,1241.3458,301.7784601194193,867.0942478142849,895.122738865088,360.75,20,38.7644,10000,last,0,runs/spec_p2_online/SAC/hopper_seed0/r_spec_action_hopper_eval.json
online,SAC,SAC,theta_a,spec_action_hopper,act_uni_0.10,0,1,2459.0857,587.604812010705,1523.5074798166986,1748.9662988655425,718.45,20,76.1807,10000,last,0,runs/spec_p2_online/SAC/hopper_seed0/r_spec_action_hopper_eval.json
online,SAC,SAC,theta_a,spec_action_hopper,act_offset_0.05,0,1,1231.5052,95.84611923547274,1065.2594936851026,1138.1241104677788,346.4,20,38.4621,10000,last,0,runs/spec_p2_online/SAC/hopper_seed0/r_spec_action_hopper_eval.json
online,SAC,SAC,theta_a,spec_action_hopper,act_oppose_0.10,0,1,882.2075,9.1251711949627,865.0720658649608,870.8821059703787,255.5,20,27.7295,10000,last,0,runs/spec_p2_online/SAC/hopper_seed0/r_spec_action_hopper_eval.json
online,SAC,SAC,theta_a,spec_action_hopper,act_oppose_0.20,0,0,618.8941,3.5681051594329367,613.6210435667047,615.3106805585619,195.3,20,19.6390,10000,last,0,runs/spec_p2_online/SAC/hopper_seed0/r_spec_action_hopper_eval.json
online,SAC,SAC,theta_a,spec_action_hopper,cmd_gauss_0.20,0,0,1241.3458,301.7784601194193,867.0942478142849,895.122738865088,360.75,20,38.7644,10000,last,0,runs/spec_p2_online/SAC/hopper_seed0/r_spec_action_hopper_eval.json
online,SAC,SAC,theta_a,spec_action_hopper,cmd_oppose_0.20,0,1,618.8941,3.5681051594329367,613.6210435667047,615.3106805585619,195.3,20,19.6390,10000,last,0,runs/spec_p2_online/SAC/hopper_seed0/r_spec_action_hopper_eval.json
online,SAC,SAC,theta_a,spec_action_hopper,nominal,1,0,1979.9750,937.3882174750303,1172.5885059039808,1243.637828323471,565.75,20,61.4596,10000,last,0,runs/spec_p2_online/SAC/hopper_seed1/r_spec_action_hopper_eval.json
online,SAC,SAC,theta_a,spec_action_hopper,act_gauss_0.05,1,0,1188.1025,115.91416605167625,1010.398761387719,1059.493850121431,332.4,20,37.1285,10000,last,0,runs/spec_p2_online/SAC/hopper_seed1/r_spec_action_hopper_eval.json
online,SAC,SAC,theta_a,spec_action_hopper,act_gauss_0.10,1,1,962.8071,124.98287364749399,615.7062137793106,829.2558599298633,279.35,20,30.2061,10000,last,0,runs/spec_p2_online/SAC/hopper_seed1/r_spec_action_hopper_eval.json
online,SAC,SAC,theta_a,spec_action_hopper,act_gauss_0.20,1,0,782.8339,126.35701801818078,380.3788608860547,620.3041401341786,234.4,20,24.6762,10000,last,0,runs/spec_p2_online/SAC/hopper_seed1/r_spec_action_hopper_eval.json
online,SAC,SAC,theta_a,spec_action_hopper,act_uni_0.10,1,1,1187.9379,235.6337884774006,955.6732245345016,1001.8234730766528,334.4,20,37.1234,10000,last,0,runs/spec_p2_online/SAC/hopper_seed1/r_spec_action_hopper_eval.json
online,SAC,SAC,theta_a,spec_action_hopper,act_offset_0.05,1,1,883.1698,15.482561417483252,865.744245157321,868.2670159944871,260.85,20,27.7591,10000,last,0,runs/spec_p2_online/SAC/hopper_seed1/r_spec_action_hopper_eval.json
online,SAC,SAC,theta_a,spec_action_hopper,act_oppose_0.10,1,1,779.4169,15.409954739485256,756.7702257155761,759.1920260089457,230.6,20,24.5712,10000,last,0,runs/spec_p2_online/SAC/hopper_seed1/r_spec_action_hopper_eval.json
online,SAC,SAC,theta_a,spec_action_hopper,act_oppose_0.20,1,0,576.6141,5.485999722233136,563.6924562191093,569.0445981652334,186.45,20,18.3399,10000,last,0,runs/spec_p2_online/SAC/hopper_seed1/r_spec_action_hopper_eval.json
online,SAC,SAC,theta_a,spec_action_hopper,cmd_gauss_0.20,1,0,782.8339,126.35701801818078,380.3788608860547,620.3041401341786,234.4,20,24.6762,10000,last,0,runs/spec_p2_online/SAC/hopper_seed1/r_spec_action_hopper_eval.json
online,SAC,SAC,theta_a,spec_action_hopper,cmd_oppose_0.20,1,1,576.6141,5.485999722233136,563.6924562191093,569.0445981652334,186.45,20,18.3399,10000,last,0,runs/spec_p2_online/SAC/hopper_seed1/r_spec_action_hopper_eval.json
online,SAC,SAC,theta_a,spec_action_hopper,nominal,2,0,3170.7319,255.10133746299476,2351.558742818574,2831.8099646193227,958.2,20,98.0468,10000,last,0,runs/spec_p2_online/SAC/hopper_seed2/r_spec_action_hopper_eval.json
online,SAC,SAC,theta_a,spec_action_hopper,act_gauss_0.05,2,0,2787.9060,706.5921279374593,1284.8295763927795,1671.6016890752485,845.8,20,86.2841,10000,last,0,runs/spec_p2_online/SAC/hopper_seed2/r_spec_action_hopper_eval.json
online,SAC,SAC,theta_a,spec_action_hopper,act_gauss_0.10,2,1,1265.9573,543.1294948254382,882.2110067177923,1002.5372831742312,385.75,20,39.5207,10000,last,0,runs/spec_p2_online/SAC/hopper_seed2/r_spec_action_hopper_eval.json
online,SAC,SAC,theta_a,spec_action_hopper,act_gauss_0.20,2,0,935.3875,177.4807044453618,814.7342039549076,825.6128615916863,290.8,20,29.3636,10000,last,0,runs/spec_p2_online/SAC/hopper_seed2/r_spec_action_hopper_eval.json
online,SAC,SAC,theta_a,spec_action_hopper,act_uni_0.10,2,1,2607.1621,695.437733397499,1105.1602472609416,1572.1916255242552,786.5,20,80.7305,10000,last,0,runs/spec_p2_online/SAC/hopper_seed2/r_spec_action_hopper_eval.json
online,SAC,SAC,theta_a,spec_action_hopper,act_offset_0.05,2,1,1004.1185,46.31821939014632,879.8298077538849,935.6968683070696,303.3,20,31.4754,10000,last,0,runs/spec_p2_online/SAC/hopper_seed2/r_spec_action_hopper_eval.json
online,SAC,SAC,theta_a,spec_action_hopper,act_oppose_0.10,2,1,842.1934,8.812387180767598,828.4001265058623,831.1340951497148,263.6,20,26.5001,10000,last,0,runs/spec_p2_online/SAC/hopper_seed2/r_spec_action_hopper_eval.json
online,SAC,SAC,theta_a,spec_action_hopper,act_oppose_0.20,2,0,611.7221,1.1899162892082913,609.8786690137662,610.1424803592539,205.55,20,19.4186,10000,last,0,runs/spec_p2_online/SAC/hopper_seed2/r_spec_action_hopper_eval.json
online,SAC,SAC,theta_a,spec_action_hopper,cmd_gauss_0.20,2,0,935.3875,177.4807044453618,814.7342039549076,825.6128615916863,290.8,20,29.3636,10000,last,0,runs/spec_p2_online/SAC/hopper_seed2/r_spec_action_hopper_eval.json
online,SAC,SAC,theta_a,spec_action_hopper,cmd_oppose_0.20,2,1,611.7221,1.1899162892082913,609.8786690137662,610.1424803592539,205.55,20,19.4186,10000,last,0,runs/spec_p2_online/SAC/hopper_seed2/r_spec_action_hopper_eval.json
online,SAC,SAC,theta_a,spec_action_hopper,nominal,3407,0,1191.3622,56.390159299208314,1066.1286211947524,1121.9936169551095,350.9,20,37.2286,10000,last,0,runs/spec_p2_online/SAC/hopper_seed3407/r_spec_action_hopper_eval.json
online,SAC,SAC,theta_a,spec_action_hopper,act_gauss_0.05,3407,0,1014.7457,67.02606360674156,922.1999198155444,941.7722804614392,304.2,20,31.8019,10000,last,0,runs/spec_p2_online/SAC/hopper_seed3407/r_spec_action_hopper_eval.json
online,SAC,SAC,theta_a,spec_action_hopper,act_gauss_0.10,3407,1,929.0282,50.61684199893281,887.7817831682125,893.6155629123019,283.75,20,29.1682,10000,last,0,runs/spec_p2_online/SAC/hopper_seed3407/r_spec_action_hopper_eval.json
online,SAC,SAC,theta_a,spec_action_hopper,act_gauss_0.20,3407,0,849.0724,40.57803457848881,726.8216754918739,789.7872747375184,259.2,20,26.7114,10000,last,0,runs/spec_p2_online/SAC/hopper_seed3407/r_spec_action_hopper_eval.json
online,SAC,SAC,theta_a,spec_action_hopper,act_uni_0.10,3407,1,1013.4731,64.09778243224395,919.7908231553228,949.0934519857049,303.85,20,31.7628,10000,last,0,runs/spec_p2_online/SAC/hopper_seed3407/r_spec_action_hopper_eval.json
online,SAC,SAC,theta_a,spec_action_hopper,act_offset_0.05,3407,1,888.3383,3.7563807916910767,881.0020308642506,883.7313649241394,269.05,20,27.9179,10000,last,0,runs/spec_p2_online/SAC/hopper_seed3407/r_spec_action_hopper_eval.json
online,SAC,SAC,theta_a,spec_action_hopper,act_oppose_0.10,3407,1,823.4515,12.912864315547454,797.1155692865979,806.5499224476596,250.7,20,25.9242,10000,last,0,runs/spec_p2_online/SAC/hopper_seed3407/r_spec_action_hopper_eval.json
online,SAC,SAC,theta_a,spec_action_hopper,act_oppose_0.20,3407,0,587.2334,1.599694992524697,584.4586186575922,585.363088720713,197.2,20,18.6662,10000,last,0,runs/spec_p2_online/SAC/hopper_seed3407/r_spec_action_hopper_eval.json
online,SAC,SAC,theta_a,spec_action_hopper,cmd_gauss_0.20,3407,0,849.0724,40.57803457848881,726.8216754918739,789.7872747375184,259.2,20,26.7114,10000,last,0,runs/spec_p2_online/SAC/hopper_seed3407/r_spec_action_hopper_eval.json
online,SAC,SAC,theta_a,spec_action_hopper,cmd_oppose_0.20,3407,1,587.2334,1.599694992524697,584.4586186575922,585.363088720713,197.2,20,18.6662,10000,last,0,runs/spec_p2_online/SAC/hopper_seed3407/r_spec_action_hopper_eval.json
online,SAC,SAC,theta_a,spec_action_hopper,nominal,42,0,3159.4113,459.7150237510467,1883.221318303223,2413.186753559439,915.85,20,97.6990,10000,last,0,runs/spec_p2_online/SAC/hopper_seed42/r_spec_action_hopper_eval.json
online,SAC,SAC,theta_a,spec_action_hopper,act_gauss_0.05,42,0,2449.3926,664.2926922056253,1297.9652606070529,1665.2180622220808,702.85,20,75.8829,10000,last,0,runs/spec_p2_online/SAC/hopper_seed42/r_spec_action_hopper_eval.json
online,SAC,SAC,theta_a,spec_action_hopper,act_gauss_0.10,42,1,1884.4859,581.8336641522155,1271.0324596416688,1283.6180750080123,547.2,20,58.5256,10000,last,0,runs/spec_p2_online/SAC/hopper_seed42/r_spec_action_hopper_eval.json
online,SAC,SAC,theta_a,spec_action_hopper,act_gauss_0.20,42,0,1062.2100,229.63500171633623,700.2249800515519,791.0639700288081,318.0,20,33.2603,10000,last,0,runs/spec_p2_online/SAC/hopper_seed42/r_spec_action_hopper_eval.json
online,SAC,SAC,theta_a,spec_action_hopper,act_uni_0.10,42,1,1906.3331,428.99920146214566,1298.2360063940719,1471.4102931775033,554.55,20,59.1969,10000,last,0,runs/spec_p2_online/SAC/hopper_seed42/r_spec_action_hopper_eval.json
online,SAC,SAC,theta_a,spec_action_hopper,act_offset_0.05,42,1,1574.6679,335.34145427269715,1245.0984132455383,1298.3010527790714,457.15,20,49.0061,10000,last,0,runs/spec_p2_online/SAC/hopper_seed42/r_spec_action_hopper_eval.json
online,SAC,SAC,theta_a,spec_action_hopper,act_oppose_0.10,42,1,959.8034,23.479532622668778,934.1743578151751,941.2192897166775,287.25,20,30.1138,10000,last,0,runs/spec_p2_online/SAC/hopper_seed42/r_spec_action_hopper_eval.json
online,SAC,SAC,theta_a,spec_action_hopper,act_oppose_0.20,42,0,561.6648,51.52338821675023,539.268247970555,540.955455408492,195.25,20,17.8805,10000,last,0,runs/spec_p2_online/SAC/hopper_seed42/r_spec_action_hopper_eval.json
online,SAC,SAC,theta_a,spec_action_hopper,cmd_gauss_0.20,42,0,1062.2100,229.63500171633623,700.2249800515519,791.0639700288081,318.0,20,33.2603,10000,last,0,runs/spec_p2_online/SAC/hopper_seed42/r_spec_action_hopper_eval.json
online,SAC,SAC,theta_a,spec_action_hopper,cmd_oppose_0.20,42,1,561.6648,51.52338821675023,539.268247970555,540.955455408492,195.25,20,17.8805,10000,last,0,runs/spec_p2_online/SAC/hopper_seed42/r_spec_action_hopper_eval.json
online,SAC,SAC,theta_p,spec_transition_hopper,nominal,0,0,2594.8973,532.2663244294639,1929.9062248153637,2009.0853678189828,745.6,20,80.3537,10000,last,0,runs/spec_p2_online/SAC/hopper_seed0/r_spec_transition_hopper_eval.json
online,SAC,SAC,theta_p,spec_transition_hopper,trans_t1,0,1,1739.4785,618.7340872185089,986.7646687169616,1124.0778176712242,497.75,20,54.0701,10000,last,0,runs/spec_p2_online/SAC/hopper_seed0/r_spec_transition_hopper_eval.json
online,SAC,SAC,theta_p,spec_transition_hopper,trans_t2,0,0,1663.1748,869.3407621606264,627.467358834526,779.2214904077886,479.55,20,51.7256,10000,last,0,runs/spec_p2_online/SAC/hopper_seed0/r_spec_transition_hopper_eval.json
online,SAC,SAC,theta_p,spec_transition_hopper,trans_t3,0,0,891.3501,517.5103862073425,31.11818931613967,332.2624338315112,264.65,20,28.0105,10000,last,0,runs/spec_p2_online/SAC/hopper_seed0/r_spec_transition_hopper_eval.json
online,SAC,SAC,theta_p,spec_transition_hopper,nominal,1,0,1979.9750,937.3882174750303,1172.5885059039808,1243.637828323471,565.75,20,61.4596,10000,last,0,runs/spec_p2_online/SAC/hopper_seed1/r_spec_transition_hopper_eval.json
online,SAC,SAC,theta_p,spec_transition_hopper,trans_t1,1,1,1527.9069,804.3736668388538,886.9256142359785,922.2500137816317,430.4,20,47.5693,10000,last,0,runs/spec_p2_online/SAC/hopper_seed1/r_spec_transition_hopper_eval.json
online,SAC,SAC,theta_p,spec_transition_hopper,trans_t2,1,0,1043.2533,351.7020191845412,575.6285952114314,694.2984678997711,299.3,20,32.6778,10000,last,0,runs/spec_p2_online/SAC/hopper_seed1/r_spec_transition_hopper_eval.json
online,SAC,SAC,theta_p,spec_transition_hopper,trans_t3,1,0,705.8652,309.45178172737815,187.8259368307231,282.0489865424503,220.8,20,22.3112,10000,last,0,runs/spec_p2_online/SAC/hopper_seed1/r_spec_transition_hopper_eval.json
online,SAC,SAC,theta_p,spec_transition_hopper,nominal,2,0,3170.7319,255.10133746299476,2351.558742818574,2831.8099646193227,958.2,20,98.0468,10000,last,0,runs/spec_p2_online/SAC/hopper_seed2/r_spec_transition_hopper_eval.json
online,SAC,SAC,theta_p,spec_transition_hopper,trans_t1,2,1,1948.0432,822.6873619545443,1008.9380384548645,1083.6956667875888,583.15,20,60.4784,10000,last,0,runs/spec_p2_online/SAC/hopper_seed2/r_spec_transition_hopper_eval.json
online,SAC,SAC,theta_p,spec_transition_hopper,trans_t2,2,0,1244.9574,548.9754029682227,803.2607519185085,825.5526543792969,382.2,20,38.8754,10000,last,0,runs/spec_p2_online/SAC/hopper_seed2/r_spec_transition_hopper_eval.json
online,SAC,SAC,theta_p,spec_transition_hopper,trans_t3,2,0,722.8398,238.52389130705134,326.0200171064586,432.43348693823117,237.95,20,22.8328,10000,last,0,runs/spec_p2_online/SAC/hopper_seed2/r_spec_transition_hopper_eval.json
online,SAC,SAC,theta_p,spec_transition_hopper,nominal,3407,0,1191.3622,56.390159299208314,1066.1286211947524,1121.9936169551095,350.9,20,37.2286,10000,last,0,runs/spec_p2_online/SAC/hopper_seed3407/r_spec_transition_hopper_eval.json
online,SAC,SAC,theta_p,spec_transition_hopper,trans_t1,3407,1,1307.9882,593.2908597619796,650.4809265159836,754.1463492088121,387.6,20,40.8121,10000,last,0,runs/spec_p2_online/SAC/hopper_seed3407/r_spec_transition_hopper_eval.json
online,SAC,SAC,theta_p,spec_transition_hopper,trans_t2,3407,0,1080.1678,414.53511846381826,467.87498983257444,600.3771692252234,327.0,20,33.8121,10000,last,0,runs/spec_p2_online/SAC/hopper_seed3407/r_spec_transition_hopper_eval.json
online,SAC,SAC,theta_p,spec_transition_hopper,trans_t3,3407,0,738.9601,315.5919893390204,63.42201491139156,408.18149765342594,234.3,20,23.3281,10000,last,0,runs/spec_p2_online/SAC/hopper_seed3407/r_spec_transition_hopper_eval.json
online,SAC,SAC,theta_p,spec_transition_hopper,nominal,42,0,3159.4113,459.7150237510467,1883.221318303223,2413.186753559439,915.85,20,97.6990,10000,last,0,runs/spec_p2_online/SAC/hopper_seed42/r_spec_transition_hopper_eval.json
online,SAC,SAC,theta_p,spec_transition_hopper,trans_t1,42,1,2775.6936,718.5869284540497,1281.9384063598352,1677.2731115291353,792.95,20,85.9088,10000,last,0,runs/spec_p2_online/SAC/hopper_seed42/r_spec_transition_hopper_eval.json
online,SAC,SAC,theta_p,spec_transition_hopper,trans_t2,42,0,1994.2310,965.4056279577958,673.7492027872064,889.3070175412901,575.25,20,61.8976,10000,last,0,runs/spec_p2_online/SAC/hopper_seed42/r_spec_transition_hopper_eval.json
online,SAC,SAC,theta_p,spec_transition_hopper,trans_t3,42,0,1335.2011,663.2586727807799,432.70990310908803,594.1468845588317,395.25,20,41.6482,10000,last,0,runs/spec_p2_online/SAC/hopper_seed42/r_spec_transition_hopper_eval.json
online,SAC,SAC,theta_p,spec_push_hopper,nominal,0,0,2594.8973,532.2663244294639,1929.9062248153637,2009.0853678189828,745.6,20,80.3537,10000,last,0,runs/spec_p2_online/SAC/hopper_seed0/r_spec_push_hopper_eval.json
online,SAC,SAC,theta_p,spec_push_hopper,push_30,0,0,1435.7968,618.2972913400204,750.8315793133928,782.9791253188932,407.55,20,44.7391,10000,last,0,runs/spec_p2_online/SAC/hopper_seed0/r_spec_push_hopper_eval.json
online,SAC,SAC,theta_p,spec_push_hopper,push_60,0,1,1176.0442,550.8806406605663,495.4232792051088,623.512453235044,339.5,20,36.7580,10000,last,0,runs/spec_p2_online/SAC/hopper_seed0/r_spec_push_hopper_eval.json
online,SAC,SAC,theta_p,spec_push_hopper,push_100,0,0,793.6254,512.9478960170508,289.29735358072566,397.46646989588606,241.5,20,25.0078,10000,last,0,runs/spec_p2_online/SAC/hopper_seed0/r_spec_push_hopper_eval.json
online,SAC,SAC,theta_p,spec_push_hopper,push_150,0,0,568.9759,427.82167968116613,33.390212026371195,269.1907926221917,178.3,20,18.1052,10000,last,0,runs/spec_p2_online/SAC/hopper_seed0/r_spec_push_hopper_eval.json
online,SAC,SAC,theta_p,spec_push_hopper,nominal,1,0,1979.9750,937.3882174750303,1172.5885059039808,1243.637828323471,565.75,20,61.4596,10000,last,0,runs/spec_p2_online/SAC/hopper_seed1/r_spec_push_hopper_eval.json
online,SAC,SAC,theta_p,spec_push_hopper,push_30,1,0,1291.5425,639.395663430847,664.8606052121787,763.3263675057958,362.5,20,40.3068,10000,last,0,runs/spec_p2_online/SAC/hopper_seed1/r_spec_push_hopper_eval.json
online,SAC,SAC,theta_p,spec_push_hopper,push_60,1,1,1240.9711,758.3461971415024,539.9383250326707,621.1666924567419,354.5,20,38.7529,10000,last,0,runs/spec_p2_online/SAC/hopper_seed1/r_spec_push_hopper_eval.json
online,SAC,SAC,theta_p,spec_push_hopper,push_100,1,0,914.1055,512.0957930358586,421.184158040144,485.8862677471704,275.0,20,28.7096,10000,last,0,runs/spec_p2_online/SAC/hopper_seed1/r_spec_push_hopper_eval.json
online,SAC,SAC,theta_p,spec_push_hopper,push_150,1,0,652.9752,457.21933762785744,39.084078718538656,288.9270856353034,208.25,20,20.6861,10000,last,0,runs/spec_p2_online/SAC/hopper_seed1/r_spec_push_hopper_eval.json
online,SAC,SAC,theta_p,spec_push_hopper,nominal,2,0,3170.7319,255.10133746299476,2351.558742818574,2831.8099646193227,958.2,20,98.0468,10000,last,0,runs/spec_p2_online/SAC/hopper_seed2/r_spec_push_hopper_eval.json
online,SAC,SAC,theta_p,spec_push_hopper,push_30,2,0,1704.2524,818.4791295261202,809.2996115895148,858.9150008167005,514.45,20,52.9877,10000,last,0,runs/spec_p2_online/SAC/hopper_seed2/r_spec_push_hopper_eval.json
online,SAC,SAC,theta_p,spec_push_hopper,push_60,2,1,1210.8512,726.0462932154326,585.3135646409686,632.3340476379111,366.4,20,37.8275,10000,last,0,runs/spec_p2_online/SAC/hopper_seed2/r_spec_push_hopper_eval.json
online,SAC,SAC,theta_p,spec_push_hopper,push_100,2,0,760.3619,421.4408015284847,243.65573996265795,363.07292217022825,241.55,20,23.9857,10000,last,0,runs/spec_p2_online/SAC/hopper_seed2/r_spec_push_hopper_eval.json
online,SAC,SAC,theta_p,spec_push_hopper,push_150,2,0,676.2974,330.8401943488768,228.55337350699304,387.2224277157321,217.75,20,21.4027,10000,last,0,runs/spec_p2_online/SAC/hopper_seed2/r_spec_push_hopper_eval.json
online,SAC,SAC,theta_p,spec_push_hopper,nominal,3407,0,1191.3622,56.390159299208314,1066.1286211947524,1121.9936169551095,350.9,20,37.2286,10000,last,0,runs/spec_p2_online/SAC/hopper_seed3407/r_spec_push_hopper_eval.json
online,SAC,SAC,theta_p,spec_push_hopper,push_30,3407,0,1184.8806,548.0532392167534,664.5230665296785,689.8934066586922,353.35,20,37.0295,10000,last,0,runs/spec_p2_online/SAC/hopper_seed3407/r_spec_push_hopper_eval.json
online,SAC,SAC,theta_p,spec_push_hopper,push_60,3407,1,1179.0431,671.973559196085,593.9565361605853,610.8198274709664,351.5,20,36.8501,10000,last,0,runs/spec_p2_online/SAC/hopper_seed3407/r_spec_push_hopper_eval.json
online,SAC,SAC,theta_p,spec_push_hopper,push_100,3407,0,717.0014,486.3635137359482,58.100402338488905,341.2772477991628,221.35,20,22.6534,10000,last,0,runs/spec_p2_online/SAC/hopper_seed3407/r_spec_push_hopper_eval.json
online,SAC,SAC,theta_p,spec_push_hopper,push_150,3407,0,669.3383,482.9301965521719,39.01482725656865,300.8128614317276,210.75,20,21.1889,10000,last,0,runs/spec_p2_online/SAC/hopper_seed3407/r_spec_push_hopper_eval.json
online,SAC,SAC,theta_p,spec_push_hopper,nominal,42,0,3159.4113,459.7150237510467,1883.221318303223,2413.186753559439,915.85,20,97.6990,10000,last,0,runs/spec_p2_online/SAC/hopper_seed42/r_spec_push_hopper_eval.json
online,SAC,SAC,theta_p,spec_push_hopper,push_30,42,0,2062.3147,889.9300754608593,743.6916752576931,1109.4296883146858,597.6,20,63.9896,10000,last,0,runs/spec_p2_online/SAC/hopper_seed42/r_spec_push_hopper_eval.json
online,SAC,SAC,theta_p,spec_push_hopper,push_60,42,1,1313.1317,744.1617993606575,457.7286911576552,661.6066145664911,388.6,20,40.9701,10000,last,0,runs/spec_p2_online/SAC/hopper_seed42/r_spec_push_hopper_eval.json
online,SAC,SAC,theta_p,spec_push_hopper,push_100,42,0,950.4293,738.7985734573061,272.9715943123592,397.5101275260175,290.55,20,29.8257,10000,last,0,runs/spec_p2_online/SAC/hopper_seed42/r_spec_push_hopper_eval.json
online,SAC,SAC,theta_p,spec_push_hopper,push_150,42,0,617.6870,391.6494513043341,31.131270595693913,265.0948137059079,196.7,20,19.6019,10000,last,0,runs/spec_p2_online/SAC/hopper_seed42/r_spec_push_hopper_eval.json
online,SAC,SAC,theta_p,spec_timevar_hopper,nominal,0,0,2594.8973,532.2663244294639,1929.9062248153637,2009.0853678189828,745.6,20,80.3537,10000,last,0,runs/spec_p2_online/SAC/hopper_seed0/r_spec_timevar_hopper_eval.json
online,SAC,SAC,theta_p,spec_timevar_hopper,gear_static_0.8,0,1,614.7059,2.262663471525553,610.1357318555577,611.6656902077575,193.05,20,19.5103,10000,last,0,runs/spec_p2_online/SAC/hopper_seed0/r_spec_timevar_hopper_eval.json
online,SAC,SAC,theta_p,spec_timevar_hopper,gear_step_0.8,0,0,2190.8097,162.79049552141194,1921.7040333497882,1986.5274341889294,639.5,20,67.9377,10000,last,0,runs/spec_p2_online/SAC/hopper_seed0/r_spec_timevar_hopper_eval.json
online,SAC,SAC,theta_p,spec_timevar_hopper,gear_ramp_0.8,0,1,1682.7153,224.30679095457663,1412.2881517899739,1470.025591792545,487.8,20,52.3260,10000,last,0,runs/spec_p2_online/SAC/hopper_seed0/r_spec_timevar_hopper_eval.json
online,SAC,SAC,theta_p,spec_timevar_hopper,gear_sine_p200,0,0,1033.0273,36.612364626184224,974.8606126458859,981.2489228605758,293.55,20,32.3636,10000,last,0,runs/spec_p2_online/SAC/hopper_seed0/r_spec_timevar_hopper_eval.json
online,SAC,SAC,theta_p,spec_timevar_hopper,gear_sine_p500,0,1,1718.3082,41.23038433144777,1634.3359186018056,1667.9240908076124,502.05,20,53.4196,10000,last,0,runs/spec_p2_online/SAC/hopper_seed0/r_spec_timevar_hopper_eval.json
online,SAC,SAC,theta_p,spec_timevar_hopper,gravity_ramp_1.2,0,0,2327.3651,495.75538267451407,1817.26237838119,1916.3772289114554,671.75,20,72.1335,10000,last,0,runs/spec_p2_online/SAC/hopper_seed0/r_spec_timevar_hopper_eval.json
online,SAC,SAC,theta_p,spec_timevar_hopper,nominal,1,0,1979.9750,937.3882174750303,1172.5885059039808,1243.637828323471,565.75,20,61.4596,10000,last,0,runs/spec_p2_online/SAC/hopper_seed1/r_spec_timevar_hopper_eval.json
online,SAC,SAC,theta_p,spec_timevar_hopper,gear_static_0.8,1,1,546.5834,3.9515993008853605,539.1683738444997,542.4112129049048,179.0,20,17.4172,10000,last,0,runs/spec_p2_online/SAC/hopper_seed1/r_spec_timevar_hopper_eval.json
online,SAC,SAC,theta_p,spec_timevar_hopper,gear_step_0.8,1,0,1609.2405,377.8334844815536,1172.5885059039808,1243.637828323471,456.85,20,50.0684,10000,last,0,runs/spec_p2_online/SAC/hopper_seed1/r_spec_timevar_hopper_eval.json
online,SAC,SAC,theta_p,spec_timevar_hopper,gear_ramp_0.8,1,1,1049.2566,88.34413769864743,915.3005926642064,953.9221797115337,301.5,20,32.8623,10000,last,0,runs/spec_p2_online/SAC/hopper_seed1/r_spec_timevar_hopper_eval.json
online,SAC,SAC,theta_p,spec_timevar_hopper,gear_sine_p200,1,0,1251.2859,49.15472127055446,1099.7507748485643,1178.8254258994598,350.75,20,39.0699,10000,last,0,runs/spec_p2_online/SAC/hopper_seed1/r_spec_timevar_hopper_eval.json
online,SAC,SAC,theta_p,spec_timevar_hopper,gear_sine_p500,1,1,605.3565,32.1447781212663,556.12123507213,559.4054893769811,210.4,20,19.2230,10000,last,0,runs/spec_p2_online/SAC/hopper_seed1/r_spec_timevar_hopper_eval.json
online,SAC,SAC,theta_p,spec_timevar_hopper,gravity_ramp_1.2,1,0,1164.0933,92.32952288578927,1015.2067751546398,1045.0911806922827,327.2,20,36.3908,10000,last,0,runs/spec_p2_online/SAC/hopper_seed1/r_spec_timevar_hopper_eval.json
online,SAC,SAC,theta_p,spec_timevar_hopper,nominal,2,0,3170.7319,255.10133746299476,2351.558742818574,2831.8099646193227,958.2,20,98.0468,10000,last,0,runs/spec_p2_online/SAC/hopper_seed2/r_spec_timevar_hopper_eval.json
online,SAC,SAC,theta_p,spec_timevar_hopper,gear_static_0.8,2,1,580.3256,5.141188250586348,571.6081618614384,574.9154311215473,203.9,20,18.4539,10000,last,0,runs/spec_p2_online/SAC/hopper_seed2/r_spec_timevar_hopper_eval.json
online,SAC,SAC,theta_p,spec_timevar_hopper,gear_step_0.8,2,0,2115.8535,72.52633467028652,2048.853421071682,2056.7035025193254,648.55,20,65.6346,10000,last,0,runs/spec_p2_online/SAC/hopper_seed2/r_spec_timevar_hopper_eval.json
online,SAC,SAC,theta_p,spec_timevar_hopper,gear_ramp_0.8,2,1,2019.9641,239.49977171646412,1542.8442848042732,1709.4497167936352,614.8,20,62.6883,10000,last,0,runs/spec_p2_online/SAC/hopper_seed2/r_spec_timevar_hopper_eval.json
online,SAC,SAC,theta_p,spec_timevar_hopper,gear_sine_p200,2,0,1168.1810,20.612554257770228,1154.2268056646108,1155.21407728676,357.2,20,36.5164,10000,last,0,runs/spec_p2_online/SAC/hopper_seed2/r_spec_timevar_hopper_eval.json
online,SAC,SAC,theta_p,spec_timevar_hopper,gear_sine_p500,2,1,1439.9757,46.54576578489931,1402.3551764635263,1404.649999003519,445.1,20,44.8675,10000,last,0,runs/spec_p2_online/SAC/hopper_seed2/r_spec_timevar_hopper_eval.json
online,SAC,SAC,theta_p,spec_timevar_hopper,gravity_ramp_1.2,2,0,3211.2020,269.02204457848137,2050.3983598832756,2991.7916931996538,976.05,20,99.2903,10000,last,0,runs/spec_p2_online/SAC/hopper_seed2/r_spec_timevar_hopper_eval.json
online,SAC,SAC,theta_p,spec_timevar_hopper,nominal,3407,0,1191.3622,56.390159299208314,1066.1286211947524,1121.9936169551095,350.9,20,37.2286,10000,last,0,runs/spec_p2_online/SAC/hopper_seed3407/r_spec_timevar_hopper_eval.json
online,SAC,SAC,theta_p,spec_timevar_hopper,gear_static_0.8,3407,1,583.3826,1.1032898744320734,581.5500955879727,581.9487547000651,196.75,20,18.5478,10000,last,0,runs/spec_p2_online/SAC/hopper_seed3407/r_spec_timevar_hopper_eval.json
online,SAC,SAC,theta_p,spec_timevar_hopper,gear_step_0.8,3407,0,1191.3622,56.390159299208314,1066.1286211947524,1121.9936169551095,350.9,20,37.2286,10000,last,0,runs/spec_p2_online/SAC/hopper_seed3407/r_spec_timevar_hopper_eval.json
online,SAC,SAC,theta_p,spec_timevar_hopper,gear_ramp_0.8,3407,1,960.2944,18.234032354935778,937.481328338617,940.3543900044418,292.55,20,30.1288,10000,last,0,runs/spec_p2_online/SAC/hopper_seed3407/r_spec_timevar_hopper_eval.json
online,SAC,SAC,theta_p,spec_timevar_hopper,gear_sine_p200,3407,0,1084.5592,25.962866658776445,1047.1419045340947,1055.0456181511495,318.45,20,33.9470,10000,last,0,runs/spec_p2_online/SAC/hopper_seed3407/r_spec_timevar_hopper_eval.json
online,SAC,SAC,theta_p,spec_timevar_hopper,gear_sine_p500,3407,1,1494.2667,60.742229393730995,1450.0790380066665,1453.9262547099513,460.75,20,46.5357,10000,last,0,runs/spec_p2_online/SAC/hopper_seed3407/r_spec_timevar_hopper_eval.json
online,SAC,SAC,theta_p,spec_timevar_hopper,gravity_ramp_1.2,3407,0,1114.5964,28.4541312078269,1039.6987611876616,1075.9053496358515,325.85,20,34.8699,10000,last,0,runs/spec_p2_online/SAC/hopper_seed3407/r_spec_timevar_hopper_eval.json
online,SAC,SAC,theta_p,spec_timevar_hopper,nominal,42,0,3159.4113,459.7150237510467,1883.221318303223,2413.186753559439,915.85,20,97.6990,10000,last,0,runs/spec_p2_online/SAC/hopper_seed42/r_spec_timevar_hopper_eval.json
online,SAC,SAC,theta_p,spec_timevar_hopper,gear_static_0.8,42,1,544.0540,1.792856557630493,540.2676422012587,541.5527026761056,193.0,20,17.3394,10000,last,0,runs/spec_p2_online/SAC/hopper_seed42/r_spec_timevar_hopper_eval.json
online,SAC,SAC,theta_p,spec_timevar_hopper,gear_step_0.8,42,0,2204.9413,164.9390765953368,1892.8567750561103,1963.2749115174872,649.0,20,68.3719,10000,last,0,runs/spec_p2_online/SAC/hopper_seed42/r_spec_timevar_hopper_eval.json
online,SAC,SAC,theta_p,spec_timevar_hopper,gear_ramp_0.8,42,1,1853.2954,202.3659631997432,1549.0547689463942,1649.49016603212,545.5,20,57.5672,10000,last,0,runs/spec_p2_online/SAC/hopper_seed42/r_spec_timevar_hopper_eval.json
online,SAC,SAC,theta_p,spec_timevar_hopper,gear_sine_p200,42,0,1669.7642,795.2642401583016,1053.5074260674987,1057.3143881970414,479.4,20,51.9280,10000,last,0,runs/spec_p2_online/SAC/hopper_seed42/r_spec_timevar_hopper_eval.json
online,SAC,SAC,theta_p,spec_timevar_hopper,gear_sine_p500,42,1,1164.0053,167.5618132140479,968.7170356285283,1028.7087888887193,339.3,20,36.3881,10000,last,0,runs/spec_p2_online/SAC/hopper_seed42/r_spec_timevar_hopper_eval.json
online,SAC,SAC,theta_p,spec_timevar_hopper,gravity_ramp_1.2,42,0,2878.7677,547.7381851681057,2045.4844201333422,2145.8064130882,826.55,20,89.0759,10000,last,0,runs/spec_p2_online/SAC/hopper_seed42/r_spec_timevar_hopper_eval.json
online,SAC,SAC,theta_tau_exec,spec_timing_hopper,nominal,0,0,2594.8973,532.2663244294639,1929.9062248153637,2009.0853678189828,745.6,20,80.3537,10000,last,0,runs/spec_p2_online/SAC/hopper_seed0/r_spec_timing_hopper_eval.json
online,SAC,SAC,theta_tau_exec,spec_timing_hopper,act_delay_8ms,0,1,1352.7150,115.07147916282493,1220.2782798574772,1240.4396779884023,379.5,20,42.1864,10000,last,0,runs/spec_p2_online/SAC/hopper_seed0/r_spec_timing_hopper_eval.json
online,SAC,SAC,theta_tau_exec,spec_timing_hopper,act_delay_rand1,0,1,2107.3200,731.6976834986925,1238.8795338257255,1287.1532614869916,602.55,20,65.3724,10000,last,0,runs/spec_p2_online/SAC/hopper_seed0/r_spec_timing_hopper_eval.json
online,SAC,SAC,theta_tau_exec,spec_timing_hopper,act_delay_rand2,0,0,1386.6547,961.2047404243581,30.254336026238313,30.67215988688708,398.3,20,43.2292,10000,last,0,runs/spec_p2_online/SAC/hopper_seed0/r_spec_timing_hopper_eval.json
online,SAC,SAC,theta_tau_exec,spec_timing_hopper,substep,0,0,1941.7115,767.5997637926405,613.574798836435,973.0402700555863,557.35,20,60.2839,10000,last,0,runs/spec_p2_online/SAC/hopper_seed0/r_spec_timing_hopper_eval.json
online,SAC,SAC,theta_tau_exec,spec_timing_hopper,obs_delay_4ms,0,1,2660.3712,503.4196752335131,1752.0191353101925,2026.4554696055616,772.05,20,82.3654,10000,last,0,runs/spec_p2_online/SAC/hopper_seed0/r_spec_timing_hopper_eval.json
online,SAC,SAC,theta_tau_exec,spec_timing_hopper,obs_delay_8ms,0,1,1850.8243,575.3396279544949,1247.1597614137452,1348.5026864447682,530.55,20,57.4913,10000,last,0,runs/spec_p2_online/SAC/hopper_seed0/r_spec_timing_hopper_eval.json
online,SAC,SAC,theta_tau_exec,spec_timing_hopper,obs_delay_16ms,0,1,1111.3040,779.7818575199161,27.151603082406154,28.630794128708885,320.1,20,34.7688,10000,last,0,runs/spec_p2_online/SAC/hopper_seed0/r_spec_timing_hopper_eval.json
online,SAC,SAC,theta_tau_exec,spec_timing_hopper,nominal,1,0,1979.9750,937.3882174750303,1172.5885059039808,1243.637828323471,565.75,20,61.4596,10000,last,0,runs/spec_p2_online/SAC/hopper_seed1/r_spec_timing_hopper_eval.json
online,SAC,SAC,theta_tau_exec,spec_timing_hopper,act_delay_8ms,1,1,418.0303,95.5502168297299,370.0094064683479,373.12950060532773,149.05,20,13.4672,10000,last,0,runs/spec_p2_online/SAC/hopper_seed1/r_spec_timing_hopper_eval.json
online,SAC,SAC,theta_tau_exec,spec_timing_hopper,act_delay_rand1,1,1,1383.1992,1096.7133755110517,370.0094064683479,375.2674923187452,409.05,20,43.1230,10000,last,0,runs/spec_p2_online/SAC/hopper_seed1/r_spec_timing_hopper_eval.json
online,SAC,SAC,theta_tau_exec,spec_timing_hopper,act_delay_rand2,1,0,906.6252,908.9677520733126,100.27438319139408,313.0614195152008,278.85,20,28.4798,10000,last,0,runs/spec_p2_online/SAC/hopper_seed1/r_spec_timing_hopper_eval.json
online,SAC,SAC,theta_tau_exec,spec_timing_hopper,substep,1,0,1249.2548,947.7937637483801,55.47144470084375,492.0515592361323,357.0,20,39.0075,10000,last,0,runs/spec_p2_online/SAC/hopper_seed1/r_spec_timing_hopper_eval.json
online,SAC,SAC,theta_tau_exec,spec_timing_hopper,obs_delay_4ms,1,1,1153.0442,189.62902814191796,616.2507301216554,901.2763305483202,321.8,20,36.0513,10000,last,0,runs/spec_p2_online/SAC/hopper_seed1/r_spec_timing_hopper_eval.json
online,SAC,SAC,theta_tau_exec,spec_timing_hopper,obs_delay_8ms,1,1,906.4488,730.8436891550948,371.41015076043703,374.69543803286626,279.7,20,28.4744,10000,last,0,runs/spec_p2_online/SAC/hopper_seed1/r_spec_timing_hopper_eval.json
online,SAC,SAC,theta_tau_exec,spec_timing_hopper,obs_delay_16ms,1,1,422.2801,227.3638862198297,53.85123454981078,132.99417121154585,142.2,20,13.5978,10000,last,0,runs/spec_p2_online/SAC/hopper_seed1/r_spec_timing_hopper_eval.json
online,SAC,SAC,theta_tau_exec,spec_timing_hopper,nominal,2,0,3170.7319,255.10133746299476,2351.558742818574,2831.8099646193227,958.2,20,98.0468,10000,last,0,runs/spec_p2_online/SAC/hopper_seed2/r_spec_timing_hopper_eval.json
online,SAC,SAC,theta_tau_exec,spec_timing_hopper,act_delay_8ms,2,1,916.5100,76.70371297360113,857.5569761870519,864.8971527364899,281.9,20,28.7835,10000,last,0,runs/spec_p2_online/SAC/hopper_seed2/r_spec_timing_hopper_eval.json
online,SAC,SAC,theta_tau_exec,spec_timing_hopper,act_delay_rand1,2,1,2300.4257,1143.4151326463546,867.5877470631686,879.9498704403619,699.35,20,71.3058,10000,last,0,runs/spec_p2_online/SAC/hopper_seed2/r_spec_timing_hopper_eval.json
online,SAC,SAC,theta_tau_exec,spec_timing_hopper,act_delay_rand2,2,0,1540.6706,1111.7933696557348,349.1516836163294,618.9975682000355,472.55,20,47.9615,10000,last,0,runs/spec_p2_online/SAC/hopper_seed2/r_spec_timing_hopper_eval.json
online,SAC,SAC,theta_tau_exec,spec_timing_hopper,substep,2,0,2579.6790,800.4431705241147,895.8869990593973,1408.0653073186354,771.55,20,79.8861,10000,last,0,runs/spec_p2_online/SAC/hopper_seed2/r_spec_timing_hopper_eval.json
online,SAC,SAC,theta_tau_exec,spec_timing_hopper,obs_delay_4ms,2,1,3138.4746,318.6580130762351,2087.6466387208798,2702.055289589548,950.1,20,97.0557,10000,last,0,runs/spec_p2_online/SAC/hopper_seed2/r_spec_timing_hopper_eval.json
online,SAC,SAC,theta_tau_exec,spec_timing_hopper,obs_delay_8ms,2,1,1328.4635,591.1498067917083,880.2642895530508,885.6568080651869,397.15,20,41.4412,10000,last,0,runs/spec_p2_online/SAC/hopper_seed2/r_spec_timing_hopper_eval.json
online,SAC,SAC,theta_tau_exec,spec_timing_hopper,obs_delay_16ms,2,1,951.5711,168.72991955930746,695.8111373960011,806.729020173548,293.15,20,29.8608,10000,last,0,runs/spec_p2_online/SAC/hopper_seed2/r_spec_timing_hopper_eval.json
online,SAC,SAC,theta_tau_exec,spec_timing_hopper,nominal,3407,0,1191.3622,56.390159299208314,1066.1286211947524,1121.9936169551095,350.9,20,37.2286,10000,last,0,runs/spec_p2_online/SAC/hopper_seed3407/r_spec_timing_hopper_eval.json
online,SAC,SAC,theta_tau_exec,spec_timing_hopper,act_delay_8ms,3407,1,923.8182,19.116615766773826,897.6848761387452,902.712027923061,280.6,20,29.0081,10000,last,0,runs/spec_p2_online/SAC/hopper_seed3407/r_spec_timing_hopper_eval.json
online,SAC,SAC,theta_tau_exec,spec_timing_hopper,act_delay_rand1,3407,1,1074.9957,130.30620917220367,897.6848761387452,910.5722627902048,320.1,20,33.6532,10000,last,0,runs/spec_p2_online/SAC/hopper_seed3407/r_spec_timing_hopper_eval.json
online,SAC,SAC,theta_tau_exec,spec_timing_hopper,act_delay_rand2,3407,0,968.8052,146.29459169998376,667.9598825784177,806.3859161573079,289.35,20,30.3903,10000,last,0,runs/spec_p2_online/SAC/hopper_seed3407/r_spec_timing_hopper_eval.json
online,SAC,SAC,theta_tau_exec,spec_timing_hopper,substep,3407,0,1006.7111,549.5540526506906,638.3331334159705,661.0538483834853,298.95,20,31.5550,10000,last,0,runs/spec_p2_online/SAC/hopper_seed3407/r_spec_timing_hopper_eval.json
online,SAC,SAC,theta_tau_exec,spec_timing_hopper,obs_delay_4ms,3407,1,1052.0097,43.40000485946293,967.693578978685,999.400984697829,311.5,20,32.9469,10000,last,0,runs/spec_p2_online/SAC/hopper_seed3407/r_spec_timing_hopper_eval.json
online,SAC,SAC,theta_tau_exec,spec_timing_hopper,obs_delay_8ms,3407,1,941.0667,20.12873823380263,918.814536608978,920.6673166241883,287.0,20,29.5381,10000,last,0,runs/spec_p2_online/SAC/hopper_seed3407/r_spec_timing_hopper_eval.json
online,SAC,SAC,theta_tau_exec,spec_timing_hopper,obs_delay_16ms,3407,1,842.2716,109.7071931787685,580.1905599981545,671.1606303465069,256.0,20,26.5025,10000,last,0,runs/spec_p2_online/SAC/hopper_seed3407/r_spec_timing_hopper_eval.json
online,SAC,SAC,theta_tau_exec,spec_timing_hopper,nominal,42,0,3159.4113,459.7150237510467,1883.221318303223,2413.186753559439,915.85,20,97.6990,10000,last,0,runs/spec_p2_online/SAC/hopper_seed42/r_spec_timing_hopper_eval.json
online,SAC,SAC,theta_tau_exec,spec_timing_hopper,act_delay_8ms,42,1,1576.3226,736.9158010260877,456.1528869358695,820.4200614418612,475.55,20,49.0569,10000,last,0,runs/spec_p2_online/SAC/hopper_seed42/r_spec_timing_hopper_eval.json
online,SAC,SAC,theta_tau_exec,spec_timing_hopper,act_delay_rand1,42,1,2582.7260,966.4109430935425,779.4892690626846,1171.9053004203338,755.55,20,79.9797,10000,last,0,runs/spec_p2_online/SAC/hopper_seed42/r_spec_timing_hopper_eval.json
online,SAC,SAC,theta_tau_exec,spec_timing_hopper,act_delay_rand2,42,0,2024.9417,1131.8509322615303,461.009447108351,738.4938156657594,599.55,20,62.8412,10000,last,0,runs/spec_p2_online/SAC/hopper_seed42/r_spec_timing_hopper_eval.json
online,SAC,SAC,theta_tau_exec,spec_timing_hopper,substep,42,0,2990.3312,713.5660645188732,913.2178923070587,1925.430996182025,863.35,20,92.5038,10000,last,0,runs/spec_p2_online/SAC/hopper_seed42/r_spec_timing_hopper_eval.json
online,SAC,SAC,theta_tau_exec,spec_timing_hopper,obs_delay_4ms,42,1,2919.2063,600.9152051480337,1874.103039319012,1944.4211720590242,850.65,20,90.3184,10000,last,0,runs/spec_p2_online/SAC/hopper_seed42/r_spec_timing_hopper_eval.json
online,SAC,SAC,theta_tau_exec,spec_timing_hopper,obs_delay_8ms,42,1,2588.9178,894.1710002168286,779.9734866238244,1325.7852361719574,760.25,20,80.1700,10000,last,0,runs/spec_p2_online/SAC/hopper_seed42/r_spec_timing_hopper_eval.json
online,SAC,SAC,theta_tau_exec,spec_timing_hopper,obs_delay_16ms,42,1,828.7839,506.818130938108,303.0994638189403,439.53878519850457,265.35,20,26.0881,10000,last,0,runs/spec_p2_online/SAC/hopper_seed42/r_spec_timing_hopper_eval.json
offline,IQL,IQL,theta_o,spec_obsadv_hopper,nominal,0,0,3247.7274,640.610464467134,1861.763223623459,1886.4954605966955,899.75,20,100.4126,10000,last,0,runs/spec_baseline/iql_hopper_archive_seed0/r_spec_obsadv_hopper_eval.json
offline,IQL,IQL,theta_o,spec_obsadv_hopper,obs_uni_0.05,0,0,1917.8169,795.3312621206904,1028.1774772578367,1100.9507414816592,502.05,20,59.5497,10000,last,0,runs/spec_baseline/iql_hopper_archive_seed0/r_spec_obsadv_hopper_eval.json
offline,IQL,IQL,theta_o,spec_obsadv_hopper,obs_uni_0.10,0,1,1255.9813,363.74879347672874,739.4593162462094,820.5666145271663,334.75,20,39.2141,10000,last,0,runs/spec_baseline/iql_hopper_archive_seed0/r_spec_obsadv_hopper_eval.json
offline,IQL,IQL,theta_o,spec_obsadv_hopper,obs_uni_0.15,0,0,1039.5172,173.72875267856062,739.2659315904964,763.1681965655509,288.75,20,32.5630,10000,last,0,runs/spec_baseline/iql_hopper_archive_seed0/r_spec_obsadv_hopper_eval.json
offline,IQL,IQL,theta_o,spec_obsadv_hopper,obs_rel_0.05,0,0,3159.8638,761.3980246382051,1536.3407063677123,1544.4711316018975,875.15,20,97.7129,10000,last,0,runs/spec_baseline/iql_hopper_archive_seed0/r_spec_obsadv_hopper_eval.json
offline,IQL,IQL,theta_o,spec_obsadv_hopper,obs_rel_0.10,0,1,2493.9585,929.8281918160308,1208.6673960356957,1255.2168728612191,678.65,20,77.2522,10000,last,0,runs/spec_baseline/iql_hopper_archive_seed0/r_spec_obsadv_hopper_eval.json
offline,IQL,IQL,theta_o,spec_obsadv_hopper,obs_bias_0.05,0,0,2479.0160,1100.1672649678949,1008.6288247621208,1010.0148868579504,699.6,20,76.7931,10000,last,0,runs/spec_baseline/iql_hopper_archive_seed0/r_spec_obsadv_hopper_eval.json
offline,IQL,IQL,theta_o,spec_obsadv_hopper,obs_gauss_0.05,0,0,1422.3749,576.3822207703921,845.9984104979841,900.574652868193,375.45,20,44.3267,10000,last,0,runs/spec_baseline/iql_hopper_archive_seed0/r_spec_obsadv_hopper_eval.json
offline,IQL,IQL,theta_o,spec_obsadv_hopper,obs_gauss_0.10,0,1,933.7746,185.4128627484249,459.1931709968553,581.9523088694101,264.15,20,29.3140,10000,last,0,runs/spec_baseline/iql_hopper_archive_seed0/r_spec_obsadv_hopper_eval.json
offline,IQL,IQL,theta_o,spec_obsadv_hopper,obs_shift_0.01,0,0,1510.4836,134.0362826325711,1382.8914928249064,1393.350498067046,384.85,20,47.0340,10000,last,0,runs/spec_baseline/iql_hopper_archive_seed0/r_spec_obsadv_hopper_eval.json
offline,IQL,IQL,theta_o,spec_obsadv_hopper,obs_shift_0.02,0,0,1273.3500,46.461916701110155,1211.9521541430913,1214.9514391187508,329.95,20,39.7478,10000,last,0,runs/spec_baseline/iql_hopper_archive_seed0/r_spec_obsadv_hopper_eval.json
offline,IQL,IQL,theta_o,spec_obsadv_hopper,nominal,1,0,3569.2126,26.749043560019338,3530.8257948646333,3531.6170117429156,1000.0,20,110.2905,10000,last,0,runs/spec_baseline/iql_hopper_archive_seed1/r_spec_obsadv_hopper_eval.json
offline,IQL,IQL,theta_o,spec_obsadv_hopper,obs_uni_0.05,1,0,2216.5949,1085.8482698189903,1075.8082294639903,1081.998722518888,592.8,20,68.7300,10000,last,0,runs/spec_baseline/iql_hopper_archive_seed1/r_spec_obsadv_hopper_eval.json
offline,IQL,IQL,theta_o,spec_obsadv_hopper,obs_uni_0.10,1,1,1274.0994,464.3926375398929,718.9519954134234,810.8728606694826,341.4,20,39.7708,10000,last,0,runs/spec_baseline/iql_hopper_archive_seed1/r_spec_obsadv_hopper_eval.json
offline,IQL,IQL,theta_o,spec_obsadv_hopper,obs_uni_0.15,1,0,867.3169,193.70838035210488,455.50346497457775,457.3277774273429,248.55,20,27.2720,10000,last,0,runs/spec_baseline/iql_hopper_archive_seed1/r_spec_obsadv_hopper_eval.json
offline,IQL,IQL,theta_o,spec_obsadv_hopper,obs_rel_0.05,1,0,3040.6882,862.6909327565359,1420.3842947375242,1427.4832102806013,841.25,20,94.0511,10000,last,0,runs/spec_baseline/iql_hopper_archive_seed1/r_spec_obsadv_hopper_eval.json
offline,IQL,IQL,theta_o,spec_obsadv_hopper,obs_rel_0.10,1,1,2469.5101,975.234726445197,1229.2952336215965,1237.7084126848276,664.9,20,76.5010,10000,last,0,runs/spec_baseline/iql_hopper_archive_seed1/r_spec_obsadv_hopper_eval.json
offline,IQL,IQL,theta_o,spec_obsadv_hopper,obs_bias_0.05,1,0,2504.9815,1126.1000938823797,739.965181426372,740.6216283876258,705.1,20,77.5909,10000,last,0,runs/spec_baseline/iql_hopper_archive_seed1/r_spec_obsadv_hopper_eval.json
offline,IQL,IQL,theta_o,spec_obsadv_hopper,obs_gauss_0.05,1,0,1182.2675,235.37021425331642,721.827382127052,744.9435183073409,314.75,20,36.9492,10000,last,0,runs/spec_baseline/iql_hopper_archive_seed1/r_spec_obsadv_hopper_eval.json
offline,IQL,IQL,theta_o,spec_obsadv_hopper,obs_gauss_0.10,1,1,751.3655,240.38868927552812,204.55460879445738,205.46832672002512,218.9,20,23.7093,10000,last,0,runs/spec_baseline/iql_hopper_archive_seed1/r_spec_obsadv_hopper_eval.json
offline,IQL,IQL,theta_o,spec_obsadv_hopper,obs_shift_0.01,1,0,1483.8110,104.3542143324769,1374.3746912636345,1381.6726722506426,378.8,20,46.2144,10000,last,0,runs/spec_baseline/iql_hopper_archive_seed1/r_spec_obsadv_hopper_eval.json
offline,IQL,IQL,theta_o,spec_obsadv_hopper,obs_shift_0.02,1,0,1190.0155,26.152891335239502,1133.9570687664461,1134.1138573969542,311.8,20,37.1873,10000,last,0,runs/spec_baseline/iql_hopper_archive_seed1/r_spec_obsadv_hopper_eval.json
offline,IQL,IQL,theta_o,spec_obsadv_hopper,nominal,2,0,3422.8471,453.1324280766461,2017.5243348758465,2066.4133739198955,952.5,20,105.7933,10000,last,0,runs/spec_baseline/iql_hopper_archive_seed2/r_spec_obsadv_hopper_eval.json
offline,IQL,IQL,theta_o,spec_obsadv_hopper,obs_uni_0.05,2,0,2518.8489,1098.9446724208049,1210.0772845401962,1230.6918889589383,679.8,20,78.0170,10000,last,0,runs/spec_baseline/iql_hopper_archive_seed2/r_spec_obsadv_hopper_eval.json
offline,IQL,IQL,theta_o,spec_obsadv_hopper,obs_uni_0.10,2,1,1368.3076,584.1663440340185,259.478326848348,511.7973347557071,367.3,20,42.6655,10000,last,0,runs/spec_baseline/iql_hopper_archive_seed2/r_spec_obsadv_hopper_eval.json
offline,IQL,IQL,theta_o,spec_obsadv_hopper,obs_uni_0.15,2,0,890.3626,377.283577173329,37.163821805059314,245.23045704725672,251.75,20,27.9801,10000,last,0,runs/spec_baseline/iql_hopper_archive_seed2/r_spec_obsadv_hopper_eval.json
offline,IQL,IQL,theta_o,spec_obsadv_hopper,obs_rel_0.05,2,0,3090.8851,845.5229825893047,1416.2374622909917,1517.302057398608,853.8,20,95.5934,10000,last,0,runs/spec_baseline/iql_hopper_archive_seed2/r_spec_obsadv_hopper_eval.json
offline,IQL,IQL,theta_o,spec_obsadv_hopper,obs_rel_0.10,2,1,2657.6068,939.052475120747,1267.3070177852499,1283.102037828579,727.1,20,82.2805,10000,last,0,runs/spec_baseline/iql_hopper_archive_seed2/r_spec_obsadv_hopper_eval.json
offline,IQL,IQL,theta_o,spec_obsadv_hopper,obs_bias_0.05,2,0,2589.6302,1101.7924007387226,1016.327881114137,1023.7486399056811,731.05,20,80.1919,10000,last,0,runs/spec_baseline/iql_hopper_archive_seed2/r_spec_obsadv_hopper_eval.json
offline,IQL,IQL,theta_o,spec_obsadv_hopper,obs_gauss_0.05,2,0,1461.4773,547.227063008121,802.879543694046,855.8850565547589,382.0,20,45.5282,10000,last,0,runs/spec_baseline/iql_hopper_archive_seed2/r_spec_obsadv_hopper_eval.json
offline,IQL,IQL,theta_o,spec_obsadv_hopper,obs_gauss_0.10,2,1,870.5614,225.65560300543146,472.50051171735083,503.42653099414156,248.95,20,27.3717,10000,last,0,runs/spec_baseline/iql_hopper_archive_seed2/r_spec_obsadv_hopper_eval.json
offline,IQL,IQL,theta_o,spec_obsadv_hopper,obs_shift_0.01,2,0,1448.2747,67.52693865009608,1342.1503903707915,1347.2166736556887,370.35,20,45.1225,10000,last,0,runs/spec_baseline/iql_hopper_archive_seed2/r_spec_obsadv_hopper_eval.json
offline,IQL,IQL,theta_o,spec_obsadv_hopper,obs_shift_0.02,2,0,1202.1800,23.423551323126325,1175.4229064077517,1176.140605197535,313.4,20,37.5610,10000,last,0,runs/spec_baseline/iql_hopper_archive_seed2/r_spec_obsadv_hopper_eval.json
offline,IQL,IQL,theta_o,spec_obsadv_hopper,nominal,3407,0,3585.3427,46.653508352572466,3527.721785233532,3529.843180980566,1000.0,20,110.7861,10000,last,0,runs/spec_baseline/iql_hopper_archive_seed3407/r_spec_obsadv_hopper_eval.json
offline,IQL,IQL,theta_o,spec_obsadv_hopper,obs_uni_0.05,3407,0,2189.1093,947.6534833661887,1193.3631267924434,1214.0780006954592,576.1,20,67.8854,10000,last,0,runs/spec_baseline/iql_hopper_archive_seed3407/r_spec_obsadv_hopper_eval.json
offline,IQL,IQL,theta_o,spec_obsadv_hopper,obs_uni_0.10,3407,1,1216.5890,323.67790593617434,460.12577821285817,605.6300487404811,323.75,20,38.0038,10000,last,0,runs/spec_baseline/iql_hopper_archive_seed3407/r_spec_obsadv_hopper_eval.json
offline,IQL,IQL,theta_o,spec_obsadv_hopper,obs_uni_0.15,3407,0,811.6642,279.1378398247896,35.17647775126222,219.1983790859044,231.95,20,25.5620,10000,last,0,runs/spec_baseline/iql_hopper_archive_seed3407/r_spec_obsadv_hopper_eval.json
offline,IQL,IQL,theta_o,spec_obsadv_hopper,obs_rel_0.05,3407,0,2888.8911,853.5458577009288,1498.468107609323,1536.0053382523618,778.6,20,89.3870,10000,last,0,runs/spec_baseline/iql_hopper_archive_seed3407/r_spec_obsadv_hopper_eval.json
offline,IQL,IQL,theta_o,spec_obsadv_hopper,obs_rel_0.10,3407,1,2313.9818,966.1612427424062,1194.2840403120786,1220.0861186008146,617.05,20,71.7223,10000,last,0,runs/spec_baseline/iql_hopper_archive_seed3407/r_spec_obsadv_hopper_eval.json
offline,IQL,IQL,theta_o,spec_obsadv_hopper,obs_bias_0.05,3407,0,2618.6652,1106.6760757752843,893.9129073258991,962.8791958092285,732.75,20,81.0840,10000,last,0,runs/spec_baseline/iql_hopper_archive_seed3407/r_spec_obsadv_hopper_eval.json
offline,IQL,IQL,theta_o,spec_obsadv_hopper,obs_gauss_0.05,3407,0,1389.9108,368.7878451466292,990.9470819925109,999.7110377504359,362.85,20,43.3292,10000,last,0,runs/spec_baseline/iql_hopper_archive_seed3407/r_spec_obsadv_hopper_eval.json
offline,IQL,IQL,theta_o,spec_obsadv_hopper,obs_gauss_0.10,3407,1,750.8982,319.0812871309246,152.05260831698325,178.5555858627125,220.45,20,23.6949,10000,last,0,runs/spec_baseline/iql_hopper_archive_seed3407/r_spec_obsadv_hopper_eval.json
offline,IQL,IQL,theta_o,spec_obsadv_hopper,obs_shift_0.01,3407,0,1771.4324,204.06253391395495,1455.7900093592484,1473.8986163574905,443.2,20,55.0519,10000,last,0,runs/spec_baseline/iql_hopper_archive_seed3407/r_spec_obsadv_hopper_eval.json
offline,IQL,IQL,theta_o,spec_obsadv_hopper,obs_shift_0.02,3407,0,1298.3682,39.87307020911552,1209.3542180642435,1210.1199284295549,334.85,20,40.5165,10000,last,0,runs/spec_baseline/iql_hopper_archive_seed3407/r_spec_obsadv_hopper_eval.json
offline,IQL,IQL,theta_o,spec_obsadv_hopper,nominal,42,0,3450.4704,425.81723410181246,2061.0332635076165,2182.810025092872,954.55,20,106.6421,10000,last,0,runs/spec_baseline/iql_hopper_archive_seed42/r_spec_obsadv_hopper_eval.json
offline,IQL,IQL,theta_o,spec_obsadv_hopper,obs_uni_0.05,42,0,1895.5779,915.752246704651,1055.6511039111924,1080.586674830608,498.45,20,58.8664,10000,last,0,runs/spec_baseline/iql_hopper_archive_seed42/r_spec_obsadv_hopper_eval.json
offline,IQL,IQL,theta_o,spec_obsadv_hopper,obs_uni_0.10,42,1,1204.5598,278.557420558172,897.9969650430646,905.9770471591785,322.2,20,37.6342,10000,last,0,runs/spec_baseline/iql_hopper_archive_seed42/r_spec_obsadv_hopper_eval.json
offline,IQL,IQL,theta_o,spec_obsadv_hopper,obs_uni_0.15,42,0,916.2837,234.45474473723155,489.8131319894197,502.9249949292516,259.95,20,28.7766,10000,last,0,runs/spec_baseline/iql_hopper_archive_seed42/r_spec_obsadv_hopper_eval.json
offline,IQL,IQL,theta_o,spec_obsadv_hopper,obs_rel_0.05,42,0,2988.6115,962.9500542171005,1411.2513721555301,1415.3845156808484,817.9,20,92.4510,10000,last,0,runs/spec_baseline/iql_hopper_archive_seed42/r_spec_obsadv_hopper_eval.json
offline,IQL,IQL,theta_o,spec_obsadv_hopper,obs_rel_0.10,42,1,2457.5063,915.2782081223256,1207.69024432867,1234.8517265094813,656.25,20,76.1322,10000,last,0,runs/spec_baseline/iql_hopper_archive_seed42/r_spec_obsadv_hopper_eval.json
offline,IQL,IQL,theta_o,spec_obsadv_hopper,obs_bias_0.05,42,0,2603.6869,1101.3716669531564,939.8415952662688,993.6682941028921,731.45,20,80.6238,10000,last,0,runs/spec_baseline/iql_hopper_archive_seed42/r_spec_obsadv_hopper_eval.json
offline,IQL,IQL,theta_o,spec_obsadv_hopper,obs_gauss_0.05,42,0,1503.5081,646.7620237439302,884.3319744823267,891.2345378660118,392.75,20,46.8196,10000,last,0,runs/spec_baseline/iql_hopper_archive_seed42/r_spec_obsadv_hopper_eval.json
offline,IQL,IQL,theta_o,spec_obsadv_hopper,obs_gauss_0.10,42,1,861.6855,300.5611937976034,32.99909239626824,341.7322047760474,245.7,20,27.0990,10000,last,0,runs/spec_baseline/iql_hopper_archive_seed42/r_spec_obsadv_hopper_eval.json
offline,IQL,IQL,theta_o,spec_obsadv_hopper,obs_shift_0.01,42,0,1470.9133,73.72109755481762,1384.3679806939974,1389.3389731125528,376.7,20,45.8181,10000,last,0,runs/spec_baseline/iql_hopper_archive_seed42/r_spec_obsadv_hopper_eval.json
offline,IQL,IQL,theta_o,spec_obsadv_hopper,obs_shift_0.02,42,0,1239.8215,32.3866242436592,1196.0977129720898,1197.770839938361,322.3,20,38.7176,10000,last,0,runs/spec_baseline/iql_hopper_archive_seed42/r_spec_obsadv_hopper_eval.json
offline,IQL,IQL,theta_o,spec_obsadv_mad_hopper,nominal,0,0,3247.7274,640.610464467134,1861.763223623459,2282.8991752179936,,20,100.4126,10000,,0,runs/spec_baseline/iql_hopper_archive_seed0/r_spec_obsadv_mad_hopper_eval.json
offline,IQL,IQL,theta_o,spec_obsadv_mad_hopper,mad_0.02,0,1,2268.5110,992.6003843384867,1104.1436747817563,1188.788124790074,,20,70.3251,10000,,0,runs/spec_baseline/iql_hopper_archive_seed0/r_spec_obsadv_mad_hopper_eval.json
offline,IQL,IQL,theta_o,spec_obsadv_mad_hopper,mad_0.035,0,0,1176.4155,323.49775656967194,746.3470103568781,881.1731731315374,,20,36.7694,10000,,0,runs/spec_baseline/iql_hopper_archive_seed0/r_spec_obsadv_mad_hopper_eval.json
offline,IQL,IQL,theta_o,spec_obsadv_mad_hopper,mad_0.05,0,1,1026.3982,162.3351961269336,780.9022512639036,838.0753071210005,,20,32.1600,10000,,0,runs/spec_baseline/iql_hopper_archive_seed0/r_spec_obsadv_mad_hopper_eval.json
offline,IQL,IQL,theta_o,spec_obsadv_mad_hopper,mad_0.075,0,0,660.4261,281.90441023235473,27.71804225855283,230.38381356440163,,20,20.9151,10000,,0,runs/spec_baseline/iql_hopper_archive_seed0/r_spec_obsadv_mad_hopper_eval.json
offline,IQL,IQL,theta_o,spec_obsadv_mad_hopper,mad_0.10,0,0,396.6669,256.3086297920825,14.945412686096734,90.4920424472518,,20,12.8108,10000,,0,runs/spec_baseline/iql_hopper_archive_seed0/r_spec_obsadv_mad_hopper_eval.json
offline,IQL,IQL,theta_o,spec_obsadv_mad_hopper,nominal,1,0,3569.2126,26.749043560019338,3530.8257948646333,3535.588472764573,,20,110.2905,10000,,0,runs/spec_baseline/iql_hopper_archive_seed1/r_spec_obsadv_mad_hopper_eval.json
offline,IQL,IQL,theta_o,spec_obsadv_mad_hopper,mad_0.02,1,1,1631.3682,698.486180883206,1042.4136790995697,1089.8190823714663,,20,50.7483,10000,,0,runs/spec_baseline/iql_hopper_archive_seed1/r_spec_obsadv_mad_hopper_eval.json
offline,IQL,IQL,theta_o,spec_obsadv_mad_hopper,mad_0.035,1,0,1181.2219,256.42028700737046,464.771252016607,924.7329638741176,,20,36.9171,10000,,0,runs/spec_baseline/iql_hopper_archive_seed1/r_spec_obsadv_mad_hopper_eval.json
offline,IQL,IQL,theta_o,spec_obsadv_mad_hopper,mad_0.05,1,1,1058.1269,170.27822754476114,782.6279823916715,879.0017124981057,,20,33.1348,10000,,0,runs/spec_baseline/iql_hopper_archive_seed1/r_spec_obsadv_mad_hopper_eval.json
offline,IQL,IQL,theta_o,spec_obsadv_mad_hopper,mad_0.075,1,0,590.8973,279.1899479252937,15.913228918125691,201.07741334203112,,20,18.7787,10000,,0,runs/spec_baseline/iql_hopper_archive_seed1/r_spec_obsadv_mad_hopper_eval.json
offline,IQL,IQL,theta_o,spec_obsadv_mad_hopper,mad_0.10,1,0,319.5395,194.62729139836057,23.60417368724253,51.59977280873094,,20,10.4410,10000,,0,runs/spec_baseline/iql_hopper_archive_seed1/r_spec_obsadv_mad_hopper_eval.json
offline,IQL,IQL,theta_o,spec_obsadv_mad_hopper,nominal,2,0,3422.8471,453.1324280766461,2017.5243348758465,2954.449621465686,,20,105.7933,10000,,0,runs/spec_baseline/iql_hopper_archive_seed2/r_spec_obsadv_mad_hopper_eval.json
offline,IQL,IQL,theta_o,spec_obsadv_mad_hopper,mad_0.02,2,1,1876.4200,956.2352157853878,1006.2854757196313,1103.8054231125664,,20,58.2777,10000,,0,runs/spec_baseline/iql_hopper_archive_seed2/r_spec_obsadv_mad_hopper_eval.json
offline,IQL,IQL,theta_o,spec_obsadv_mad_hopper,mad_0.035,2,0,1142.9182,175.72015607636163,927.1679125209192,952.2003508551331,,20,35.7401,10000,,0,runs/spec_baseline/iql_hopper_archive_seed2/r_spec_obsadv_mad_hopper_eval.json
offline,IQL,IQL,theta_o,spec_obsadv_mad_hopper,mad_0.05,2,1,892.7344,153.7892166347496,473.24992176568486,700.3818988480125,,20,28.0530,10000,,0,runs/spec_baseline/iql_hopper_archive_seed2/r_spec_obsadv_mad_hopper_eval.json
offline,IQL,IQL,theta_o,spec_obsadv_mad_hopper,mad_0.075,2,0,556.9080,302.1527793745879,26.775799931617108,96.08552929167881,,20,17.7344,10000,,0,runs/spec_baseline/iql_hopper_archive_seed2/r_spec_obsadv_mad_hopper_eval.json
offline,IQL,IQL,theta_o,spec_obsadv_mad_hopper,mad_0.10,2,0,181.3032,161.78537128699094,21.488391692332275,27.56125929580627,,20,6.1935,10000,,0,runs/spec_baseline/iql_hopper_archive_seed2/r_spec_obsadv_mad_hopper_eval.json
offline,IQL,IQL,theta_o,spec_obsadv_mad_hopper,nominal,3407,0,3585.3427,46.653508352572466,3527.721785233532,3538.6642941476302,,20,110.7861,10000,,0,runs/spec_baseline/iql_hopper_archive_seed3407/r_spec_obsadv_mad_hopper_eval.json
offline,IQL,IQL,theta_o,spec_obsadv_mad_hopper,mad_0.02,3407,1,1840.9731,855.5168021111286,1200.4202660643612,1237.0628710355497,,20,57.1886,10000,,0,runs/spec_baseline/iql_hopper_archive_seed3407/r_spec_obsadv_mad_hopper_eval.json
offline,IQL,IQL,theta_o,spec_obsadv_mad_hopper,mad_0.035,3407,0,1157.8365,330.0012957930519,425.2535998781644,768.6589062467932,,20,36.1985,10000,,0,runs/spec_baseline/iql_hopper_archive_seed3407/r_spec_obsadv_mad_hopper_eval.json
offline,IQL,IQL,theta_o,spec_obsadv_mad_hopper,mad_0.05,3407,1,762.6974,322.18954152714605,25.938015942007098,323.94844098146785,,20,24.0575,10000,,0,runs/spec_baseline/iql_hopper_archive_seed3407/r_spec_obsadv_mad_hopper_eval.json
offline,IQL,IQL,theta_o,spec_obsadv_mad_hopper,mad_0.075,3407,0,562.7087,193.89427770097717,182.23549733292504,284.61507055103476,,20,17.9126,10000,,0,runs/spec_baseline/iql_hopper_archive_seed3407/r_spec_obsadv_mad_hopper_eval.json
offline,IQL,IQL,theta_o,spec_obsadv_mad_hopper,mad_0.10,3407,0,277.9029,173.4524471272297,14.451503617450145,53.43042374452564,,20,9.1617,10000,,0,runs/spec_baseline/iql_hopper_archive_seed3407/r_spec_obsadv_mad_hopper_eval.json
offline,IQL,IQL,theta_o,spec_obsadv_mad_hopper,nominal,42,0,3450.4704,425.81723410181246,2061.0332635076165,3001.2737065834344,,20,106.6421,10000,,0,runs/spec_baseline/iql_hopper_archive_seed42/r_spec_obsadv_mad_hopper_eval.json
offline,IQL,IQL,theta_o,spec_obsadv_mad_hopper,mad_0.02,42,1,1558.5913,710.7621907334383,1029.4063162031425,1109.5284977632405,,20,48.5121,10000,,0,runs/spec_baseline/iql_hopper_archive_seed42/r_spec_obsadv_mad_hopper_eval.json
offline,IQL,IQL,theta_o,spec_obsadv_mad_hopper,mad_0.035,42,0,1219.3337,250.22854316200525,894.6825294117023,957.3047652612473,,20,38.0881,10000,,0,runs/spec_baseline/iql_hopper_archive_seed42/r_spec_obsadv_mad_hopper_eval.json
offline,IQL,IQL,theta_o,spec_obsadv_mad_hopper,mad_0.05,42,1,932.0937,126.36651904711303,656.1158034922684,772.6608945367864,,20,29.2624,10000,,0,runs/spec_baseline/iql_hopper_archive_seed42/r_spec_obsadv_mad_hopper_eval.json
offline,IQL,IQL,theta_o,spec_obsadv_mad_hopper,mad_0.075,42,0,462.4348,305.6673109296868,19.663042900312387,106.469839044608,,20,14.8316,10000,,0,runs/spec_baseline/iql_hopper_archive_seed42/r_spec_obsadv_mad_hopper_eval.json
offline,IQL,IQL,theta_o,spec_obsadv_mad_hopper,mad_0.10,42,0,275.6886,222.13932433729732,11.496090284529162,28.666913060836066,,20,9.0936,10000,,0,runs/spec_baseline/iql_hopper_archive_seed42/r_spec_obsadv_mad_hopper_eval.json
offline,IQL,IQL,theta_a,spec_action_hopper,nominal,0,0,3247.7274,640.610464467134,1861.763223623459,1886.4954605966955,899.75,20,100.4126,10000,last,0,runs/spec_baseline/iql_hopper_archive_seed0/r_spec_action_hopper_eval.json
offline,IQL,IQL,theta_a,spec_action_hopper,act_gauss_0.05,0,0,1918.5918,854.7708144369068,1285.0244142690688,1289.8245716620181,506.45,20,59.5735,10000,last,0,runs/spec_baseline/iql_hopper_archive_seed0/r_spec_action_hopper_eval.json
offline,IQL,IQL,theta_a,spec_action_hopper,act_gauss_0.10,0,1,1223.8202,175.00542043583948,1026.8900918484808,1031.7278007131445,322.05,20,38.2259,10000,last,0,runs/spec_baseline/iql_hopper_archive_seed0/r_spec_action_hopper_eval.json
offline,IQL,IQL,theta_a,spec_action_hopper,act_gauss_0.20,0,0,944.9426,88.64937908834179,822.969891668405,836.4587434444859,264.1,20,29.6571,10000,last,0,runs/spec_baseline/iql_hopper_archive_seed0/r_spec_action_hopper_eval.json
offline,IQL,IQL,theta_a,spec_action_hopper,act_uni_0.10,0,1,1804.7382,774.8901460661539,1222.4117263037863,1245.9622163030892,474.3,20,56.0752,10000,last,0,runs/spec_baseline/iql_hopper_archive_seed0/r_spec_action_hopper_eval.json
offline,IQL,IQL,theta_a,spec_action_hopper,act_offset_0.05,0,1,999.7190,13.754822055749814,977.300875102007,980.3632662942304,276.55,20,31.3402,10000,last,0,runs/spec_baseline/iql_hopper_archive_seed0/r_spec_action_hopper_eval.json
offline,IQL,IQL,theta_a,spec_action_hopper,act_oppose_0.10,0,1,875.3129,10.300363193960887,856.5527591263095,858.2934458520087,247.5,20,27.5177,10000,last,0,runs/spec_baseline/iql_hopper_archive_seed0/r_spec_action_hopper_eval.json
offline,IQL,IQL,theta_a,spec_action_hopper,act_oppose_0.20,0,0,632.3416,2.5034380585309863,628.1504226044127,628.4153288385751,201.15,20,20.0522,10000,last,0,runs/spec_baseline/iql_hopper_archive_seed0/r_spec_action_hopper_eval.json
offline,IQL,IQL,theta_a,spec_action_hopper,cmd_gauss_0.20,0,0,944.9426,88.64937908834179,822.969891668405,836.4587434444859,264.1,20,29.6571,10000,last,0,runs/spec_baseline/iql_hopper_archive_seed0/r_spec_action_hopper_eval.json
offline,IQL,IQL,theta_a,spec_action_hopper,cmd_oppose_0.20,0,1,632.3416,2.5034380585309863,628.1504226044127,628.4153288385751,201.15,20,20.0522,10000,last,0,runs/spec_baseline/iql_hopper_archive_seed0/r_spec_action_hopper_eval.json
offline,IQL,IQL,theta_a,spec_action_hopper,nominal,1,0,3569.2126,26.749043560019338,3530.8257948646333,3531.6170117429156,1000.0,20,110.2905,10000,last,0,runs/spec_baseline/iql_hopper_archive_seed1/r_spec_action_hopper_eval.json
offline,IQL,IQL,theta_a,spec_action_hopper,act_gauss_0.05,1,0,1836.4069,751.5877549085101,1349.2776547232681,1358.603708630816,482.7,20,57.0483,10000,last,0,runs/spec_baseline/iql_hopper_archive_seed1/r_spec_action_hopper_eval.json
offline,IQL,IQL,theta_a,spec_action_hopper,act_gauss_0.10,1,1,1250.4484,177.64317717310107,1102.4229529563627,1117.7172728077744,328.8,20,39.0441,10000,last,0,runs/spec_baseline/iql_hopper_archive_seed1/r_spec_action_hopper_eval.json
offline,IQL,IQL,theta_a,spec_action_hopper,act_gauss_0.20,1,0,926.1403,113.89016807470105,689.2710099197769,694.3076677651015,262.45,20,29.0794,10000,last,0,runs/spec_baseline/iql_hopper_archive_seed1/r_spec_action_hopper_eval.json
offline,IQL,IQL,theta_a,spec_action_hopper,act_uni_0.10,1,1,1571.1495,271.19758046806623,1208.4736792252772,1243.091631220117,402.25,20,48.8980,10000,last,0,runs/spec_baseline/iql_hopper_archive_seed1/r_spec_action_hopper_eval.json
offline,IQL,IQL,theta_a,spec_action_hopper,act_offset_0.05,1,1,1031.4887,18.45350923673167,1014.4075375721627,1015.6299836983212,284.45,20,32.3164,10000,last,0,runs/spec_baseline/iql_hopper_archive_seed1/r_spec_action_hopper_eval.json
offline,IQL,IQL,theta_a,spec_action_hopper,act_oppose_0.10,1,1,909.6137,20.107737770858357,860.0308729013304,865.0145119069985,255.3,20,28.5716,10000,last,0,runs/spec_baseline/iql_hopper_archive_seed1/r_spec_action_hopper_eval.json
offline,IQL,IQL,theta_a,spec_action_hopper,act_oppose_0.20,1,0,500.7733,81.35662343354106,457.3406256911244,457.82493531451513,170.5,20,16.0096,10000,last,0,runs/spec_baseline/iql_hopper_archive_seed1/r_spec_action_hopper_eval.json
offline,IQL,IQL,theta_a,spec_action_hopper,cmd_gauss_0.20,1,0,926.1403,113.89016807470105,689.2710099197769,694.3076677651015,262.45,20,29.0794,10000,last,0,runs/spec_baseline/iql_hopper_archive_seed1/r_spec_action_hopper_eval.json
offline,IQL,IQL,theta_a,spec_action_hopper,cmd_oppose_0.20,1,1,500.7733,81.35662343354106,457.3406256911244,457.82493531451513,170.5,20,16.0096,10000,last,0,runs/spec_baseline/iql_hopper_archive_seed1/r_spec_action_hopper_eval.json
offline,IQL,IQL,theta_a,spec_action_hopper,nominal,2,0,3422.8471,453.1324280766461,2017.5243348758465,2066.4133739198955,952.5,20,105.7933,10000,last,0,runs/spec_baseline/iql_hopper_archive_seed2/r_spec_action_hopper_eval.json
offline,IQL,IQL,theta_a,spec_action_hopper,act_gauss_0.05,2,0,1729.1253,638.7682106895725,1361.0369167279553,1363.6243291969404,449.8,20,53.7520,10000,last,0,runs/spec_baseline/iql_hopper_archive_seed2/r_spec_action_hopper_eval.json
offline,IQL,IQL,theta_a,spec_action_hopper,act_gauss_0.10,2,1,1227.5430,177.00841176985426,1024.0957786349406,1032.4958641562816,322.8,20,38.3403,10000,last,0,runs/spec_baseline/iql_hopper_archive_seed2/r_spec_action_hopper_eval.json
offline,IQL,IQL,theta_a,spec_action_hopper,act_gauss_0.20,2,0,936.3884,110.68240537439549,786.3240403455966,793.2223450469248,263.0,20,29.3943,10000,last,0,runs/spec_baseline/iql_hopper_archive_seed2/r_spec_action_hopper_eval.json
offline,IQL,IQL,theta_a,spec_action_hopper,act_uni_0.10,2,1,1705.0073,660.3672399359076,1200.4734379015217,1204.3749540065655,447.0,20,53.0109,10000,last,0,runs/spec_baseline/iql_hopper_archive_seed2/r_spec_action_hopper_eval.json
offline,IQL,IQL,theta_a,spec_action_hopper,act_offset_0.05,2,1,1012.0186,21.964494712218276,992.6834805356793,993.1156097021825,279.4,20,31.7181,10000,last,0,runs/spec_baseline/iql_hopper_archive_seed2/r_spec_action_hopper_eval.json
offline,IQL,IQL,theta_a,spec_action_hopper,act_oppose_0.10,2,1,824.0224,11.15188671563917,798.2498380048729,802.2772900855098,237.25,20,25.9418,10000,last,0,runs/spec_baseline/iql_hopper_archive_seed2/r_spec_action_hopper_eval.json
offline,IQL,IQL,theta_a,spec_action_hopper,act_oppose_0.20,2,0,613.6923,2.5479463945366962,608.69893907237,609.4699096967486,196.9,20,19.4791,10000,last,0,runs/spec_baseline/iql_hopper_archive_seed2/r_spec_action_hopper_eval.json
offline,IQL,IQL,theta_a,spec_action_hopper,cmd_gauss_0.20,2,0,936.3884,110.68240537439549,786.3240403455966,793.2223450469248,263.0,20,29.3943,10000,last,0,runs/spec_baseline/iql_hopper_archive_seed2/r_spec_action_hopper_eval.json
offline,IQL,IQL,theta_a,spec_action_hopper,cmd_oppose_0.20,2,1,613.6923,2.5479463945366962,608.69893907237,609.4699096967486,196.9,20,19.4791,10000,last,0,runs/spec_baseline/iql_hopper_archive_seed2/r_spec_action_hopper_eval.json
offline,IQL,IQL,theta_a,spec_action_hopper,nominal,3407,0,3585.3427,46.653508352572466,3527.721785233532,3529.843180980566,1000.0,20,110.7861,10000,last,0,runs/spec_baseline/iql_hopper_archive_seed3407/r_spec_action_hopper_eval.json
offline,IQL,IQL,theta_a,spec_action_hopper,act_gauss_0.05,3407,0,2226.2963,912.6065649300531,1379.5773702003708,1410.322446737775,588.95,20,69.0281,10000,last,0,runs/spec_baseline/iql_hopper_archive_seed3407/r_spec_action_hopper_eval.json
offline,IQL,IQL,theta_a,spec_action_hopper,act_gauss_0.10,3407,1,1299.3899,178.57146039376866,1122.195022472842,1146.853441706191,339.65,20,40.5479,10000,last,0,runs/spec_baseline/iql_hopper_archive_seed3407/r_spec_action_hopper_eval.json
offline,IQL,IQL,theta_a,spec_action_hopper,act_gauss_0.20,3407,0,1017.0245,165.62426574638135,697.1214120721039,701.0789035023681,282.45,20,31.8719,10000,last,0,runs/spec_baseline/iql_hopper_archive_seed3407/r_spec_action_hopper_eval.json
offline,IQL,IQL,theta_a,spec_action_hopper,act_uni_0.10,3407,1,2308.4137,866.5757533747558,1372.5778386370393,1375.294741999057,600.45,20,71.5512,10000,last,0,runs/spec_baseline/iql_hopper_archive_seed3407/r_spec_action_hopper_eval.json
offline,IQL,IQL,theta_a,spec_action_hopper,act_offset_0.05,3407,1,1113.4959,36.049973253483536,1022.5653774333535,1041.8252617174967,298.4,20,34.8361,10000,last,0,runs/spec_baseline/iql_hopper_archive_seed3407/r_spec_action_hopper_eval.json
offline,IQL,IQL,theta_a,spec_action_hopper,act_oppose_0.10,3407,1,966.3501,10.635444768350705,949.7114993411008,949.8156229623031,266.9,20,30.3149,10000,last,0,runs/spec_baseline/iql_hopper_archive_seed3407/r_spec_action_hopper_eval.json
offline,IQL,IQL,theta_a,spec_action_hopper,act_oppose_0.20,3407,0,798.2523,15.52055740598511,756.4779175093466,765.1621677983068,234.5,20,25.1499,10000,last,0,runs/spec_baseline/iql_hopper_archive_seed3407/r_spec_action_hopper_eval.json
offline,IQL,IQL,theta_a,spec_action_hopper,cmd_gauss_0.20,3407,0,1017.0245,165.62426574638135,697.1214120721039,701.0789035023681,282.45,20,31.8719,10000,last,0,runs/spec_baseline/iql_hopper_archive_seed3407/r_spec_action_hopper_eval.json
offline,IQL,IQL,theta_a,spec_action_hopper,cmd_oppose_0.20,3407,1,798.2523,15.52055740598511,756.4779175093466,765.1621677983068,234.5,20,25.1499,10000,last,0,runs/spec_baseline/iql_hopper_archive_seed3407/r_spec_action_hopper_eval.json
offline,IQL,IQL,theta_a,spec_action_hopper,nominal,42,0,3450.4704,425.81723410181246,2061.0332635076165,2182.810025092872,954.55,20,106.6421,10000,last,0,runs/spec_baseline/iql_hopper_archive_seed42/r_spec_action_hopper_eval.json
offline,IQL,IQL,theta_a,spec_action_hopper,act_gauss_0.05,42,0,1858.1945,903.5192259415066,1304.7567634234956,1317.9213863813754,490.75,20,57.7177,10000,last,0,runs/spec_baseline/iql_hopper_archive_seed42/r_spec_action_hopper_eval.json
offline,IQL,IQL,theta_a,spec_action_hopper,act_gauss_0.10,42,1,1198.2645,107.04760097300063,1010.7244827244459,1072.788126112297,315.55,20,37.4407,10000,last,0,runs/spec_baseline/iql_hopper_archive_seed42/r_spec_action_hopper_eval.json
offline,IQL,IQL,theta_a,spec_action_hopper,act_gauss_0.20,42,0,962.9410,71.95631449640969,868.1753684646119,874.8316953475919,268.2,20,30.2102,10000,last,0,runs/spec_baseline/iql_hopper_archive_seed42/r_spec_action_hopper_eval.json
offline,IQL,IQL,theta_a,spec_action_hopper,act_uni_0.10,42,1,1816.6925,776.3578681724723,1232.534518568645,1260.8772815240295,476.65,20,56.4426,10000,last,0,runs/spec_baseline/iql_hopper_archive_seed42/r_spec_action_hopper_eval.json
offline,IQL,IQL,theta_a,spec_action_hopper,act_offset_0.05,42,1,1049.8883,43.72452292877778,995.0576950484076,1000.5002675194252,285.3,20,32.8817,10000,last,0,runs/spec_baseline/iql_hopper_archive_seed42/r_spec_action_hopper_eval.json
offline,IQL,IQL,theta_a,spec_action_hopper,act_oppose_0.10,42,1,901.5016,15.074444053583555,876.4650307807351,878.6481411786833,252.2,20,28.3224,10000,last,0,runs/spec_baseline/iql_hopper_archive_seed42/r_spec_action_hopper_eval.json
offline,IQL,IQL,theta_a,spec_action_hopper,act_oppose_0.20,42,0,615.8205,2.8968568546139593,609.1374378443122,609.8921140725952,196.7,20,19.5445,10000,last,0,runs/spec_baseline/iql_hopper_archive_seed42/r_spec_action_hopper_eval.json
offline,IQL,IQL,theta_a,spec_action_hopper,cmd_gauss_0.20,42,0,962.9410,71.95631449640969,868.1753684646119,874.8316953475919,268.2,20,30.2102,10000,last,0,runs/spec_baseline/iql_hopper_archive_seed42/r_spec_action_hopper_eval.json
offline,IQL,IQL,theta_a,spec_action_hopper,cmd_oppose_0.20,42,1,615.8205,2.8968568546139593,609.1374378443122,609.8921140725952,196.7,20,19.5445,10000,last,0,runs/spec_baseline/iql_hopper_archive_seed42/r_spec_action_hopper_eval.json
offline,IQL,IQL,theta_p,spec_transition_hopper,nominal,0,0,3247.7274,640.610464467134,1861.763223623459,1886.4954605966955,899.75,20,100.4126,10000,last,0,runs/spec_baseline/iql_hopper_archive_seed0/r_spec_transition_hopper_eval.json
offline,IQL,IQL,theta_p,spec_transition_hopper,trans_t1,0,1,1743.9652,892.8408400583666,994.8076048458256,999.1764357024107,468.3,20,54.2079,10000,last,0,runs/spec_baseline/iql_hopper_archive_seed0/r_spec_transition_hopper_eval.json
offline,IQL,IQL,theta_p,spec_transition_hopper,trans_t2,0,0,1262.7994,429.4698402379789,798.2735889094977,827.3478151102752,348.85,20,39.4236,10000,last,0,runs/spec_baseline/iql_hopper_archive_seed0/r_spec_transition_hopper_eval.json
offline,IQL,IQL,theta_p,spec_transition_hopper,trans_t3,0,0,1196.5059,749.2916070727523,473.83830682235197,555.6217038982518,342.75,20,37.3867,10000,last,0,runs/spec_baseline/iql_hopper_archive_seed0/r_spec_transition_hopper_eval.json
offline,IQL,IQL,theta_p,spec_transition_hopper,nominal,1,0,3569.2126,26.749043560019338,3530.8257948646333,3531.6170117429156,1000.0,20,110.2905,10000,last,0,runs/spec_baseline/iql_hopper_archive_seed1/r_spec_transition_hopper_eval.json
offline,IQL,IQL,theta_p,spec_transition_hopper,trans_t1,1,1,1892.7614,964.843806309763,1151.7507973521792,1173.6704719653608,505.95,20,58.7799,10000,last,0,runs/spec_baseline/iql_hopper_archive_seed1/r_spec_transition_hopper_eval.json
offline,IQL,IQL,theta_p,spec_transition_hopper,trans_t2,1,0,1381.3093,646.1309986158931,758.1685472600079,767.9320007787455,379.75,20,43.0650,10000,last,0,runs/spec_baseline/iql_hopper_archive_seed1/r_spec_transition_hopper_eval.json
offline,IQL,IQL,theta_p,spec_transition_hopper,trans_t3,1,0,1137.3922,562.8335429861392,522.5849405235971,592.8690682549972,323.6,20,35.5704,10000,last,0,runs/spec_baseline/iql_hopper_archive_seed1/r_spec_transition_hopper_eval.json
offline,IQL,IQL,theta_p,spec_transition_hopper,nominal,2,0,3422.8471,453.1324280766461,2017.5243348758465,2066.4133739198955,952.5,20,105.7933,10000,last,0,runs/spec_baseline/iql_hopper_archive_seed2/r_spec_transition_hopper_eval.json
offline,IQL,IQL,theta_p,spec_transition_hopper,trans_t1,2,1,1820.3004,908.0233326972361,1091.498015603892,1123.300746518393,486.55,20,56.5534,10000,last,0,runs/spec_baseline/iql_hopper_archive_seed2/r_spec_transition_hopper_eval.json
offline,IQL,IQL,theta_p,spec_transition_hopper,trans_t2,2,0,1305.8949,662.7024704396316,834.0964390083232,844.9943830656107,357.8,20,40.7478,10000,last,0,runs/spec_baseline/iql_hopper_archive_seed2/r_spec_transition_hopper_eval.json
offline,IQL,IQL,theta_p,spec_transition_hopper,trans_t3,2,0,1314.4390,848.360880125618,448.34170710068173,543.7495076148907,375.9,20,41.0103,10000,last,0,runs/spec_baseline/iql_hopper_archive_seed2/r_spec_transition_hopper_eval.json
offline,IQL,IQL,theta_p,spec_transition_hopper,nominal,3407,0,3585.3427,46.653508352572466,3527.721785233532,3529.843180980566,1000.0,20,110.7861,10000,last,0,runs/spec_baseline/iql_hopper_archive_seed3407/r_spec_transition_hopper_eval.json
offline,IQL,IQL,theta_p,spec_transition_hopper,trans_t1,3407,1,1944.4942,965.2268960445452,1163.042551509637,1188.8946304398228,514.0,20,60.3694,10000,last,0,runs/spec_baseline/iql_hopper_archive_seed3407/r_spec_transition_hopper_eval.json
offline,IQL,IQL,theta_p,spec_transition_hopper,trans_t2,3407,0,1509.0373,836.181089000022,423.72249128648474,627.8951694244737,411.15,20,46.9895,10000,last,0,runs/spec_baseline/iql_hopper_archive_seed3407/r_spec_transition_hopper_eval.json
offline,IQL,IQL,theta_p,spec_transition_hopper,trans_t3,3407,0,1044.8091,603.2074965431328,28.957314453989948,222.18812475664672,297.0,20,32.7256,10000,last,0,runs/spec_baseline/iql_hopper_archive_seed3407/r_spec_transition_hopper_eval.json
offline,IQL,IQL,theta_p,spec_transition_hopper,nominal,42,0,3450.4704,425.81723410181246,2061.0332635076165,2182.810025092872,954.55,20,106.6421,10000,last,0,runs/spec_baseline/iql_hopper_archive_seed42/r_spec_transition_hopper_eval.json
offline,IQL,IQL,theta_p,spec_transition_hopper,trans_t1,42,1,1706.3940,822.5483806178382,1125.3752341175666,1132.7674534725843,449.5,20,53.0535,10000,last,0,runs/spec_baseline/iql_hopper_archive_seed42/r_spec_transition_hopper_eval.json
offline,IQL,IQL,theta_p,spec_transition_hopper,trans_t2,42,0,1395.8558,635.6784073139457,788.6096066243537,797.0987337501273,375.2,20,43.5119,10000,last,0,runs/spec_baseline/iql_hopper_archive_seed42/r_spec_transition_hopper_eval.json
offline,IQL,IQL,theta_p,spec_transition_hopper,trans_t3,42,0,990.4891,461.91400272789326,27.999747486158974,264.0695663010382,278.45,20,31.0566,10000,last,0,runs/spec_baseline/iql_hopper_archive_seed42/r_spec_transition_hopper_eval.json
offline,IQL,IQL,theta_p,spec_push_hopper,nominal,0,0,3247.7274,640.610464467134,1861.763223623459,1886.4954605966955,899.75,20,100.4126,10000,last,0,runs/spec_baseline/iql_hopper_archive_seed0/r_spec_push_hopper_eval.json
offline,IQL,IQL,theta_p,spec_push_hopper,push_30,0,0,2067.1523,941.962118692533,937.1872171062805,983.6983603219621,547.6,20,64.1382,10000,last,0,runs/spec_baseline/iql_hopper_archive_seed0/r_spec_push_hopper_eval.json
offline,IQL,IQL,theta_p,spec_push_hopper,push_60,0,1,1567.0412,965.1219013138934,706.4712421830465,735.6528919504324,422.7,20,48.7718,10000,last,0,runs/spec_baseline/iql_hopper_archive_seed0/r_spec_push_hopper_eval.json
offline,IQL,IQL,theta_p,spec_push_hopper,push_100,0,0,1160.5139,759.2430164326541,467.38359657168735,492.1912135976746,326.8,20,36.2808,10000,last,0,runs/spec_baseline/iql_hopper_archive_seed0/r_spec_push_hopper_eval.json
offline,IQL,IQL,theta_p,spec_push_hopper,push_150,0,0,795.0690,619.9600066909093,69.47926259050354,153.64859768574485,231.0,20,25.0521,10000,last,0,runs/spec_baseline/iql_hopper_archive_seed0/r_spec_push_hopper_eval.json
offline,IQL,IQL,theta_p,spec_push_hopper,nominal,1,0,3569.2126,26.749043560019338,3530.8257948646333,3531.6170117429156,1000.0,20,110.2905,10000,last,0,runs/spec_baseline/iql_hopper_archive_seed1/r_spec_push_hopper_eval.json
offline,IQL,IQL,theta_p,spec_push_hopper,push_30,1,0,2345.4261,961.7687688688733,1045.6811183151203,1055.8996983748386,619.25,20,72.6884,10000,last,0,runs/spec_baseline/iql_hopper_archive_seed1/r_spec_push_hopper_eval.json
offline,IQL,IQL,theta_p,spec_push_hopper,push_60,1,1,1382.9100,671.7915038780692,718.3877852022595,736.8073020909796,371.3,20,43.1141,10000,last,0,runs/spec_baseline/iql_hopper_archive_seed1/r_spec_push_hopper_eval.json
offline,IQL,IQL,theta_p,spec_push_hopper,push_100,1,0,1091.9410,704.78251408103,204.02678776096394,352.80381194784553,314.85,20,34.1738,10000,last,0,runs/spec_baseline/iql_hopper_archive_seed1/r_spec_push_hopper_eval.json
offline,IQL,IQL,theta_p,spec_push_hopper,push_150,1,0,671.3780,515.0968361561462,41.44182508351351,122.65058901591968,198.6,20,21.2516,10000,last,0,runs/spec_baseline/iql_hopper_archive_seed1/r_spec_push_hopper_eval.json
offline,IQL,IQL,theta_p,spec_push_hopper,nominal,2,0,3422.8471,453.1324280766461,2017.5243348758465,2066.4133739198955,952.5,20,105.7933,10000,last,0,runs/spec_baseline/iql_hopper_archive_seed2/r_spec_push_hopper_eval.json
offline,IQL,IQL,theta_p,spec_push_hopper,push_30,2,0,2143.4106,935.5449571660179,909.6984665470816,919.2222027774787,568.0,20,66.4813,10000,last,0,runs/spec_baseline/iql_hopper_archive_seed2/r_spec_push_hopper_eval.json
offline,IQL,IQL,theta_p,spec_push_hopper,push_60,2,1,1487.9047,851.0244829818295,713.3720469268633,731.4614888958899,398.25,20,46.3402,10000,last,0,runs/spec_baseline/iql_hopper_archive_seed2/r_spec_push_hopper_eval.json
offline,IQL,IQL,theta_p,spec_push_hopper,push_100,2,0,1091.4801,732.6198563434933,502.1527477532313,532.1234147020132,308.65,20,34.1597,10000,last,0,runs/spec_baseline/iql_hopper_archive_seed2/r_spec_push_hopper_eval.json
offline,IQL,IQL,theta_p,spec_push_hopper,push_150,2,0,652.1077,503.13851125197084,67.13351901652584,157.2189481968161,193.9,20,20.6595,10000,last,0,runs/spec_baseline/iql_hopper_archive_seed2/r_spec_push_hopper_eval.json
offline,IQL,IQL,theta_p,spec_push_hopper,nominal,3407,0,3585.3427,46.653508352572466,3527.721785233532,3529.843180980566,1000.0,20,110.7861,10000,last,0,runs/spec_baseline/iql_hopper_archive_seed3407/r_spec_push_hopper_eval.json
offline,IQL,IQL,theta_p,spec_push_hopper,push_30,3407,0,2371.4531,1080.3776513937926,995.2636591491735,1047.9026571520235,631.25,20,73.4881,10000,last,0,runs/spec_baseline/iql_hopper_archive_seed3407/r_spec_push_hopper_eval.json
offline,IQL,IQL,theta_p,spec_push_hopper,push_60,3407,1,1612.8327,986.619903721804,722.0887401464814,734.121426071695,432.45,20,50.1788,10000,last,0,runs/spec_baseline/iql_hopper_archive_seed3407/r_spec_push_hopper_eval.json
offline,IQL,IQL,theta_p,spec_push_hopper,push_100,3407,0,1179.9127,785.0246658002654,200.21302307041515,389.0986930069824,330.0,20,36.8768,10000,last,0,runs/spec_baseline/iql_hopper_archive_seed3407/r_spec_push_hopper_eval.json
offline,IQL,IQL,theta_p,spec_push_hopper,push_150,3407,0,674.9398,479.9866973352905,41.96886031637533,120.81875311947655,199.15,20,21.3610,10000,last,0,runs/spec_baseline/iql_hopper_archive_seed3407/r_spec_push_hopper_eval.json
offline,IQL,IQL,theta_p,spec_push_hopper,nominal,42,0,3450.4704,425.81723410181246,2061.0332635076165,2182.810025092872,954.55,20,106.6421,10000,last,0,runs/spec_baseline/iql_hopper_archive_seed42/r_spec_push_hopper_eval.json
offline,IQL,IQL,theta_p,spec_push_hopper,push_30,42,0,2325.3290,1000.4516422231109,996.649034110777,1027.0071879695852,620.95,20,72.0709,10000,last,0,runs/spec_baseline/iql_hopper_archive_seed42/r_spec_push_hopper_eval.json
offline,IQL,IQL,theta_p,spec_push_hopper,push_60,42,1,1482.0215,862.609723725073,713.4161380143959,734.2376346587844,400.2,20,46.1594,10000,last,0,runs/spec_baseline/iql_hopper_archive_seed42/r_spec_push_hopper_eval.json
offline,IQL,IQL,theta_p,spec_push_hopper,push_100,42,0,1060.8951,582.3295467765415,509.94069508759753,544.1231759138066,298.95,20,33.2199,10000,last,0,runs/spec_baseline/iql_hopper_archive_seed42/r_spec_push_hopper_eval.json
offline,IQL,IQL,theta_p,spec_push_hopper,push_150,42,0,758.0632,585.3333113364736,77.40334043128755,166.77636917036,224.75,20,23.9151,10000,last,0,runs/spec_baseline/iql_hopper_archive_seed42/r_spec_push_hopper_eval.json
offline,IQL,IQL,theta_p,spec_timevar_hopper,nominal,0,0,3247.7274,640.610464467134,1861.763223623459,1886.4954605966955,899.75,20,100.4126,10000,last,0,runs/spec_baseline/iql_hopper_archive_seed0/r_spec_timevar_hopper_eval.json
offline,IQL,IQL,theta_p,spec_timevar_hopper,gear_static_0.8,0,1,605.9017,3.728530331309368,601.0880697063468,601.3915076333703,197.25,20,19.2398,10000,last,0,runs/spec_baseline/iql_hopper_archive_seed0/r_spec_timevar_hopper_eval.json
offline,IQL,IQL,theta_p,spec_timevar_hopper,gear_step_0.8,0,0,2379.8554,221.80335234287284,1861.763223623459,1886.4954605966955,649.6,20,73.7463,10000,last,0,runs/spec_baseline/iql_hopper_archive_seed0/r_spec_timevar_hopper_eval.json
offline,IQL,IQL,theta_p,spec_timevar_hopper,gear_ramp_0.8,0,1,1324.5807,41.33292915686008,1259.14804085694,1261.5286954841145,346.95,20,41.3219,10000,last,0,runs/spec_baseline/iql_hopper_archive_seed0/r_spec_timevar_hopper_eval.json
offline,IQL,IQL,theta_p,spec_timevar_hopper,gear_sine_p200,0,0,971.2542,18.09116246404998,922.9908858869352,938.1316088981266,269.25,20,30.4656,10000,last,0,runs/spec_baseline/iql_hopper_archive_seed0/r_spec_timevar_hopper_eval.json
offline,IQL,IQL,theta_p,spec_timevar_hopper,gear_sine_p500,0,1,1767.8938,72.87538614331753,1696.2203519070208,1699.887438694299,490.55,20,54.9432,10000,last,0,runs/spec_baseline/iql_hopper_archive_seed0/r_spec_timevar_hopper_eval.json
offline,IQL,IQL,theta_p,spec_timevar_hopper,gravity_ramp_1.2,0,0,2731.9607,902.8453403203524,1694.5284395715807,1695.7249238378806,723.9,20,84.5651,10000,last,0,runs/spec_baseline/iql_hopper_archive_seed0/r_spec_timevar_hopper_eval.json
offline,IQL,IQL,theta_p,spec_timevar_hopper,nominal,1,0,3569.2126,26.749043560019338,3530.8257948646333,3531.6170117429156,1000.0,20,110.2905,10000,last,0,runs/spec_baseline/iql_hopper_archive_seed1/r_spec_timevar_hopper_eval.json
offline,IQL,IQL,theta_p,spec_timevar_hopper,gear_static_0.8,1,1,635.8721,3.1011283489109545,629.3048129936128,630.1696128217609,203.95,20,20.1606,10000,last,0,runs/spec_baseline/iql_hopper_archive_seed1/r_spec_timevar_hopper_eval.json
offline,IQL,IQL,theta_p,spec_timevar_hopper,gear_step_0.8,1,0,2475.1847,61.863566953752176,2428.7870275100254,2428.800701645823,682.25,20,76.6754,10000,last,0,runs/spec_baseline/iql_hopper_archive_seed1/r_spec_timevar_hopper_eval.json
offline,IQL,IQL,theta_p,spec_timevar_hopper,gear_ramp_0.8,1,1,1321.8838,30.58222121848262,1239.8255082502828,1260.9273039971458,347.0,20,41.2391,10000,last,0,runs/spec_baseline/iql_hopper_archive_seed1/r_spec_timevar_hopper_eval.json
offline,IQL,IQL,theta_p,spec_timevar_hopper,gear_sine_p200,1,0,995.6617,10.86539029000443,975.00505705362,976.5644085266604,273.55,20,31.2155,10000,last,0,runs/spec_baseline/iql_hopper_archive_seed1/r_spec_timevar_hopper_eval.json
offline,IQL,IQL,theta_p,spec_timevar_hopper,gear_sine_p500,1,1,1857.4361,79.2232784838054,1674.0706451026767,1675.596945288903,516.3,20,57.6944,10000,last,0,runs/spec_baseline/iql_hopper_archive_seed1/r_spec_timevar_hopper_eval.json
offline,IQL,IQL,theta_p,spec_timevar_hopper,gravity_ramp_1.2,1,0,2951.5015,898.8700252635531,1684.1935390915673,1719.712798773327,786.2,20,91.3107,10000,last,0,runs/spec_baseline/iql_hopper_archive_seed1/r_spec_timevar_hopper_eval.json
offline,IQL,IQL,theta_p,spec_timevar_hopper,nominal,2,0,3422.8471,453.1324280766461,2017.5243348758465,2066.4133739198955,952.5,20,105.7933,10000,last,0,runs/spec_baseline/iql_hopper_archive_seed2/r_spec_timevar_hopper_eval.json
offline,IQL,IQL,theta_p,spec_timevar_hopper,gear_static_0.8,2,1,600.0168,2.9246075908131544,594.6208286927796,595.4980736026403,195.1,20,19.0589,10000,last,0,runs/spec_baseline/iql_hopper_archive_seed2/r_spec_timevar_hopper_eval.json
offline,IQL,IQL,theta_p,spec_timevar_hopper,gear_step_0.8,2,0,2450.2607,153.8585004150629,2017.5168746453603,2061.9578446732903,670.8,20,75.9096,10000,last,0,runs/spec_baseline/iql_hopper_archive_seed2/r_spec_timevar_hopper_eval.json
offline,IQL,IQL,theta_p,spec_timevar_hopper,gear_ramp_0.8,2,1,1314.4069,38.70158469954528,1229.8106058864876,1234.1729531167623,345.1,20,41.0093,10000,last,0,runs/spec_baseline/iql_hopper_archive_seed2/r_spec_timevar_hopper_eval.json
offline,IQL,IQL,theta_p,spec_timevar_hopper,gear_sine_p200,2,0,961.5615,14.124604101009473,938.5161557194231,941.5827840637294,266.5,20,30.1678,10000,last,0,runs/spec_baseline/iql_hopper_archive_seed2/r_spec_timevar_hopper_eval.json
offline,IQL,IQL,theta_p,spec_timevar_hopper,gear_sine_p500,2,1,1779.7440,26.24683218202714,1732.6140960982054,1734.8405597832739,491.9,20,55.3073,10000,last,0,runs/spec_baseline/iql_hopper_archive_seed2/r_spec_timevar_hopper_eval.json
offline,IQL,IQL,theta_p,spec_timevar_hopper,gravity_ramp_1.2,2,0,2784.4188,932.7314589727938,1551.7186200999238,1558.303966733239,737.0,20,86.1769,10000,last,0,runs/spec_baseline/iql_hopper_archive_seed2/r_spec_timevar_hopper_eval.json
offline,IQL,IQL,theta_p,spec_timevar_hopper,nominal,3407,0,3585.3427,46.653508352572466,3527.721785233532,3529.843180980566,1000.0,20,110.7861,10000,last,0,runs/spec_baseline/iql_hopper_archive_seed3407/r_spec_timevar_hopper_eval.json
offline,IQL,IQL,theta_p,spec_timevar_hopper,gear_static_0.8,3407,1,641.9282,20.431244208510368,621.519137121641,621.6725097108931,204.1,20,20.3467,10000,last,0,runs/spec_baseline/iql_hopper_archive_seed3407/r_spec_timevar_hopper_eval.json
offline,IQL,IQL,theta_p,spec_timevar_hopper,gear_step_0.8,3407,0,2481.1631,124.49706301102572,2400.19490089116,2406.64857890305,684.45,20,76.8591,10000,last,0,runs/spec_baseline/iql_hopper_archive_seed3407/r_spec_timevar_hopper_eval.json
offline,IQL,IQL,theta_p,spec_timevar_hopper,gear_ramp_0.8,3407,1,1422.8509,67.5776455270429,1311.9257490532564,1327.5751675793194,370.4,20,44.3414,10000,last,0,runs/spec_baseline/iql_hopper_archive_seed3407/r_spec_timevar_hopper_eval.json
offline,IQL,IQL,theta_p,spec_timevar_hopper,gear_sine_p200,3407,0,981.0356,13.726170223294753,956.5188053524587,957.2427402135673,268.9,20,30.7661,10000,last,0,runs/spec_baseline/iql_hopper_archive_seed3407/r_spec_timevar_hopper_eval.json
offline,IQL,IQL,theta_p,spec_timevar_hopper,gear_sine_p500,3407,1,1928.4252,31.89288550545271,1868.4715971482237,1878.6402547030689,527.75,20,59.8757,10000,last,0,runs/spec_baseline/iql_hopper_archive_seed3407/r_spec_timevar_hopper_eval.json
offline,IQL,IQL,theta_p,spec_timevar_hopper,gravity_ramp_1.2,3407,0,3534.8969,149.2751263943291,3219.7453630049545,3271.9360726298546,950.25,20,109.2361,10000,last,0,runs/spec_baseline/iql_hopper_archive_seed3407/r_spec_timevar_hopper_eval.json
offline,IQL,IQL,theta_p,spec_timevar_hopper,nominal,42,0,3450.4704,425.81723410181246,2061.0332635076165,2182.810025092872,954.55,20,106.6421,10000,last,0,runs/spec_baseline/iql_hopper_archive_seed42/r_spec_timevar_hopper_eval.json
offline,IQL,IQL,theta_p,spec_timevar_hopper,gear_static_0.8,42,1,595.9485,2.6516522048692517,590.5501352619668,591.6867992219861,193.85,20,18.9339,10000,last,0,runs/spec_baseline/iql_hopper_archive_seed42/r_spec_timevar_hopper_eval.json
offline,IQL,IQL,theta_p,spec_timevar_hopper,gear_step_0.8,42,0,2446.9502,123.5290731248459,2061.3188037409313,2145.2161538821256,668.0,20,75.8079,10000,last,0,runs/spec_baseline/iql_hopper_archive_seed42/r_spec_timevar_hopper_eval.json
offline,IQL,IQL,theta_p,spec_timevar_hopper,gear_ramp_0.8,42,1,1290.5565,38.122434424492276,1209.8809734184224,1223.2887081297595,339.0,20,40.2765,10000,last,0,runs/spec_baseline/iql_hopper_archive_seed42/r_spec_timevar_hopper_eval.json
offline,IQL,IQL,theta_p,spec_timevar_hopper,gear_sine_p200,42,0,1006.0922,11.908750000228723,988.2645554937219,991.2285328335506,275.6,20,31.5360,10000,last,0,runs/spec_baseline/iql_hopper_archive_seed42/r_spec_timevar_hopper_eval.json
offline,IQL,IQL,theta_p,spec_timevar_hopper,gear_sine_p500,42,1,1851.1779,243.66033211719025,1676.1799247617244,1679.7917252641178,504.85,20,57.5022,10000,last,0,runs/spec_baseline/iql_hopper_archive_seed42/r_spec_timevar_hopper_eval.json
offline,IQL,IQL,theta_p,spec_timevar_hopper,gravity_ramp_1.2,42,0,3163.0235,771.0286911322638,1636.1581034613412,1687.065972044319,834.15,20,97.8100,10000,last,0,runs/spec_baseline/iql_hopper_archive_seed42/r_spec_timevar_hopper_eval.json
offline,IQL,IQL,theta_tau_exec,spec_timing_hopper,nominal,0,0,3247.7274,640.610464467134,1861.763223623459,1886.4954605966955,899.75,20,100.4126,10000,last,0,runs/spec_baseline/iql_hopper_archive_seed0/r_spec_timing_hopper_eval.json
offline,IQL,IQL,theta_tau_exec,spec_timing_hopper,act_delay_8ms,0,1,1176.5685,31.355683465226818,1103.6411219683634,1108.0501357769122,309.95,20,36.7741,10000,last,0,runs/spec_baseline/iql_hopper_archive_seed0/r_spec_timing_hopper_eval.json
offline,IQL,IQL,theta_tau_exec,spec_timing_hopper,act_delay_rand1,0,1,2370.0191,1115.2823746689298,1103.6411219683634,1115.5849138628303,648.75,20,73.4441,10000,last,0,runs/spec_baseline/iql_hopper_archive_seed0/r_spec_timing_hopper_eval.json
offline,IQL,IQL,theta_tau_exec,spec_timing_hopper,act_delay_rand2,0,0,1624.7324,1338.271345401047,107.38647265824791,107.43859188567902,453.9,20,50.5444,10000,last,0,runs/spec_baseline/iql_hopper_archive_seed0/r_spec_timing_hopper_eval.json
offline,IQL,IQL,theta_tau_exec,spec_timing_hopper,substep,0,0,2502.8319,1237.8167644675127,710.4128111149548,837.5638072145967,681.55,20,77.5249,10000,last,0,runs/spec_baseline/iql_hopper_archive_seed0/r_spec_timing_hopper_eval.json
offline,IQL,IQL,theta_tau_exec,spec_timing_hopper,obs_delay_4ms,0,1,1478.3572,128.42203919588064,1356.5059998396273,1360.247872343196,377.9,20,46.0469,10000,last,0,runs/spec_baseline/iql_hopper_archive_seed0/r_spec_timing_hopper_eval.json
offline,IQL,IQL,theta_tau_exec,spec_timing_hopper,obs_delay_8ms,0,1,1270.0492,63.49888848355379,1159.595865102845,1178.137657052092,330.25,20,39.6464,10000,last,0,runs/spec_baseline/iql_hopper_archive_seed0/r_spec_timing_hopper_eval.json
offline,IQL,IQL,theta_tau_exec,spec_timing_hopper,obs_delay_16ms,0,1,821.2800,371.3852236169068,107.68575697998035,273.76397365873817,235.7,20,25.8575,10000,last,0,runs/spec_baseline/iql_hopper_archive_seed0/r_spec_timing_hopper_eval.json
offline,IQL,IQL,theta_tau_exec,spec_timing_hopper,nominal,1,0,3569.2126,26.749043560019338,3530.8257948646333,3531.6170117429156,1000.0,20,110.2905,10000,last,0,runs/spec_baseline/iql_hopper_archive_seed1/r_spec_timing_hopper_eval.json
offline,IQL,IQL,theta_tau_exec,spec_timing_hopper,act_delay_8ms,1,1,1157.0144,177.53023104106305,740.9667792456696,742.7886372694722,309.6,20,36.1733,10000,last,0,runs/spec_baseline/iql_hopper_archive_seed1/r_spec_timing_hopper_eval.json
offline,IQL,IQL,theta_tau_exec,spec_timing_hopper,act_delay_rand1,1,1,2616.1581,1180.5313034269166,748.0716617567897,951.7180750971843,725.45,20,81.0070,10000,last,0,runs/spec_baseline/iql_hopper_archive_seed1/r_spec_timing_hopper_eval.json
offline,IQL,IQL,theta_tau_exec,spec_timing_hopper,act_delay_rand2,1,0,1729.0273,1254.0490396883927,190.7294931139429,253.1541388325763,480.55,20,53.7490,10000,last,0,runs/spec_baseline/iql_hopper_archive_seed1/r_spec_timing_hopper_eval.json
offline,IQL,IQL,theta_tau_exec,spec_timing_hopper,substep,1,0,2168.2325,1094.7793984542488,876.0686123354407,902.0551947668259,577.7,20,67.2440,10000,last,0,runs/spec_baseline/iql_hopper_archive_seed1/r_spec_timing_hopper_eval.json
offline,IQL,IQL,theta_tau_exec,spec_timing_hopper,obs_delay_4ms,1,1,1435.1912,182.45540021972494,1282.8372165538472,1287.8819455213102,368.05,20,44.7205,10000,last,0,runs/spec_baseline/iql_hopper_archive_seed1/r_spec_timing_hopper_eval.json
offline,IQL,IQL,theta_tau_exec,spec_timing_hopper,obs_delay_8ms,1,1,1156.5738,174.41039747469057,745.2724848318038,747.151989284794,308.15,20,36.1597,10000,last,0,runs/spec_baseline/iql_hopper_archive_seed1/r_spec_timing_hopper_eval.json
offline,IQL,IQL,theta_tau_exec,spec_timing_hopper,obs_delay_16ms,1,1,877.9431,451.1321996336092,330.14028131517125,374.44805402452084,252.45,20,27.5985,10000,last,0,runs/spec_baseline/iql_hopper_archive_seed1/r_spec_timing_hopper_eval.json
offline,IQL,IQL,theta_tau_exec,spec_timing_hopper,nominal,2,0,3422.8471,453.1324280766461,2017.5243348758465,2066.4133739198955,952.5,20,105.7933,10000,last,0,runs/spec_baseline/iql_hopper_archive_seed2/r_spec_timing_hopper_eval.json
offline,IQL,IQL,theta_tau_exec,spec_timing_hopper,act_delay_8ms,2,1,1176.0747,62.12960773034851,1098.1858559710895,1100.704536466968,310.9,20,36.7589,10000,last,0,runs/spec_baseline/iql_hopper_archive_seed2/r_spec_timing_hopper_eval.json
offline,IQL,IQL,theta_tau_exec,spec_timing_hopper,act_delay_rand1,2,1,2463.1382,1133.8070050356673,1103.2232169628467,1121.894539119316,677.15,20,76.3053,10000,last,0,runs/spec_baseline/iql_hopper_archive_seed2/r_spec_timing_hopper_eval.json
offline,IQL,IQL,theta_tau_exec,spec_timing_hopper,act_delay_rand2,2,0,1673.2321,1141.8312120851087,447.7953609078916,452.91534894566325,464.85,20,52.0346,10000,last,0,runs/spec_baseline/iql_hopper_archive_seed2/r_spec_timing_hopper_eval.json
offline,IQL,IQL,theta_tau_exec,spec_timing_hopper,substep,2,0,2428.8007,1151.981016019613,886.2286219816016,908.1523756390327,653.05,20,75.2502,10000,last,0,runs/spec_baseline/iql_hopper_archive_seed2/r_spec_timing_hopper_eval.json
offline,IQL,IQL,theta_tau_exec,spec_timing_hopper,obs_delay_4ms,2,1,1525.3495,118.90813120009331,1367.9261490256488,1383.6421157051896,388.85,20,47.4907,10000,last,0,runs/spec_baseline/iql_hopper_archive_seed2/r_spec_timing_hopper_eval.json
offline,IQL,IQL,theta_tau_exec,spec_timing_hopper,obs_delay_8ms,2,1,1283.8554,78.12971127183415,1163.3815514757814,1166.3863257591313,334.2,20,40.0706,10000,last,0,runs/spec_baseline/iql_hopper_archive_seed2/r_spec_timing_hopper_eval.json
offline,IQL,IQL,theta_tau_exec,spec_timing_hopper,obs_delay_16ms,2,1,1166.0977,315.84805175557653,464.48011082514944,596.523886891158,314.55,20,36.4524,10000,last,0,runs/spec_baseline/iql_hopper_archive_seed2/r_spec_timing_hopper_eval.json
offline,IQL,IQL,theta_tau_exec,spec_timing_hopper,nominal,3407,0,3585.3427,46.653508352572466,3527.721785233532,3529.843180980566,1000.0,20,110.7861,10000,last,0,runs/spec_baseline/iql_hopper_archive_seed3407/r_spec_timing_hopper_eval.json
offline,IQL,IQL,theta_tau_exec,spec_timing_hopper,act_delay_8ms,3407,1,1185.1775,42.91679969540374,1105.197003843044,1111.6985182607782,313.6,20,37.0386,10000,last,0,runs/spec_baseline/iql_hopper_archive_seed3407/r_spec_timing_hopper_eval.json
offline,IQL,IQL,theta_tau_exec,spec_timing_hopper,act_delay_rand1,3407,1,2623.4508,1188.4292445736971,1105.197003843044,1128.0797928724055,724.0,20,81.2310,10000,last,0,runs/spec_baseline/iql_hopper_archive_seed3407/r_spec_timing_hopper_eval.json
offline,IQL,IQL,theta_tau_exec,spec_timing_hopper,act_delay_rand2,3407,0,1617.9708,1364.8480209915529,47.28543952730105,47.37915915671786,448.8,20,50.3366,10000,last,0,runs/spec_baseline/iql_hopper_archive_seed3407/r_spec_timing_hopper_eval.json
offline,IQL,IQL,theta_tau_exec,spec_timing_hopper,substep,3407,0,2946.4298,1028.7252675869531,853.2965140472884,862.5297215168164,794.5,20,91.1549,10000,last,0,runs/spec_baseline/iql_hopper_archive_seed3407/r_spec_timing_hopper_eval.json
offline,IQL,IQL,theta_tau_exec,spec_timing_hopper,obs_delay_4ms,3407,1,1990.0019,630.2419539372524,1378.308598585086,1415.2934190649994,504.95,20,61.7677,10000,last,0,runs/spec_baseline/iql_hopper_archive_seed3407/r_spec_timing_hopper_eval.json
offline,IQL,IQL,theta_tau_exec,spec_timing_hopper,obs_delay_8ms,3407,1,1293.2484,74.60454898687414,1195.0478079021486,1200.4650948658114,336.15,20,40.3592,10000,last,0,runs/spec_baseline/iql_hopper_archive_seed3407/r_spec_timing_hopper_eval.json
offline,IQL,IQL,theta_tau_exec,spec_timing_hopper,obs_delay_16ms,3407,1,684.1289,399.6831760376136,46.01660562957915,46.05551220414789,200.6,20,21.6434,10000,last,0,runs/spec_baseline/iql_hopper_archive_seed3407/r_spec_timing_hopper_eval.json
offline,IQL,IQL,theta_tau_exec,spec_timing_hopper,nominal,42,0,3450.4704,425.81723410181246,2061.0332635076165,2182.810025092872,954.55,20,106.6421,10000,last,0,runs/spec_baseline/iql_hopper_archive_seed42/r_spec_timing_hopper_eval.json
offline,IQL,IQL,theta_tau_exec,spec_timing_hopper,act_delay_8ms,42,1,1135.4366,26.207931257048635,1075.8020869146842,1085.381409781627,300.75,20,35.5103,10000,last,0,runs/spec_baseline/iql_hopper_archive_seed42/r_spec_timing_hopper_eval.json
offline,IQL,IQL,theta_tau_exec,spec_timing_hopper,act_delay_rand1,42,1,2528.4132,1188.5344856419733,1075.8020869146842,1086.726653545525,695.7,20,78.3109,10000,last,0,runs/spec_baseline/iql_hopper_archive_seed42/r_spec_timing_hopper_eval.json
offline,IQL,IQL,theta_tau_exec,spec_timing_hopper,act_delay_rand2,42,0,1534.0964,1286.7554181697112,35.574712920956934,35.67392407140854,422.55,20,47.7595,10000,last,0,runs/spec_baseline/iql_hopper_archive_seed42/r_spec_timing_hopper_eval.json
offline,IQL,IQL,theta_tau_exec,spec_timing_hopper,substep,42,0,2829.7585,1194.0615401175824,806.9651254159526,809.0381307410529,761.95,20,87.5700,10000,last,0,runs/spec_baseline/iql_hopper_archive_seed42/r_spec_timing_hopper_eval.json
offline,IQL,IQL,theta_tau_exec,spec_timing_hopper,obs_delay_4ms,42,1,1425.2162,121.07697016557323,1260.890855950607,1280.8210116285645,365.0,20,44.4140,10000,last,0,runs/spec_baseline/iql_hopper_archive_seed42/r_spec_timing_hopper_eval.json
offline,IQL,IQL,theta_tau_exec,spec_timing_hopper,obs_delay_8ms,42,1,1216.4961,46.44334095893814,1141.4865554145981,1141.600797151802,318.8,20,38.0009,10000,last,0,runs/spec_baseline/iql_hopper_archive_seed42/r_spec_timing_hopper_eval.json
offline,IQL,IQL,theta_tau_exec,spec_timing_hopper,obs_delay_16ms,42,1,922.8260,462.18526456948183,35.50987033453923,35.6112201955586,251.85,20,28.9776,10000,last,0,runs/spec_baseline/iql_hopper_archive_seed42/r_spec_timing_hopper_eval.json
offline,TD3+BC,TD3+BC,theta_o,spec_obsadv_hopper,nominal,0,0,3569.2118,23.67482156680179,3530.0802024701297,3533.8271067463,1000.0,20,110.2905,10000,last,0,runs/td3bc/hopper_medium_seed0/r_spec_obsadv_hopper_eval.json
offline,TD3+BC,TD3+BC,theta_o,spec_obsadv_hopper,obs_uni_0.05,0,0,1912.4850,841.3928645280206,1070.6626927105988,1072.203967403777,496.3,20,59.3859,10000,last,0,runs/td3bc/hopper_medium_seed0/r_spec_obsadv_hopper_eval.json
offline,TD3+BC,TD3+BC,theta_o,spec_obsadv_hopper,obs_uni_0.10,0,1,1094.1263,283.9943688336063,461.352420537894,618.3880381201693,299.15,20,34.2410,10000,last,0,runs/td3bc/hopper_medium_seed0/r_spec_obsadv_hopper_eval.json
offline,TD3+BC,TD3+BC,theta_o,spec_obsadv_hopper,obs_uni_0.15,0,0,889.1339,198.94473721637854,644.4412834895758,649.1721166117853,254.65,20,27.9424,10000,last,0,runs/td3bc/hopper_medium_seed0/r_spec_obsadv_hopper_eval.json
offline,TD3+BC,TD3+BC,theta_o,spec_obsadv_hopper,obs_rel_0.05,0,0,2700.7859,1008.4254146528184,1412.8324992084233,1414.403669733679,731.7,20,83.6072,10000,last,0,runs/td3bc/hopper_medium_seed0/r_spec_obsadv_hopper_eval.json
offline,TD3+BC,TD3+BC,theta_o,spec_obsadv_hopper,obs_rel_0.10,0,1,1830.1638,770.2376642372961,1087.3246268924188,1161.8073013793583,478.7,20,56.8565,10000,last,0,runs/td3bc/hopper_medium_seed0/r_spec_obsadv_hopper_eval.json
offline,TD3+BC,TD3+BC,theta_o,spec_obsadv_hopper,obs_bias_0.05,0,0,2585.8779,1144.4161563354376,749.4493748226996,842.978328740033,728.6,20,80.0766,10000,last,0,runs/td3bc/hopper_medium_seed0/r_spec_obsadv_hopper_eval.json
offline,TD3+BC,TD3+BC,theta_o,spec_obsadv_hopper,obs_gauss_0.05,0,0,1141.3658,208.56664678220554,716.4911346213072,718.4738437858432,307.75,20,35.6925,10000,last,0,runs/td3bc/hopper_medium_seed0/r_spec_obsadv_hopper_eval.json
offline,TD3+BC,TD3+BC,theta_o,spec_obsadv_hopper,obs_gauss_0.10,0,1,708.3186,218.44877537405435,217.30319066954607,319.65800090666573,215.35,20,22.3866,10000,last,0,runs/td3bc/hopper_medium_seed0/r_spec_obsadv_hopper_eval.json
offline,TD3+BC,TD3+BC,theta_o,spec_obsadv_hopper,obs_shift_0.01,0,0,1518.5961,125.27928653310191,1340.6716107149946,1376.5496589743386,387.8,20,47.2832,10000,last,0,runs/td3bc/hopper_medium_seed0/r_spec_obsadv_hopper_eval.json
offline,TD3+BC,TD3+BC,theta_o,spec_obsadv_hopper,obs_shift_0.02,0,0,1169.8635,60.81550696881754,1061.6015184299947,1061.6933897728481,308.3,20,36.5681,10000,last,0,runs/td3bc/hopper_medium_seed0/r_spec_obsadv_hopper_eval.json
offline,TD3+BC,TD3+BC,theta_o,spec_obsadv_hopper,nominal,1,0,3564.2254,19.206088545529532,3529.9390052240055,3534.3943135883865,1000.0,20,110.1373,10000,last,0,runs/td3bc/hopper_medium_seed1/r_spec_obsadv_hopper_eval.json
offline,TD3+BC,TD3+BC,theta_o,spec_obsadv_hopper,obs_uni_0.05,1,0,2162.2648,935.3296662181366,1234.8650313055216,1264.83901263095,566.7,20,67.0606,10000,last,0,runs/td3bc/hopper_medium_seed1/r_spec_obsadv_hopper_eval.json
offline,TD3+BC,TD3+BC,theta_o,spec_obsadv_hopper,obs_uni_0.10,1,1,1079.8101,176.40667853213765,616.443540788123,738.5375816216466,296.9,20,33.8011,10000,last,0,runs/td3bc/hopper_medium_seed1/r_spec_obsadv_hopper_eval.json
offline,TD3+BC,TD3+BC,theta_o,spec_obsadv_hopper,obs_uni_0.15,1,0,766.5112,138.64613709873908,493.5418690679169,539.8778991704746,232.9,20,24.1747,10000,last,0,runs/td3bc/hopper_medium_seed1/r_spec_obsadv_hopper_eval.json
offline,TD3+BC,TD3+BC,theta_o,spec_obsadv_hopper,obs_rel_0.05,1,0,3052.6464,847.1338317579841,1506.6010287244285,1508.96016561757,834.3,20,94.4185,10000,last,0,runs/td3bc/hopper_medium_seed1/r_spec_obsadv_hopper_eval.json
offline,TD3+BC,TD3+BC,theta_o,spec_obsadv_hopper,obs_rel_0.10,1,1,2486.1292,1062.6774403385036,1202.1198165070089,1219.9001055776816,666.35,20,77.0117,10000,last,0,runs/td3bc/hopper_medium_seed1/r_spec_obsadv_hopper_eval.json
offline,TD3+BC,TD3+BC,theta_o,spec_obsadv_hopper,obs_bias_0.05,1,0,2423.3312,1109.2098359992674,754.0425301499316,876.1706316997729,677.45,20,75.0822,10000,last,0,runs/td3bc/hopper_medium_seed1/r_spec_obsadv_hopper_eval.json
offline,TD3+BC,TD3+BC,theta_o,spec_obsadv_hopper,obs_gauss_0.05,1,0,1210.9603,190.9379846291947,722.1298975349235,861.8604426868678,325.3,20,37.8308,10000,last,0,runs/td3bc/hopper_medium_seed1/r_spec_obsadv_hopper_eval.json
offline,TD3+BC,TD3+BC,theta_o,spec_obsadv_hopper,obs_gauss_0.10,1,1,641.5704,245.15882337963856,145.52599707997558,147.4571625126816,201.9,20,20.3357,10000,last,0,runs/td3bc/hopper_medium_seed1/r_spec_obsadv_hopper_eval.json
offline,TD3+BC,TD3+BC,theta_o,spec_obsadv_hopper,obs_shift_0.01,1,0,3496.4258,479.363630812171,1910.2800490580005,2068.4610598806976,948.75,20,108.0541,10000,last,0,runs/td3bc/hopper_medium_seed1/r_spec_obsadv_hopper_eval.json
offline,TD3+BC,TD3+BC,theta_o,spec_obsadv_hopper,obs_shift_0.02,1,0,1441.1735,64.3057233236892,1301.615321075511,1314.2578989346289,371.35,20,44.9044,10000,last,0,runs/td3bc/hopper_medium_seed1/r_spec_obsadv_hopper_eval.json
offline,TD3+BC,TD3+BC,theta_o,spec_obsadv_hopper,nominal,2,0,3574.4294,26.695053694417375,3532.804571028933,3538.022028845036,1000.0,20,110.4508,10000,last,0,runs/td3bc/hopper_medium_seed2/r_spec_obsadv_hopper_eval.json
offline,TD3+BC,TD3+BC,theta_o,spec_obsadv_hopper,obs_uni_0.05,2,0,2044.9773,1001.0870841483597,1067.0085602400673,1082.9136866584918,542.95,20,63.4568,10000,last,0,runs/td3bc/hopper_medium_seed2/r_spec_obsadv_hopper_eval.json
offline,TD3+BC,TD3+BC,theta_o,spec_obsadv_hopper,obs_uni_0.10,2,1,1199.0708,481.2862686305734,778.422983122458,778.8068602864888,322.85,20,37.4655,10000,last,0,runs/td3bc/hopper_medium_seed2/r_spec_obsadv_hopper_eval.json
offline,TD3+BC,TD3+BC,theta_o,spec_obsadv_hopper,obs_uni_0.15,2,0,890.4855,153.65413452193891,694.817982062184,695.5325656091131,254.1,20,27.9839,10000,last,0,runs/td3bc/hopper_medium_seed2/r_spec_obsadv_hopper_eval.json
offline,TD3+BC,TD3+BC,theta_o,spec_obsadv_hopper,obs_rel_0.05,2,0,3419.9052,524.7321728627037,1752.7902350915483,1906.7371527459193,935.75,20,105.7029,10000,last,0,runs/td3bc/hopper_medium_seed2/r_spec_obsadv_hopper_eval.json
offline,TD3+BC,TD3+BC,theta_o,spec_obsadv_hopper,obs_rel_0.10,2,1,2299.8591,1012.1248965390001,1065.674106690854,1068.223716891064,608.4,20,71.2883,10000,last,0,runs/td3bc/hopper_medium_seed2/r_spec_obsadv_hopper_eval.json
offline,TD3+BC,TD3+BC,theta_o,spec_obsadv_hopper,obs_bias_0.05,2,0,2601.4406,1098.1311861135353,883.9216982330585,969.9883072048765,732.7,20,80.5547,10000,last,0,runs/td3bc/hopper_medium_seed2/r_spec_obsadv_hopper_eval.json
offline,TD3+BC,TD3+BC,theta_o,spec_obsadv_hopper,obs_gauss_0.05,2,0,1153.1134,206.1142360079052,741.236077730324,800.376330541585,308.5,20,36.0534,10000,last,0,runs/td3bc/hopper_medium_seed2/r_spec_obsadv_hopper_eval.json
offline,TD3+BC,TD3+BC,theta_o,spec_obsadv_hopper,obs_gauss_0.10,2,1,818.7002,181.5428600093742,464.3975601779731,527.0266074851253,239.05,20,25.7782,10000,last,0,runs/td3bc/hopper_medium_seed2/r_spec_obsadv_hopper_eval.json
offline,TD3+BC,TD3+BC,theta_o,spec_obsadv_hopper,obs_shift_0.01,2,0,3491.7547,450.9677190442398,2299.585601416239,2380.6838308239926,936.7,20,107.9106,10000,last,0,runs/td3bc/hopper_medium_seed2/r_spec_obsadv_hopper_eval.json
offline,TD3+BC,TD3+BC,theta_o,spec_obsadv_hopper,obs_shift_0.02,2,0,1473.8403,90.33449076962548,1332.3104597989065,1341.902363277312,377.7,20,45.9081,10000,last,0,runs/td3bc/hopper_medium_seed2/r_spec_obsadv_hopper_eval.json
offline,TD3+BC,TD3+BC,theta_o,spec_obsadv_hopper,nominal,3407,0,3516.2844,19.25820022127105,3486.712785940195,3487.2068555043825,1000.0,20,108.6643,10000,last,0,runs/td3bc/hopper_medium_seed3407/r_spec_obsadv_hopper_eval.json
offline,TD3+BC,TD3+BC,theta_o,spec_obsadv_hopper,obs_uni_0.05,3407,0,2942.2769,872.658789004701,1399.5103802536134,1453.9660737670724,790.2,20,91.0273,10000,last,0,runs/td3bc/hopper_medium_seed3407/r_spec_obsadv_hopper_eval.json
offline,TD3+BC,TD3+BC,theta_o,spec_obsadv_hopper,obs_uni_0.10,3407,1,1303.4432,299.35832962087716,802.9627787198319,859.1046963886422,346.25,20,40.6724,10000,last,0,runs/td3bc/hopper_medium_seed3407/r_spec_obsadv_hopper_eval.json
offline,TD3+BC,TD3+BC,theta_o,spec_obsadv_hopper,obs_uni_0.15,3407,0,874.6080,193.79541047373777,216.64442471802678,458.93482011851455,253.1,20,27.4960,10000,last,0,runs/td3bc/hopper_medium_seed3407/r_spec_obsadv_hopper_eval.json
offline,TD3+BC,TD3+BC,theta_o,spec_obsadv_hopper,obs_rel_0.05,3407,0,3561.3188,69.90707140257685,3516.8905494019195,3519.2697066544097,1000.0,20,110.0480,10000,last,0,runs/td3bc/hopper_medium_seed3407/r_spec_obsadv_hopper_eval.json
offline,TD3+BC,TD3+BC,theta_o,spec_obsadv_hopper,obs_rel_0.10,3407,1,2771.4536,931.4473142034573,1344.6341803855064,1354.9164527313653,741.9,20,85.7786,10000,last,0,runs/td3bc/hopper_medium_seed3407/r_spec_obsadv_hopper_eval.json
offline,TD3+BC,TD3+BC,theta_o,spec_obsadv_hopper,obs_bias_0.05,3407,0,2644.6595,1003.3466357448526,1033.1137831208712,1157.3553724936078,747.55,20,81.8827,10000,last,0,runs/td3bc/hopper_medium_seed3407/r_spec_obsadv_hopper_eval.json
offline,TD3+BC,TD3+BC,theta_o,spec_obsadv_hopper,obs_gauss_0.05,3407,0,1464.2480,453.32479633461907,669.6208989750118,833.2396007222355,385.9,20,45.6133,10000,last,0,runs/td3bc/hopper_medium_seed3407/r_spec_obsadv_hopper_eval.json
offline,TD3+BC,TD3+BC,theta_o,spec_obsadv_hopper,obs_gauss_0.10,3407,1,786.4338,238.40917944731456,156.28227865703943,307.0188891403457,232.85,20,24.7868,10000,last,0,runs/td3bc/hopper_medium_seed3407/r_spec_obsadv_hopper_eval.json
offline,TD3+BC,TD3+BC,theta_o,spec_obsadv_hopper,obs_shift_0.01,3407,0,3568.9836,22.622498168797577,3513.3331465017177,3525.574215084675,1000.0,20,110.2835,10000,last,0,runs/td3bc/hopper_medium_seed3407/r_spec_obsadv_hopper_eval.json
offline,TD3+BC,TD3+BC,theta_o,spec_obsadv_hopper,obs_shift_0.02,3407,0,2631.4707,827.8733601932768,1730.51827364167,1731.9455429707714,681.2,20,81.4775,10000,last,0,runs/td3bc/hopper_medium_seed3407/r_spec_obsadv_hopper_eval.json
offline,TD3+BC,TD3+BC,theta_o,spec_obsadv_hopper,nominal,42,0,3608.6424,25.570211555464876,3563.5677182128343,3564.6414407499615,1000.0,20,111.5021,10000,last,0,runs/td3bc/hopper_medium_seed42/r_spec_obsadv_hopper_eval.json
offline,TD3+BC,TD3+BC,theta_o,spec_obsadv_hopper,obs_uni_0.05,42,0,1762.2014,614.7582459216281,1050.5969921407695,1052.7141277854569,452.15,20,54.7683,10000,last,0,runs/td3bc/hopper_medium_seed42/r_spec_obsadv_hopper_eval.json
offline,TD3+BC,TD3+BC,theta_o,spec_obsadv_hopper,obs_uni_0.10,42,1,1153.3115,245.04293025597707,829.8637463818295,868.170628319042,317.05,20,36.0595,10000,last,0,runs/td3bc/hopper_medium_seed42/r_spec_obsadv_hopper_eval.json
offline,TD3+BC,TD3+BC,theta_o,spec_obsadv_hopper,obs_uni_0.15,42,0,923.3653,167.3040501348333,690.8112019929629,729.4631626002333,264.2,20,28.9942,10000,last,0,runs/td3bc/hopper_medium_seed42/r_spec_obsadv_hopper_eval.json
offline,TD3+BC,TD3+BC,theta_o,spec_obsadv_hopper,obs_rel_0.05,42,0,3016.6746,897.9496878118958,1456.4925248478537,1458.5757698364177,809.55,20,93.3132,10000,last,0,runs/td3bc/hopper_medium_seed42/r_spec_obsadv_hopper_eval.json
offline,TD3+BC,TD3+BC,theta_o,spec_obsadv_hopper,obs_rel_0.10,42,1,2105.0913,924.7216976574888,1046.747908099346,1144.8331966156693,544.95,20,65.3039,10000,last,0,runs/td3bc/hopper_medium_seed42/r_spec_obsadv_hopper_eval.json
offline,TD3+BC,TD3+BC,theta_o,spec_obsadv_hopper,obs_bias_0.05,42,0,2521.6211,1144.3997404974953,744.6836220455187,857.9046180206963,705.0,20,78.1022,10000,last,0,runs/td3bc/hopper_medium_seed42/r_spec_obsadv_hopper_eval.json
offline,TD3+BC,TD3+BC,theta_o,spec_obsadv_hopper,obs_gauss_0.05,42,0,1146.3841,123.25131905956822,915.4363746787781,945.9439900364787,308.65,20,35.8466,10000,last,0,runs/td3bc/hopper_medium_seed42/r_spec_obsadv_hopper_eval.json
offline,TD3+BC,TD3+BC,theta_o,spec_obsadv_hopper,obs_gauss_0.10,42,1,761.6385,268.4361459852516,148.89763961900863,150.9299063516869,226.7,20,24.0249,10000,last,0,runs/td3bc/hopper_medium_seed42/r_spec_obsadv_hopper_eval.json
offline,TD3+BC,TD3+BC,theta_o,spec_obsadv_hopper,obs_shift_0.01,42,0,1987.5996,612.7827754791085,1528.6747098015217,1542.0041948161243,503.6,20,61.6939,10000,last,0,runs/td3bc/hopper_medium_seed42/r_spec_obsadv_hopper_eval.json
offline,TD3+BC,TD3+BC,theta_o,spec_obsadv_hopper,obs_shift_0.02,42,0,1250.5009,52.77182525962751,1189.1772903730077,1195.5101977088939,326.25,20,39.0457,10000,last,0,runs/td3bc/hopper_medium_seed42/r_spec_obsadv_hopper_eval.json
offline,TD3+BC,TD3+BC,theta_o,spec_obsadv_mad_hopper,nominal,0,0,3569.2118,23.67482156680179,3530.0802024701297,3541.218864779209,,20,110.2905,10000,,0,runs/td3bc/hopper_medium_seed0/r_spec_obsadv_mad_hopper_eval.json
offline,TD3+BC,TD3+BC,theta_o,spec_obsadv_mad_hopper,mad_0.02,0,1,1528.3804,421.93763878281504,991.4586278399815,1145.34537515439,,20,47.5839,10000,,0,runs/td3bc/hopper_medium_seed0/r_spec_obsadv_mad_hopper_eval.json
offline,TD3+BC,TD3+BC,theta_o,spec_obsadv_mad_hopper,mad_0.035,0,0,1062.2852,133.8289141952811,827.8411538207504,920.3617375357404,,20,33.2626,10000,,0,runs/td3bc/hopper_medium_seed0/r_spec_obsadv_mad_hopper_eval.json
offline,TD3+BC,TD3+BC,theta_o,spec_obsadv_mad_hopper,mad_0.05,0,1,925.0120,127.34909221903902,671.2069186604706,750.4199341996883,,20,29.0448,10000,,0,runs/td3bc/hopper_medium_seed0/r_spec_obsadv_mad_hopper_eval.json
offline,TD3+BC,TD3+BC,theta_o,spec_obsadv_mad_hopper,mad_0.075,0,0,565.2574,274.1727652704289,25.65845126972689,201.91660446312375,,20,17.9909,10000,,0,runs/td3bc/hopper_medium_seed0/r_spec_obsadv_mad_hopper_eval.json
offline,TD3+BC,TD3+BC,theta_o,spec_obsadv_mad_hopper,mad_0.10,0,0,338.2753,214.38242937536262,18.69198395103207,48.831641252953034,,20,11.0167,10000,,0,runs/td3bc/hopper_medium_seed0/r_spec_obsadv_mad_hopper_eval.json
offline,TD3+BC,TD3+BC,theta_o,spec_obsadv_mad_hopper,nominal,1,0,3564.2254,19.206088545529532,3529.9390052240055,3542.096402512635,,20,110.1373,10000,,0,runs/td3bc/hopper_medium_seed1/r_spec_obsadv_mad_hopper_eval.json
offline,TD3+BC,TD3+BC,theta_o,spec_obsadv_mad_hopper,mad_0.02,1,1,1474.1833,695.4922967451398,1015.6590736273803,1049.3804966848747,,20,45.9186,10000,,0,runs/td3bc/hopper_medium_seed1/r_spec_obsadv_mad_hopper_eval.json
offline,TD3+BC,TD3+BC,theta_o,spec_obsadv_mad_hopper,mad_0.035,1,0,1114.1402,151.6295288444794,931.0737290686454,950.5839885626095,,20,34.8559,10000,,0,runs/td3bc/hopper_medium_seed1/r_spec_obsadv_mad_hopper_eval.json
offline,TD3+BC,TD3+BC,theta_o,spec_obsadv_mad_hopper,mad_0.05,1,1,908.3196,113.6788063151623,734.5601420293433,764.384408985559,,20,28.5319,10000,,0,runs/td3bc/hopper_medium_seed1/r_spec_obsadv_mad_hopper_eval.json
offline,TD3+BC,TD3+BC,theta_o,spec_obsadv_mad_hopper,mad_0.075,1,0,552.8889,257.69374203910365,22.921427198733177,161.24750482018771,,20,17.6109,10000,,0,runs/td3bc/hopper_medium_seed1/r_spec_obsadv_mad_hopper_eval.json
offline,TD3+BC,TD3+BC,theta_o,spec_obsadv_mad_hopper,mad_0.10,1,0,397.4329,196.44898857519726,16.527235290239293,88.18196346664354,,20,12.8343,10000,,0,runs/td3bc/hopper_medium_seed1/r_spec_obsadv_mad_hopper_eval.json
offline,TD3+BC,TD3+BC,theta_o,spec_obsadv_mad_hopper,nominal,2,0,3574.4294,26.695053694417375,3532.804571028933,3544.1850281191996,,20,110.4508,10000,,0,runs/td3bc/hopper_medium_seed2/r_spec_obsadv_mad_hopper_eval.json
offline,TD3+BC,TD3+BC,theta_o,spec_obsadv_mad_hopper,mad_0.02,2,1,1615.4661,695.9596091802291,1004.0191947623333,1104.1953469967204,,20,50.2597,10000,,0,runs/td3bc/hopper_medium_seed2/r_spec_obsadv_mad_hopper_eval.json
offline,TD3+BC,TD3+BC,theta_o,spec_obsadv_mad_hopper,mad_0.035,2,0,1086.9279,157.899888617412,702.3092576574892,923.1225391348828,,20,34.0198,10000,,0,runs/td3bc/hopper_medium_seed2/r_spec_obsadv_mad_hopper_eval.json
offline,TD3+BC,TD3+BC,theta_o,spec_obsadv_mad_hopper,mad_0.05,2,1,898.9839,182.85494655937248,305.3649471197247,685.2094195304956,,20,28.2450,10000,,0,runs/td3bc/hopper_medium_seed2/r_spec_obsadv_mad_hopper_eval.json
offline,TD3+BC,TD3+BC,theta_o,spec_obsadv_mad_hopper,mad_0.075,2,0,727.6570,203.82065934327454,26.232953794670813,483.4272565029986,,20,22.9808,10000,,0,runs/td3bc/hopper_medium_seed2/r_spec_obsadv_mad_hopper_eval.json
offline,TD3+BC,TD3+BC,theta_o,spec_obsadv_mad_hopper,mad_0.10,2,0,367.3821,166.10839286848477,26.303895203029693,160.50406843140334,,20,11.9110,10000,,0,runs/td3bc/hopper_medium_seed2/r_spec_obsadv_mad_hopper_eval.json
offline,TD3+BC,TD3+BC,theta_o,spec_obsadv_mad_hopper,nominal,3407,0,3516.2844,19.25820022127105,3486.712785940195,3495.1656786628637,,20,108.6643,10000,,0,runs/td3bc/hopper_medium_seed3407/r_spec_obsadv_mad_hopper_eval.json
offline,TD3+BC,TD3+BC,theta_o,spec_obsadv_mad_hopper,mad_0.02,3407,1,1871.8391,767.4899451611884,1090.9381718897798,1268.9084692509073,,20,58.1370,10000,,0,runs/td3bc/hopper_medium_seed3407/r_spec_obsadv_mad_hopper_eval.json
offline,TD3+BC,TD3+BC,theta_o,spec_obsadv_mad_hopper,mad_0.035,3407,0,1189.9856,207.1385028017209,911.0386479884864,961.9656210048026,,20,37.1863,10000,,0,runs/td3bc/hopper_medium_seed3407/r_spec_obsadv_mad_hopper_eval.json
offline,TD3+BC,TD3+BC,theta_o,spec_obsadv_mad_hopper,mad_0.05,3407,1,1014.8443,160.53757840963095,716.1896903810889,833.2486175121097,,20,31.8049,10000,,0,runs/td3bc/hopper_medium_seed3407/r_spec_obsadv_mad_hopper_eval.json
offline,TD3+BC,TD3+BC,theta_o,spec_obsadv_mad_hopper,mad_0.075,3407,0,558.9412,283.09512716175266,25.54605709933243,130.3955896132141,,20,17.7969,10000,,0,runs/td3bc/hopper_medium_seed3407/r_spec_obsadv_mad_hopper_eval.json
offline,TD3+BC,TD3+BC,theta_o,spec_obsadv_mad_hopper,mad_0.10,3407,0,237.7181,173.27347859924805,16.267652116195233,22.025811594206296,,20,7.9269,10000,,0,runs/td3bc/hopper_medium_seed3407/r_spec_obsadv_mad_hopper_eval.json
offline,TD3+BC,TD3+BC,theta_o,spec_obsadv_mad_hopper,nominal,42,0,3608.6424,25.570211555464876,3563.5677182128343,3572.9418445218544,,20,111.5021,10000,,0,runs/td3bc/hopper_medium_seed42/r_spec_obsadv_mad_hopper_eval.json
offline,TD3+BC,TD3+BC,theta_o,spec_obsadv_mad_hopper,mad_0.02,42,1,1545.6485,410.6515084513984,1050.8823122676972,1200.9760377637033,,20,48.1145,10000,,0,runs/td3bc/hopper_medium_seed42/r_spec_obsadv_mad_hopper_eval.json
offline,TD3+BC,TD3+BC,theta_o,spec_obsadv_mad_hopper,mad_0.035,42,0,1084.9566,117.55267789095129,909.8582187912302,970.3811211240051,,20,33.9592,10000,,0,runs/td3bc/hopper_medium_seed42/r_spec_obsadv_mad_hopper_eval.json
offline,TD3+BC,TD3+BC,theta_o,spec_obsadv_mad_hopper,mad_0.05,42,1,906.9024,150.86166145298935,683.1980349920881,726.201011660986,,20,28.4883,10000,,0,runs/td3bc/hopper_medium_seed42/r_spec_obsadv_mad_hopper_eval.json
offline,TD3+BC,TD3+BC,theta_o,spec_obsadv_mad_hopper,mad_0.075,42,0,743.1665,209.20853887756022,464.971997266683,500.1596434449628,,20,23.4574,10000,,0,runs/td3bc/hopper_medium_seed42/r_spec_obsadv_mad_hopper_eval.json
offline,TD3+BC,TD3+BC,theta_o,spec_obsadv_mad_hopper,mad_0.10,42,0,350.6912,250.05945774862988,20.029726761273896,27.75490535842427,,20,11.3982,10000,,0,runs/td3bc/hopper_medium_seed42/r_spec_obsadv_mad_hopper_eval.json
offline,TD3+BC,TD3+BC,theta_a,spec_action_hopper,nominal,0,0,3569.2118,23.67482156680179,3530.0802024701297,3533.8271067463,1000.0,20,110.2905,10000,last,0,runs/td3bc/hopper_medium_seed0/r_spec_action_hopper_eval.json
offline,TD3+BC,TD3+BC,theta_a,spec_action_hopper,act_gauss_0.05,0,0,2046.4110,935.3219165557022,1325.078980942727,1327.6647738749357,540.6,20,63.5009,10000,last,0,runs/td3bc/hopper_medium_seed0/r_spec_action_hopper_eval.json
offline,TD3+BC,TD3+BC,theta_a,spec_action_hopper,act_gauss_0.10,0,1,1210.2224,268.5141546464832,999.7381039554236,1003.153278445586,321.2,20,37.8081,10000,last,0,runs/td3bc/hopper_medium_seed0/r_spec_action_hopper_eval.json
offline,TD3+BC,TD3+BC,theta_a,spec_action_hopper,act_gauss_0.20,0,0,904.5622,121.25678187451588,669.6944161635877,713.9527171057962,255.9,20,28.4164,10000,last,0,runs/td3bc/hopper_medium_seed0/r_spec_action_hopper_eval.json
offline,TD3+BC,TD3+BC,theta_a,spec_action_hopper,act_uni_0.10,0,1,2135.6786,914.3832808213043,1260.5970928832294,1282.946966426415,561.85,20,66.2437,10000,last,0,runs/td3bc/hopper_medium_seed0/r_spec_action_hopper_eval.json
offline,TD3+BC,TD3+BC,theta_a,spec_action_hopper,act_offset_0.05,0,1,998.4497,16.205656451650533,967.0729038627763,970.0222316083148,276.15,20,31.3012,10000,last,0,runs/td3bc/hopper_medium_seed0/r_spec_action_hopper_eval.json
offline,TD3+BC,TD3+BC,theta_a,spec_action_hopper,act_oppose_0.10,0,1,805.1329,15.84909735291097,776.7590646954479,780.0188219312465,234.4,20,25.3614,10000,last,0,runs/td3bc/hopper_medium_seed0/r_spec_action_hopper_eval.json
offline,TD3+BC,TD3+BC,theta_a,spec_action_hopper,act_oppose_0.20,0,0,582.4721,2.348275965774198,579.124173544626,579.4467865195201,187.75,20,18.5199,10000,last,0,runs/td3bc/hopper_medium_seed0/r_spec_action_hopper_eval.json
offline,TD3+BC,TD3+BC,theta_a,spec_action_hopper,cmd_gauss_0.20,0,0,904.5622,121.25678187451588,669.6944161635877,713.9527171057962,255.9,20,28.4164,10000,last,0,runs/td3bc/hopper_medium_seed0/r_spec_action_hopper_eval.json
offline,TD3+BC,TD3+BC,theta_a,spec_action_hopper,cmd_oppose_0.20,0,1,582.4721,2.348275965774198,579.124173544626,579.4467865195201,187.75,20,18.5199,10000,last,0,runs/td3bc/hopper_medium_seed0/r_spec_action_hopper_eval.json
offline,TD3+BC,TD3+BC,theta_a,spec_action_hopper,nominal,1,0,3564.2254,19.206088545529532,3529.9390052240055,3534.3943135883865,1000.0,20,110.1373,10000,last,0,runs/td3bc/hopper_medium_seed1/r_spec_action_hopper_eval.json
offline,TD3+BC,TD3+BC,theta_a,spec_action_hopper,act_gauss_0.05,1,0,3407.4901,478.659349116703,2016.8421686427444,2204.412927934972,936.55,20,105.3214,10000,last,0,runs/td3bc/hopper_medium_seed1/r_spec_action_hopper_eval.json
offline,TD3+BC,TD3+BC,theta_a,spec_action_hopper,act_gauss_0.10,1,1,1412.2517,297.40638805734636,1123.1887289081303,1140.2296538960818,366.15,20,44.0157,10000,last,0,runs/td3bc/hopper_medium_seed1/r_spec_action_hopper_eval.json
offline,TD3+BC,TD3+BC,theta_a,spec_action_hopper,act_gauss_0.20,1,0,1155.9038,393.0540740602452,940.9822235938905,950.604678555871,316.3,20,36.1391,10000,last,0,runs/td3bc/hopper_medium_seed1/r_spec_action_hopper_eval.json
offline,TD3+BC,TD3+BC,theta_a,spec_action_hopper,act_uni_0.10,1,1,3347.3487,656.6011096487333,1449.1408342975124,1616.879299282932,920.05,20,103.4735,10000,last,0,runs/td3bc/hopper_medium_seed1/r_spec_action_hopper_eval.json
offline,TD3+BC,TD3+BC,theta_a,spec_action_hopper,act_offset_0.05,1,1,1120.4492,47.08553494548225,1037.453112338361,1038.1903826107368,302.7,20,35.0498,10000,last,0,runs/td3bc/hopper_medium_seed1/r_spec_action_hopper_eval.json
offline,TD3+BC,TD3+BC,theta_a,spec_action_hopper,act_oppose_0.10,1,1,964.2483,8.149294367876866,949.5965188593601,950.2453598891088,267.7,20,30.2503,10000,last,0,runs/td3bc/hopper_medium_seed1/r_spec_action_hopper_eval.json
offline,TD3+BC,TD3+BC,theta_a,spec_action_hopper,act_oppose_0.20,1,0,672.1558,5.162435483346853,663.821785273918,664.1388542238385,214.95,20,21.2755,10000,last,0,runs/td3bc/hopper_medium_seed1/r_spec_action_hopper_eval.json
offline,TD3+BC,TD3+BC,theta_a,spec_action_hopper,cmd_gauss_0.20,1,0,1155.9038,393.0540740602452,940.9822235938905,950.604678555871,316.3,20,36.1391,10000,last,0,runs/td3bc/hopper_medium_seed1/r_spec_action_hopper_eval.json
offline,TD3+BC,TD3+BC,theta_a,spec_action_hopper,cmd_oppose_0.20,1,1,672.1558,5.162435483346853,663.821785273918,664.1388542238385,214.95,20,21.2755,10000,last,0,runs/td3bc/hopper_medium_seed1/r_spec_action_hopper_eval.json
offline,TD3+BC,TD3+BC,theta_a,spec_action_hopper,nominal,2,0,3574.4294,26.695053694417375,3532.804571028933,3538.022028845036,1000.0,20,110.4508,10000,last,0,runs/td3bc/hopper_medium_seed2/r_spec_action_hopper_eval.json
offline,TD3+BC,TD3+BC,theta_a,spec_action_hopper,act_gauss_0.05,2,0,2911.0949,928.306297823731,1514.5556828941446,1532.458022133268,781.35,20,90.0692,10000,last,0,runs/td3bc/hopper_medium_seed2/r_spec_action_hopper_eval.json
offline,TD3+BC,TD3+BC,theta_a,spec_action_hopper,act_gauss_0.10,2,1,1334.5756,199.4750579464051,1048.624681361975,1056.6044918271807,347.4,20,41.6290,10000,last,0,runs/td3bc/hopper_medium_seed2/r_spec_action_hopper_eval.json
offline,TD3+BC,TD3+BC,theta_a,spec_action_hopper,act_gauss_0.20,2,0,937.0376,137.9113853504826,689.4756615027694,752.4773385984136,264.9,20,29.4143,10000,last,0,runs/td3bc/hopper_medium_seed2/r_spec_action_hopper_eval.json
offline,TD3+BC,TD3+BC,theta_a,spec_action_hopper,act_uni_0.10,2,1,2833.1918,937.7079066747829,1379.3504573035464,1434.4482157627435,758.95,20,87.6755,10000,last,0,runs/td3bc/hopper_medium_seed2/r_spec_action_hopper_eval.json
offline,TD3+BC,TD3+BC,theta_a,spec_action_hopper,act_offset_0.05,2,1,1101.2616,73.03853273623837,1030.6847479726996,1030.9368267543007,296.45,20,34.4602,10000,last,0,runs/td3bc/hopper_medium_seed2/r_spec_action_hopper_eval.json
offline,TD3+BC,TD3+BC,theta_a,spec_action_hopper,act_oppose_0.10,2,1,854.0292,16.22162333709669,821.1629170009779,828.5553414567141,246.95,20,26.8637,10000,last,0,runs/td3bc/hopper_medium_seed2/r_spec_action_hopper_eval.json
offline,TD3+BC,TD3+BC,theta_a,spec_action_hopper,act_oppose_0.20,2,0,604.1019,1.9192127221063768,599.82817764873,600.6588488277309,193.25,20,19.1845,10000,last,0,runs/td3bc/hopper_medium_seed2/r_spec_action_hopper_eval.json
offline,TD3+BC,TD3+BC,theta_a,spec_action_hopper,cmd_gauss_0.20,2,0,937.0376,137.9113853504826,689.4756615027694,752.4773385984136,264.9,20,29.4143,10000,last,0,runs/td3bc/hopper_medium_seed2/r_spec_action_hopper_eval.json
offline,TD3+BC,TD3+BC,theta_a,spec_action_hopper,cmd_oppose_0.20,2,1,604.1019,1.9192127221063768,599.82817764873,600.6588488277309,193.25,20,19.1845,10000,last,0,runs/td3bc/hopper_medium_seed2/r_spec_action_hopper_eval.json
offline,TD3+BC,TD3+BC,theta_a,spec_action_hopper,nominal,3407,0,3516.2844,19.25820022127105,3486.712785940195,3487.2068555043825,1000.0,20,108.6643,10000,last,0,runs/td3bc/hopper_medium_seed3407/r_spec_action_hopper_eval.json
offline,TD3+BC,TD3+BC,theta_a,spec_action_hopper,act_gauss_0.05,3407,0,3530.5507,27.37912588679912,3478.7020344251773,3485.665918097181,1000.0,20,109.1026,10000,last,0,runs/td3bc/hopper_medium_seed3407/r_spec_action_hopper_eval.json
offline,TD3+BC,TD3+BC,theta_a,spec_action_hopper,act_gauss_0.10,3407,1,2407.1541,952.3786076143261,1347.5035649148465,1379.5323942769978,638.2,20,74.5851,10000,last,0,runs/td3bc/hopper_medium_seed3407/r_spec_action_hopper_eval.json
offline,TD3+BC,TD3+BC,theta_a,spec_action_hopper,act_gauss_0.20,3407,0,1102.1974,184.94727649763178,929.6565595561881,939.7968964459751,300.0,20,34.4890,10000,last,0,runs/td3bc/hopper_medium_seed3407/r_spec_action_hopper_eval.json
offline,TD3+BC,TD3+BC,theta_a,spec_action_hopper,act_uni_0.10,3407,1,3539.8399,34.66619027604873,3488.856821368259,3490.2438162788253,1000.0,20,109.3880,10000,last,0,runs/td3bc/hopper_medium_seed3407/r_spec_action_hopper_eval.json
offline,TD3+BC,TD3+BC,theta_a,spec_action_hopper,act_offset_0.05,3407,1,1403.4590,72.27336606091602,1314.7442340707034,1326.2546991264126,368.0,20,43.7455,10000,last,0,runs/td3bc/hopper_medium_seed3407/r_spec_action_hopper_eval.json
offline,TD3+BC,TD3+BC,theta_a,spec_action_hopper,act_oppose_0.10,3407,1,1000.5185,14.402821765848952,959.7968241155882,972.0676352728242,278.3,20,31.3648,10000,last,0,runs/td3bc/hopper_medium_seed3407/r_spec_action_hopper_eval.json
offline,TD3+BC,TD3+BC,theta_a,spec_action_hopper,act_oppose_0.20,3407,0,583.7436,43.93331466647978,506.51783074878404,507.0139320748393,189.05,20,18.5589,10000,last,0,runs/td3bc/hopper_medium_seed3407/r_spec_action_hopper_eval.json
offline,TD3+BC,TD3+BC,theta_a,spec_action_hopper,cmd_gauss_0.20,3407,0,1102.1974,184.94727649763178,929.6565595561881,939.7968964459751,300.0,20,34.4890,10000,last,0,runs/td3bc/hopper_medium_seed3407/r_spec_action_hopper_eval.json
offline,TD3+BC,TD3+BC,theta_a,spec_action_hopper,cmd_oppose_0.20,3407,1,583.7436,43.93331466647978,506.51783074878404,507.0139320748393,189.05,20,18.5589,10000,last,0,runs/td3bc/hopper_medium_seed3407/r_spec_action_hopper_eval.json
offline,TD3+BC,TD3+BC,theta_a,spec_action_hopper,nominal,42,0,3608.6424,25.570211555464876,3563.5677182128343,3564.6414407499615,1000.0,20,111.5021,10000,last,0,runs/td3bc/hopper_medium_seed42/r_spec_action_hopper_eval.json
offline,TD3+BC,TD3+BC,theta_a,spec_action_hopper,act_gauss_0.05,42,0,1949.9931,844.7916897886469,1296.7428594497708,1303.2939059493337,505.3,20,60.5384,10000,last,0,runs/td3bc/hopper_medium_seed42/r_spec_action_hopper_eval.json
offline,TD3+BC,TD3+BC,theta_a,spec_action_hopper,act_gauss_0.10,42,1,1198.7872,237.4289947492217,1016.7744848209866,1025.3423462081655,320.0,20,37.4568,10000,last,0,runs/td3bc/hopper_medium_seed42/r_spec_action_hopper_eval.json
offline,TD3+BC,TD3+BC,theta_a,spec_action_hopper,act_gauss_0.20,42,0,1117.7432,235.0459933017623,895.7889528730279,906.1125499181554,308.65,20,34.9666,10000,last,0,runs/td3bc/hopper_medium_seed42/r_spec_action_hopper_eval.json
offline,TD3+BC,TD3+BC,theta_a,spec_action_hopper,act_uni_0.10,42,1,1965.5729,760.7368623509354,1246.8384346561156,1287.9891423026756,510.15,20,61.0171,10000,last,0,runs/td3bc/hopper_medium_seed42/r_spec_action_hopper_eval.json
offline,TD3+BC,TD3+BC,theta_a,spec_action_hopper,act_offset_0.05,42,1,1014.3322,14.034691505704336,998.1289961789106,998.9573166205286,283.35,20,31.7892,10000,last,0,runs/td3bc/hopper_medium_seed42/r_spec_action_hopper_eval.json
offline,TD3+BC,TD3+BC,theta_a,spec_action_hopper,act_oppose_0.10,42,1,909.8740,7.074602832831861,891.4972153868291,895.9276097242921,258.8,20,28.5796,10000,last,0,runs/td3bc/hopper_medium_seed42/r_spec_action_hopper_eval.json
offline,TD3+BC,TD3+BC,theta_a,spec_action_hopper,act_oppose_0.20,42,0,687.5254,6.491751930902179,676.6430829659312,677.3767984967201,215.75,20,21.7477,10000,last,0,runs/td3bc/hopper_medium_seed42/r_spec_action_hopper_eval.json
offline,TD3+BC,TD3+BC,theta_a,spec_action_hopper,cmd_gauss_0.20,42,0,1117.7432,235.0459933017623,895.7889528730279,906.1125499181554,308.65,20,34.9666,10000,last,0,runs/td3bc/hopper_medium_seed42/r_spec_action_hopper_eval.json
offline,TD3+BC,TD3+BC,theta_a,spec_action_hopper,cmd_oppose_0.20,42,1,687.5254,6.491751930902179,676.6430829659312,677.3767984967201,215.75,20,21.7477,10000,last,0,runs/td3bc/hopper_medium_seed42/r_spec_action_hopper_eval.json
offline,TD3+BC,TD3+BC,theta_p,spec_transition_hopper,nominal,0,0,3569.2118,23.67482156680179,3530.0802024701297,3533.8271067463,1000.0,20,110.2905,10000,last,0,runs/td3bc/hopper_medium_seed0/r_spec_transition_hopper_eval.json
offline,TD3+BC,TD3+BC,theta_p,spec_transition_hopper,trans_t1,0,1,2164.9027,1067.508915824911,1045.9600323563757,1117.0552139374074,585.25,20,67.1417,10000,last,0,runs/td3bc/hopper_medium_seed0/r_spec_transition_hopper_eval.json
offline,TD3+BC,TD3+BC,theta_p,spec_transition_hopper,trans_t2,0,0,1782.9973,874.1550933344807,742.5460042737817,811.6164097766099,471.0,20,55.4072,10000,last,0,runs/td3bc/hopper_medium_seed0/r_spec_transition_hopper_eval.json
offline,TD3+BC,TD3+BC,theta_p,spec_transition_hopper,trans_t3,0,0,1225.0576,533.6885021406728,535.519837162966,583.7011527777863,339.2,20,38.2640,10000,last,0,runs/td3bc/hopper_medium_seed0/r_spec_transition_hopper_eval.json
offline,TD3+BC,TD3+BC,theta_p,spec_transition_hopper,nominal,1,0,3564.2254,19.206088545529532,3529.9390052240055,3534.3943135883865,1000.0,20,110.1373,10000,last,0,runs/td3bc/hopper_medium_seed1/r_spec_transition_hopper_eval.json
offline,TD3+BC,TD3+BC,theta_p,spec_transition_hopper,trans_t1,1,1,2241.0700,891.1073018995335,1312.9546388127217,1339.2078160253209,592.1,20,69.4820,10000,last,0,runs/td3bc/hopper_medium_seed1/r_spec_transition_hopper_eval.json
offline,TD3+BC,TD3+BC,theta_p,spec_transition_hopper,trans_t2,1,0,1711.6992,740.3045082693395,966.1370932505968,1021.1796508186155,450.65,20,53.2165,10000,last,0,runs/td3bc/hopper_medium_seed1/r_spec_transition_hopper_eval.json
offline,TD3+BC,TD3+BC,theta_p,spec_transition_hopper,trans_t3,1,0,1261.5569,572.6090791146943,605.0235457704491,636.5132256402885,345.4,20,39.3854,10000,last,0,runs/td3bc/hopper_medium_seed1/r_spec_transition_hopper_eval.json
offline,TD3+BC,TD3+BC,theta_p,spec_transition_hopper,nominal,2,0,3574.4294,26.695053694417375,3532.804571028933,3538.022028845036,1000.0,20,110.4508,10000,last,0,runs/td3bc/hopper_medium_seed2/r_spec_transition_hopper_eval.json
offline,TD3+BC,TD3+BC,theta_p,spec_transition_hopper,trans_t1,2,1,2344.2714,978.8493724575769,1311.5466534859827,1324.0189700455426,625.1,20,72.6530,10000,last,0,runs/td3bc/hopper_medium_seed2/r_spec_transition_hopper_eval.json
offline,TD3+BC,TD3+BC,theta_p,spec_transition_hopper,trans_t2,2,0,1644.1120,891.6346735095952,744.9158152857445,782.6883031133029,438.85,20,51.1398,10000,last,0,runs/td3bc/hopper_medium_seed2/r_spec_transition_hopper_eval.json
offline,TD3+BC,TD3+BC,theta_p,spec_transition_hopper,trans_t3,2,0,1189.6965,553.8095230956573,528.761637004744,584.1281422372099,336.15,20,37.1775,10000,last,0,runs/td3bc/hopper_medium_seed2/r_spec_transition_hopper_eval.json
offline,TD3+BC,TD3+BC,theta_p,spec_transition_hopper,nominal,3407,0,3516.2844,19.25820022127105,3486.712785940195,3487.2068555043825,1000.0,20,108.6643,10000,last,0,runs/td3bc/hopper_medium_seed3407/r_spec_transition_hopper_eval.json
offline,TD3+BC,TD3+BC,theta_p,spec_transition_hopper,trans_t1,3407,1,2774.8116,893.6517005753166,1339.641726782161,1362.048649753196,752.95,20,85.8817,10000,last,0,runs/td3bc/hopper_medium_seed3407/r_spec_transition_hopper_eval.json
offline,TD3+BC,TD3+BC,theta_p,spec_transition_hopper,trans_t2,3407,0,1647.0221,752.9005425104934,939.5159501729431,971.8216567525433,439.0,20,51.2293,10000,last,0,runs/td3bc/hopper_medium_seed3407/r_spec_transition_hopper_eval.json
offline,TD3+BC,TD3+BC,theta_p,spec_transition_hopper,trans_t3,3407,0,1258.4761,515.971643381305,618.2924872822092,638.5643496585029,349.4,20,39.2908,10000,last,0,runs/td3bc/hopper_medium_seed3407/r_spec_transition_hopper_eval.json
offline,TD3+BC,TD3+BC,theta_p,spec_transition_hopper,nominal,42,0,3608.6424,25.570211555464876,3563.5677182128343,3564.6414407499615,1000.0,20,111.5021,10000,last,0,runs/td3bc/hopper_medium_seed42/r_spec_transition_hopper_eval.json
offline,TD3+BC,TD3+BC,theta_p,spec_transition_hopper,trans_t1,42,1,1878.2734,810.9846843780616,1198.7490945808547,1199.9507445433069,493.05,20,58.3347,10000,last,0,runs/td3bc/hopper_medium_seed42/r_spec_transition_hopper_eval.json
offline,TD3+BC,TD3+BC,theta_p,spec_transition_hopper,trans_t2,42,0,1559.5685,571.7687419577576,870.2005307965421,920.6114268842882,415.65,20,48.5422,10000,last,0,runs/td3bc/hopper_medium_seed42/r_spec_transition_hopper_eval.json
offline,TD3+BC,TD3+BC,theta_p,spec_transition_hopper,trans_t3,42,0,1253.1031,759.2655375639763,616.7072446682229,627.2930832829155,350.15,20,39.1257,10000,last,0,runs/td3bc/hopper_medium_seed42/r_spec_transition_hopper_eval.json
offline,TD3+BC,TD3+BC,theta_p,spec_push_hopper,nominal,0,0,3569.2118,23.67482156680179,3530.0802024701297,3533.8271067463,1000.0,20,110.2905,10000,last,0,runs/td3bc/hopper_medium_seed0/r_spec_push_hopper_eval.json
offline,TD3+BC,TD3+BC,theta_p,spec_push_hopper,push_30,0,0,2347.8622,960.0470258026851,1046.5359332383791,1132.398382645321,618.45,20,72.7633,10000,last,0,runs/td3bc/hopper_medium_seed0/r_spec_push_hopper_eval.json
offline,TD3+BC,TD3+BC,theta_p,spec_push_hopper,push_60,0,1,1390.9228,661.7560028516958,699.1981158450201,734.7555221563174,367.85,20,43.3603,10000,last,0,runs/td3bc/hopper_medium_seed0/r_spec_push_hopper_eval.json
offline,TD3+BC,TD3+BC,theta_p,spec_push_hopper,push_100,0,0,1113.9101,659.4446677414544,461.82888496026493,515.4792720266349,312.45,20,34.8488,10000,last,0,runs/td3bc/hopper_medium_seed0/r_spec_push_hopper_eval.json
offline,TD3+BC,TD3+BC,theta_p,spec_push_hopper,push_150,0,0,719.9962,527.7337838466642,46.99898243708967,149.79320839291705,211.65,20,22.7454,10000,last,0,runs/td3bc/hopper_medium_seed0/r_spec_push_hopper_eval.json
offline,TD3+BC,TD3+BC,theta_p,spec_push_hopper,nominal,1,0,3564.2254,19.206088545529532,3529.9390052240055,3534.3943135883865,1000.0,20,110.1373,10000,last,0,runs/td3bc/hopper_medium_seed1/r_spec_push_hopper_eval.json
offline,TD3+BC,TD3+BC,theta_p,spec_push_hopper,push_30,1,0,2596.2783,830.4129901506624,1104.1044328407775,1181.1592058237616,687.15,20,80.3961,10000,last,0,runs/td3bc/hopper_medium_seed1/r_spec_push_hopper_eval.json
offline,TD3+BC,TD3+BC,theta_p,spec_push_hopper,push_60,1,1,1363.9607,551.4287390046916,736.1035273999423,757.4871833245763,364.65,20,42.5319,10000,last,0,runs/td3bc/hopper_medium_seed1/r_spec_push_hopper_eval.json
offline,TD3+BC,TD3+BC,theta_p,spec_push_hopper,push_100,1,0,959.8890,573.8942946455686,290.7189284416157,404.7247742392218,271.5,20,30.1164,10000,last,0,runs/td3bc/hopper_medium_seed1/r_spec_push_hopper_eval.json
offline,TD3+BC,TD3+BC,theta_p,spec_push_hopper,push_150,1,0,707.4299,526.0806060863237,40.5073223884171,145.49403282809422,205.6,20,22.3593,10000,last,0,runs/td3bc/hopper_medium_seed1/r_spec_push_hopper_eval.json
offline,TD3+BC,TD3+BC,theta_p,spec_push_hopper,nominal,2,0,3574.4294,26.695053694417375,3532.804571028933,3538.022028845036,1000.0,20,110.4508,10000,last,0,runs/td3bc/hopper_medium_seed2/r_spec_push_hopper_eval.json
offline,TD3+BC,TD3+BC,theta_p,spec_push_hopper,push_30,2,0,2274.5115,889.1892797486985,975.8215709915536,1055.6200131371916,597.25,20,70.5095,10000,last,0,runs/td3bc/hopper_medium_seed2/r_spec_push_hopper_eval.json
offline,TD3+BC,TD3+BC,theta_p,spec_push_hopper,push_60,2,1,1360.4120,636.3475224319568,656.6807509451077,710.6600399386914,362.5,20,42.4229,10000,last,0,runs/td3bc/hopper_medium_seed2/r_spec_push_hopper_eval.json
offline,TD3+BC,TD3+BC,theta_p,spec_push_hopper,push_100,2,0,1109.6968,728.2790907407532,467.23567509741764,522.7530661044896,311.7,20,34.7194,10000,last,0,runs/td3bc/hopper_medium_seed2/r_spec_push_hopper_eval.json
offline,TD3+BC,TD3+BC,theta_p,spec_push_hopper,push_150,2,0,728.1873,542.9928923247462,41.53452441962027,147.30611112335333,215.85,20,22.9971,10000,last,0,runs/td3bc/hopper_medium_seed2/r_spec_push_hopper_eval.json
offline,TD3+BC,TD3+BC,theta_p,spec_push_hopper,nominal,3407,0,3516.2844,19.25820022127105,3486.712785940195,3487.2068555043825,1000.0,20,108.6643,10000,last,0,runs/td3bc/hopper_medium_seed3407/r_spec_push_hopper_eval.json
offline,TD3+BC,TD3+BC,theta_p,spec_push_hopper,push_30,3407,0,2867.2147,693.1496506107218,1314.5520063000185,1660.0626443354088,766.5,20,88.7209,10000,last,0,runs/td3bc/hopper_medium_seed3407/r_spec_push_hopper_eval.json
offline,TD3+BC,TD3+BC,theta_p,spec_push_hopper,push_60,3407,1,1540.6335,771.8627630522498,749.7127642987317,766.2144762350727,414.5,20,47.9604,10000,last,0,runs/td3bc/hopper_medium_seed3407/r_spec_push_hopper_eval.json
offline,TD3+BC,TD3+BC,theta_p,spec_push_hopper,push_100,3407,0,1048.7182,704.4892996875417,290.58616245984854,410.2133989544079,299.55,20,32.8458,10000,last,0,runs/td3bc/hopper_medium_seed3407/r_spec_push_hopper_eval.json
offline,TD3+BC,TD3+BC,theta_p,spec_push_hopper,push_150,3407,0,765.4337,564.680685365987,41.24919473290533,140.7202713967066,227.1,20,24.1416,10000,last,0,runs/td3bc/hopper_medium_seed3407/r_spec_push_hopper_eval.json
offline,TD3+BC,TD3+BC,theta_p,spec_push_hopper,nominal,42,0,3608.6424,25.570211555464876,3563.5677182128343,3564.6414407499615,1000.0,20,111.5021,10000,last,0,runs/td3bc/hopper_medium_seed42/r_spec_push_hopper_eval.json
offline,TD3+BC,TD3+BC,theta_p,spec_push_hopper,push_30,42,0,2323.2413,939.0783943624481,974.6030866649896,1085.6439274718714,615.1,20,72.0068,10000,last,0,runs/td3bc/hopper_medium_seed42/r_spec_push_hopper_eval.json
offline,TD3+BC,TD3+BC,theta_p,spec_push_hopper,push_60,42,1,1338.5351,623.6750854661644,665.0167291118911,707.6414651739692,357.0,20,41.7507,10000,last,0,runs/td3bc/hopper_medium_seed42/r_spec_push_hopper_eval.json
offline,TD3+BC,TD3+BC,theta_p,spec_push_hopper,push_100,42,0,1149.7207,730.981963926194,464.0038490299093,519.2602348280767,327.15,20,35.9492,10000,last,0,runs/td3bc/hopper_medium_seed42/r_spec_push_hopper_eval.json
offline,TD3+BC,TD3+BC,theta_p,spec_push_hopper,push_150,42,0,773.8737,608.6258487773525,40.29395406714733,145.70586928770285,228.55,20,24.4009,10000,last,0,runs/td3bc/hopper_medium_seed42/r_spec_push_hopper_eval.json
offline,TD3+BC,TD3+BC,theta_p,spec_timevar_hopper,nominal,0,0,3569.2118,23.67482156680179,3530.0802024701297,3533.8271067463,1000.0,20,110.2905,10000,last,0,runs/td3bc/hopper_medium_seed0/r_spec_timevar_hopper_eval.json
offline,TD3+BC,TD3+BC,theta_p,spec_timevar_hopper,gear_static_0.8,0,1,590.7107,2.4496693888794328,586.0865521028978,586.3108907495418,192.2,20,18.7730,10000,last,0,runs/td3bc/hopper_medium_seed0/r_spec_timevar_hopper_eval.json
offline,TD3+BC,TD3+BC,theta_p,spec_timevar_hopper,gear_step_0.8,0,0,2446.3256,34.64169053070542,2368.0335242018914,2384.3859770056583,673.65,20,75.7887,10000,last,0,runs/td3bc/hopper_medium_seed0/r_spec_timevar_hopper_eval.json
offline,TD3+BC,TD3+BC,theta_p,spec_timevar_hopper,gear_ramp_0.8,0,1,1391.0169,95.58284961850154,1290.6889424178094,1292.6219639538906,363.8,20,43.3632,10000,last,0,runs/td3bc/hopper_medium_seed0/r_spec_timevar_hopper_eval.json
offline,TD3+BC,TD3+BC,theta_p,spec_timevar_hopper,gear_sine_p200,0,0,1015.4089,18.800045553912025,984.9369800763517,987.8838868188789,278.25,20,31.8223,10000,last,0,runs/td3bc/hopper_medium_seed0/r_spec_timevar_hopper_eval.json
offline,TD3+BC,TD3+BC,theta_p,spec_timevar_hopper,gear_sine_p500,0,1,1792.1462,105.69217826198513,1637.1981769550018,1645.110539192633,494.95,20,55.6883,10000,last,0,runs/td3bc/hopper_medium_seed0/r_spec_timevar_hopper_eval.json
offline,TD3+BC,TD3+BC,theta_p,spec_timevar_hopper,gravity_ramp_1.2,0,0,3566.7283,234.15554559528832,3093.942334786131,3129.034757668147,950.0,20,110.2142,10000,last,0,runs/td3bc/hopper_medium_seed0/r_spec_timevar_hopper_eval.json
offline,TD3+BC,TD3+BC,theta_p,spec_timevar_hopper,nominal,1,0,3564.2254,19.206088545529532,3529.9390052240055,3534.3943135883865,1000.0,20,110.1373,10000,last,0,runs/td3bc/hopper_medium_seed1/r_spec_timevar_hopper_eval.json
offline,TD3+BC,TD3+BC,theta_p,spec_timevar_hopper,gear_static_0.8,1,1,646.3598,2.77936500230077,641.047336018278,641.7775292489478,207.1,20,20.4829,10000,last,0,runs/td3bc/hopper_medium_seed1/r_spec_timevar_hopper_eval.json
offline,TD3+BC,TD3+BC,theta_p,spec_timevar_hopper,gear_step_0.8,1,0,2497.9288,87.48086938780412,2396.992549305324,2399.8065407581453,692.4,20,77.3742,10000,last,0,runs/td3bc/hopper_medium_seed1/r_spec_timevar_hopper_eval.json
offline,TD3+BC,TD3+BC,theta_p,spec_timevar_hopper,gear_ramp_0.8,1,1,1738.4122,103.48546213368118,1550.9479633429833,1566.3704308781885,446.55,20,54.0373,10000,last,0,runs/td3bc/hopper_medium_seed1/r_spec_timevar_hopper_eval.json
offline,TD3+BC,TD3+BC,theta_p,spec_timevar_hopper,gear_sine_p200,1,0,1083.2351,9.14016419450861,1070.5334782288376,1072.7287158358106,292.5,20,33.9063,10000,last,0,runs/td3bc/hopper_medium_seed1/r_spec_timevar_hopper_eval.json
offline,TD3+BC,TD3+BC,theta_p,spec_timevar_hopper,gear_sine_p500,1,1,1682.3565,23.31683886616885,1642.9600988405734,1643.8277165233012,447.4,20,52.3149,10000,last,0,runs/td3bc/hopper_medium_seed1/r_spec_timevar_hopper_eval.json
offline,TD3+BC,TD3+BC,theta_p,spec_timevar_hopper,gravity_ramp_1.2,1,0,3386.7036,296.20433149208344,2792.6524213034168,2883.203338277849,908.8,20,104.6828,10000,last,0,runs/td3bc/hopper_medium_seed1/r_spec_timevar_hopper_eval.json
offline,TD3+BC,TD3+BC,theta_p,spec_timevar_hopper,nominal,2,0,3574.4294,26.695053694417375,3532.804571028933,3538.022028845036,1000.0,20,110.4508,10000,last,0,runs/td3bc/hopper_medium_seed2/r_spec_timevar_hopper_eval.json
offline,TD3+BC,TD3+BC,theta_p,spec_timevar_hopper,gear_static_0.8,2,1,583.2561,2.014055096465767,579.490654493171,580.2451434738964,188.55,20,18.5440,10000,last,0,runs/td3bc/hopper_medium_seed2/r_spec_timevar_hopper_eval.json
offline,TD3+BC,TD3+BC,theta_p,spec_timevar_hopper,gear_step_0.8,2,0,2472.1334,94.98920567573299,2372.7645097593972,2382.4121235901953,681.65,20,76.5816,10000,last,0,runs/td3bc/hopper_medium_seed2/r_spec_timevar_hopper_eval.json
offline,TD3+BC,TD3+BC,theta_p,spec_timevar_hopper,gear_ramp_0.8,2,1,1539.9269,111.20638349382764,1377.882829100895,1378.4846926253213,398.2,20,47.9386,10000,last,0,runs/td3bc/hopper_medium_seed2/r_spec_timevar_hopper_eval.json
offline,TD3+BC,TD3+BC,theta_p,spec_timevar_hopper,gear_sine_p200,2,0,1055.7158,8.416693729629674,1040.207999458241,1040.8042401620114,286.75,20,33.0608,10000,last,0,runs/td3bc/hopper_medium_seed2/r_spec_timevar_hopper_eval.json
offline,TD3+BC,TD3+BC,theta_p,spec_timevar_hopper,gear_sine_p500,2,1,1736.4584,84.97406723710398,1616.2025210630807,1616.235761185524,487.05,20,53.9773,10000,last,0,runs/td3bc/hopper_medium_seed2/r_spec_timevar_hopper_eval.json
offline,TD3+BC,TD3+BC,theta_p,spec_timevar_hopper,gravity_ramp_1.2,2,0,3461.9896,264.5940939943401,2991.0014686460313,3011.303562643218,914.05,20,106.9960,10000,last,0,runs/td3bc/hopper_medium_seed2/r_spec_timevar_hopper_eval.json
offline,TD3+BC,TD3+BC,theta_p,spec_timevar_hopper,nominal,3407,0,3516.2844,19.25820022127105,3486.712785940195,3487.2068555043825,1000.0,20,108.6643,10000,last,0,runs/td3bc/hopper_medium_seed3407/r_spec_timevar_hopper_eval.json
offline,TD3+BC,TD3+BC,theta_p,spec_timevar_hopper,gear_static_0.8,3407,1,560.5078,3.006804929281297,554.9689868622961,555.3628298378582,184.2,20,17.8450,10000,last,0,runs/td3bc/hopper_medium_seed3407/r_spec_timevar_hopper_eval.json
offline,TD3+BC,TD3+BC,theta_p,spec_timevar_hopper,gear_step_0.8,3407,0,2444.5701,48.564067208761394,2380.938406063422,2389.129554403238,687.0,20,75.7347,10000,last,0,runs/td3bc/hopper_medium_seed3407/r_spec_timevar_hopper_eval.json
offline,TD3+BC,TD3+BC,theta_p,spec_timevar_hopper,gear_ramp_0.8,3407,1,2414.3995,99.80204278642096,2277.148285090125,2281.2369649703714,621.45,20,74.8077,10000,last,0,runs/td3bc/hopper_medium_seed3407/r_spec_timevar_hopper_eval.json
offline,TD3+BC,TD3+BC,theta_p,spec_timevar_hopper,gear_sine_p200,3407,0,1122.6247,42.91847551566,1081.633063285328,1083.5409728436607,300.05,20,35.1166,10000,last,0,runs/td3bc/hopper_medium_seed3407/r_spec_timevar_hopper_eval.json
offline,TD3+BC,TD3+BC,theta_p,spec_timevar_hopper,gear_sine_p500,3407,1,1559.6235,162.38266652715396,1174.8014602120131,1216.3147851847843,433.55,20,48.5438,10000,last,0,runs/td3bc/hopper_medium_seed3407/r_spec_timevar_hopper_eval.json
offline,TD3+BC,TD3+BC,theta_p,spec_timevar_hopper,gravity_ramp_1.2,3407,0,3533.1560,102.66183876872833,3339.594964530175,3353.9239044216083,972.65,20,109.1827,10000,last,0,runs/td3bc/hopper_medium_seed3407/r_spec_timevar_hopper_eval.json
offline,TD3+BC,TD3+BC,theta_p,spec_timevar_hopper,nominal,42,0,3608.6424,25.570211555464876,3563.5677182128343,3564.6414407499615,1000.0,20,111.5021,10000,last,0,runs/td3bc/hopper_medium_seed42/r_spec_timevar_hopper_eval.json
offline,TD3+BC,TD3+BC,theta_p,spec_timevar_hopper,gear_static_0.8,42,1,610.3114,6.915744262575625,596.2924361475817,598.8542953608594,197.6,20,19.3753,10000,last,0,runs/td3bc/hopper_medium_seed42/r_spec_timevar_hopper_eval.json
offline,TD3+BC,TD3+BC,theta_p,spec_timevar_hopper,gear_step_0.8,42,0,2462.3468,75.97087242917696,2382.8578592228714,2385.7494438424856,673.45,20,76.2809,10000,last,0,runs/td3bc/hopper_medium_seed42/r_spec_timevar_hopper_eval.json
offline,TD3+BC,TD3+BC,theta_p,spec_timevar_hopper,gear_ramp_0.8,42,1,1396.2458,83.0782459368343,1287.0263817750379,1294.5527821911728,365.1,20,43.5239,10000,last,0,runs/td3bc/hopper_medium_seed42/r_spec_timevar_hopper_eval.json
offline,TD3+BC,TD3+BC,theta_p,spec_timevar_hopper,gear_sine_p200,42,0,1024.6510,10.000126766394073,1006.0513193626049,1007.2507586654783,279.4,20,32.1063,10000,last,0,runs/td3bc/hopper_medium_seed42/r_spec_timevar_hopper_eval.json
offline,TD3+BC,TD3+BC,theta_p,spec_timevar_hopper,gear_sine_p500,42,1,1730.9769,44.69696840683412,1675.8953739080455,1676.626809981299,478.5,20,53.8089,10000,last,0,runs/td3bc/hopper_medium_seed42/r_spec_timevar_hopper_eval.json
offline,TD3+BC,TD3+BC,theta_p,spec_timevar_hopper,gravity_ramp_1.2,42,0,3565.2086,281.1113308723242,2566.9037985287514,2886.7522240629605,950.65,20,110.1675,10000,last,0,runs/td3bc/hopper_medium_seed42/r_spec_timevar_hopper_eval.json
offline,TD3+BC,TD3+BC,theta_tau_exec,spec_timing_hopper,nominal,0,0,3569.2118,23.67482156680179,3530.0802024701297,3533.8271067463,1000.0,20,110.2905,10000,last,0,runs/td3bc/hopper_medium_seed0/r_spec_timing_hopper_eval.json
offline,TD3+BC,TD3+BC,theta_tau_exec,spec_timing_hopper,act_delay_8ms,0,1,1114.9940,35.060548208651035,1085.4388076699229,1085.8463281360764,301.3,20,34.8821,10000,last,0,runs/td3bc/hopper_medium_seed0/r_spec_timing_hopper_eval.json
offline,TD3+BC,TD3+BC,theta_tau_exec,spec_timing_hopper,act_delay_rand1,0,1,2585.1903,1202.2544306138966,1090.768519908241,1091.5260877814708,720.45,20,80.0554,10000,last,0,runs/td3bc/hopper_medium_seed0/r_spec_timing_hopper_eval.json
offline,TD3+BC,TD3+BC,theta_tau_exec,spec_timing_hopper,act_delay_rand2,0,0,1728.8143,1224.6415619054753,470.7640558848902,472.22664480954614,485.05,20,53.7424,10000,last,0,runs/td3bc/hopper_medium_seed0/r_spec_timing_hopper_eval.json
offline,TD3+BC,TD3+BC,theta_tau_exec,spec_timing_hopper,substep,0,0,2951.0800,1141.068194295271,717.4209768644744,844.4409704556747,813.05,20,91.2978,10000,last,0,runs/td3bc/hopper_medium_seed0/r_spec_timing_hopper_eval.json
offline,TD3+BC,TD3+BC,theta_tau_exec,spec_timing_hopper,obs_delay_4ms,0,1,1664.1349,496.7402546764547,1296.8431767747734,1303.8887031238112,425.7,20,51.7551,10000,last,0,runs/td3bc/hopper_medium_seed0/r_spec_timing_hopper_eval.json
offline,TD3+BC,TD3+BC,theta_tau_exec,spec_timing_hopper,obs_delay_8ms,0,1,1248.9485,75.61341914480955,1090.5596212979815,1095.872562884093,326.55,20,38.9980,10000,last,0,runs/td3bc/hopper_medium_seed0/r_spec_timing_hopper_eval.json
offline,TD3+BC,TD3+BC,theta_tau_exec,spec_timing_hopper,obs_delay_16ms,0,1,1094.4176,470.01738789184276,263.04409674520855,263.6719743789091,298.9,20,34.2499,10000,last,0,runs/td3bc/hopper_medium_seed0/r_spec_timing_hopper_eval.json
offline,TD3+BC,TD3+BC,theta_tau_exec,spec_timing_hopper,nominal,1,0,3564.2254,19.206088545529532,3529.9390052240055,3534.3943135883865,1000.0,20,110.1373,10000,last,0,runs/td3bc/hopper_medium_seed1/r_spec_timing_hopper_eval.json
offline,TD3+BC,TD3+BC,theta_tau_exec,spec_timing_hopper,act_delay_8ms,1,1,1305.4769,63.079727525269696,1193.2025905298394,1205.5920771980132,340.65,20,40.7349,10000,last,0,runs/td3bc/hopper_medium_seed1/r_spec_timing_hopper_eval.json
offline,TD3+BC,TD3+BC,theta_tau_exec,spec_timing_hopper,act_delay_rand1,1,1,2647.5198,1128.7785202573766,1193.2025905298394,1213.2084309579518,732.6,20,81.9706,10000,last,0,runs/td3bc/hopper_medium_seed1/r_spec_timing_hopper_eval.json
offline,TD3+BC,TD3+BC,theta_tau_exec,spec_timing_hopper,act_delay_rand2,1,0,1771.8356,1232.9487920116906,349.12651279304754,354.34918393881804,493.1,20,55.0643,10000,last,0,runs/td3bc/hopper_medium_seed1/r_spec_timing_hopper_eval.json
offline,TD3+BC,TD3+BC,theta_tau_exec,spec_timing_hopper,substep,1,0,3281.9231,789.7929292784368,844.2119132055294,1217.7947159109117,907.35,20,101.4633,10000,last,0,runs/td3bc/hopper_medium_seed1/r_spec_timing_hopper_eval.json
offline,TD3+BC,TD3+BC,theta_tau_exec,spec_timing_hopper,obs_delay_4ms,1,1,3247.2652,662.1384063571642,1670.2134182678806,1729.2273631479216,885.2,20,100.3984,10000,last,0,runs/td3bc/hopper_medium_seed1/r_spec_timing_hopper_eval.json
offline,TD3+BC,TD3+BC,theta_tau_exec,spec_timing_hopper,obs_delay_8ms,1,1,1465.1723,204.63047580761483,1205.2535864591155,1221.5143738582196,375.8,20,45.6417,10000,last,0,runs/td3bc/hopper_medium_seed1/r_spec_timing_hopper_eval.json
offline,TD3+BC,TD3+BC,theta_tau_exec,spec_timing_hopper,obs_delay_16ms,1,1,1423.3163,768.5140277565679,351.11642111335385,574.259754925401,387.85,20,44.3557,10000,last,0,runs/td3bc/hopper_medium_seed1/r_spec_timing_hopper_eval.json
offline,TD3+BC,TD3+BC,theta_tau_exec,spec_timing_hopper,nominal,2,0,3574.4294,26.695053694417375,3532.804571028933,3538.022028845036,1000.0,20,110.4508,10000,last,0,runs/td3bc/hopper_medium_seed2/r_spec_timing_hopper_eval.json
offline,TD3+BC,TD3+BC,theta_tau_exec,spec_timing_hopper,act_delay_8ms,2,1,1235.4080,22.53552740089559,1184.3371432920721,1187.9998712143029,320.55,20,38.5820,10000,last,0,runs/td3bc/hopper_medium_seed2/r_spec_timing_hopper_eval.json
offline,TD3+BC,TD3+BC,theta_tau_exec,spec_timing_hopper,act_delay_rand1,2,1,2638.8359,1156.853515031087,1184.3371432920721,1187.9998712143029,727.05,20,81.7038,10000,last,0,runs/td3bc/hopper_medium_seed2/r_spec_timing_hopper_eval.json
offline,TD3+BC,TD3+BC,theta_tau_exec,spec_timing_hopper,act_delay_rand2,2,0,1982.6602,1057.8151930683473,1118.2649847937278,1154.9637919651307,540.35,20,61.5421,10000,last,0,runs/td3bc/hopper_medium_seed2/r_spec_timing_hopper_eval.json
offline,TD3+BC,TD3+BC,theta_tau_exec,spec_timing_hopper,substep,2,0,3364.0923,810.3400335994843,889.1810449699589,935.7975899583761,924.15,20,103.9880,10000,last,0,runs/td3bc/hopper_medium_seed2/r_spec_timing_hopper_eval.json
offline,TD3+BC,TD3+BC,theta_tau_exec,spec_timing_hopper,obs_delay_4ms,2,1,2733.2565,939.582326321847,1473.2531853168305,1478.2693215268546,726.5,20,84.6049,10000,last,0,runs/td3bc/hopper_medium_seed2/r_spec_timing_hopper_eval.json
offline,TD3+BC,TD3+BC,theta_tau_exec,spec_timing_hopper,obs_delay_8ms,2,1,1354.4895,58.30184344012251,1266.7706513252933,1268.9553903764472,350.15,20,42.2409,10000,last,0,runs/td3bc/hopper_medium_seed2/r_spec_timing_hopper_eval.json
offline,TD3+BC,TD3+BC,theta_tau_exec,spec_timing_hopper,obs_delay_16ms,2,1,1168.6329,279.1347786326357,753.5058698489346,836.755174525209,312.0,20,36.5303,10000,last,0,runs/td3bc/hopper_medium_seed2/r_spec_timing_hopper_eval.json
offline,TD3+BC,TD3+BC,theta_tau_exec,spec_timing_hopper,nominal,3407,0,3516.2844,19.25820022127105,3486.712785940195,3487.2068555043825,1000.0,20,108.6643,10000,last,0,runs/td3bc/hopper_medium_seed3407/r_spec_timing_hopper_eval.json
offline,TD3+BC,TD3+BC,theta_tau_exec,spec_timing_hopper,act_delay_8ms,3407,1,1702.2563,771.6848103601474,1229.1361304036482,1251.4031843175333,446.2,20,52.9264,10000,last,0,runs/td3bc/hopper_medium_seed3407/r_spec_timing_hopper_eval.json
offline,TD3+BC,TD3+BC,theta_tau_exec,spec_timing_hopper,act_delay_rand1,3407,1,2878.2555,957.9274296715316,1327.4546875276087,1334.072141340329,802.25,20,89.0602,10000,last,0,runs/td3bc/hopper_medium_seed3407/r_spec_timing_hopper_eval.json
offline,TD3+BC,TD3+BC,theta_tau_exec,spec_timing_hopper,act_delay_rand2,3407,0,2033.4852,1153.6842168570158,507.2549415615057,609.2824150500592,566.5,20,63.1037,10000,last,0,runs/td3bc/hopper_medium_seed3407/r_spec_timing_hopper_eval.json
offline,TD3+BC,TD3+BC,theta_tau_exec,spec_timing_hopper,substep,3407,0,3453.8132,296.00241241677804,2468.480035664319,2574.881194113438,970.55,20,106.7448,10000,last,0,runs/td3bc/hopper_medium_seed3407/r_spec_timing_hopper_eval.json
offline,TD3+BC,TD3+BC,theta_tau_exec,spec_timing_hopper,obs_delay_4ms,3407,1,3544.2883,31.396908006374463,3487.7655408240958,3505.3938330341057,1000.0,20,109.5247,10000,last,0,runs/td3bc/hopper_medium_seed3407/r_spec_timing_hopper_eval.json
offline,TD3+BC,TD3+BC,theta_tau_exec,spec_timing_hopper,obs_delay_8ms,3407,1,2693.3572,985.6183381661477,1282.6389587362696,1349.5448345749303,718.15,20,83.3790,10000,last,0,runs/td3bc/hopper_medium_seed3407/r_spec_timing_hopper_eval.json
offline,TD3+BC,TD3+BC,theta_tau_exec,spec_timing_hopper,obs_delay_16ms,3407,1,1036.2486,277.8702892672909,486.8840380510507,498.05635577184586,283.75,20,32.4626,10000,last,0,runs/td3bc/hopper_medium_seed3407/r_spec_timing_hopper_eval.json
offline,TD3+BC,TD3+BC,theta_tau_exec,spec_timing_hopper,nominal,42,0,3608.6424,25.570211555464876,3563.5677182128343,3564.6414407499615,1000.0,20,111.5021,10000,last,0,runs/td3bc/hopper_medium_seed42/r_spec_timing_hopper_eval.json
offline,TD3+BC,TD3+BC,theta_tau_exec,spec_timing_hopper,act_delay_8ms,42,1,1166.5962,51.49710696271076,1077.162096436664,1078.8793810975924,311.35,20,36.4677,10000,last,0,runs/td3bc/hopper_medium_seed42/r_spec_timing_hopper_eval.json
offline,TD3+BC,TD3+BC,theta_tau_exec,spec_timing_hopper,act_delay_rand1,42,1,2631.0199,1193.3683503547918,1103.0188708297962,1120.4413015166365,724.65,20,81.4636,10000,last,0,runs/td3bc/hopper_medium_seed42/r_spec_timing_hopper_eval.json
offline,TD3+BC,TD3+BC,theta_tau_exec,spec_timing_hopper,act_delay_rand2,42,0,1752.0541,1239.1087703870498,465.5094913241362,467.1526431796339,487.5,20,54.4565,10000,last,0,runs/td3bc/hopper_medium_seed42/r_spec_timing_hopper_eval.json
offline,TD3+BC,TD3+BC,theta_tau_exec,spec_timing_hopper,substep,42,0,2873.1089,1176.5316185349193,821.4274351593363,890.5615591657969,781.95,20,88.9020,10000,last,0,runs/td3bc/hopper_medium_seed42/r_spec_timing_hopper_eval.json
offline,TD3+BC,TD3+BC,theta_tau_exec,spec_timing_hopper,obs_delay_4ms,42,1,2051.3057,883.9169449755599,1317.4137806657955,1369.4907916641425,530.7,20,63.6513,10000,last,0,runs/td3bc/hopper_medium_seed42/r_spec_timing_hopper_eval.json
offline,TD3+BC,TD3+BC,theta_tau_exec,spec_timing_hopper,obs_delay_8ms,42,1,1279.6274,70.12454024658011,1162.2674418727543,1164.5991700985146,334.3,20,39.9407,10000,last,0,runs/td3bc/hopper_medium_seed42/r_spec_timing_hopper_eval.json
offline,TD3+BC,TD3+BC,theta_tau_exec,spec_timing_hopper,obs_delay_16ms,42,1,949.1722,445.2677511541245,344.5275475717839,344.8629196691353,269.25,20,29.7871,10000,last,0,runs/td3bc/hopper_medium_seed42/r_spec_timing_hopper_eval.json
offline,SynthER,SynthER,theta_o,spec_obsadv_hopper,nominal,0,0,3594.0710,46.828933689253724,3549.3893629206073,3551.998849453832,998.85,20,111.0543,10000,last,0,runs/spec_baseline/iql_hopper_synther_seed0/r_spec_obsadv_hopper_eval.json
offline,SynthER,SynthER,theta_o,spec_obsadv_hopper,obs_uni_0.05,0,0,1995.0932,875.8403383353589,1065.0231830759105,1109.8698722885474,518.05,20,61.9241,10000,last,0,runs/spec_baseline/iql_hopper_synther_seed0/r_spec_obsadv_hopper_eval.json
offline,SynthER,SynthER,theta_o,spec_obsadv_hopper,obs_uni_0.10,0,1,1164.0709,363.68177850302715,463.93120242724757,589.7560040165622,314.75,20,36.3901,10000,last,0,runs/spec_baseline/iql_hopper_synther_seed0/r_spec_obsadv_hopper_eval.json
offline,SynthER,SynthER,theta_o,spec_obsadv_hopper,obs_uni_0.15,0,0,899.6255,260.850057179158,466.37148700388013,466.9565738560463,257.0,20,28.2647,10000,last,0,runs/spec_baseline/iql_hopper_synther_seed0/r_spec_obsadv_hopper_eval.json
offline,SynthER,SynthER,theta_o,spec_obsadv_hopper,obs_rel_0.05,0,0,2818.5644,957.9964714267431,1254.8471439034327,1313.9738690073705,764.75,20,87.2261,10000,last,0,runs/spec_baseline/iql_hopper_synther_seed0/r_spec_obsadv_hopper_eval.json
offline,SynthER,SynthER,theta_o,spec_obsadv_hopper,obs_rel_0.10,0,1,2165.3191,986.9762718467899,1046.3065620679754,1051.0678813176114,583.4,20,67.1545,10000,last,0,runs/spec_baseline/iql_hopper_synther_seed0/r_spec_obsadv_hopper_eval.json
offline,SynthER,SynthER,theta_o,spec_obsadv_hopper,obs_bias_0.05,0,0,2531.0900,1111.3370371862393,741.3800131648482,883.7354018731764,709.85,20,78.3932,10000,last,0,runs/spec_baseline/iql_hopper_synther_seed0/r_spec_obsadv_hopper_eval.json
offline,SynthER,SynthER,theta_o,spec_obsadv_hopper,obs_gauss_0.05,0,0,1260.9024,306.20985067093,723.1472813748248,781.1366256964816,331.65,20,39.3653,10000,last,0,runs/spec_baseline/iql_hopper_synther_seed0/r_spec_obsadv_hopper_eval.json
offline,SynthER,SynthER,theta_o,spec_obsadv_hopper,obs_gauss_0.10,0,1,795.1673,299.8042399010828,31.891116901242775,90.05515434461009,230.3,20,25.0551,10000,last,0,runs/spec_baseline/iql_hopper_synther_seed0/r_spec_obsadv_hopper_eval.json
offline,SynthER,SynthER,theta_o,spec_obsadv_hopper,obs_shift_0.01,0,0,1566.2348,163.37993544877452,1333.911634357653,1356.9161782756619,395.3,20,48.7470,10000,last,0,runs/spec_baseline/iql_hopper_synther_seed0/r_spec_obsadv_hopper_eval.json
offline,SynthER,SynthER,theta_o,spec_obsadv_hopper,obs_shift_0.02,0,0,1184.2682,40.90644755748796,1122.8236100824124,1129.2636854988953,310.9,20,37.0107,10000,last,0,runs/spec_baseline/iql_hopper_synther_seed0/r_spec_obsadv_hopper_eval.json
offline,SynthER,SynthER,theta_o,spec_obsadv_hopper,nominal,1,0,3584.4210,17.027108388015556,3552.101438205186,3557.0494030521363,1000.0,20,110.7578,10000,last,0,runs/spec_baseline/iql_hopper_synther_seed1/r_spec_obsadv_hopper_eval.json
offline,SynthER,SynthER,theta_o,spec_obsadv_hopper,obs_uni_0.05,1,0,2308.5418,1094.6062539565694,1034.6437577949862,1055.4821924996234,620.85,20,71.5551,10000,last,0,runs/spec_baseline/iql_hopper_synther_seed1/r_spec_obsadv_hopper_eval.json
offline,SynthER,SynthER,theta_o,spec_obsadv_hopper,obs_uni_0.10,1,1,1361.2050,536.4336158577042,469.4018331680898,600.6516252033837,367.8,20,42.4472,10000,last,0,runs/spec_baseline/iql_hopper_synther_seed1/r_spec_obsadv_hopper_eval.json
offline,SynthER,SynthER,theta_o,spec_obsadv_hopper,obs_uni_0.15,1,0,1025.3305,320.0474579598434,143.69166176489463,392.6142481603932,284.7,20,32.1271,10000,last,0,runs/spec_baseline/iql_hopper_synther_seed1/r_spec_obsadv_hopper_eval.json
offline,SynthER,SynthER,theta_o,spec_obsadv_hopper,obs_rel_0.05,1,0,3365.6951,645.0851282050627,1421.881804000666,1431.4140301544712,936.95,20,104.0373,10000,last,0,runs/spec_baseline/iql_hopper_synther_seed1/r_spec_obsadv_hopper_eval.json
offline,SynthER,SynthER,theta_o,spec_obsadv_hopper,obs_rel_0.10,1,1,2792.2318,916.7402134070383,1032.360738529669,1196.5494953604448,754.45,20,86.4170,10000,last,0,runs/spec_baseline/iql_hopper_synther_seed1/r_spec_obsadv_hopper_eval.json
offline,SynthER,SynthER,theta_o,spec_obsadv_hopper,obs_bias_0.05,1,0,2589.9865,1177.9109845688804,474.03974914107164,607.5530469410186,727.8,20,80.2028,10000,last,0,runs/spec_baseline/iql_hopper_synther_seed1/r_spec_obsadv_hopper_eval.json
offline,SynthER,SynthER,theta_o,spec_obsadv_hopper,obs_gauss_0.05,1,0,1454.0156,436.7267321336999,721.72764988638,863.4160811218981,380.9,20,45.2989,10000,last,0,runs/spec_baseline/iql_hopper_synther_seed1/r_spec_obsadv_hopper_eval.json
offline,SynthER,SynthER,theta_o,spec_obsadv_hopper,obs_gauss_0.10,1,1,880.3919,255.91628094789894,152.24205847322997,314.0160341791378,250.4,20,27.6738,10000,last,0,runs/spec_baseline/iql_hopper_synther_seed1/r_spec_obsadv_hopper_eval.json
offline,SynthER,SynthER,theta_o,spec_obsadv_hopper,obs_shift_0.01,1,0,2505.3940,872.1184530929253,1443.121976164539,1481.5266976098974,649.05,20,77.6036,10000,last,0,runs/spec_baseline/iql_hopper_synther_seed1/r_spec_obsadv_hopper_eval.json
offline,SynthER,SynthER,theta_o,spec_obsadv_hopper,obs_shift_0.02,1,0,1241.6203,26.587051908070986,1189.1511490692021,1191.4633332056887,324.4,20,38.7729,10000,last,0,runs/spec_baseline/iql_hopper_synther_seed1/r_spec_obsadv_hopper_eval.json
offline,SynthER,SynthER,theta_o,spec_obsadv_hopper,nominal,2,0,3581.3934,19.84682594224769,3536.2364850353697,3543.833850132145,1000.0,20,110.6648,10000,last,0,runs/spec_baseline/iql_hopper_synther_seed2/r_spec_obsadv_hopper_eval.json
offline,SynthER,SynthER,theta_o,spec_obsadv_hopper,obs_uni_0.05,2,0,2390.3912,993.8258037853494,1201.769369537081,1291.2835354392716,631.25,20,74.0700,10000,last,0,runs/spec_baseline/iql_hopper_synther_seed2/r_spec_obsadv_hopper_eval.json
offline,SynthER,SynthER,theta_o,spec_obsadv_hopper,obs_uni_0.10,2,1,1297.9279,252.94786883814342,926.93035378286,945.0063371301557,342.7,20,40.5030,10000,last,0,runs/spec_baseline/iql_hopper_synther_seed2/r_spec_obsadv_hopper_eval.json
offline,SynthER,SynthER,theta_o,spec_obsadv_hopper,obs_uni_0.15,2,0,1093.8797,196.386582999621,729.8493576657075,745.8215707290922,302.15,20,34.2334,10000,last,0,runs/spec_baseline/iql_hopper_synther_seed2/r_spec_obsadv_hopper_eval.json
offline,SynthER,SynthER,theta_o,spec_obsadv_hopper,obs_rel_0.05,2,0,3065.4485,793.8737354008491,1478.238650008923,1624.583124384881,841.25,20,94.8119,10000,last,0,runs/spec_baseline/iql_hopper_synther_seed2/r_spec_obsadv_hopper_eval.json
offline,SynthER,SynthER,theta_o,spec_obsadv_hopper,obs_rel_0.10,2,1,2581.2382,879.3636942953648,1233.1328101754423,1262.7005831480908,690.05,20,79.9340,10000,last,0,runs/spec_baseline/iql_hopper_synther_seed2/r_spec_obsadv_hopper_eval.json
offline,SynthER,SynthER,theta_o,spec_obsadv_hopper,obs_bias_0.05,2,0,2616.6767,1099.6113930781908,1009.0787623672963,1063.4740613197464,733.05,20,81.0229,10000,last,0,runs/spec_baseline/iql_hopper_synther_seed2/r_spec_obsadv_hopper_eval.json
offline,SynthER,SynthER,theta_o,spec_obsadv_hopper,obs_gauss_0.05,2,0,1522.5222,549.9796927899877,725.9884095683475,924.8160544015341,396.95,20,47.4039,10000,last,0,runs/spec_baseline/iql_hopper_synther_seed2/r_spec_obsadv_hopper_eval.json
offline,SynthER,SynthER,theta_o,spec_obsadv_hopper,obs_gauss_0.10,2,1,990.3782,186.33226569769477,736.1482113153077,746.9954319197316,278.15,20,31.0532,10000,last,0,runs/spec_baseline/iql_hopper_synther_seed2/r_spec_obsadv_hopper_eval.json
offline,SynthER,SynthER,theta_o,spec_obsadv_hopper,obs_shift_0.01,2,0,1933.5361,485.7852857139766,1423.9514060241893,1456.7836255829598,487.45,20,60.0327,10000,last,0,runs/spec_baseline/iql_hopper_synther_seed2/r_spec_obsadv_hopper_eval.json
offline,SynthER,SynthER,theta_o,spec_obsadv_hopper,obs_shift_0.02,2,0,1246.2474,35.87959102136361,1185.5160001075237,1196.7047865501718,325.5,20,38.9150,10000,last,0,runs/spec_baseline/iql_hopper_synther_seed2/r_spec_obsadv_hopper_eval.json
offline,SynthER,SynthER,theta_o,spec_obsadv_hopper,nominal,3407,0,3586.4707,52.863642764285736,3534.4064841920726,3534.9356876658244,996.15,20,110.8208,10000,last,0,runs/spec_baseline/iql_hopper_synther_seed3407/r_spec_obsadv_hopper_eval.json
offline,SynthER,SynthER,theta_o,spec_obsadv_hopper,obs_uni_0.05,3407,0,2062.4442,874.1069197037358,1085.8811999136765,1119.9208415647918,537.75,20,63.9935,10000,last,0,runs/spec_baseline/iql_hopper_synther_seed3407/r_spec_obsadv_hopper_eval.json
offline,SynthER,SynthER,theta_o,spec_obsadv_hopper,obs_uni_0.10,3407,1,1247.4632,270.71916431402326,986.6345974660593,990.3418628147929,330.6,20,38.9524,10000,last,0,runs/spec_baseline/iql_hopper_synther_seed3407/r_spec_obsadv_hopper_eval.json
offline,SynthER,SynthER,theta_o,spec_obsadv_hopper,obs_uni_0.15,3407,0,1066.0044,212.54397315815234,801.6146074432252,817.7082190170714,290.45,20,33.3769,10000,last,0,runs/spec_baseline/iql_hopper_synther_seed3407/r_spec_obsadv_hopper_eval.json
offline,SynthER,SynthER,theta_o,spec_obsadv_hopper,obs_rel_0.05,3407,0,3059.3096,764.7621899703406,1518.7886685235546,1647.2577561894168,823.85,20,94.6232,10000,last,0,runs/spec_baseline/iql_hopper_synther_seed3407/r_spec_obsadv_hopper_eval.json
offline,SynthER,SynthER,theta_o,spec_obsadv_hopper,obs_rel_0.10,3407,1,2159.2228,907.3531155268339,1212.5167827998907,1252.8294135942879,567.75,20,66.9671,10000,last,0,runs/spec_baseline/iql_hopper_synther_seed3407/r_spec_obsadv_hopper_eval.json
offline,SynthER,SynthER,theta_o,spec_obsadv_hopper,obs_bias_0.05,3407,0,2591.6654,1141.5065518974236,742.284399719376,837.2410832166156,729.2,20,80.2544,10000,last,0,runs/spec_baseline/iql_hopper_synther_seed3407/r_spec_obsadv_hopper_eval.json
offline,SynthER,SynthER,theta_o,spec_obsadv_hopper,obs_gauss_0.05,3407,0,1325.4598,339.4969908259663,727.8048099497522,878.9054693766032,348.95,20,41.3489,10000,last,0,runs/spec_baseline/iql_hopper_synther_seed3407/r_spec_obsadv_hopper_eval.json
offline,SynthER,SynthER,theta_o,spec_obsadv_hopper,obs_gauss_0.10,3407,1,820.2193,344.6639454670744,32.960853022417915,37.55921905033804,233.2,20,25.8249,10000,last,0,runs/spec_baseline/iql_hopper_synther_seed3407/r_spec_obsadv_hopper_eval.json
offline,SynthER,SynthER,theta_o,spec_obsadv_hopper,obs_shift_0.01,3407,0,1647.0003,115.51305566161018,1431.4665745654545,1433.8931099547053,414.9,20,51.2286,10000,last,0,runs/spec_baseline/iql_hopper_synther_seed3407/r_spec_obsadv_hopper_eval.json
offline,SynthER,SynthER,theta_o,spec_obsadv_hopper,obs_shift_0.02,3407,0,1287.3854,43.426854184333024,1205.0183398939016,1212.4945452629065,333.8,20,40.1791,10000,last,0,runs/spec_baseline/iql_hopper_synther_seed3407/r_spec_obsadv_hopper_eval.json
offline,SynthER,SynthER,theta_o,spec_obsadv_hopper,nominal,42,0,3539.9913,159.4770536089171,3025.630889818334,3078.352064655219,976.25,20,109.3927,10000,last,0,runs/spec_baseline/iql_hopper_synther_seed42/r_spec_obsadv_hopper_eval.json
offline,SynthER,SynthER,theta_o,spec_obsadv_hopper,obs_uni_0.05,42,0,2589.7661,1055.98993928021,1048.9953769092094,1151.5613646959278,696.25,20,80.1960,10000,last,0,runs/spec_baseline/iql_hopper_synther_seed42/r_spec_obsadv_hopper_eval.json
offline,SynthER,SynthER,theta_o,spec_obsadv_hopper,obs_uni_0.10,42,1,1112.4833,417.2235097726215,430.86734050717865,446.72743951372206,301.75,20,34.8050,10000,last,0,runs/spec_baseline/iql_hopper_synther_seed42/r_spec_obsadv_hopper_eval.json
offline,SynthER,SynthER,theta_o,spec_obsadv_hopper,obs_uni_0.15,42,0,946.2571,219.08423157032811,477.63040833849914,558.1905919264341,265.35,20,29.6975,10000,last,0,runs/spec_baseline/iql_hopper_synther_seed42/r_spec_obsadv_hopper_eval.json
offline,SynthER,SynthER,theta_o,spec_obsadv_hopper,obs_rel_0.05,42,0,3198.8904,620.8642840397918,1734.6466649023746,1743.9262182120888,877.1,20,98.9120,10000,last,0,runs/spec_baseline/iql_hopper_synther_seed42/r_spec_obsadv_hopper_eval.json
offline,SynthER,SynthER,theta_o,spec_obsadv_hopper,obs_rel_0.10,42,1,2655.8901,909.6935363630328,1215.451389566329,1280.9069322291648,718.95,20,82.2278,10000,last,0,runs/spec_baseline/iql_hopper_synther_seed42/r_spec_obsadv_hopper_eval.json
offline,SynthER,SynthER,theta_o,spec_obsadv_hopper,obs_bias_0.05,42,0,2708.3113,1122.330654030376,480.28467401056713,804.4966235932444,761.0,20,83.8385,10000,last,0,runs/spec_baseline/iql_hopper_synther_seed42/r_spec_obsadv_hopper_eval.json
offline,SynthER,SynthER,theta_o,spec_obsadv_hopper,obs_gauss_0.05,42,0,1357.7691,359.2484838300069,469.2460352329439,713.7993440094424,353.75,20,42.3417,10000,last,0,runs/spec_baseline/iql_hopper_synther_seed42/r_spec_obsadv_hopper_eval.json
offline,SynthER,SynthER,theta_o,spec_obsadv_hopper,obs_gauss_0.10,42,1,869.1030,232.65202805960928,148.5503900895109,371.5803529959894,246.4,20,27.3269,10000,last,0,runs/spec_baseline/iql_hopper_synther_seed42/r_spec_obsadv_hopper_eval.json
offline,SynthER,SynthER,theta_o,spec_obsadv_hopper,obs_shift_0.01,42,0,3115.7464,815.0934482847503,1665.3181170922462,1706.7807657541803,838.95,20,96.3573,10000,last,0,runs/spec_baseline/iql_hopper_synther_seed42/r_spec_obsadv_hopper_eval.json
offline,SynthER,SynthER,theta_o,spec_obsadv_hopper,obs_shift_0.02,42,0,1438.3074,65.1491511916097,1337.7654536653001,1342.9125904603948,367.1,20,44.8163,10000,last,0,runs/spec_baseline/iql_hopper_synther_seed42/r_spec_obsadv_hopper_eval.json
offline,SynthER,SynthER,theta_o,spec_obsadv_mad_hopper,nominal,0,0,3594.0710,46.828933689253724,3549.3893629206073,3556.4068262625274,,20,111.0543,10000,,0,runs/spec_baseline/iql_hopper_synther_seed0/r_spec_obsadv_mad_hopper_eval.json
offline,SynthER,SynthER,theta_o,spec_obsadv_mad_hopper,mad_0.02,0,1,1709.4310,776.6717249376037,1001.8600661134329,1015.1420531043459,,20,53.1468,10000,,0,runs/spec_baseline/iql_hopper_synther_seed0/r_spec_obsadv_mad_hopper_eval.json
offline,SynthER,SynthER,theta_o,spec_obsadv_mad_hopper,mad_0.035,0,0,1040.1636,205.4964720037334,462.52976442751316,776.0479619101432,,20,32.5829,10000,,0,runs/spec_baseline/iql_hopper_synther_seed0/r_spec_obsadv_mad_hopper_eval.json
offline,SynthER,SynthER,theta_o,spec_obsadv_mad_hopper,mad_0.05,0,1,915.8162,278.6499232573236,469.884288377415,620.6545286046701,,20,28.7622,10000,,0,runs/spec_baseline/iql_hopper_synther_seed0/r_spec_obsadv_mad_hopper_eval.json
offline,SynthER,SynthER,theta_o,spec_obsadv_mad_hopper,mad_0.075,0,0,573.8029,275.06336036524465,30.30655598365714,202.21860730722898,,20,18.2535,10000,,0,runs/spec_baseline/iql_hopper_synther_seed0/r_spec_obsadv_mad_hopper_eval.json
offline,SynthER,SynthER,theta_o,spec_obsadv_mad_hopper,mad_0.10,0,0,324.4384,216.08507833829503,13.77031044028672,50.84178386440284,,20,10.5915,10000,,0,runs/spec_baseline/iql_hopper_synther_seed0/r_spec_obsadv_mad_hopper_eval.json
offline,SynthER,SynthER,theta_o,spec_obsadv_mad_hopper,nominal,1,0,3584.4210,17.027108388015556,3552.101438205186,3564.6075553627975,,20,110.7578,10000,,0,runs/spec_baseline/iql_hopper_synther_seed1/r_spec_obsadv_mad_hopper_eval.json
offline,SynthER,SynthER,theta_o,spec_obsadv_mad_hopper,mad_0.02,1,1,1880.7234,811.4803996749612,1047.6784407981515,1129.1320582032022,,20,58.4100,10000,,0,runs/spec_baseline/iql_hopper_synther_seed1/r_spec_obsadv_mad_hopper_eval.json
offline,SynthER,SynthER,theta_o,spec_obsadv_mad_hopper,mad_0.035,1,0,1253.6484,328.0818017347014,733.1454854353635,947.0660236568252,,20,39.1424,10000,,0,runs/spec_baseline/iql_hopper_synther_seed1/r_spec_obsadv_mad_hopper_eval.json
offline,SynthER,SynthER,theta_o,spec_obsadv_mad_hopper,mad_0.05,1,1,981.5902,101.17491872096113,723.0585479511191,841.6525082485016,,20,30.7832,10000,,0,runs/spec_baseline/iql_hopper_synther_seed1/r_spec_obsadv_mad_hopper_eval.json
offline,SynthER,SynthER,theta_o,spec_obsadv_mad_hopper,mad_0.075,1,0,539.9714,341.1262875564027,17.602287854928026,84.28967555784085,,20,17.2140,10000,,0,runs/spec_baseline/iql_hopper_synther_seed1/r_spec_obsadv_mad_hopper_eval.json
offline,SynthER,SynthER,theta_o,spec_obsadv_mad_hopper,mad_0.10,1,0,334.4562,300.2997699546526,12.47632780940792,19.61456214243504,,20,10.8993,10000,,0,runs/spec_baseline/iql_hopper_synther_seed1/r_spec_obsadv_mad_hopper_eval.json
offline,SynthER,SynthER,theta_o,spec_obsadv_mad_hopper,nominal,2,0,3581.3934,19.84682594224769,3536.2364850353697,3553.5719265610214,,20,110.6648,10000,,0,runs/spec_baseline/iql_hopper_synther_seed2/r_spec_obsadv_mad_hopper_eval.json
offline,SynthER,SynthER,theta_o,spec_obsadv_mad_hopper,mad_0.02,2,1,1769.5817,706.9073510301271,1050.2778650806426,1187.0645844175526,,20,54.9950,10000,,0,runs/spec_baseline/iql_hopper_synther_seed2/r_spec_obsadv_mad_hopper_eval.json
offline,SynthER,SynthER,theta_o,spec_obsadv_mad_hopper,mad_0.035,2,0,1135.1288,107.1106234035918,951.58033640141,1013.7870396314895,,20,35.5008,10000,,0,runs/spec_baseline/iql_hopper_synther_seed2/r_spec_obsadv_mad_hopper_eval.json
offline,SynthER,SynthER,theta_o,spec_obsadv_mad_hopper,mad_0.05,2,1,997.4055,121.50640088642166,702.5755014123323,862.5298244956448,,20,31.2691,10000,,0,runs/spec_baseline/iql_hopper_synther_seed2/r_spec_obsadv_mad_hopper_eval.json
offline,SynthER,SynthER,theta_o,spec_obsadv_mad_hopper,mad_0.075,2,0,784.4283,106.29795900836723,644.8678981842293,677.9311730144095,,20,24.7252,10000,,0,runs/spec_baseline/iql_hopper_synther_seed2/r_spec_obsadv_mad_hopper_eval.json
offline,SynthER,SynthER,theta_o,spec_obsadv_mad_hopper,mad_0.10,2,0,416.4199,350.4432257588122,16.07050353908035,31.403283491714916,,20,13.4177,10000,,0,runs/spec_baseline/iql_hopper_synther_seed2/r_spec_obsadv_mad_hopper_eval.json
offline,SynthER,SynthER,theta_o,spec_obsadv_mad_hopper,nominal,3407,0,3586.4707,52.863642764285736,3534.4064841920726,3542.470992465195,,20,110.8208,10000,,0,runs/spec_baseline/iql_hopper_synther_seed3407/r_spec_obsadv_mad_hopper_eval.json
offline,SynthER,SynthER,theta_o,spec_obsadv_mad_hopper,mad_0.02,3407,1,1595.1721,612.1525089738657,999.4386680824305,1143.6898310841957,,20,49.6361,10000,,0,runs/spec_baseline/iql_hopper_synther_seed3407/r_spec_obsadv_mad_hopper_eval.json
offline,SynthER,SynthER,theta_o,spec_obsadv_mad_hopper,mad_0.035,3407,0,1218.2486,228.1744140534887,941.8628725041166,1002.4507043965656,,20,38.0548,10000,,0,runs/spec_baseline/iql_hopper_synther_seed3407/r_spec_obsadv_mad_hopper_eval.json
offline,SynthER,SynthER,theta_o,spec_obsadv_mad_hopper,mad_0.05,3407,1,973.8028,188.3351368266643,733.7337465911199,813.5485182518698,,20,30.5439,10000,,0,runs/spec_baseline/iql_hopper_synther_seed3407/r_spec_obsadv_mad_hopper_eval.json
offline,SynthER,SynthER,theta_o,spec_obsadv_mad_hopper,mad_0.075,3407,0,456.5853,378.928393238917,11.436794656642915,17.054786361960442,,20,14.6519,10000,,0,runs/spec_baseline/iql_hopper_synther_seed3407/r_spec_obsadv_mad_hopper_eval.json
offline,SynthER,SynthER,theta_o,spec_obsadv_mad_hopper,mad_0.10,3407,0,275.6707,282.45999822762667,7.265708937791441,12.184358342188935,,20,9.0931,10000,,0,runs/spec_baseline/iql_hopper_synther_seed3407/r_spec_obsadv_mad_hopper_eval.json
offline,SynthER,SynthER,theta_o,spec_obsadv_mad_hopper,nominal,42,0,3539.9913,159.4770536089171,3025.630889818334,3358.301050547571,,20,109.3927,10000,,0,runs/spec_baseline/iql_hopper_synther_seed42/r_spec_obsadv_mad_hopper_eval.json
offline,SynthER,SynthER,theta_o,spec_obsadv_mad_hopper,mad_0.02,42,1,1400.1485,371.87154221544665,1015.111670010863,1040.7913134580454,,20,43.6438,10000,,0,runs/spec_baseline/iql_hopper_synther_seed42/r_spec_obsadv_mad_hopper_eval.json
offline,SynthER,SynthER,theta_o,spec_obsadv_mad_hopper,mad_0.035,42,0,1163.7314,481.2258589136643,405.1022553270535,607.7527671767672,,20,36.3797,10000,,0,runs/spec_baseline/iql_hopper_synther_seed42/r_spec_obsadv_mad_hopper_eval.json
offline,SynthER,SynthER,theta_o,spec_obsadv_mad_hopper,mad_0.05,42,1,863.5350,147.00222710883796,430.8933779120717,695.4214470759084,,20,27.1558,10000,,0,runs/spec_baseline/iql_hopper_synther_seed42/r_spec_obsadv_mad_hopper_eval.json
offline,SynthER,SynthER,theta_o,spec_obsadv_mad_hopper,mad_0.075,42,0,524.0748,234.02296568832787,23.602189751289924,209.31343825531957,,20,16.7256,10000,,0,runs/spec_baseline/iql_hopper_synther_seed42/r_spec_obsadv_mad_hopper_eval.json
offline,SynthER,SynthER,theta_o,spec_obsadv_mad_hopper,mad_0.10,42,0,354.4666,248.3746223982795,16.557189067263668,45.07953554238868,,20,11.5142,10000,,0,runs/spec_baseline/iql_hopper_synther_seed42/r_spec_obsadv_mad_hopper_eval.json
offline,SynthER,SynthER,theta_a,spec_action_hopper,nominal,0,0,3594.0710,46.828933689253724,3549.3893629206073,3551.998849453832,998.85,20,111.0543,10000,last,0,runs/spec_baseline/iql_hopper_synther_seed0/r_spec_action_hopper_eval.json
offline,SynthER,SynthER,theta_a,spec_action_hopper,act_gauss_0.05,0,0,1953.8455,831.3792070414804,1347.7958260250718,1360.8255498111744,514.95,20,60.6567,10000,last,0,runs/spec_baseline/iql_hopper_synther_seed0/r_spec_action_hopper_eval.json
offline,SynthER,SynthER,theta_a,spec_action_hopper,act_gauss_0.10,0,1,1252.7067,267.2863969352905,1008.6265860493265,1026.0863160104404,328.9,20,39.1135,10000,last,0,runs/spec_baseline/iql_hopper_synther_seed0/r_spec_action_hopper_eval.json
offline,SynthER,SynthER,theta_a,spec_action_hopper,act_gauss_0.20,0,0,896.1997,176.02868534814883,442.5448285892666,444.53976562291007,253.25,20,28.1595,10000,last,0,runs/spec_baseline/iql_hopper_synther_seed0/r_spec_action_hopper_eval.json
offline,SynthER,SynthER,theta_a,spec_action_hopper,act_uni_0.10,0,1,1958.1689,731.9572972752333,1223.8753733718543,1308.567325884283,509.9,20,60.7896,10000,last,0,runs/spec_baseline/iql_hopper_synther_seed0/r_spec_action_hopper_eval.json
offline,SynthER,SynthER,theta_a,spec_action_hopper,act_offset_0.05,0,1,1033.4483,28.678968717098954,1002.2394999372699,1003.6568272797599,282.7,20,32.3766,10000,last,0,runs/spec_baseline/iql_hopper_synther_seed0/r_spec_action_hopper_eval.json
offline,SynthER,SynthER,theta_a,spec_action_hopper,act_oppose_0.10,0,1,892.5202,9.910565496936458,864.8115416475129,872.8460572126701,250.55,20,28.0464,10000,last,0,runs/spec_baseline/iql_hopper_synther_seed0/r_spec_action_hopper_eval.json
offline,SynthER,SynthER,theta_a,spec_action_hopper,act_oppose_0.20,0,0,628.3445,4.128951073197068,620.7976045318471,621.3034742985033,198.45,20,19.9293,10000,last,0,runs/spec_baseline/iql_hopper_synther_seed0/r_spec_action_hopper_eval.json
offline,SynthER,SynthER,theta_a,spec_action_hopper,cmd_gauss_0.20,0,0,896.1997,176.02868534814883,442.5448285892666,444.53976562291007,253.25,20,28.1595,10000,last,0,runs/spec_baseline/iql_hopper_synther_seed0/r_spec_action_hopper_eval.json
offline,SynthER,SynthER,theta_a,spec_action_hopper,cmd_oppose_0.20,0,1,628.3445,4.128951073197068,620.7976045318471,621.3034742985033,198.45,20,19.9293,10000,last,0,runs/spec_baseline/iql_hopper_synther_seed0/r_spec_action_hopper_eval.json
offline,SynthER,SynthER,theta_a,spec_action_hopper,nominal,1,0,3584.4210,17.027108388015556,3552.101438205186,3557.0494030521363,1000.0,20,110.7578,10000,last,0,runs/spec_baseline/iql_hopper_synther_seed1/r_spec_action_hopper_eval.json
offline,SynthER,SynthER,theta_a,spec_action_hopper,act_gauss_0.05,1,0,2768.3694,951.5240836501702,1432.3515326067914,1466.6300119421721,746.55,20,85.6838,10000,last,0,runs/spec_baseline/iql_hopper_synther_seed1/r_spec_action_hopper_eval.json
offline,SynthER,SynthER,theta_a,spec_action_hopper,act_gauss_0.10,1,1,1406.5748,685.1426515426804,1055.8947058255467,1062.9044874011006,376.25,20,43.8413,10000,last,0,runs/spec_baseline/iql_hopper_synther_seed1/r_spec_action_hopper_eval.json
offline,SynthER,SynthER,theta_a,spec_action_hopper,act_gauss_0.20,1,0,943.9892,96.39977559428537,843.2984703919468,847.6930976895428,263.65,20,29.6279,10000,last,0,runs/spec_baseline/iql_hopper_synther_seed1/r_spec_action_hopper_eval.json
offline,SynthER,SynthER,theta_a,spec_action_hopper,act_uni_0.10,1,1,2957.2952,952.3603156112392,1386.8585647397979,1388.3673042721966,816.2,20,91.4887,10000,last,0,runs/spec_baseline/iql_hopper_synther_seed1/r_spec_action_hopper_eval.json
offline,SynthER,SynthER,theta_a,spec_action_hopper,act_offset_0.05,1,1,1041.1315,23.82204497789711,1012.5458170591086,1012.8539762816065,284.75,20,32.6126,10000,last,0,runs/spec_baseline/iql_hopper_synther_seed1/r_spec_action_hopper_eval.json
offline,SynthER,SynthER,theta_a,spec_action_hopper,act_oppose_0.10,1,1,895.5225,12.62937932047588,873.1041176866789,874.1465098012102,251.75,20,28.1387,10000,last,0,runs/spec_baseline/iql_hopper_synther_seed1/r_spec_action_hopper_eval.json
offline,SynthER,SynthER,theta_a,spec_action_hopper,act_oppose_0.20,1,0,481.7491,82.16257973728933,423.8718541326993,424.7813556831355,164.45,20,15.4251,10000,last,0,runs/spec_baseline/iql_hopper_synther_seed1/r_spec_action_hopper_eval.json
offline,SynthER,SynthER,theta_a,spec_action_hopper,cmd_gauss_0.20,1,0,943.9892,96.39977559428537,843.2984703919468,847.6930976895428,263.65,20,29.6279,10000,last,0,runs/spec_baseline/iql_hopper_synther_seed1/r_spec_action_hopper_eval.json
offline,SynthER,SynthER,theta_a,spec_action_hopper,cmd_oppose_0.20,1,1,481.7491,82.16257973728933,423.8718541326993,424.7813556831355,164.45,20,15.4251,10000,last,0,runs/spec_baseline/iql_hopper_synther_seed1/r_spec_action_hopper_eval.json
offline,SynthER,SynthER,theta_a,spec_action_hopper,nominal,2,0,3581.3934,19.84682594224769,3536.2364850353697,3543.833850132145,1000.0,20,110.6648,10000,last,0,runs/spec_baseline/iql_hopper_synther_seed2/r_spec_action_hopper_eval.json
offline,SynthER,SynthER,theta_a,spec_action_hopper,act_gauss_0.05,2,0,2096.9857,883.5407985560757,1405.508578482501,1418.261758763227,553.4,20,65.0549,10000,last,0,runs/spec_baseline/iql_hopper_synther_seed2/r_spec_action_hopper_eval.json
offline,SynthER,SynthER,theta_a,spec_action_hopper,act_gauss_0.10,2,1,1256.9274,184.70747157569497,1117.8337611579648,1119.6003037459561,331.7,20,39.2432,10000,last,0,runs/spec_baseline/iql_hopper_synther_seed2/r_spec_action_hopper_eval.json
offline,SynthER,SynthER,theta_a,spec_action_hopper,act_gauss_0.20,2,0,1133.6935,309.70728665631157,918.4830125560976,937.3482448792909,310.65,20,35.4567,10000,last,0,runs/spec_baseline/iql_hopper_synther_seed2/r_spec_action_hopper_eval.json
offline,SynthER,SynthER,theta_a,spec_action_hopper,act_uni_0.10,2,1,2170.2904,866.9244581199459,1271.0447452986107,1314.1661972960592,571.4,20,67.3072,10000,last,0,runs/spec_baseline/iql_hopper_synther_seed2/r_spec_action_hopper_eval.json
offline,SynthER,SynthER,theta_a,spec_action_hopper,act_offset_0.05,2,1,1101.2635,14.792327035061339,1075.2844412451536,1077.0441582122544,297.45,20,34.4603,10000,last,0,runs/spec_baseline/iql_hopper_synther_seed2/r_spec_action_hopper_eval.json
offline,SynthER,SynthER,theta_a,spec_action_hopper,act_oppose_0.10,2,1,939.9321,7.950113734813411,918.864907662892,922.8608567026833,262.0,20,29.5032,10000,last,0,runs/spec_baseline/iql_hopper_synther_seed2/r_spec_action_hopper_eval.json
offline,SynthER,SynthER,theta_a,spec_action_hopper,act_oppose_0.20,2,0,746.2620,17.841080215325416,703.9209928286191,709.7536641073461,225.45,20,23.5525,10000,last,0,runs/spec_baseline/iql_hopper_synther_seed2/r_spec_action_hopper_eval.json
offline,SynthER,SynthER,theta_a,spec_action_hopper,cmd_gauss_0.20,2,0,1133.6935,309.70728665631157,918.4830125560976,937.3482448792909,310.65,20,35.4567,10000,last,0,runs/spec_baseline/iql_hopper_synther_seed2/r_spec_action_hopper_eval.json
offline,SynthER,SynthER,theta_a,spec_action_hopper,cmd_oppose_0.20,2,1,746.2620,17.841080215325416,703.9209928286191,709.7536641073461,225.45,20,23.5525,10000,last,0,runs/spec_baseline/iql_hopper_synther_seed2/r_spec_action_hopper_eval.json
offline,SynthER,SynthER,theta_a,spec_action_hopper,nominal,3407,0,3586.4707,52.863642764285736,3534.4064841920726,3534.9356876658244,996.15,20,110.8208,10000,last,0,runs/spec_baseline/iql_hopper_synther_seed3407/r_spec_action_hopper_eval.json
offline,SynthER,SynthER,theta_a,spec_action_hopper,act_gauss_0.05,3407,0,2219.4737,918.3037737363042,1383.2211672478052,1385.078414644203,589.1,20,68.8184,10000,last,0,runs/spec_baseline/iql_hopper_synther_seed3407/r_spec_action_hopper_eval.json
offline,SynthER,SynthER,theta_a,spec_action_hopper,act_gauss_0.10,3407,1,1347.6780,607.6823212937095,1031.2105422773634,1038.7585453002303,356.25,20,42.0316,10000,last,0,runs/spec_baseline/iql_hopper_synther_seed3407/r_spec_action_hopper_eval.json
offline,SynthER,SynthER,theta_a,spec_action_hopper,act_gauss_0.20,3407,0,963.5127,77.45283347076827,866.3219308332231,872.1147155840445,268.95,20,30.2277,10000,last,0,runs/spec_baseline/iql_hopper_synther_seed3407/r_spec_action_hopper_eval.json
offline,SynthER,SynthER,theta_a,spec_action_hopper,act_uni_0.10,3407,1,2120.3295,885.6596298775239,1232.124190752073,1241.6835477232235,561.1,20,65.7721,10000,last,0,runs/spec_baseline/iql_hopper_synther_seed3407/r_spec_action_hopper_eval.json
offline,SynthER,SynthER,theta_a,spec_action_hopper,act_offset_0.05,3407,1,1018.9691,70.37350170700793,723.4823253096412,868.2206028311795,282.1,20,31.9317,10000,last,0,runs/spec_baseline/iql_hopper_synther_seed3407/r_spec_action_hopper_eval.json
offline,SynthER,SynthER,theta_a,spec_action_hopper,act_oppose_0.10,3407,1,877.2152,12.448537923723034,848.9126223872701,853.0339455321741,249.25,20,27.5762,10000,last,0,runs/spec_baseline/iql_hopper_synther_seed3407/r_spec_action_hopper_eval.json
offline,SynthER,SynthER,theta_a,spec_action_hopper,act_oppose_0.20,3407,0,639.0942,3.438282936054067,633.6981848194381,634.2429177636909,203.05,20,20.2596,10000,last,0,runs/spec_baseline/iql_hopper_synther_seed3407/r_spec_action_hopper_eval.json
offline,SynthER,SynthER,theta_a,spec_action_hopper,cmd_gauss_0.20,3407,0,963.5127,77.45283347076827,866.3219308332231,872.1147155840445,268.95,20,30.2277,10000,last,0,runs/spec_baseline/iql_hopper_synther_seed3407/r_spec_action_hopper_eval.json
offline,SynthER,SynthER,theta_a,spec_action_hopper,cmd_oppose_0.20,3407,1,639.0942,3.438282936054067,633.6981848194381,634.2429177636909,203.05,20,20.2596,10000,last,0,runs/spec_baseline/iql_hopper_synther_seed3407/r_spec_action_hopper_eval.json
offline,SynthER,SynthER,theta_a,spec_action_hopper,nominal,42,0,3539.9913,159.4770536089171,3025.630889818334,3078.352064655219,976.25,20,109.3927,10000,last,0,runs/spec_baseline/iql_hopper_synther_seed42/r_spec_action_hopper_eval.json
offline,SynthER,SynthER,theta_a,spec_action_hopper,act_gauss_0.05,42,0,2620.0753,900.7870353255697,1449.3748801472298,1454.5653901549304,708.0,20,81.1273,10000,last,0,runs/spec_baseline/iql_hopper_synther_seed42/r_spec_action_hopper_eval.json
offline,SynthER,SynthER,theta_a,spec_action_hopper,act_gauss_0.10,42,1,1546.9299,692.6336404950489,1193.0865460515806,1199.7629676965669,409.8,20,48.1538,10000,last,0,runs/spec_baseline/iql_hopper_synther_seed42/r_spec_action_hopper_eval.json
offline,SynthER,SynthER,theta_a,spec_action_hopper,act_gauss_0.20,42,0,968.5955,114.4726242177526,788.9073854305985,811.2945080940773,269.45,20,30.3839,10000,last,0,runs/spec_baseline/iql_hopper_synther_seed42/r_spec_action_hopper_eval.json
offline,SynthER,SynthER,theta_a,spec_action_hopper,act_uni_0.10,42,1,3035.7124,826.1671796457193,1375.3651647065142,1485.3568604698853,828.2,20,93.8982,10000,last,0,runs/spec_baseline/iql_hopper_synther_seed42/r_spec_action_hopper_eval.json
offline,SynthER,SynthER,theta_a,spec_action_hopper,act_offset_0.05,42,1,1161.8818,10.689310320839626,1144.7692881281787,1146.3125457591527,308.35,20,36.3228,10000,last,0,runs/spec_baseline/iql_hopper_synther_seed42/r_spec_action_hopper_eval.json
offline,SynthER,SynthER,theta_a,spec_action_hopper,act_oppose_0.10,42,1,944.0355,9.82789231354322,922.7665910403516,927.3045135093864,262.5,20,29.6293,10000,last,0,runs/spec_baseline/iql_hopper_synther_seed42/r_spec_action_hopper_eval.json
offline,SynthER,SynthER,theta_a,spec_action_hopper,act_oppose_0.20,42,0,592.6325,2.7630239375966195,588.118513097834,588.1264367655131,190.4,20,18.8321,10000,last,0,runs/spec_baseline/iql_hopper_synther_seed42/r_spec_action_hopper_eval.json
offline,SynthER,SynthER,theta_a,spec_action_hopper,cmd_gauss_0.20,42,0,968.5955,114.4726242177526,788.9073854305985,811.2945080940773,269.45,20,30.3839,10000,last,0,runs/spec_baseline/iql_hopper_synther_seed42/r_spec_action_hopper_eval.json
offline,SynthER,SynthER,theta_a,spec_action_hopper,cmd_oppose_0.20,42,1,592.6325,2.7630239375966195,588.118513097834,588.1264367655131,190.4,20,18.8321,10000,last,0,runs/spec_baseline/iql_hopper_synther_seed42/r_spec_action_hopper_eval.json
offline,SynthER,SynthER,theta_p,spec_transition_hopper,nominal,0,0,3594.0710,46.828933689253724,3549.3893629206073,3551.998849453832,998.85,20,111.0543,10000,last,0,runs/spec_baseline/iql_hopper_synther_seed0/r_spec_transition_hopper_eval.json
offline,SynthER,SynthER,theta_p,spec_transition_hopper,trans_t1,0,1,1835.6018,946.5925554630647,996.150358121632,1062.01352684494,485.8,20,57.0236,10000,last,0,runs/spec_baseline/iql_hopper_synther_seed0/r_spec_transition_hopper_eval.json
offline,SynthER,SynthER,theta_p,spec_transition_hopper,trans_t2,0,0,1439.4036,747.0586796814619,767.7414940757243,823.1170786168332,392.35,20,44.8500,10000,last,0,runs/spec_baseline/iql_hopper_synther_seed0/r_spec_transition_hopper_eval.json
offline,SynthER,SynthER,theta_p,spec_transition_hopper,trans_t3,0,0,1155.5655,593.580347788278,440.12639696845224,471.998386399651,325.9,20,36.1287,10000,last,0,runs/spec_baseline/iql_hopper_synther_seed0/r_spec_transition_hopper_eval.json
offline,SynthER,SynthER,theta_p,spec_transition_hopper,nominal,1,0,3584.4210,17.027108388015556,3552.101438205186,3557.0494030521363,1000.0,20,110.7578,10000,last,0,runs/spec_baseline/iql_hopper_synther_seed1/r_spec_transition_hopper_eval.json
offline,SynthER,SynthER,theta_p,spec_transition_hopper,trans_t1,1,1,2102.3441,1020.7387204531439,1095.5700295356885,1097.502176358357,561.6,20,65.2195,10000,last,0,runs/spec_baseline/iql_hopper_synther_seed1/r_spec_transition_hopper_eval.json
offline,SynthER,SynthER,theta_p,spec_transition_hopper,trans_t2,1,0,1411.2845,780.0626310370031,741.2182914100786,790.0558137325329,385.0,20,43.9860,10000,last,0,runs/spec_baseline/iql_hopper_synther_seed1/r_spec_transition_hopper_eval.json
offline,SynthER,SynthER,theta_p,spec_transition_hopper,trans_t3,1,0,1100.8153,584.761566327707,27.835954839684653,267.53474997857677,310.5,20,34.4465,10000,last,0,runs/spec_baseline/iql_hopper_synther_seed1/r_spec_transition_hopper_eval.json
offline,SynthER,SynthER,theta_p,spec_transition_hopper,nominal,2,0,3581.3934,19.84682594224769,3536.2364850353697,3543.833850132145,1000.0,20,110.6648,10000,last,0,runs/spec_baseline/iql_hopper_synther_seed2/r_spec_transition_hopper_eval.json
offline,SynthER,SynthER,theta_p,spec_transition_hopper,trans_t1,2,1,2042.2352,989.2874020805319,1145.9048540911508,1170.0981799747224,540.95,20,63.3726,10000,last,0,runs/spec_baseline/iql_hopper_synther_seed2/r_spec_transition_hopper_eval.json
offline,SynthER,SynthER,theta_p,spec_transition_hopper,trans_t2,2,0,1518.5856,705.4875042154086,902.9826389397222,904.5273309100135,411.2,20,47.2829,10000,last,0,runs/spec_baseline/iql_hopper_synther_seed2/r_spec_transition_hopper_eval.json
offline,SynthER,SynthER,theta_p,spec_transition_hopper,trans_t3,2,0,1201.6628,579.056398018005,498.9923579336545,577.4894380917762,340.65,20,37.5451,10000,last,0,runs/spec_baseline/iql_hopper_synther_seed2/r_spec_transition_hopper_eval.json
offline,SynthER,SynthER,theta_p,spec_transition_hopper,nominal,3407,0,3586.4707,52.863642764285736,3534.4064841920726,3534.9356876658244,996.15,20,110.8208,10000,last,0,runs/spec_baseline/iql_hopper_synther_seed3407/r_spec_transition_hopper_eval.json
offline,SynthER,SynthER,theta_p,spec_transition_hopper,trans_t1,3407,1,1911.2355,987.9869583882587,1022.6935560406258,1113.1502496498024,514.9,20,59.3475,10000,last,0,runs/spec_baseline/iql_hopper_synther_seed3407/r_spec_transition_hopper_eval.json
offline,SynthER,SynthER,theta_p,spec_transition_hopper,trans_t2,3407,0,1443.0409,673.7719934885517,888.2117882446792,889.6462290723141,389.45,20,44.9617,10000,last,0,runs/spec_baseline/iql_hopper_synther_seed3407/r_spec_transition_hopper_eval.json
offline,SynthER,SynthER,theta_p,spec_transition_hopper,trans_t3,3407,0,1111.7061,476.10574340370175,409.4324429672928,490.0556140994605,317.05,20,34.7811,10000,last,0,runs/spec_baseline/iql_hopper_synther_seed3407/r_spec_transition_hopper_eval.json
offline,SynthER,SynthER,theta_p,spec_transition_hopper,nominal,42,0,3539.9913,159.4770536089171,3025.630889818334,3078.352064655219,976.25,20,109.3927,10000,last,0,runs/spec_baseline/iql_hopper_synther_seed42/r_spec_transition_hopper_eval.json
offline,SynthER,SynthER,theta_p,spec_transition_hopper,trans_t1,42,1,2150.9272,1026.3573720268184,1166.150065313326,1171.7856642793831,577.45,20,66.7123,10000,last,0,runs/spec_baseline/iql_hopper_synther_seed42/r_spec_transition_hopper_eval.json
offline,SynthER,SynthER,theta_p,spec_transition_hopper,trans_t2,42,0,1363.4921,616.939960989165,790.7692081238159,821.7979376646415,371.85,20,42.5175,10000,last,0,runs/spec_baseline/iql_hopper_synther_seed42/r_spec_transition_hopper_eval.json
offline,SynthER,SynthER,theta_p,spec_transition_hopper,trans_t3,42,0,1069.2342,573.6621202502537,28.3765202207341,263.90877365118104,305.75,20,33.4761,10000,last,0,runs/spec_baseline/iql_hopper_synther_seed42/r_spec_transition_hopper_eval.json
offline,SynthER,SynthER,theta_p,spec_push_hopper,nominal,0,0,3594.0710,46.828933689253724,3549.3893629206073,3551.998849453832,998.85,20,111.0543,10000,last,0,runs/spec_baseline/iql_hopper_synther_seed0/r_spec_push_hopper_eval.json
offline,SynthER,SynthER,theta_p,spec_push_hopper,push_30,0,0,2146.0346,890.8859680174677,960.2227744497146,1006.8292598268213,570.35,20,66.5619,10000,last,0,runs/spec_baseline/iql_hopper_synther_seed0/r_spec_push_hopper_eval.json
offline,SynthER,SynthER,theta_p,spec_push_hopper,push_60,0,1,1589.0565,904.411094681455,716.7013607363956,740.4117763698357,425.15,20,49.4482,10000,last,0,runs/spec_baseline/iql_hopper_synther_seed0/r_spec_push_hopper_eval.json
offline,SynthER,SynthER,theta_p,spec_push_hopper,push_100,0,0,1088.6485,726.1734120489091,195.209698566697,378.5794557385077,308.95,20,34.0727,10000,last,0,runs/spec_baseline/iql_hopper_synther_seed0/r_spec_push_hopper_eval.json
offline,SynthER,SynthER,theta_p,spec_push_hopper,push_150,0,0,704.8307,534.1323037631425,67.22081140456429,130.48024906078552,209.1,20,22.2795,10000,last,0,runs/spec_baseline/iql_hopper_synther_seed0/r_spec_push_hopper_eval.json
offline,SynthER,SynthER,theta_p,spec_push_hopper,nominal,1,0,3584.4210,17.027108388015556,3552.101438205186,3557.0494030521363,1000.0,20,110.7578,10000,last,0,runs/spec_baseline/iql_hopper_synther_seed1/r_spec_push_hopper_eval.json
offline,SynthER,SynthER,theta_p,spec_push_hopper,push_30,1,0,2186.5879,1017.7827551258284,1023.2848900600532,1070.8310657668292,581.75,20,67.8080,10000,last,0,runs/spec_baseline/iql_hopper_synther_seed1/r_spec_push_hopper_eval.json
offline,SynthER,SynthER,theta_p,spec_push_hopper,push_60,1,1,1479.7402,869.3255326927919,712.5111834738216,732.7386014214412,399.7,20,46.0894,10000,last,0,runs/spec_baseline/iql_hopper_synther_seed1/r_spec_push_hopper_eval.json
offline,SynthER,SynthER,theta_p,spec_push_hopper,push_100,1,0,1084.2029,727.3044790855425,532.5511262406715,551.9463126505748,307.35,20,33.9361,10000,last,0,runs/spec_baseline/iql_hopper_synther_seed1/r_spec_push_hopper_eval.json
offline,SynthER,SynthER,theta_p,spec_push_hopper,push_150,1,0,650.0972,457.9976072857467,73.04795655095471,138.51000508396942,198.3,20,20.5977,10000,last,0,runs/spec_baseline/iql_hopper_synther_seed1/r_spec_push_hopper_eval.json
offline,SynthER,SynthER,theta_p,spec_push_hopper,nominal,2,0,3581.3934,19.84682594224769,3536.2364850353697,3543.833850132145,1000.0,20,110.6648,10000,last,0,runs/spec_baseline/iql_hopper_synther_seed2/r_spec_push_hopper_eval.json
offline,SynthER,SynthER,theta_p,spec_push_hopper,push_30,2,0,2140.7373,932.0665567999622,1026.9738300926467,1037.8743804870346,565.05,20,66.3992,10000,last,0,runs/spec_baseline/iql_hopper_synther_seed2/r_spec_push_hopper_eval.json
offline,SynthER,SynthER,theta_p,spec_push_hopper,push_60,2,1,1321.4512,584.1195288035752,698.4751189314298,711.0809604628201,356.4,20,41.2258,10000,last,0,runs/spec_baseline/iql_hopper_synther_seed2/r_spec_push_hopper_eval.json
offline,SynthER,SynthER,theta_p,spec_push_hopper,push_100,2,0,1174.7683,761.8273701568154,519.7080525466394,548.9393882883535,331.35,20,36.7188,10000,last,0,runs/spec_baseline/iql_hopper_synther_seed2/r_spec_push_hopper_eval.json
offline,SynthER,SynthER,theta_p,spec_push_hopper,push_150,2,0,773.1081,620.6611623281004,35.13187558121379,117.14161077807806,224.75,20,24.3774,10000,last,0,runs/spec_baseline/iql_hopper_synther_seed2/r_spec_push_hopper_eval.json
offline,SynthER,SynthER,theta_p,spec_push_hopper,nominal,3407,0,3586.4707,52.863642764285736,3534.4064841920726,3534.9356876658244,996.15,20,110.8208,10000,last,0,runs/spec_baseline/iql_hopper_synther_seed3407/r_spec_push_hopper_eval.json
offline,SynthER,SynthER,theta_p,spec_push_hopper,push_30,3407,0,2134.7099,936.604801073393,936.6360464062227,992.6256060654049,560.25,20,66.2140,10000,last,0,runs/spec_baseline/iql_hopper_synther_seed3407/r_spec_push_hopper_eval.json
offline,SynthER,SynthER,theta_p,spec_push_hopper,push_60,3407,1,1540.8159,950.8896184890019,714.3276162520509,733.1992585766058,413.8,20,47.9660,10000,last,0,runs/spec_baseline/iql_hopper_synther_seed3407/r_spec_push_hopper_eval.json
offline,SynthER,SynthER,theta_p,spec_push_hopper,push_100,3407,0,1011.9559,743.0301040395677,248.76813014590098,365.70592702219267,288.4,20,31.7162,10000,last,0,runs/spec_baseline/iql_hopper_synther_seed3407/r_spec_push_hopper_eval.json
offline,SynthER,SynthER,theta_p,spec_push_hopper,push_150,3407,0,600.7374,483.5989416985305,61.109173841458336,132.1869234922603,179.7,20,19.0811,10000,last,0,runs/spec_baseline/iql_hopper_synther_seed3407/r_spec_push_hopper_eval.json
offline,SynthER,SynthER,theta_p,spec_push_hopper,nominal,42,0,3539.9913,159.4770536089171,3025.630889818334,3078.352064655219,976.25,20,109.3927,10000,last,0,runs/spec_baseline/iql_hopper_synther_seed42/r_spec_push_hopper_eval.json
offline,SynthER,SynthER,theta_p,spec_push_hopper,push_30,42,0,2262.7483,914.876151401851,1015.4355278066901,1037.9899962730963,609.05,20,70.1481,10000,last,0,runs/spec_baseline/iql_hopper_synther_seed42/r_spec_push_hopper_eval.json
offline,SynthER,SynthER,theta_p,spec_push_hopper,push_60,42,1,1507.0659,828.121305968248,721.1199128375787,745.8726798192706,413.55,20,46.9290,10000,last,0,runs/spec_baseline/iql_hopper_synther_seed42/r_spec_push_hopper_eval.json
offline,SynthER,SynthER,theta_p,spec_push_hopper,push_100,42,0,1181.8202,761.361311192421,203.7110480908115,389.2303036209032,334.15,20,36.9355,10000,last,0,runs/spec_baseline/iql_hopper_synther_seed42/r_spec_push_hopper_eval.json
offline,SynthER,SynthER,theta_p,spec_push_hopper,push_150,42,0,705.1911,564.5645189256657,41.30592708251511,147.0446761066923,205.95,20,22.2905,10000,last,0,runs/spec_baseline/iql_hopper_synther_seed42/r_spec_push_hopper_eval.json
offline,SynthER,SynthER,theta_p,spec_timevar_hopper,nominal,0,0,3594.0710,46.828933689253724,3549.3893629206073,3551.998849453832,998.85,20,111.0543,10000,last,0,runs/spec_baseline/iql_hopper_synther_seed0/r_spec_timevar_hopper_eval.json
offline,SynthER,SynthER,theta_p,spec_timevar_hopper,gear_static_0.8,0,1,466.4638,24.973658964475174,441.9520324893267,442.63110635817515,162.3,20,14.9554,10000,last,0,runs/spec_baseline/iql_hopper_synther_seed0/r_spec_timevar_hopper_eval.json
offline,SynthER,SynthER,theta_p,spec_timevar_hopper,gear_step_0.8,0,0,2502.0062,68.1848184128093,2429.829512617184,2431.761170134498,687.55,20,77.4995,10000,last,0,runs/spec_baseline/iql_hopper_synther_seed0/r_spec_timevar_hopper_eval.json
offline,SynthER,SynthER,theta_p,spec_timevar_hopper,gear_ramp_0.8,0,1,1378.9941,70.06830409135947,1280.7067489709996,1292.7837440314902,359.3,20,42.9938,10000,last,0,runs/spec_baseline/iql_hopper_synther_seed0/r_spec_timevar_hopper_eval.json
offline,SynthER,SynthER,theta_p,spec_timevar_hopper,gear_sine_p200,0,0,985.4544,8.449099413030861,969.939669578928,970.322283684188,270.9,20,30.9019,10000,last,0,runs/spec_baseline/iql_hopper_synther_seed0/r_spec_timevar_hopper_eval.json
offline,SynthER,SynthER,theta_p,spec_timevar_hopper,gear_sine_p500,0,1,1885.9717,118.17781775328986,1396.609064885746,1624.7291814727055,515.9,20,58.5712,10000,last,0,runs/spec_baseline/iql_hopper_synther_seed0/r_spec_timevar_hopper_eval.json
offline,SynthER,SynthER,theta_p,spec_timevar_hopper,gravity_ramp_1.2,0,0,3290.3822,653.2806185442563,1674.4812113552898,1883.619848639428,874.65,20,101.7232,10000,last,0,runs/spec_baseline/iql_hopper_synther_seed0/r_spec_timevar_hopper_eval.json
offline,SynthER,SynthER,theta_p,spec_timevar_hopper,nominal,1,0,3584.4210,17.027108388015556,3552.101438205186,3557.0494030521363,1000.0,20,110.7578,10000,last,0,runs/spec_baseline/iql_hopper_synther_seed1/r_spec_timevar_hopper_eval.json
offline,SynthER,SynthER,theta_p,spec_timevar_hopper,gear_static_0.8,1,1,518.1967,6.629570917335932,505.752871056206,506.78607212832173,174.65,20,16.5449,10000,last,0,runs/spec_baseline/iql_hopper_synther_seed1/r_spec_timevar_hopper_eval.json
offline,SynthER,SynthER,theta_p,spec_timevar_hopper,gear_step_0.8,1,0,2444.0838,59.09164009252674,2412.4067917967977,2413.4033746158084,676.6,20,75.7198,10000,last,0,runs/spec_baseline/iql_hopper_synther_seed1/r_spec_timevar_hopper_eval.json
offline,SynthER,SynthER,theta_p,spec_timevar_hopper,gear_ramp_0.8,1,1,1499.3946,105.2125575233053,1300.388479905615,1330.6568192153086,388.75,20,46.6933,10000,last,0,runs/spec_baseline/iql_hopper_synther_seed1/r_spec_timevar_hopper_eval.json
offline,SynthER,SynthER,theta_p,spec_timevar_hopper,gear_sine_p200,1,0,1027.0039,7.171772890965734,1014.1282234061347,1014.6947623364574,279.1,20,32.1786,10000,last,0,runs/spec_baseline/iql_hopper_synther_seed1/r_spec_timevar_hopper_eval.json
offline,SynthER,SynthER,theta_p,spec_timevar_hopper,gear_sine_p500,1,1,1931.2452,130.93256899932427,1828.4851911504393,1843.9668531223642,526.95,20,59.9623,10000,last,0,runs/spec_baseline/iql_hopper_synther_seed1/r_spec_timevar_hopper_eval.json
offline,SynthER,SynthER,theta_p,spec_timevar_hopper,gravity_ramp_1.2,1,0,3593.9117,143.13422479486576,3283.619080051798,3291.431477243682,970.1,20,111.0494,10000,last,0,runs/spec_baseline/iql_hopper_synther_seed1/r_spec_timevar_hopper_eval.json
offline,SynthER,SynthER,theta_p,spec_timevar_hopper,nominal,2,0,3581.3934,19.84682594224769,3536.2364850353697,3543.833850132145,1000.0,20,110.6648,10000,last,0,runs/spec_baseline/iql_hopper_synther_seed2/r_spec_timevar_hopper_eval.json
offline,SynthER,SynthER,theta_p,spec_timevar_hopper,gear_static_0.8,2,1,626.0208,4.510103668198959,619.3381695164526,619.5488709359902,201.85,20,19.8579,10000,last,0,runs/spec_baseline/iql_hopper_synther_seed2/r_spec_timevar_hopper_eval.json
offline,SynthER,SynthER,theta_p,spec_timevar_hopper,gear_step_0.8,2,0,2441.7779,27.33552203973236,2408.6252797537927,2417.049903497672,672.55,20,75.6489,10000,last,0,runs/spec_baseline/iql_hopper_synther_seed2/r_spec_timevar_hopper_eval.json
offline,SynthER,SynthER,theta_p,spec_timevar_hopper,gear_ramp_0.8,2,1,1392.4142,38.17042267470221,1331.8365270013405,1337.186644561954,364.1,20,43.4062,10000,last,0,runs/spec_baseline/iql_hopper_synther_seed2/r_spec_timevar_hopper_eval.json
offline,SynthER,SynthER,theta_p,spec_timevar_hopper,gear_sine_p200,2,0,1036.8644,11.555454901497876,1016.6648838447484,1019.9764314740459,281.15,20,32.4815,10000,last,0,runs/spec_baseline/iql_hopper_synther_seed2/r_spec_timevar_hopper_eval.json
offline,SynthER,SynthER,theta_p,spec_timevar_hopper,gear_sine_p500,2,1,1935.4942,55.83044753728951,1847.9506029281913,1853.5754174544772,530.8,20,60.0929,10000,last,0,runs/spec_baseline/iql_hopper_synther_seed2/r_spec_timevar_hopper_eval.json
offline,SynthER,SynthER,theta_p,spec_timevar_hopper,gravity_ramp_1.2,2,0,3455.6455,576.399451576184,1678.4484154099148,1801.021010661742,930.15,20,106.8011,10000,last,0,runs/spec_baseline/iql_hopper_synther_seed2/r_spec_timevar_hopper_eval.json
offline,SynthER,SynthER,theta_p,spec_timevar_hopper,nominal,3407,0,3586.4707,52.863642764285736,3534.4064841920726,3534.9356876658244,996.15,20,110.8208,10000,last,0,runs/spec_baseline/iql_hopper_synther_seed3407/r_spec_timevar_hopper_eval.json
offline,SynthER,SynthER,theta_p,spec_timevar_hopper,gear_static_0.8,3407,1,629.7775,2.1127505669677205,626.1332248807619,626.328180974296,202.7,20,19.9734,10000,last,0,runs/spec_baseline/iql_hopper_synther_seed3407/r_spec_timevar_hopper_eval.json
offline,SynthER,SynthER,theta_p,spec_timevar_hopper,gear_step_0.8,3407,0,2449.2033,49.407965500616626,2420.759495255502,2422.0064491138123,675.9,20,75.8771,10000,last,0,runs/spec_baseline/iql_hopper_synther_seed3407/r_spec_timevar_hopper_eval.json
offline,SynthER,SynthER,theta_p,spec_timevar_hopper,gear_ramp_0.8,3407,1,1392.9513,45.853691898773285,1269.5316537241724,1310.6366801721667,365.3,20,43.4227,10000,last,0,runs/spec_baseline/iql_hopper_synther_seed3407/r_spec_timevar_hopper_eval.json
offline,SynthER,SynthER,theta_p,spec_timevar_hopper,gear_sine_p200,3407,0,1024.5480,7.886027500587008,1010.1663797407534,1011.0257112253312,277.0,20,32.1031,10000,last,0,runs/spec_baseline/iql_hopper_synther_seed3407/r_spec_timevar_hopper_eval.json
offline,SynthER,SynthER,theta_p,spec_timevar_hopper,gear_sine_p500,3407,1,1784.3072,60.39570556083691,1702.2160653677226,1710.5520981998977,492.4,20,55.4475,10000,last,0,runs/spec_baseline/iql_hopper_synther_seed3407/r_spec_timevar_hopper_eval.json
offline,SynthER,SynthER,theta_p,spec_timevar_hopper,gravity_ramp_1.2,3407,0,3563.0803,187.0806910304367,3056.713552036695,3185.0769138563237,946.5,20,110.1021,10000,last,0,runs/spec_baseline/iql_hopper_synther_seed3407/r_spec_timevar_hopper_eval.json
offline,SynthER,SynthER,theta_p,spec_timevar_hopper,nominal,42,0,3539.9913,159.4770536089171,3025.630889818334,3078.352064655219,976.25,20,109.3927,10000,last,0,runs/spec_baseline/iql_hopper_synther_seed42/r_spec_timevar_hopper_eval.json
offline,SynthER,SynthER,theta_p,spec_timevar_hopper,gear_static_0.8,42,1,566.1792,1.9233316708520212,561.71720078827,562.6924490534935,184.6,20,18.0193,10000,last,0,runs/spec_baseline/iql_hopper_synther_seed42/r_spec_timevar_hopper_eval.json
offline,SynthER,SynthER,theta_p,spec_timevar_hopper,gear_step_0.8,42,0,2459.0023,53.74906330332493,2426.0296894741255,2426.4066747679653,677.6,20,76.1782,10000,last,0,runs/spec_baseline/iql_hopper_synther_seed42/r_spec_timevar_hopper_eval.json
offline,SynthER,SynthER,theta_p,spec_timevar_hopper,gear_ramp_0.8,42,1,1742.4509,284.4618126201387,1455.7800675599256,1507.1134548075263,444.75,20,54.1614,10000,last,0,runs/spec_baseline/iql_hopper_synther_seed42/r_spec_timevar_hopper_eval.json
offline,SynthER,SynthER,theta_p,spec_timevar_hopper,gear_sine_p200,42,0,1025.3226,8.903195992932128,1009.7225629506185,1010.5778475134279,278.7,20,32.1269,10000,last,0,runs/spec_baseline/iql_hopper_synther_seed42/r_spec_timevar_hopper_eval.json
offline,SynthER,SynthER,theta_p,spec_timevar_hopper,gear_sine_p500,42,1,1853.8574,46.63409975621909,1762.4663665220694,1773.5246988152805,507.95,20,57.5845,10000,last,0,runs/spec_baseline/iql_hopper_synther_seed42/r_spec_timevar_hopper_eval.json
offline,SynthER,SynthER,theta_p,spec_timevar_hopper,gravity_ramp_1.2,42,0,3541.5637,154.15599331656807,3030.454975573264,3153.362032041066,976.2,20,109.4410,10000,last,0,runs/spec_baseline/iql_hopper_synther_seed42/r_spec_timevar_hopper_eval.json
offline,SynthER,SynthER,theta_tau_exec,spec_timing_hopper,nominal,0,0,3594.0710,46.828933689253724,3549.3893629206073,3551.998849453832,998.85,20,111.0543,10000,last,0,runs/spec_baseline/iql_hopper_synther_seed0/r_spec_timing_hopper_eval.json
offline,SynthER,SynthER,theta_tau_exec,spec_timing_hopper,act_delay_8ms,0,1,950.3561,18.908142600675035,904.0003639006542,914.8409606002313,261.1,20,29.8235,10000,last,0,runs/spec_baseline/iql_hopper_synther_seed0/r_spec_timing_hopper_eval.json
offline,SynthER,SynthER,theta_tau_exec,spec_timing_hopper,act_delay_rand1,0,1,2533.7184,1299.398627854915,904.0003639006542,916.6014656777588,702.7,20,78.4739,10000,last,0,runs/spec_baseline/iql_hopper_synther_seed0/r_spec_timing_hopper_eval.json
offline,SynthER,SynthER,theta_tau_exec,spec_timing_hopper,act_delay_rand2,0,0,1599.5844,1314.6932748623576,254.93718930340034,257.96806109687844,452.5,20,49.7717,10000,last,0,runs/spec_baseline/iql_hopper_synther_seed0/r_spec_timing_hopper_eval.json
offline,SynthER,SynthER,theta_tau_exec,spec_timing_hopper,substep,0,0,2869.4012,1185.5541775735132,701.6033714617381,804.4809427108896,776.7,20,88.7881,10000,last,0,runs/spec_baseline/iql_hopper_synther_seed0/r_spec_timing_hopper_eval.json
offline,SynthER,SynthER,theta_tau_exec,spec_timing_hopper,obs_delay_4ms,0,1,1385.0608,130.17785580730515,1236.2683638780582,1244.6576534812607,356.55,20,43.1802,10000,last,0,runs/spec_baseline/iql_hopper_synther_seed0/r_spec_timing_hopper_eval.json
offline,SynthER,SynthER,theta_tau_exec,spec_timing_hopper,obs_delay_8ms,0,1,1092.5510,85.38243128148392,928.515614084261,960.3395015475115,291.65,20,34.1926,10000,last,0,runs/spec_baseline/iql_hopper_synther_seed0/r_spec_timing_hopper_eval.json
offline,SynthER,SynthER,theta_tau_exec,spec_timing_hopper,obs_delay_16ms,0,1,770.3875,332.60370101042395,40.37353689293791,41.20137707907358,221.5,20,24.2938,10000,last,0,runs/spec_baseline/iql_hopper_synther_seed0/r_spec_timing_hopper_eval.json
offline,SynthER,SynthER,theta_tau_exec,spec_timing_hopper,nominal,1,0,3584.4210,17.027108388015556,3552.101438205186,3557.0494030521363,1000.0,20,110.7578,10000,last,0,runs/spec_baseline/iql_hopper_synther_seed1/r_spec_timing_hopper_eval.json
offline,SynthER,SynthER,theta_tau_exec,spec_timing_hopper,act_delay_8ms,1,1,1103.8461,165.43204053617325,470.70773418440444,759.0967733065174,295.85,20,34.5396,10000,last,0,runs/spec_baseline/iql_hopper_synther_seed1/r_spec_timing_hopper_eval.json
offline,SynthER,SynthER,theta_tau_exec,spec_timing_hopper,act_delay_rand1,1,1,2604.6764,1208.2966885610062,1047.4858124286304,1063.6908354953093,719.9,20,80.6542,10000,last,0,runs/spec_baseline/iql_hopper_synther_seed1/r_spec_timing_hopper_eval.json
offline,SynthER,SynthER,theta_tau_exec,spec_timing_hopper,act_delay_rand2,1,0,1646.5900,1314.492204956102,145.76493466089633,148.44330671244757,461.25,20,51.2160,10000,last,0,runs/spec_baseline/iql_hopper_synther_seed1/r_spec_timing_hopper_eval.json
offline,SynthER,SynthER,theta_tau_exec,spec_timing_hopper,substep,1,0,3096.8931,1036.6908565506242,916.1552472564832,931.7238200448508,852.1,20,95.7780,10000,last,0,runs/spec_baseline/iql_hopper_synther_seed1/r_spec_timing_hopper_eval.json
offline,SynthER,SynthER,theta_tau_exec,spec_timing_hopper,obs_delay_4ms,1,1,2200.8147,964.9052829354124,1244.2385178563563,1289.7690896851586,580.5,20,68.2451,10000,last,0,runs/spec_baseline/iql_hopper_synther_seed1/r_spec_timing_hopper_eval.json
offline,SynthER,SynthER,theta_tau_exec,spec_timing_hopper,obs_delay_8ms,1,1,1202.0062,68.06701953191691,1083.4595212330285,1090.793965478997,317.4,20,37.5557,10000,last,0,runs/spec_baseline/iql_hopper_synther_seed1/r_spec_timing_hopper_eval.json
offline,SynthER,SynthER,theta_tau_exec,spec_timing_hopper,obs_delay_16ms,1,1,662.8611,332.24803342843785,149.04727121920524,186.20256226448421,200.8,20,20.9899,10000,last,0,runs/spec_baseline/iql_hopper_synther_seed1/r_spec_timing_hopper_eval.json
offline,SynthER,SynthER,theta_tau_exec,spec_timing_hopper,nominal,2,0,3581.3934,19.84682594224769,3536.2364850353697,3543.833850132145,1000.0,20,110.6648,10000,last,0,runs/spec_baseline/iql_hopper_synther_seed2/r_spec_timing_hopper_eval.json
offline,SynthER,SynthER,theta_tau_exec,spec_timing_hopper,act_delay_8ms,2,1,1241.8871,121.43840885109248,1076.5442572620414,1087.424861935467,327.0,20,38.7811,10000,last,0,runs/spec_baseline/iql_hopper_synther_seed2/r_spec_timing_hopper_eval.json
offline,SynthER,SynthER,theta_tau_exec,spec_timing_hopper,act_delay_rand1,2,1,2663.9119,1132.961804649809,1076.5442572620414,1133.3982754290764,734.1,20,82.4742,10000,last,0,runs/spec_baseline/iql_hopper_synther_seed2/r_spec_timing_hopper_eval.json
offline,SynthER,SynthER,theta_tau_exec,spec_timing_hopper,act_delay_rand2,2,0,1735.8990,1276.0352846388619,137.95932904197136,138.33533838949296,481.5,20,53.9601,10000,last,0,runs/spec_baseline/iql_hopper_synther_seed2/r_spec_timing_hopper_eval.json
offline,SynthER,SynthER,theta_tau_exec,spec_timing_hopper,substep,2,0,2887.8185,1118.1423467535185,901.998875070506,922.8564311260141,792.05,20,89.3540,10000,last,0,runs/spec_baseline/iql_hopper_synther_seed2/r_spec_timing_hopper_eval.json
offline,SynthER,SynthER,theta_tau_exec,spec_timing_hopper,obs_delay_4ms,2,1,1556.5513,285.6738729203987,1244.311442132582,1292.2842773650907,394.95,20,48.4495,10000,last,0,runs/spec_baseline/iql_hopper_synther_seed2/r_spec_timing_hopper_eval.json
offline,SynthER,SynthER,theta_tau_exec,spec_timing_hopper,obs_delay_8ms,2,1,1257.1669,35.51960649828137,1193.954283861503,1200.9704016691267,328.7,20,39.2506,10000,last,0,runs/spec_baseline/iql_hopper_synther_seed2/r_spec_timing_hopper_eval.json
offline,SynthER,SynthER,theta_tau_exec,spec_timing_hopper,obs_delay_16ms,2,1,935.8424,436.4287276297896,41.08062027455973,41.793649275086054,259.15,20,29.3775,10000,last,0,runs/spec_baseline/iql_hopper_synther_seed2/r_spec_timing_hopper_eval.json
offline,SynthER,SynthER,theta_tau_exec,spec_timing_hopper,nominal,3407,0,3586.4707,52.863642764285736,3534.4064841920726,3534.9356876658244,996.15,20,110.8208,10000,last,0,runs/spec_baseline/iql_hopper_synther_seed3407/r_spec_timing_hopper_eval.json
offline,SynthER,SynthER,theta_tau_exec,spec_timing_hopper,act_delay_8ms,3407,1,1096.6268,32.66870485780956,1059.794988691598,1061.1208963234822,295.25,20,34.3178,10000,last,0,runs/spec_baseline/iql_hopper_synther_seed3407/r_spec_timing_hopper_eval.json
offline,SynthER,SynthER,theta_tau_exec,spec_timing_hopper,act_delay_rand1,3407,1,2586.9697,1227.3751048810307,1059.794988691598,1061.395869776699,713.2,20,80.1101,10000,last,0,runs/spec_baseline/iql_hopper_synther_seed3407/r_spec_timing_hopper_eval.json
offline,SynthER,SynthER,theta_tau_exec,spec_timing_hopper,act_delay_rand2,3407,0,1581.2117,1378.9963866327628,48.48350135185133,48.48789517744957,436.8,20,49.2072,10000,last,0,runs/spec_baseline/iql_hopper_synther_seed3407/r_spec_timing_hopper_eval.json
offline,SynthER,SynthER,theta_tau_exec,spec_timing_hopper,substep,3407,0,2955.8596,1060.330670960799,810.3899764622045,866.8014110663307,795.25,20,91.4446,10000,last,0,runs/spec_baseline/iql_hopper_synther_seed3407/r_spec_timing_hopper_eval.json
offline,SynthER,SynthER,theta_tau_exec,spec_timing_hopper,obs_delay_4ms,3407,1,1592.9054,287.2564870581213,1338.9682354433733,1356.1347441522848,404.0,20,49.5665,10000,last,0,runs/spec_baseline/iql_hopper_synther_seed3407/r_spec_timing_hopper_eval.json
offline,SynthER,SynthER,theta_tau_exec,spec_timing_hopper,obs_delay_8ms,3407,1,1225.1757,66.70041417339255,1088.2481748494506,1109.367526029861,321.95,20,38.2676,10000,last,0,runs/spec_baseline/iql_hopper_synther_seed3407/r_spec_timing_hopper_eval.json
offline,SynthER,SynthER,theta_tau_exec,spec_timing_hopper,obs_delay_16ms,3407,1,690.5095,481.15748128691735,19.770954390693145,20.118326319382664,195.6,20,21.8394,10000,last,0,runs/spec_baseline/iql_hopper_synther_seed3407/r_spec_timing_hopper_eval.json
offline,SynthER,SynthER,theta_tau_exec,spec_timing_hopper,nominal,42,0,3539.9913,159.4770536089171,3025.630889818334,3078.352064655219,976.25,20,109.3927,10000,last,0,runs/spec_baseline/iql_hopper_synther_seed42/r_spec_timing_hopper_eval.json
offline,SynthER,SynthER,theta_tau_exec,spec_timing_hopper,act_delay_8ms,42,1,1165.0209,30.66675826608362,1112.9824348330135,1113.74735193006,308.35,20,36.4193,10000,last,0,runs/spec_baseline/iql_hopper_synther_seed42/r_spec_timing_hopper_eval.json
offline,SynthER,SynthER,theta_tau_exec,spec_timing_hopper,act_delay_rand1,42,1,2568.5595,1154.0600552134545,1114.5122690271064,1131.7813199516872,703.8,20,79.5444,10000,last,0,runs/spec_baseline/iql_hopper_synther_seed42/r_spec_timing_hopper_eval.json
offline,SynthER,SynthER,theta_tau_exec,spec_timing_hopper,act_delay_rand2,42,0,1664.1014,1189.7624529178122,473.94947926226905,474.8144632795729,458.55,20,51.7540,10000,last,0,runs/spec_baseline/iql_hopper_synther_seed42/r_spec_timing_hopper_eval.json
offline,SynthER,SynthER,theta_tau_exec,spec_timing_hopper,substep,42,0,3137.5671,769.0328286170037,809.2181170217548,1173.5326507629493,859.85,20,97.0278,10000,last,0,runs/spec_baseline/iql_hopper_synther_seed42/r_spec_timing_hopper_eval.json
offline,SynthER,SynthER,theta_tau_exec,spec_timing_hopper,obs_delay_4ms,42,1,2408.2050,921.9065302029746,1438.7804212998171,1441.7324400413117,635.0,20,74.6174,10000,last,0,runs/spec_baseline/iql_hopper_synther_seed42/r_spec_timing_hopper_eval.json
offline,SynthER,SynthER,theta_tau_exec,spec_timing_hopper,obs_delay_8ms,42,1,1295.2134,88.84378733098262,1155.1979430400704,1168.5909314221462,336.35,20,40.4196,10000,last,0,runs/spec_baseline/iql_hopper_synther_seed42/r_spec_timing_hopper_eval.json
offline,SynthER,SynthER,theta_tau_exec,spec_timing_hopper,obs_delay_16ms,42,1,894.4617,272.13985348071793,467.4923505291159,469.85344714137,252.35,20,28.1061,10000,last,0,runs/spec_baseline/iql_hopper_synther_seed42/r_spec_timing_hopper_eval.json
offline,MOPO,MOPO,theta_o,spec_obsadv_hopper,nominal,0,0,908.4532,16.596098064316298,888.1943171721542,888.7301793534804,255.05,20,28.5360,10000,last,0,runs/spec_offline/mopo_hopper_seed0/r_spec_obsadv_hopper_eval.json
offline,MOPO,MOPO,theta_o,spec_obsadv_hopper,obs_uni_0.05,0,0,840.4501,134.61372954327265,645.3973722795762,646.4591168259632,243.95,20,26.4465,10000,last,0,runs/spec_offline/mopo_hopper_seed0/r_spec_obsadv_hopper_eval.json
offline,MOPO,MOPO,theta_o,spec_obsadv_hopper,obs_uni_0.10,0,1,829.0913,168.30731164104307,637.0207764778971,638.7963444218727,243.25,20,26.0975,10000,last,0,runs/spec_offline/mopo_hopper_seed0/r_spec_obsadv_hopper_eval.json
offline,MOPO,MOPO,theta_o,spec_obsadv_hopper,obs_uni_0.15,0,0,750.8379,163.9553903031226,623.3628580630511,624.6294540263666,227.25,20,23.6931,10000,last,0,runs/spec_offline/mopo_hopper_seed0/r_spec_obsadv_hopper_eval.json
offline,MOPO,MOPO,theta_o,spec_obsadv_hopper,obs_rel_0.05,0,0,857.3454,106.61890204977817,654.2729182423395,660.7422970682778,245.15,20,26.9656,10000,last,0,runs/spec_offline/mopo_hopper_seed0/r_spec_obsadv_hopper_eval.json
offline,MOPO,MOPO,theta_o,spec_obsadv_hopper,obs_rel_0.10,0,1,853.0423,124.60465443790522,664.6476338018448,666.901967937974,246.3,20,26.8334,10000,last,0,runs/spec_offline/mopo_hopper_seed0/r_spec_obsadv_hopper_eval.json
offline,MOPO,MOPO,theta_o,spec_obsadv_hopper,obs_bias_0.05,0,0,1463.1370,1160.5136444539473,287.85664378802755,462.9921514428139,428.3,20,45.5792,10000,last,0,runs/spec_offline/mopo_hopper_seed0/r_spec_obsadv_hopper_eval.json
offline,MOPO,MOPO,theta_o,spec_obsadv_hopper,obs_gauss_0.05,0,0,932.4916,346.45192808184527,640.407333890957,641.8443756670141,270.4,20,29.2746,10000,last,0,runs/spec_offline/mopo_hopper_seed0/r_spec_obsadv_hopper_eval.json
offline,MOPO,MOPO,theta_o,spec_obsadv_hopper,obs_gauss_0.10,0,1,779.1680,146.03163402458108,613.3357510409061,621.3388237528904,233.75,20,24.5636,10000,last,0,runs/spec_offline/mopo_hopper_seed0/r_spec_obsadv_hopper_eval.json
offline,MOPO,MOPO,theta_o,spec_obsadv_hopper,obs_shift_0.01,0,0,694.4622,10.85869103267114,673.9431036499778,675.1893785249388,211.6,20,21.9609,10000,last,0,runs/spec_offline/mopo_hopper_seed0/r_spec_obsadv_hopper_eval.json
offline,MOPO,MOPO,theta_o,spec_obsadv_hopper,obs_shift_0.02,0,0,659.3921,2.5509861647838745,653.3735734801352,654.8900975450829,201.8,20,20.8833,10000,last,0,runs/spec_offline/mopo_hopper_seed0/r_spec_obsadv_hopper_eval.json
offline,MOPO,MOPO,theta_o,spec_obsadv_hopper,nominal,1,0,1936.2487,629.5971517335196,1232.9450473500688,1233.9793502331963,534.75,20,60.1160,10000,last,0,runs/spec_offline/mopo_hopper_seed1/r_spec_obsadv_hopper_eval.json
offline,MOPO,MOPO,theta_o,spec_obsadv_hopper,obs_uni_0.05,1,0,1469.2330,289.09856695974304,1145.0001616152383,1151.112372971774,399.2,20,45.7665,10000,last,0,runs/spec_offline/mopo_hopper_seed1/r_spec_obsadv_hopper_eval.json
offline,MOPO,MOPO,theta_o,spec_obsadv_hopper,obs_uni_0.10,1,1,1377.4103,370.6674736444447,922.6828730535548,950.5228918285577,369.95,20,42.9452,10000,last,0,runs/spec_offline/mopo_hopper_seed1/r_spec_obsadv_hopper_eval.json
offline,MOPO,MOPO,theta_o,spec_obsadv_hopper,obs_uni_0.15,1,0,1124.3278,305.9538798870086,722.5827781320935,766.0564007726367,316.05,20,35.1689,10000,last,0,runs/spec_offline/mopo_hopper_seed1/r_spec_obsadv_hopper_eval.json
offline,MOPO,MOPO,theta_o,spec_obsadv_hopper,obs_rel_0.05,1,0,1629.1480,550.8287641401806,1221.2043943776146,1224.1772697840975,442.75,20,50.6801,10000,last,0,runs/spec_offline/mopo_hopper_seed1/r_spec_obsadv_hopper_eval.json
offline,MOPO,MOPO,theta_o,spec_obsadv_hopper,obs_rel_0.10,1,1,1464.9691,312.4407971686603,987.5315983558372,995.9600674759033,393.45,20,45.6355,10000,last,0,runs/spec_offline/mopo_hopper_seed1/r_spec_obsadv_hopper_eval.json
offline,MOPO,MOPO,theta_o,spec_obsadv_hopper,obs_bias_0.05,1,0,2002.2854,956.162554885999,713.3231869775028,788.4907603375307,564.3,20,62.1451,10000,last,0,runs/spec_offline/mopo_hopper_seed1/r_spec_obsadv_hopper_eval.json
offline,MOPO,MOPO,theta_o,spec_obsadv_hopper,obs_gauss_0.05,1,0,1479.2601,614.0597606658757,701.7950286427074,827.524472564013,397.45,20,46.0746,10000,last,0,runs/spec_offline/mopo_hopper_seed1/r_spec_obsadv_hopper_eval.json
offline,MOPO,MOPO,theta_o,spec_obsadv_hopper,obs_gauss_0.10,1,1,980.8635,210.2235076930245,656.2809678317187,666.747006629148,278.65,20,30.7609,10000,last,0,runs/spec_offline/mopo_hopper_seed1/r_spec_obsadv_hopper_eval.json
offline,MOPO,MOPO,theta_o,spec_obsadv_hopper,obs_shift_0.01,1,0,1327.3027,89.59589550823155,1266.9806097806231,1270.1750307889006,368.5,20,41.4056,10000,last,0,runs/spec_offline/mopo_hopper_seed1/r_spec_obsadv_hopper_eval.json
offline,MOPO,MOPO,theta_o,spec_obsadv_hopper,obs_shift_0.02,1,0,1338.7352,52.614141461947575,1231.8162376677653,1259.1509412430999,351.35,20,41.7568,10000,last,0,runs/spec_offline/mopo_hopper_seed1/r_spec_obsadv_hopper_eval.json
offline,MOPO,MOPO,theta_o,spec_obsadv_hopper,nominal,2,0,2497.3891,826.0313166804278,1669.8797347682155,1669.8975904904137,679.8,20,77.3577,10000,last,0,runs/spec_offline/mopo_hopper_seed2/r_spec_obsadv_hopper_eval.json
offline,MOPO,MOPO,theta_o,spec_obsadv_hopper,obs_uni_0.05,2,0,2456.8017,1019.654372091562,1002.7120527181115,1015.88836869487,668.5,20,76.1106,10000,last,0,runs/spec_offline/mopo_hopper_seed2/r_spec_obsadv_hopper_eval.json
offline,MOPO,MOPO,theta_o,spec_obsadv_hopper,obs_uni_0.10,2,1,1151.7595,520.1694841231732,573.6241970092042,577.4830385735215,322.45,20,36.0118,10000,last,0,runs/spec_offline/mopo_hopper_seed2/r_spec_obsadv_hopper_eval.json
offline,MOPO,MOPO,theta_o,spec_obsadv_hopper,obs_uni_0.15,2,0,773.8037,443.8692407768099,23.621578270914856,25.222415672390415,232.4,20,24.3987,10000,last,0,runs/spec_offline/mopo_hopper_seed2/r_spec_obsadv_hopper_eval.json
offline,MOPO,MOPO,theta_o,spec_obsadv_hopper,obs_rel_0.05,2,0,2856.8293,751.2458664299814,1560.5880303528986,1728.3417183771571,774.95,20,88.4018,10000,last,0,runs/spec_offline/mopo_hopper_seed2/r_spec_obsadv_hopper_eval.json
offline,MOPO,MOPO,theta_o,spec_obsadv_hopper,obs_rel_0.10,2,1,2121.1956,914.0130744929617,963.6930214080786,1003.2761522745848,565.5,20,65.7987,10000,last,0,runs/spec_offline/mopo_hopper_seed2/r_spec_obsadv_hopper_eval.json
offline,MOPO,MOPO,theta_o,spec_obsadv_hopper,obs_bias_0.05,2,0,2318.8576,1375.5354186980967,22.09031461843782,140.35155633607008,659.35,20,71.8721,10000,last,0,runs/spec_offline/mopo_hopper_seed2/r_spec_obsadv_hopper_eval.json
offline,MOPO,MOPO,theta_o,spec_obsadv_hopper,obs_gauss_0.05,2,0,1324.7954,363.2510960032422,758.2582960213456,863.5491548983035,359.3,20,41.3285,10000,last,0,runs/spec_offline/mopo_hopper_seed2/r_spec_obsadv_hopper_eval.json
offline,MOPO,MOPO,theta_o,spec_obsadv_hopper,obs_gauss_0.10,2,1,744.3130,273.2635733142944,27.00818173124066,94.36010836553415,224.6,20,23.4926,10000,last,0,runs/spec_offline/mopo_hopper_seed2/r_spec_obsadv_hopper_eval.json
offline,MOPO,MOPO,theta_o,spec_obsadv_hopper,obs_shift_0.01,2,0,3273.6600,681.946138777585,1393.59830188825,1439.4560378153146,885.3,20,101.2094,10000,last,0,runs/spec_offline/mopo_hopper_seed2/r_spec_obsadv_hopper_eval.json
offline,MOPO,MOPO,theta_o,spec_obsadv_hopper,obs_shift_0.02,2,0,2703.8551,496.70067421895317,1571.7373512620318,1973.0295209579695,716.55,20,83.7015,10000,last,0,runs/spec_offline/mopo_hopper_seed2/r_spec_obsadv_hopper_eval.json
offline,MOPO,MOPO,theta_o,spec_obsadv_hopper,nominal,3407,0,41.9439,1.1639120666888536,39.114548571878544,40.06287714244475,28.35,20,1.9116,10000,last,0,runs/spec_offline/mopo_hopper_seed3407/r_spec_obsadv_hopper_eval.json
offline,MOPO,MOPO,theta_o,spec_obsadv_hopper,obs_uni_0.05,3407,0,41.4044,1.4414081870593676,38.83135647305287,38.926138270317324,28.1,20,1.8950,10000,last,0,runs/spec_offline/mopo_hopper_seed3407/r_spec_obsadv_hopper_eval.json
offline,MOPO,MOPO,theta_o,spec_obsadv_hopper,obs_uni_0.10,3407,1,40.7248,2.338398435585349,36.610184026806586,36.680051161403675,27.85,20,1.8741,10000,last,0,runs/spec_offline/mopo_hopper_seed3407/r_spec_obsadv_hopper_eval.json
offline,MOPO,MOPO,theta_o,spec_obsadv_hopper,obs_uni_0.15,3407,0,38.3029,5.897235700632119,22.97530986302699,23.57089256949857,26.75,20,1.7997,10000,last,0,runs/spec_offline/mopo_hopper_seed3407/r_spec_obsadv_hopper_eval.json
offline,MOPO,MOPO,theta_o,spec_obsadv_hopper,obs_rel_0.05,3407,0,41.4290,1.4955256653898072,37.69820925377185,38.28461040471939,28.15,20,1.8958,10000,last,0,runs/spec_offline/mopo_hopper_seed3407/r_spec_obsadv_hopper_eval.json
offline,MOPO,MOPO,theta_o,spec_obsadv_hopper,obs_rel_0.10,3407,1,35.6506,8.792987872745973,14.751875936157727,16.820794759554055,25.45,20,1.7182,10000,last,0,runs/spec_offline/mopo_hopper_seed3407/r_spec_obsadv_hopper_eval.json
offline,MOPO,MOPO,theta_o,spec_obsadv_hopper,obs_bias_0.05,3407,0,40.7385,3.225863372545197,34.842377305464595,35.72411284503363,27.8,20,1.8745,10000,last,0,runs/spec_offline/mopo_hopper_seed3407/r_spec_obsadv_hopper_eval.json
offline,MOPO,MOPO,theta_o,spec_obsadv_hopper,obs_gauss_0.05,3407,0,40.9865,2.1082530817733383,37.02645272996105,37.921181542011,27.95,20,1.8822,10000,last,0,runs/spec_offline/mopo_hopper_seed3407/r_spec_obsadv_hopper_eval.json
offline,MOPO,MOPO,theta_o,spec_obsadv_hopper,obs_gauss_0.10,3407,1,32.6931,9.772820893317045,13.390897870160657,16.05053741971446,23.95,20,1.6273,10000,last,0,runs/spec_offline/mopo_hopper_seed3407/r_spec_obsadv_hopper_eval.json
offline,MOPO,MOPO,theta_o,spec_obsadv_hopper,obs_shift_0.01,3407,0,40.1850,1.2133854650151825,37.14509301076092,38.13705393614707,27.4,20,1.8575,10000,last,0,runs/spec_offline/mopo_hopper_seed3407/r_spec_obsadv_hopper_eval.json
offline,MOPO,MOPO,theta_o,spec_obsadv_hopper,obs_shift_0.02,3407,0,38.2424,1.2236103849027453,35.22801475034184,36.202701669026524,26.4,20,1.7979,10000,last,0,runs/spec_offline/mopo_hopper_seed3407/r_spec_obsadv_hopper_eval.json
offline,MOPO,MOPO,theta_o,spec_obsadv_hopper,nominal,42,0,7.8106,0.06671463937944634,7.683559898085355,7.69230949769339,11.0,20,0.8628,10000,last,0,runs/spec_offline/mopo_hopper_seed42/r_spec_obsadv_hopper_eval.json
offline,MOPO,MOPO,theta_o,spec_obsadv_hopper,obs_uni_0.05,42,0,7.8660,0.27193037601596765,7.658234560121755,7.660260030930459,11.05,20,0.8645,10000,last,0,runs/spec_offline/mopo_hopper_seed42/r_spec_obsadv_hopper_eval.json
offline,MOPO,MOPO,theta_o,spec_obsadv_hopper,obs_uni_0.10,42,1,8.0373,0.9114268971033547,6.813347848766647,6.8255474401644385,11.1,20,0.8698,10000,last,0,runs/spec_offline/mopo_hopper_seed42/r_spec_obsadv_hopper_eval.json
offline,MOPO,MOPO,theta_o,spec_obsadv_hopper,obs_uni_0.15,42,0,8.5833,1.2849882659162741,6.700903603951932,7.078435742782497,11.5,20,0.8865,10000,last,0,runs/spec_offline/mopo_hopper_seed42/r_spec_obsadv_hopper_eval.json
offline,MOPO,MOPO,theta_o,spec_obsadv_hopper,obs_rel_0.05,42,0,7.8337,0.27994789928822505,6.943190430198857,7.21125519255572,10.95,20,0.8635,10000,last,0,runs/spec_offline/mopo_hopper_seed42/r_spec_obsadv_hopper_eval.json
offline,MOPO,MOPO,theta_o,spec_obsadv_hopper,obs_rel_0.10,42,1,8.8036,1.2214574825878022,7.457375658874826,7.55646488248415,11.7,20,0.8933,10000,last,0,runs/spec_offline/mopo_hopper_seed42/r_spec_obsadv_hopper_eval.json
offline,MOPO,MOPO,theta_o,spec_obsadv_hopper,obs_bias_0.05,42,0,7.7924,0.3114390306449623,6.811163463847164,6.9836423707004744,10.9,20,0.8622,10000,last,0,runs/spec_offline/mopo_hopper_seed42/r_spec_obsadv_hopper_eval.json
offline,MOPO,MOPO,theta_o,spec_obsadv_hopper,obs_gauss_0.05,42,0,8.0420,0.6612945205389871,6.921466513127528,7.013529558770484,11.0,20,0.8699,10000,last,0,runs/spec_offline/mopo_hopper_seed42/r_spec_obsadv_hopper_eval.json
offline,MOPO,MOPO,theta_o,spec_obsadv_hopper,obs_gauss_0.10,42,1,9.7971,2.1434720230638558,7.011497325318732,7.109602008026858,12.45,20,0.9238,10000,last,0,runs/spec_offline/mopo_hopper_seed42/r_spec_obsadv_hopper_eval.json
offline,MOPO,MOPO,theta_o,spec_obsadv_hopper,obs_shift_0.01,42,0,7.8791,0.07103726711677442,7.744243669140449,7.753163601621479,11.0,20,0.8649,10000,last,0,runs/spec_offline/mopo_hopper_seed42/r_spec_obsadv_hopper_eval.json
offline,MOPO,MOPO,theta_o,spec_obsadv_hopper,obs_shift_0.02,42,0,7.9397,0.06912122799861396,7.808057508364235,7.828049116128241,11.0,20,0.8668,10000,last,0,runs/spec_offline/mopo_hopper_seed42/r_spec_obsadv_hopper_eval.json
offline,MOPO,MOPO,theta_o,spec_obsadv_mad_hopper,nominal,0,0,908.4532,16.596098064316298,888.1943171721542,890.6209245331589,,20,28.5360,10000,,0,runs/spec_offline/mopo_hopper_seed0/r_spec_obsadv_mad_hopper_eval.json
offline,MOPO,MOPO,theta_o,spec_obsadv_mad_hopper,mad_0.02,0,1,795.3171,128.04909102243485,645.4299154025043,653.3166856418372,,20,25.0597,10000,,0,runs/spec_offline/mopo_hopper_seed0/r_spec_obsadv_mad_hopper_eval.json
offline,MOPO,MOPO,theta_o,spec_obsadv_mad_hopper,mad_0.035,0,0,749.9726,205.903281273461,293.87634028086495,500.77598399855424,,20,23.6665,10000,,0,runs/spec_offline/mopo_hopper_seed0/r_spec_obsadv_mad_hopper_eval.json
offline,MOPO,MOPO,theta_o,spec_obsadv_mad_hopper,mad_0.05,0,1,762.8584,392.6045722679908,280.5879678464497,363.2340807884025,,20,24.0624,10000,,0,runs/spec_offline/mopo_hopper_seed0/r_spec_obsadv_mad_hopper_eval.json
offline,MOPO,MOPO,theta_o,spec_obsadv_mad_hopper,mad_0.075,0,0,746.8240,371.19082405695326,256.20897480087655,326.8564007313551,,20,23.5697,10000,,0,runs/spec_offline/mopo_hopper_seed0/r_spec_obsadv_mad_hopper_eval.json
offline,MOPO,MOPO,theta_o,spec_obsadv_mad_hopper,mad_0.10,0,0,480.9029,169.15052177831151,243.1835107606489,268.7403536231624,,20,15.3991,10000,,0,runs/spec_offline/mopo_hopper_seed0/r_spec_obsadv_mad_hopper_eval.json
offline,MOPO,MOPO,theta_o,spec_obsadv_mad_hopper,nominal,1,0,1936.2487,629.5971517335196,1232.9450473500688,1243.6784067317237,,20,60.1160,10000,,0,runs/spec_offline/mopo_hopper_seed1/r_spec_obsadv_mad_hopper_eval.json
offline,MOPO,MOPO,theta_o,spec_obsadv_mad_hopper,mad_0.02,1,1,1454.0857,458.69452974542673,999.8108157822296,1114.086192376185,,20,45.3011,10000,,0,runs/spec_offline/mopo_hopper_seed1/r_spec_obsadv_mad_hopper_eval.json
offline,MOPO,MOPO,theta_o,spec_obsadv_mad_hopper,mad_0.035,1,0,1234.5629,465.6953908122969,897.9533368295132,945.3902376156523,,20,38.5560,10000,,0,runs/spec_offline/mopo_hopper_seed1/r_spec_obsadv_mad_hopper_eval.json
offline,MOPO,MOPO,theta_o,spec_obsadv_mad_hopper,mad_0.05,1,1,980.2177,218.56047742128808,736.9048394910564,799.8411832496673,,20,30.7410,10000,,0,runs/spec_offline/mopo_hopper_seed1/r_spec_obsadv_mad_hopper_eval.json
offline,MOPO,MOPO,theta_o,spec_obsadv_mad_hopper,mad_0.075,1,0,549.9272,359.25126830659474,16.17359537995148,21.066744358284048,,20,17.5199,10000,,0,runs/spec_offline/mopo_hopper_seed1/r_spec_obsadv_mad_hopper_eval.json
offline,MOPO,MOPO,theta_o,spec_obsadv_mad_hopper,mad_0.10,1,0,374.4390,320.70843418892173,17.132776954720217,20.2841384514138,,20,12.1278,10000,,0,runs/spec_offline/mopo_hopper_seed1/r_spec_obsadv_mad_hopper_eval.json
offline,MOPO,MOPO,theta_o,spec_obsadv_mad_hopper,nominal,2,0,2497.3891,826.0313166804278,1669.8797347682155,1690.3399073623427,,20,77.3577,10000,,0,runs/spec_offline/mopo_hopper_seed2/r_spec_obsadv_mad_hopper_eval.json
offline,MOPO,MOPO,theta_o,spec_obsadv_mad_hopper,mad_0.02,2,1,1577.5271,669.6477321973554,994.7692618088327,1036.2038450896505,,20,49.0940,10000,,0,runs/spec_offline/mopo_hopper_seed2/r_spec_obsadv_mad_hopper_eval.json
offline,MOPO,MOPO,theta_o,spec_obsadv_mad_hopper,mad_0.035,2,0,1085.1869,299.424328407148,763.854591676161,767.5601312194697,,20,33.9663,10000,,0,runs/spec_offline/mopo_hopper_seed2/r_spec_obsadv_mad_hopper_eval.json
offline,MOPO,MOPO,theta_o,spec_obsadv_mad_hopper,mad_0.05,2,1,721.9218,291.67233567529286,20.22544142595439,354.650225608745,,20,22.8046,10000,,0,runs/spec_offline/mopo_hopper_seed2/r_spec_obsadv_mad_hopper_eval.json
offline,MOPO,MOPO,theta_o,spec_obsadv_mad_hopper,mad_0.075,2,0,501.0087,305.8877255711725,15.625295499222403,80.98712908003952,,20,16.0168,10000,,0,runs/spec_offline/mopo_hopper_seed2/r_spec_obsadv_mad_hopper_eval.json
offline,MOPO,MOPO,theta_o,spec_obsadv_mad_hopper,mad_0.10,2,0,246.8109,218.87666128634694,17.466895923380367,20.20902199115067,,20,8.2063,10000,,0,runs/spec_offline/mopo_hopper_seed2/r_spec_obsadv_mad_hopper_eval.json
offline,MOPO,MOPO,theta_o,spec_obsadv_mad_hopper,nominal,3407,0,41.9439,1.1639120666888536,39.114548571878544,40.67164827871405,,20,1.9116,10000,,0,runs/spec_offline/mopo_hopper_seed3407/r_spec_obsadv_mad_hopper_eval.json
offline,MOPO,MOPO,theta_o,spec_obsadv_mad_hopper,mad_0.02,3407,1,40.8004,1.6023866515436356,36.729644460758045,38.561769093488934,,20,1.8765,10000,,0,runs/spec_offline/mopo_hopper_seed3407/r_spec_obsadv_mad_hopper_eval.json
offline,MOPO,MOPO,theta_o,spec_obsadv_mad_hopper,mad_0.035,3407,0,40.2599,2.439392975965819,34.567727370646,37.24071436946326,,20,1.8598,10000,,0,runs/spec_offline/mopo_hopper_seed3407/r_spec_obsadv_mad_hopper_eval.json
offline,MOPO,MOPO,theta_o,spec_obsadv_mad_hopper,mad_0.05,3407,1,35.0716,7.115650952604243,18.848647226657352,23.936277701556406,,20,1.7004,10000,,0,runs/spec_offline/mopo_hopper_seed3407/r_spec_obsadv_mad_hopper_eval.json
offline,MOPO,MOPO,theta_o,spec_obsadv_mad_hopper,mad_0.075,3407,0,30.6947,8.650655646854268,14.7315651891894,19.61480720621773,,20,1.5659,10000,,0,runs/spec_offline/mopo_hopper_seed3407/r_spec_obsadv_mad_hopper_eval.json
offline,MOPO,MOPO,theta_o,spec_obsadv_mad_hopper,mad_0.10,3407,0,35.3820,39.13974476248857,13.620421836241183,14.845247410572057,,20,1.7100,10000,,0,runs/spec_offline/mopo_hopper_seed3407/r_spec_obsadv_mad_hopper_eval.json
offline,MOPO,MOPO,theta_o,spec_obsadv_mad_hopper,nominal,42,0,7.8106,0.06671463937944634,7.683559898085355,7.727579597229267,,20,0.8628,10000,,0,runs/spec_offline/mopo_hopper_seed42/r_spec_obsadv_mad_hopper_eval.json
offline,MOPO,MOPO,theta_o,spec_obsadv_mad_hopper,mad_0.02,42,1,7.7138,0.49280786723587583,6.909717518861539,7.00176392586783,,20,0.8598,10000,,0,runs/spec_offline/mopo_hopper_seed42/r_spec_obsadv_mad_hopper_eval.json
offline,MOPO,MOPO,theta_o,spec_obsadv_mad_hopper,mad_0.035,42,0,9.3937,1.9431643770158633,6.921434741486331,7.321441041317881,,20,0.9114,10000,,0,runs/spec_offline/mopo_hopper_seed42/r_spec_obsadv_mad_hopper_eval.json
offline,MOPO,MOPO,theta_o,spec_obsadv_mad_hopper,mad_0.05,42,1,9.7166,2.1201032967617115,7.137547215423904,7.627444409232726,,20,0.9214,10000,,0,runs/spec_offline/mopo_hopper_seed42/r_spec_obsadv_mad_hopper_eval.json
offline,MOPO,MOPO,theta_o,spec_obsadv_mad_hopper,mad_0.075,42,0,10.4504,2.722286375190511,7.356169565250936,8.138351806981827,,20,0.9439,10000,,0,runs/spec_offline/mopo_hopper_seed42/r_spec_obsadv_mad_hopper_eval.json
offline,MOPO,MOPO,theta_o,spec_obsadv_mad_hopper,mad_0.10,42,0,37.0911,82.78050304256539,8.033489213876038,8.636962963935568,,20,1.7625,10000,,0,runs/spec_offline/mopo_hopper_seed42/r_spec_obsadv_mad_hopper_eval.json
offline,MOPO,MOPO,theta_a,spec_action_hopper,nominal,0,0,908.4532,16.596098064316298,888.1943171721542,888.7301793534804,255.05,20,28.5360,10000,last,0,runs/spec_offline/mopo_hopper_seed0/r_spec_action_hopper_eval.json
offline,MOPO,MOPO,theta_a,spec_action_hopper,act_gauss_0.05,0,0,704.4044,59.238339715783255,641.4985867981432,642.1348442250929,214.65,20,22.2664,10000,last,0,runs/spec_offline/mopo_hopper_seed0/r_spec_action_hopper_eval.json
offline,MOPO,MOPO,theta_a,spec_action_hopper,act_gauss_0.10,0,1,640.3485,26.49722080124468,620.0269252737394,621.7998273917094,200.0,20,20.2982,10000,last,0,runs/spec_offline/mopo_hopper_seed0/r_spec_action_hopper_eval.json
offline,MOPO,MOPO,theta_a,spec_action_hopper,act_gauss_0.20,0,0,626.5717,13.292098704548442,603.0215760103495,604.9969948823255,195.0,20,19.8749,10000,last,0,runs/spec_offline/mopo_hopper_seed0/r_spec_action_hopper_eval.json
offline,MOPO,MOPO,theta_a,spec_action_hopper,act_uni_0.10,0,1,700.5884,68.1076994739845,634.1856505463699,634.6136406006701,213.85,20,22.1491,10000,last,0,runs/spec_offline/mopo_hopper_seed0/r_spec_action_hopper_eval.json
offline,MOPO,MOPO,theta_a,spec_action_hopper,act_offset_0.05,0,1,620.8183,2.22626308937543,616.3000192008948,617.0264734465342,195.5,20,19.6981,10000,last,0,runs/spec_offline/mopo_hopper_seed0/r_spec_action_hopper_eval.json
offline,MOPO,MOPO,theta_a,spec_action_hopper,act_oppose_0.10,0,1,625.9557,2.5890803092283594,622.5680993576556,622.8340885940333,196.1,20,19.8559,10000,last,0,runs/spec_offline/mopo_hopper_seed0/r_spec_action_hopper_eval.json
offline,MOPO,MOPO,theta_a,spec_action_hopper,act_oppose_0.20,0,0,288.5155,1.4685112680004917,285.48937078554553,285.5444972029379,112.2,20,9.4878,10000,last,0,runs/spec_offline/mopo_hopper_seed0/r_spec_action_hopper_eval.json
offline,MOPO,MOPO,theta_a,spec_action_hopper,cmd_gauss_0.20,0,0,626.5717,13.292098704548442,603.0215760103495,604.9969948823255,195.0,20,19.8749,10000,last,0,runs/spec_offline/mopo_hopper_seed0/r_spec_action_hopper_eval.json
offline,MOPO,MOPO,theta_a,spec_action_hopper,cmd_oppose_0.20,0,1,288.5155,1.4685112680004917,285.48937078554553,285.5444972029379,112.2,20,9.4878,10000,last,0,runs/spec_offline/mopo_hopper_seed0/r_spec_action_hopper_eval.json
offline,MOPO,MOPO,theta_a,spec_action_hopper,nominal,1,0,1936.2487,629.5971517335196,1232.9450473500688,1233.9793502331963,534.75,20,60.1160,10000,last,0,runs/spec_offline/mopo_hopper_seed1/r_spec_action_hopper_eval.json
offline,MOPO,MOPO,theta_a,spec_action_hopper,act_gauss_0.05,1,0,1489.1114,402.6668602147587,1246.3404796506761,1249.1558650932648,409.85,20,46.3773,10000,last,0,runs/spec_offline/mopo_hopper_seed1/r_spec_action_hopper_eval.json
offline,MOPO,MOPO,theta_a,spec_action_hopper,act_gauss_0.10,1,1,1323.0571,111.34250173737703,1169.4069596731763,1180.0736432417705,356.7,20,41.2751,10000,last,0,runs/spec_offline/mopo_hopper_seed1/r_spec_action_hopper_eval.json
offline,MOPO,MOPO,theta_a,spec_action_hopper,act_gauss_0.20,1,0,1176.3835,240.4441462065552,925.0877951301292,935.8770783511785,330.45,20,36.7684,10000,last,0,runs/spec_offline/mopo_hopper_seed1/r_spec_action_hopper_eval.json
offline,MOPO,MOPO,theta_a,spec_action_hopper,act_uni_0.10,1,1,1558.2903,355.10614240610636,1249.577883819236,1249.833122425535,424.25,20,48.5029,10000,last,0,runs/spec_offline/mopo_hopper_seed1/r_spec_action_hopper_eval.json
offline,MOPO,MOPO,theta_a,spec_action_hopper,act_offset_0.05,1,1,1097.2451,58.429285044097746,970.3554410847615,970.9167321643987,303.6,20,34.3368,10000,last,0,runs/spec_offline/mopo_hopper_seed1/r_spec_action_hopper_eval.json
offline,MOPO,MOPO,theta_a,spec_action_hopper,act_oppose_0.10,1,1,970.1210,7.439941132019793,958.7251143875968,958.805181189088,277.05,20,30.4308,10000,last,0,runs/spec_offline/mopo_hopper_seed1/r_spec_action_hopper_eval.json
offline,MOPO,MOPO,theta_a,spec_action_hopper,act_oppose_0.20,1,0,798.9859,15.56891237692867,762.0549367865647,770.6989988875291,246.3,20,25.1725,10000,last,0,runs/spec_offline/mopo_hopper_seed1/r_spec_action_hopper_eval.json
offline,MOPO,MOPO,theta_a,spec_action_hopper,cmd_gauss_0.20,1,0,1176.3835,240.4441462065552,925.0877951301292,935.8770783511785,330.45,20,36.7684,10000,last,0,runs/spec_offline/mopo_hopper_seed1/r_spec_action_hopper_eval.json
offline,MOPO,MOPO,theta_a,spec_action_hopper,cmd_oppose_0.20,1,1,798.9859,15.56891237692867,762.0549367865647,770.6989988875291,246.3,20,25.1725,10000,last,0,runs/spec_offline/mopo_hopper_seed1/r_spec_action_hopper_eval.json
offline,MOPO,MOPO,theta_a,spec_action_hopper,nominal,2,0,2497.3891,826.0313166804278,1669.8797347682155,1669.8975904904137,679.8,20,77.3577,10000,last,0,runs/spec_offline/mopo_hopper_seed2/r_spec_action_hopper_eval.json
offline,MOPO,MOPO,theta_a,spec_action_hopper,act_gauss_0.05,2,0,3369.0669,422.79032338602366,1842.945569436653,2323.967351479161,932.9,20,104.1409,10000,last,0,runs/spec_offline/mopo_hopper_seed2/r_spec_action_hopper_eval.json
offline,MOPO,MOPO,theta_a,spec_action_hopper,act_gauss_0.10,2,1,2176.8134,840.795818945137,1296.0704653434311,1298.9343282053587,587.65,20,67.5076,10000,last,0,runs/spec_offline/mopo_hopper_seed2/r_spec_action_hopper_eval.json
offline,MOPO,MOPO,theta_a,spec_action_hopper,act_gauss_0.20,2,0,969.6258,429.48944093557157,565.6008462434531,566.688249803085,284.05,20,30.4156,10000,last,0,runs/spec_offline/mopo_hopper_seed2/r_spec_action_hopper_eval.json
offline,MOPO,MOPO,theta_a,spec_action_hopper,act_uni_0.10,2,1,3118.1913,682.8563125541814,1327.8149155146457,1615.5417262614774,854.9,20,96.4324,10000,last,0,runs/spec_offline/mopo_hopper_seed2/r_spec_action_hopper_eval.json
offline,MOPO,MOPO,theta_a,spec_action_hopper,act_offset_0.05,2,1,1134.1786,118.51865156994613,1043.5247577489693,1043.8691282636055,319.05,20,35.4716,10000,last,0,runs/spec_offline/mopo_hopper_seed2/r_spec_action_hopper_eval.json
offline,MOPO,MOPO,theta_a,spec_action_hopper,act_oppose_0.10,2,1,923.0355,56.4553741467201,741.5554004088636,808.4700849775803,269.05,20,28.9840,10000,last,0,runs/spec_offline/mopo_hopper_seed2/r_spec_action_hopper_eval.json
offline,MOPO,MOPO,theta_a,spec_action_hopper,act_oppose_0.20,2,0,428.1191,1.7020477992731375,424.9758072438175,425.0571504910064,152.9,20,13.7772,10000,last,0,runs/spec_offline/mopo_hopper_seed2/r_spec_action_hopper_eval.json
offline,MOPO,MOPO,theta_a,spec_action_hopper,cmd_gauss_0.20,2,0,969.6258,429.48944093557157,565.6008462434531,566.688249803085,284.05,20,30.4156,10000,last,0,runs/spec_offline/mopo_hopper_seed2/r_spec_action_hopper_eval.json
offline,MOPO,MOPO,theta_a,spec_action_hopper,cmd_oppose_0.20,2,1,428.1191,1.7020477992731375,424.9758072438175,425.0571504910064,152.9,20,13.7772,10000,last,0,runs/spec_offline/mopo_hopper_seed2/r_spec_action_hopper_eval.json
offline,MOPO,MOPO,theta_a,spec_action_hopper,nominal,3407,0,41.9439,1.1639120666888536,39.114548571878544,40.06287714244475,28.35,20,1.9116,10000,last,0,runs/spec_offline/mopo_hopper_seed3407/r_spec_action_hopper_eval.json
offline,MOPO,MOPO,theta_a,spec_action_hopper,act_gauss_0.05,3407,0,41.7689,1.267013640018128,39.0731043142149,39.1037206158574,28.25,20,1.9062,10000,last,0,runs/spec_offline/mopo_hopper_seed3407/r_spec_action_hopper_eval.json
offline,MOPO,MOPO,theta_a,spec_action_hopper,act_gauss_0.10,3407,1,41.8200,1.6760683576911448,37.078432976965956,38.0911428551985,28.3,20,1.9078,10000,last,0,runs/spec_offline/mopo_hopper_seed3407/r_spec_action_hopper_eval.json
offline,MOPO,MOPO,theta_a,spec_action_hopper,act_gauss_0.20,3407,0,41.2090,4.166108986560997,24.564144312126295,31.738266732096726,28.05,20,1.8890,10000,last,0,runs/spec_offline/mopo_hopper_seed3407/r_spec_action_hopper_eval.json
offline,MOPO,MOPO,theta_a,spec_action_hopper,act_uni_0.10,3407,1,41.9314,1.175042242879376,39.047935953293276,39.99547012529044,28.35,20,1.9112,10000,last,0,runs/spec_offline/mopo_hopper_seed3407/r_spec_action_hopper_eval.json
offline,MOPO,MOPO,theta_a,spec_action_hopper,act_offset_0.05,3407,1,42.6755,1.1538674513858203,40.877389710444405,41.036169618705955,28.7,20,1.9341,10000,last,0,runs/spec_offline/mopo_hopper_seed3407/r_spec_action_hopper_eval.json
offline,MOPO,MOPO,theta_a,spec_action_hopper,act_oppose_0.10,3407,1,41.4952,1.199716075999747,38.94786923062135,39.037914715516905,28.2,20,1.8978,10000,last,0,runs/spec_offline/mopo_hopper_seed3407/r_spec_action_hopper_eval.json
offline,MOPO,MOPO,theta_a,spec_action_hopper,act_oppose_0.20,3407,0,41.3865,1.3169943721619073,38.650753814279504,38.74016008926142,28.3,20,1.8945,10000,last,0,runs/spec_offline/mopo_hopper_seed3407/r_spec_action_hopper_eval.json
offline,MOPO,MOPO,theta_a,spec_action_hopper,cmd_gauss_0.20,3407,0,41.2090,4.166108986560997,24.564144312126295,31.738266732096726,28.05,20,1.8890,10000,last,0,runs/spec_offline/mopo_hopper_seed3407/r_spec_action_hopper_eval.json
offline,MOPO,MOPO,theta_a,spec_action_hopper,cmd_oppose_0.20,3407,1,41.3865,1.3169943721619073,38.650753814279504,38.74016008926142,28.3,20,1.8945,10000,last,0,runs/spec_offline/mopo_hopper_seed3407/r_spec_action_hopper_eval.json
offline,MOPO,MOPO,theta_a,spec_action_hopper,nominal,42,0,7.8106,0.06671463937944634,7.683559898085355,7.69230949769339,11.0,20,0.8628,10000,last,0,runs/spec_offline/mopo_hopper_seed42/r_spec_action_hopper_eval.json
offline,MOPO,MOPO,theta_a,spec_action_hopper,act_gauss_0.05,42,0,7.8490,0.10254068198128154,7.661748014759658,7.689146697680397,11.0,20,0.8640,10000,last,0,runs/spec_offline/mopo_hopper_seed42/r_spec_action_hopper_eval.json
offline,MOPO,MOPO,theta_a,spec_action_hopper,act_gauss_0.10,42,1,7.8666,0.2671349503457401,6.94073613206111,7.283732611168287,10.95,20,0.8645,10000,last,0,runs/spec_offline/mopo_hopper_seed42/r_spec_action_hopper_eval.json
offline,MOPO,MOPO,theta_a,spec_action_hopper,act_gauss_0.20,42,0,8.2676,0.7674969383985442,6.893707283610785,6.894879731670077,11.2,20,0.8768,10000,last,0,runs/spec_offline/mopo_hopper_seed42/r_spec_action_hopper_eval.json
offline,MOPO,MOPO,theta_a,spec_action_hopper,act_uni_0.10,42,1,7.8340,0.10853703339733951,7.604925596441246,7.635509451265284,11.0,20,0.8635,10000,last,0,runs/spec_offline/mopo_hopper_seed42/r_spec_action_hopper_eval.json
offline,MOPO,MOPO,theta_a,spec_action_hopper,act_offset_0.05,42,1,8.1234,0.07111468854307063,8.000613397999295,8.003460368024417,11.0,20,0.8724,10000,last,0,runs/spec_offline/mopo_hopper_seed42/r_spec_action_hopper_eval.json
offline,MOPO,MOPO,theta_a,spec_action_hopper,act_oppose_0.10,42,1,7.9570,0.05984891810123297,7.838951080332877,7.85355623608762,11.0,20,0.8673,10000,last,0,runs/spec_offline/mopo_hopper_seed42/r_spec_action_hopper_eval.json
offline,MOPO,MOPO,theta_a,spec_action_hopper,act_oppose_0.20,42,0,9.0183,0.06758650227064752,8.885691836206236,8.901204475488408,12.0,20,0.8999,10000,last,0,runs/spec_offline/mopo_hopper_seed42/r_spec_action_hopper_eval.json
offline,MOPO,MOPO,theta_a,spec_action_hopper,cmd_gauss_0.20,42,0,8.2676,0.7674969383985442,6.893707283610785,6.894879731670077,11.2,20,0.8768,10000,last,0,runs/spec_offline/mopo_hopper_seed42/r_spec_action_hopper_eval.json
offline,MOPO,MOPO,theta_a,spec_action_hopper,cmd_oppose_0.20,42,1,9.0183,0.06758650227064752,8.885691836206236,8.901204475488408,12.0,20,0.8999,10000,last,0,runs/spec_offline/mopo_hopper_seed42/r_spec_action_hopper_eval.json
offline,MOPO,MOPO,theta_p,spec_transition_hopper,nominal,0,0,908.4532,16.596098064316298,888.1943171721542,888.7301793534804,255.05,20,28.5360,10000,last,0,runs/spec_offline/mopo_hopper_seed0/r_spec_transition_hopper_eval.json
offline,MOPO,MOPO,theta_p,spec_transition_hopper,trans_t1,0,1,856.7318,310.3866096928886,637.0612805557307,638.2771260453333,249.25,20,26.9468,10000,last,0,runs/spec_offline/mopo_hopper_seed0/r_spec_transition_hopper_eval.json
offline,MOPO,MOPO,theta_p,spec_transition_hopper,trans_t2,0,0,808.8469,345.23571329281356,282.2416991936346,367.6099194216093,236.45,20,25.4755,10000,last,0,runs/spec_offline/mopo_hopper_seed0/r_spec_transition_hopper_eval.json
offline,MOPO,MOPO,theta_p,spec_transition_hopper,trans_t3,0,0,788.9262,376.4884993814265,262.6034224863174,265.77441171727435,230.5,20,24.8634,10000,last,0,runs/spec_offline/mopo_hopper_seed0/r_spec_transition_hopper_eval.json
offline,MOPO,MOPO,theta_p,spec_transition_hopper,nominal,1,0,1936.2487,629.5971517335196,1232.9450473500688,1233.9793502331963,534.75,20,60.1160,10000,last,0,runs/spec_offline/mopo_hopper_seed1/r_spec_transition_hopper_eval.json
offline,MOPO,MOPO,theta_p,spec_transition_hopper,trans_t1,1,1,1579.7571,545.557010366452,971.6139965002699,1066.1459059533602,430.1,20,49.1625,10000,last,0,runs/spec_offline/mopo_hopper_seed1/r_spec_transition_hopper_eval.json
offline,MOPO,MOPO,theta_p,spec_transition_hopper,trans_t2,1,0,1317.4144,414.21131727501694,888.6347576660614,894.8318686065061,367.7,20,41.1017,10000,last,0,runs/spec_offline/mopo_hopper_seed1/r_spec_transition_hopper_eval.json
offline,MOPO,MOPO,theta_p,spec_transition_hopper,trans_t3,1,0,1124.1695,513.514678169632,26.232812893659304,269.9557990399445,318.15,20,35.1641,10000,last,0,runs/spec_offline/mopo_hopper_seed1/r_spec_transition_hopper_eval.json
offline,MOPO,MOPO,theta_p,spec_transition_hopper,nominal,2,0,2497.3891,826.0313166804278,1669.8797347682155,1669.8975904904137,679.8,20,77.3577,10000,last,0,runs/spec_offline/mopo_hopper_seed2/r_spec_transition_hopper_eval.json
offline,MOPO,MOPO,theta_p,spec_transition_hopper,trans_t1,2,1,2119.9396,848.0227419394007,1011.4625938874165,1134.4670886086506,572.2,20,65.7601,10000,last,0,runs/spec_offline/mopo_hopper_seed2/r_spec_transition_hopper_eval.json
offline,MOPO,MOPO,theta_p,spec_transition_hopper,trans_t2,2,0,1334.8091,614.256001633136,278.352858753392,416.8548044574891,369.7,20,41.6362,10000,last,0,runs/spec_offline/mopo_hopper_seed2/r_spec_transition_hopper_eval.json
offline,MOPO,MOPO,theta_p,spec_transition_hopper,trans_t3,2,0,945.6324,437.40019435834597,296.5260547069546,406.5586034396664,282.3,20,29.6783,10000,last,0,runs/spec_offline/mopo_hopper_seed2/r_spec_transition_hopper_eval.json
offline,MOPO,MOPO,theta_p,spec_transition_hopper,nominal,3407,0,41.9439,1.1639120666888536,39.114548571878544,40.06287714244475,28.35,20,1.9116,10000,last,0,runs/spec_offline/mopo_hopper_seed3407/r_spec_transition_hopper_eval.json
offline,MOPO,MOPO,theta_p,spec_transition_hopper,trans_t1,3407,1,41.0930,3.6004253807667452,33.948089004177184,35.51131660041541,28.05,20,1.8854,10000,last,0,runs/spec_offline/mopo_hopper_seed3407/r_spec_transition_hopper_eval.json
offline,MOPO,MOPO,theta_p,spec_transition_hopper,trans_t2,3407,0,44.1490,20.128838324628752,30.60189001353631,32.44597378471821,29.15,20,1.9793,10000,last,0,runs/spec_offline/mopo_hopper_seed3407/r_spec_transition_hopper_eval.json
offline,MOPO,MOPO,theta_p,spec_transition_hopper,trans_t3,3407,0,49.7764,39.91601198144307,20.171180949738577,22.811048926759348,30.55,20,2.1522,10000,last,0,runs/spec_offline/mopo_hopper_seed3407/r_spec_transition_hopper_eval.json
offline,MOPO,MOPO,theta_p,spec_transition_hopper,nominal,42,0,7.8106,0.06671463937944634,7.683559898085355,7.69230949769339,11.0,20,0.8628,10000,last,0,runs/spec_offline/mopo_hopper_seed42/r_spec_transition_hopper_eval.json
offline,MOPO,MOPO,theta_p,spec_transition_hopper,trans_t1,42,1,7.7657,0.18284191692411614,7.430263096864702,7.431443602348162,11.0,20,0.8614,10000,last,0,runs/spec_offline/mopo_hopper_seed42/r_spec_transition_hopper_eval.json
offline,MOPO,MOPO,theta_p,spec_transition_hopper,trans_t2,42,0,7.6891,0.4009778145185108,6.777750329874694,6.943352585939646,10.95,20,0.8591,10000,last,0,runs/spec_offline/mopo_hopper_seed42/r_spec_transition_hopper_eval.json
offline,MOPO,MOPO,theta_p,spec_transition_hopper,trans_t3,42,0,7.6624,1.1004722591621354,6.443270840814098,6.4797986399840495,10.95,20,0.8583,10000,last,0,runs/spec_offline/mopo_hopper_seed42/r_spec_transition_hopper_eval.json
offline,MOPO,MOPO,theta_p,spec_push_hopper,nominal,0,0,908.4532,16.596098064316298,888.1943171721542,888.7301793534804,255.05,20,28.5360,10000,last,0,runs/spec_offline/mopo_hopper_seed0/r_spec_push_hopper_eval.json
offline,MOPO,MOPO,theta_p,spec_push_hopper,push_30,0,0,793.6378,158.12319432237453,651.6833963859284,652.3739134519681,228.65,20,25.0082,10000,last,0,runs/spec_offline/mopo_hopper_seed0/r_spec_push_hopper_eval.json
offline,MOPO,MOPO,theta_p,spec_push_hopper,push_60,0,1,843.6586,310.05404726563177,429.64843777780686,500.84195223681195,239.45,20,26.5451,10000,last,0,runs/spec_offline/mopo_hopper_seed0/r_spec_push_hopper_eval.json
offline,MOPO,MOPO,theta_p,spec_push_hopper,push_100,0,0,811.4842,449.28704291599615,380.1776418543001,389.56650223518056,236.2,20,25.5565,10000,last,0,runs/spec_offline/mopo_hopper_seed0/r_spec_push_hopper_eval.json
offline,MOPO,MOPO,theta_p,spec_push_hopper,push_150,0,0,700.3182,548.3678786521804,41.29005102588379,154.9444500576041,211.4,20,22.1408,10000,last,0,runs/spec_offline/mopo_hopper_seed0/r_spec_push_hopper_eval.json
offline,MOPO,MOPO,theta_p,spec_push_hopper,nominal,1,0,1936.2487,629.5971517335196,1232.9450473500688,1233.9793502331963,534.75,20,60.1160,10000,last,0,runs/spec_offline/mopo_hopper_seed1/r_spec_push_hopper_eval.json
offline,MOPO,MOPO,theta_p,spec_push_hopper,push_30,1,0,1274.2389,334.38758965977763,923.2627269269361,938.7056516401893,352.05,20,39.7751,10000,last,0,runs/spec_offline/mopo_hopper_seed1/r_spec_push_hopper_eval.json
offline,MOPO,MOPO,theta_p,spec_push_hopper,push_60,1,1,1132.8993,526.2318518406097,637.5008408406253,638.7328142587253,314.75,20,35.4323,10000,last,0,runs/spec_offline/mopo_hopper_seed1/r_spec_push_hopper_eval.json
offline,MOPO,MOPO,theta_p,spec_push_hopper,push_100,1,0,825.7947,532.5189959712771,269.66768329339493,331.26181546341047,246.95,20,25.9962,10000,last,0,runs/spec_offline/mopo_hopper_seed1/r_spec_push_hopper_eval.json
offline,MOPO,MOPO,theta_p,spec_push_hopper,push_150,1,0,697.7551,523.9392916187072,38.35200310770548,137.72361192386674,207.25,20,22.0621,10000,last,0,runs/spec_offline/mopo_hopper_seed1/r_spec_push_hopper_eval.json
offline,MOPO,MOPO,theta_p,spec_push_hopper,nominal,2,0,2497.3891,826.0313166804278,1669.8797347682155,1669.8975904904137,679.8,20,77.3577,10000,last,0,runs/spec_offline/mopo_hopper_seed2/r_spec_push_hopper_eval.json
offline,MOPO,MOPO,theta_p,spec_push_hopper,push_30,2,0,1906.5244,876.8024445918866,770.0708745333595,869.9209396410865,517.8,20,59.2027,10000,last,0,runs/spec_offline/mopo_hopper_seed2/r_spec_push_hopper_eval.json
offline,MOPO,MOPO,theta_p,spec_push_hopper,push_60,2,1,1307.0536,728.7081760907835,602.1520894488673,612.6692385870558,362.6,20,40.7834,10000,last,0,runs/spec_offline/mopo_hopper_seed2/r_spec_push_hopper_eval.json
offline,MOPO,MOPO,theta_p,spec_push_hopper,push_100,2,0,898.7110,607.151262148166,230.7249100746095,263.0819949044365,264.95,20,28.2366,10000,last,0,runs/spec_offline/mopo_hopper_seed2/r_spec_push_hopper_eval.json
offline,MOPO,MOPO,theta_p,spec_push_hopper,push_150,2,0,604.0436,463.4962426174106,55.74938844689707,138.86861268667195,189.35,20,19.1827,10000,last,0,runs/spec_offline/mopo_hopper_seed2/r_spec_push_hopper_eval.json
offline,MOPO,MOPO,theta_p,spec_push_hopper,nominal,3407,0,41.9439,1.1639120666888536,39.114548571878544,40.06287714244475,28.35,20,1.9116,10000,last,0,runs/spec_offline/mopo_hopper_seed3407/r_spec_push_hopper_eval.json
offline,MOPO,MOPO,theta_p,spec_push_hopper,push_30,3407,0,50.0528,24.203912394961105,39.114548571878544,39.90427137635298,31.05,20,2.1607,10000,last,0,runs/spec_offline/mopo_hopper_seed3407/r_spec_push_hopper_eval.json
offline,MOPO,MOPO,theta_p,spec_push_hopper,push_60,3407,1,45.7949,11.884050115123637,38.928773810097596,39.02166119098807,29.0,20,2.0299,10000,last,0,runs/spec_offline/mopo_hopper_seed3407/r_spec_push_hopper_eval.json
offline,MOPO,MOPO,theta_p,spec_push_hopper,push_100,3407,0,44.6664,8.446963375015523,38.65688544879023,38.88571701033439,28.25,20,1.9952,10000,last,0,runs/spec_offline/mopo_hopper_seed3407/r_spec_push_hopper_eval.json
offline,MOPO,MOPO,theta_p,spec_push_hopper,push_150,3407,0,55.6704,41.429716225673204,38.3193154523394,38.71693201210897,31.85,20,2.3333,10000,last,0,runs/spec_offline/mopo_hopper_seed3407/r_spec_push_hopper_eval.json
offline,MOPO,MOPO,theta_p,spec_push_hopper,nominal,42,0,7.8106,0.06671463937944634,7.683559898085355,7.69230949769339,11.0,20,0.8628,10000,last,0,runs/spec_offline/mopo_hopper_seed42/r_spec_push_hopper_eval.json
offline,MOPO,MOPO,theta_p,spec_push_hopper,push_30,42,0,7.9725,0.5485358523255995,7.7010590973014255,7.719585597210078,11.0,20,0.8678,10000,last,0,runs/spec_offline/mopo_hopper_seed42/r_spec_push_hopper_eval.json
offline,MOPO,MOPO,theta_p,spec_push_hopper,push_60,42,1,19.5737,50.92864599824069,7.7010590973014255,7.719585597210078,14.55,20,1.2242,10000,last,0,runs/spec_offline/mopo_hopper_seed42/r_spec_push_hopper_eval.json
offline,MOPO,MOPO,theta_p,spec_push_hopper,push_100,42,0,13.3833,23.732904560619104,7.7010590973014255,7.719585597210078,12.45,20,1.0340,10000,last,0,runs/spec_offline/mopo_hopper_seed42/r_spec_push_hopper_eval.json
offline,MOPO,MOPO,theta_p,spec_push_hopper,push_150,42,0,14.5794,28.123553856840374,7.7010590973014255,7.719585597210078,13.1,20,1.0708,10000,last,0,runs/spec_offline/mopo_hopper_seed42/r_spec_push_hopper_eval.json
offline,MOPO,MOPO,theta_p,spec_timevar_hopper,nominal,0,0,908.4532,16.596098064316298,888.1943171721542,888.7301793534804,255.05,20,28.5360,10000,last,0,runs/spec_offline/mopo_hopper_seed0/r_spec_timevar_hopper_eval.json
offline,MOPO,MOPO,theta_p,spec_timevar_hopper,gear_static_0.8,0,1,516.0997,75.94811458716018,287.6508068330212,288.33341406208876,168.2,20,16.4805,10000,last,0,runs/spec_offline/mopo_hopper_seed0/r_spec_timevar_hopper_eval.json
offline,MOPO,MOPO,theta_p,spec_timevar_hopper,gear_step_0.8,0,0,908.4532,16.596098064316298,888.1943171721542,888.7301793534804,255.05,20,28.5360,10000,last,0,runs/spec_offline/mopo_hopper_seed0/r_spec_timevar_hopper_eval.json
offline,MOPO,MOPO,theta_p,spec_timevar_hopper,gear_ramp_0.8,0,1,712.6046,20.213963771375372,653.2976515022806,653.4337414297777,216.9,20,22.5183,10000,last,0,runs/spec_offline/mopo_hopper_seed0/r_spec_timevar_hopper_eval.json
offline,MOPO,MOPO,theta_p,spec_timevar_hopper,gear_sine_p200,0,0,810.3548,158.44502539803295,677.8264423437174,681.1961994746725,239.5,20,25.5218,10000,last,0,runs/spec_offline/mopo_hopper_seed0/r_spec_timevar_hopper_eval.json
offline,MOPO,MOPO,theta_p,spec_timevar_hopper,gear_sine_p500,0,1,1417.9618,99.33923108819785,1313.3567129571438,1316.543897519001,382.8,20,44.1911,10000,last,0,runs/spec_offline/mopo_hopper_seed0/r_spec_timevar_hopper_eval.json
offline,MOPO,MOPO,theta_p,spec_timevar_hopper,gravity_ramp_1.2,0,0,756.7466,61.327774566920105,688.4307506116502,689.4645184922626,225.4,20,23.8746,10000,last,0,runs/spec_offline/mopo_hopper_seed0/r_spec_timevar_hopper_eval.json
offline,MOPO,MOPO,theta_p,spec_timevar_hopper,nominal,1,0,1936.2487,629.5971517335196,1232.9450473500688,1233.9793502331963,534.75,20,60.1160,10000,last,0,runs/spec_offline/mopo_hopper_seed1/r_spec_timevar_hopper_eval.json
offline,MOPO,MOPO,theta_p,spec_timevar_hopper,gear_static_0.8,1,1,727.7347,6.877565624456274,712.4137455349086,714.0394694024827,228.85,20,22.9832,10000,last,0,runs/spec_offline/mopo_hopper_seed1/r_spec_timevar_hopper_eval.json
offline,MOPO,MOPO,theta_p,spec_timevar_hopper,gear_step_0.8,1,0,1840.9115,467.42112887688154,1232.9450473500688,1233.9793502331963,510.45,20,57.1867,10000,last,0,runs/spec_offline/mopo_hopper_seed1/r_spec_timevar_hopper_eval.json
offline,MOPO,MOPO,theta_p,spec_timevar_hopper,gear_ramp_0.8,1,1,1401.2027,87.85522254848334,1296.3195029133572,1297.677712018467,373.1,20,43.6762,10000,last,0,runs/spec_offline/mopo_hopper_seed1/r_spec_timevar_hopper_eval.json
offline,MOPO,MOPO,theta_p,spec_timevar_hopper,gear_sine_p200,1,0,981.2097,60.415150599510255,933.0190242983264,934.9295786524126,280.1,20,30.7715,10000,last,0,runs/spec_offline/mopo_hopper_seed1/r_spec_timevar_hopper_eval.json
offline,MOPO,MOPO,theta_p,spec_timevar_hopper,gear_sine_p500,1,1,1570.5416,6.514249495918255,1558.2963370980972,1558.83064626033,443.75,20,48.8793,10000,last,0,runs/spec_offline/mopo_hopper_seed1/r_spec_timevar_hopper_eval.json
offline,MOPO,MOPO,theta_p,spec_timevar_hopper,gravity_ramp_1.2,1,0,1381.4041,441.2577480360889,1217.3773387744354,1222.8093928687456,389.95,20,43.0679,10000,last,0,runs/spec_offline/mopo_hopper_seed1/r_spec_timevar_hopper_eval.json
offline,MOPO,MOPO,theta_p,spec_timevar_hopper,nominal,2,0,2497.3891,826.0313166804278,1669.8797347682155,1669.8975904904137,679.8,20,77.3577,10000,last,0,runs/spec_offline/mopo_hopper_seed2/r_spec_timevar_hopper_eval.json
offline,MOPO,MOPO,theta_p,spec_timevar_hopper,gear_static_0.8,2,1,423.2473,1.3944294678593652,420.7708299694787,421.17351429851266,152.25,20,13.6275,10000,last,0,runs/spec_offline/mopo_hopper_seed2/r_spec_timevar_hopper_eval.json
offline,MOPO,MOPO,theta_p,spec_timevar_hopper,gear_step_0.8,2,0,2014.7503,251.55874987604733,1669.8797347682155,1669.8975904904137,551.75,20,62.5281,10000,last,0,runs/spec_offline/mopo_hopper_seed2/r_spec_timevar_hopper_eval.json
offline,MOPO,MOPO,theta_p,spec_timevar_hopper,gear_ramp_0.8,2,1,2391.9042,326.18098131789304,1867.175236381229,1885.0996358415596,654.5,20,74.1165,10000,last,0,runs/spec_offline/mopo_hopper_seed2/r_spec_timevar_hopper_eval.json
offline,MOPO,MOPO,theta_p,spec_timevar_hopper,gear_sine_p200,2,0,1052.6009,5.764080426341583,1042.3749673370594,1043.3040874914789,291.0,20,32.9651,10000,last,0,runs/spec_offline/mopo_hopper_seed2/r_spec_timevar_hopper_eval.json
offline,MOPO,MOPO,theta_p,spec_timevar_hopper,gear_sine_p500,2,1,1628.1287,27.57647921187003,1562.7228849975177,1562.946533983656,465.05,20,50.6487,10000,last,0,runs/spec_offline/mopo_hopper_seed2/r_spec_timevar_hopper_eval.json
offline,MOPO,MOPO,theta_p,spec_timevar_hopper,gravity_ramp_1.2,2,0,2885.6293,714.4247908624583,1368.337539625404,1368.3818650173585,783.95,20,89.2867,10000,last,0,runs/spec_offline/mopo_hopper_seed2/r_spec_timevar_hopper_eval.json
offline,MOPO,MOPO,theta_p,spec_timevar_hopper,nominal,3407,0,41.9439,1.1639120666888536,39.114548571878544,40.06287714244475,28.35,20,1.9116,10000,last,0,runs/spec_offline/mopo_hopper_seed3407/r_spec_timevar_hopper_eval.json
offline,MOPO,MOPO,theta_p,spec_timevar_hopper,gear_static_0.8,3407,1,42.7198,0.9899871810777057,40.802810095396964,40.850415362182304,28.85,20,1.9354,10000,last,0,runs/spec_offline/mopo_hopper_seed3407/r_spec_timevar_hopper_eval.json
offline,MOPO,MOPO,theta_p,spec_timevar_hopper,gear_step_0.8,3407,0,41.9439,1.1639120666888536,39.114548571878544,40.06287714244475,28.35,20,1.9116,10000,last,0,runs/spec_offline/mopo_hopper_seed3407/r_spec_timevar_hopper_eval.json
offline,MOPO,MOPO,theta_p,spec_timevar_hopper,gear_ramp_0.8,3407,1,41.8549,1.1494862896109541,39.11192420963927,40.0690350394504,28.3,20,1.9089,10000,last,0,runs/spec_offline/mopo_hopper_seed3407/r_spec_timevar_hopper_eval.json
offline,MOPO,MOPO,theta_p,spec_timevar_hopper,gear_sine_p200,3407,0,41.8037,1.1047366905960683,39.14824594553031,40.102476855131776,28.25,20,1.9073,10000,last,0,runs/spec_offline/mopo_hopper_seed3407/r_spec_timevar_hopper_eval.json
offline,MOPO,MOPO,theta_p,spec_timevar_hopper,gear_sine_p500,3407,1,41.9578,1.1795361705021086,39.14469204160625,40.09093706872798,28.35,20,1.9120,10000,last,0,runs/spec_offline/mopo_hopper_seed3407/r_spec_timevar_hopper_eval.json
offline,MOPO,MOPO,theta_p,spec_timevar_hopper,gravity_ramp_1.2,3407,0,42.0432,1.1928918213793327,39.12581112366673,40.08354570987301,28.4,20,1.9146,10000,last,0,runs/spec_offline/mopo_hopper_seed3407/r_spec_timevar_hopper_eval.json
offline,MOPO,MOPO,theta_p,spec_timevar_hopper,nominal,42,0,7.8106,0.06671463937944634,7.683559898085355,7.69230949769339,11.0,20,0.8628,10000,last,0,runs/spec_offline/mopo_hopper_seed42/r_spec_timevar_hopper_eval.json
offline,MOPO,MOPO,theta_p,spec_timevar_hopper,gear_static_0.8,42,1,9.2065,0.07712114919978577,9.060361847711253,9.07624310964432,12.0,20,0.9057,10000,last,0,runs/spec_offline/mopo_hopper_seed42/r_spec_timevar_hopper_eval.json
offline,MOPO,MOPO,theta_p,spec_timevar_hopper,gear_step_0.8,42,0,7.8106,0.06671463937944634,7.683559898085355,7.69230949769339,11.0,20,0.8628,10000,last,0,runs/spec_offline/mopo_hopper_seed42/r_spec_timevar_hopper_eval.json
offline,MOPO,MOPO,theta_p,spec_timevar_hopper,gear_ramp_0.8,42,1,7.8102,0.0669883827187121,7.682938859823363,7.6918102781798225,11.0,20,0.8628,10000,last,0,runs/spec_offline/mopo_hopper_seed42/r_spec_timevar_hopper_eval.json
offline,MOPO,MOPO,theta_p,spec_timevar_hopper,gear_sine_p200,42,0,7.8280,0.06489829626359021,7.701544226807947,7.70777679439814,11.0,20,0.8633,10000,last,0,runs/spec_offline/mopo_hopper_seed42/r_spec_timevar_hopper_eval.json
offline,MOPO,MOPO,theta_p,spec_timevar_hopper,gear_sine_p500,42,1,7.8162,0.06421286685979266,7.691171755994278,7.698711911903932,11.0,20,0.8630,10000,last,0,runs/spec_offline/mopo_hopper_seed42/r_spec_timevar_hopper_eval.json
offline,MOPO,MOPO,theta_p,spec_timevar_hopper,gravity_ramp_1.2,42,0,7.8110,0.06668438528224964,7.683994123168333,7.692743559621729,11.0,20,0.8628,10000,last,0,runs/spec_offline/mopo_hopper_seed42/r_spec_timevar_hopper_eval.json
offline,MOPO,MOPO,theta_tau_exec,spec_timing_hopper,nominal,0,0,908.4532,16.596098064316298,888.1943171721542,888.7301793534804,255.05,20,28.5360,10000,last,0,runs/spec_offline/mopo_hopper_seed0/r_spec_timing_hopper_eval.json
offline,MOPO,MOPO,theta_tau_exec,spec_timing_hopper,act_delay_8ms,0,1,643.2191,2.782926118626909,638.9682080190073,639.3486060510049,197.1,20,20.3864,10000,last,0,runs/spec_offline/mopo_hopper_seed0/r_spec_timing_hopper_eval.json
offline,MOPO,MOPO,theta_tau_exec,spec_timing_hopper,act_delay_rand1,0,1,803.2627,131.5108639301576,639.7290040830026,640.4011126802236,232.1,20,25.3039,10000,last,0,runs/spec_offline/mopo_hopper_seed0/r_spec_timing_hopper_eval.json
offline,MOPO,MOPO,theta_tau_exec,spec_timing_hopper,act_delay_rand2,0,0,567.6041,339.7363430193299,14.475214758449106,14.522899354177142,169.25,20,18.0630,10000,last,0,runs/spec_offline/mopo_hopper_seed0/r_spec_timing_hopper_eval.json
offline,MOPO,MOPO,theta_tau_exec,spec_timing_hopper,substep,0,0,603.3179,121.16477209760484,442.6188217809559,451.4930738194239,179.5,20,19.1604,10000,last,0,runs/spec_offline/mopo_hopper_seed0/r_spec_timing_hopper_eval.json
offline,MOPO,MOPO,theta_tau_exec,spec_timing_hopper,obs_delay_4ms,0,1,712.6906,30.63921885165204,649.9513886011238,650.739875971542,216.45,20,22.5210,10000,last,0,runs/spec_offline/mopo_hopper_seed0/r_spec_timing_hopper_eval.json
offline,MOPO,MOPO,theta_tau_exec,spec_timing_hopper,obs_delay_8ms,0,1,642.5911,3.4462196981181554,636.5747528552358,637.0501138496593,199.75,20,20.3671,10000,last,0,runs/spec_offline/mopo_hopper_seed0/r_spec_timing_hopper_eval.json
offline,MOPO,MOPO,theta_tau_exec,spec_timing_hopper,obs_delay_16ms,0,1,521.0877,236.7379438826051,14.248977173966864,14.30530975076977,161.55,20,16.6338,10000,last,0,runs/spec_offline/mopo_hopper_seed0/r_spec_timing_hopper_eval.json
offline,MOPO,MOPO,theta_tau_exec,spec_timing_hopper,nominal,1,0,1936.2487,629.5971517335196,1232.9450473500688,1233.9793502331963,534.75,20,60.1160,10000,last,0,runs/spec_offline/mopo_hopper_seed1/r_spec_timing_hopper_eval.json
offline,MOPO,MOPO,theta_tau_exec,spec_timing_hopper,act_delay_8ms,1,1,891.3959,229.11728809285856,720.0822200163049,720.1109015459947,259.55,20,28.0119,10000,last,0,runs/spec_offline/mopo_hopper_seed1/r_spec_timing_hopper_eval.json
offline,MOPO,MOPO,theta_tau_exec,spec_timing_hopper,act_delay_rand1,1,1,1455.6524,693.134390088267,720.1395830756846,720.4000460957814,410.6,20,45.3492,10000,last,0,runs/spec_offline/mopo_hopper_seed1/r_spec_timing_hopper_eval.json
offline,MOPO,MOPO,theta_tau_exec,spec_timing_hopper,act_delay_rand2,1,0,905.0701,700.8135708237876,15.256649334736256,15.279877715265009,262.15,20,28.4320,10000,last,0,runs/spec_offline/mopo_hopper_seed1/r_spec_timing_hopper_eval.json
offline,MOPO,MOPO,theta_tau_exec,spec_timing_hopper,substep,1,0,1345.1582,414.49923165225385,780.0822983925689,844.0400694296907,368.0,20,41.9542,10000,last,0,runs/spec_offline/mopo_hopper_seed1/r_spec_timing_hopper_eval.json
offline,MOPO,MOPO,theta_tau_exec,spec_timing_hopper,obs_delay_4ms,1,1,1671.5290,419.7361965398183,1278.1229806963336,1281.8510280079395,459.65,20,51.9823,10000,last,0,runs/spec_offline/mopo_hopper_seed1/r_spec_timing_hopper_eval.json
offline,MOPO,MOPO,theta_tau_exec,spec_timing_hopper,obs_delay_8ms,1,1,1341.9990,561.5699246453158,716.0376766262319,718.1090552785287,367.5,20,41.8571,10000,last,0,runs/spec_offline/mopo_hopper_seed1/r_spec_timing_hopper_eval.json
offline,MOPO,MOPO,theta_tau_exec,spec_timing_hopper,obs_delay_16ms,1,1,590.2195,516.0879433593024,14.102980465634078,14.104050256731714,167.2,20,18.7579,10000,last,0,runs/spec_offline/mopo_hopper_seed1/r_spec_timing_hopper_eval.json
offline,MOPO,MOPO,theta_tau_exec,spec_timing_hopper,nominal,2,0,2497.3891,826.0313166804278,1669.8797347682155,1669.8975904904137,679.8,20,77.3577,10000,last,0,runs/spec_offline/mopo_hopper_seed2/r_spec_timing_hopper_eval.json
offline,MOPO,MOPO,theta_tau_exec,spec_timing_hopper,act_delay_8ms,2,1,2203.0263,1672.2642813431473,21.767826253163232,21.865055683633315,596.1,20,68.3131,10000,last,0,runs/spec_offline/mopo_hopper_seed2/r_spec_timing_hopper_eval.json
offline,MOPO,MOPO,theta_tau_exec,spec_timing_hopper,act_delay_rand1,2,1,2587.0971,1205.044527818081,21.962285114103402,22.605108407726235,702.6,20,80.1140,10000,last,0,runs/spec_offline/mopo_hopper_seed2/r_spec_timing_hopper_eval.json
offline,MOPO,MOPO,theta_tau_exec,spec_timing_hopper,act_delay_rand2,2,0,1714.3267,1468.2621703427765,21.962285114103402,22.58639097050941,469.15,20,53.2973,10000,last,0,runs/spec_offline/mopo_hopper_seed2/r_spec_timing_hopper_eval.json
offline,MOPO,MOPO,theta_tau_exec,spec_timing_hopper,substep,2,0,2862.1861,767.5904777109728,1492.5786558221669,1532.1130057176747,771.65,20,88.5664,10000,last,0,runs/spec_offline/mopo_hopper_seed2/r_spec_timing_hopper_eval.json
offline,MOPO,MOPO,theta_tau_exec,spec_timing_hopper,obs_delay_4ms,2,1,3372.2353,392.6834070801462,2559.904574829736,2571.1391009472873,924.6,20,104.2382,10000,last,0,runs/spec_offline/mopo_hopper_seed2/r_spec_timing_hopper_eval.json
offline,MOPO,MOPO,theta_tau_exec,spec_timing_hopper,obs_delay_8ms,2,1,3107.3748,683.2223073596542,1915.8836349962742,1923.773860652758,832.25,20,96.1001,10000,last,0,runs/spec_offline/mopo_hopper_seed2/r_spec_timing_hopper_eval.json
offline,MOPO,MOPO,theta_tau_exec,spec_timing_hopper,obs_delay_16ms,2,1,26.4935,3.8203768976444725,21.780272688746056,22.46897003716081,21.9,20,1.4369,10000,last,0,runs/spec_offline/mopo_hopper_seed2/r_spec_timing_hopper_eval.json
offline,MOPO,MOPO,theta_tau_exec,spec_timing_hopper,nominal,3407,0,41.9439,1.1639120666888536,39.114548571878544,40.06287714244475,28.35,20,1.9116,10000,last,0,runs/spec_offline/mopo_hopper_seed3407/r_spec_timing_hopper_eval.json
offline,MOPO,MOPO,theta_tau_exec,spec_timing_hopper,act_delay_8ms,3407,1,21.6658,2.893932557461878,16.666185370025392,17.280286468551658,18.8,20,1.2885,10000,last,0,runs/spec_offline/mopo_hopper_seed3407/r_spec_timing_hopper_eval.json
offline,MOPO,MOPO,theta_tau_exec,spec_timing_hopper,act_delay_rand1,3407,1,33.9336,10.156070509947783,17.919835456195703,18.105237006090153,24.6,20,1.6655,10000,last,0,runs/spec_offline/mopo_hopper_seed3407/r_spec_timing_hopper_eval.json
offline,MOPO,MOPO,theta_tau_exec,spec_timing_hopper,act_delay_rand2,3407,0,25.6937,11.600445063113655,11.842051164507259,11.965910990260252,20.7,20,1.4123,10000,last,0,runs/spec_offline/mopo_hopper_seed3407/r_spec_timing_hopper_eval.json
offline,MOPO,MOPO,theta_tau_exec,spec_timing_hopper,substep,3407,0,33.0027,4.386953550772293,25.16204657656546,25.85798212127912,22.5,20,1.6369,10000,last,0,runs/spec_offline/mopo_hopper_seed3407/r_spec_timing_hopper_eval.json
offline,MOPO,MOPO,theta_tau_exec,spec_timing_hopper,obs_delay_4ms,3407,1,42.0627,1.2238069221069543,39.135233660023104,39.992012542526,28.45,20,1.9152,10000,last,0,runs/spec_offline/mopo_hopper_seed3407/r_spec_timing_hopper_eval.json
offline,MOPO,MOPO,theta_tau_exec,spec_timing_hopper,obs_delay_8ms,3407,1,37.1340,6.81894226342388,23.702612645942306,23.70826908780038,26.2,20,1.7638,10000,last,0,runs/spec_offline/mopo_hopper_seed3407/r_spec_timing_hopper_eval.json
offline,MOPO,MOPO,theta_tau_exec,spec_timing_hopper,obs_delay_16ms,3407,1,15.1941,1.280402768375753,13.348277007776428,13.353674942731379,15.7,20,1.0897,10000,last,0,runs/spec_offline/mopo_hopper_seed3407/r_spec_timing_hopper_eval.json
offline,MOPO,MOPO,theta_tau_exec,spec_timing_hopper,nominal,42,0,7.8106,0.06671463937944634,7.683559898085355,7.69230949769339,11.0,20,0.8628,10000,last,0,runs/spec_offline/mopo_hopper_seed42/r_spec_timing_hopper_eval.json
offline,MOPO,MOPO,theta_tau_exec,spec_timing_hopper,act_delay_8ms,42,1,7.0487,0.10172960724506641,6.919365133569456,6.947553818072915,10.05,20,0.8394,10000,last,0,runs/spec_offline/mopo_hopper_seed42/r_spec_timing_hopper_eval.json
offline,MOPO,MOPO,theta_tau_exec,spec_timing_hopper,act_delay_rand1,42,1,7.5218,0.381256650704266,6.919365133569456,6.947553818072915,10.65,20,0.8539,10000,last,0,runs/spec_offline/mopo_hopper_seed42/r_spec_timing_hopper_eval.json
offline,MOPO,MOPO,theta_tau_exec,spec_timing_hopper,act_delay_rand2,42,0,6.8924,0.8744409898512422,5.453258931650619,5.464553290621788,9.8,20,0.8346,10000,last,0,runs/spec_offline/mopo_hopper_seed42/r_spec_timing_hopper_eval.json
offline,MOPO,MOPO,theta_tau_exec,spec_timing_hopper,substep,42,0,5.5180,1.2382270979979693,1.9560404903461253,3.1825753461458564,8.3,20,0.7924,10000,last,0,runs/spec_offline/mopo_hopper_seed42/r_spec_timing_hopper_eval.json
offline,MOPO,MOPO,theta_tau_exec,spec_timing_hopper,obs_delay_4ms,42,1,7.4945,0.33782898051819715,6.630008152897782,6.70174224145737,10.85,20,0.8531,10000,last,0,runs/spec_offline/mopo_hopper_seed42/r_spec_timing_hopper_eval.json
offline,MOPO,MOPO,theta_tau_exec,spec_timing_hopper,obs_delay_8ms,42,1,6.7501,0.2213348612533675,6.543329790476562,6.544527374409639,10.1,20,0.8302,10000,last,0,runs/spec_offline/mopo_hopper_seed42/r_spec_timing_hopper_eval.json
offline,MOPO,MOPO,theta_tau_exec,spec_timing_hopper,obs_delay_16ms,42,1,6.2875,0.9153240689242058,5.365618972428022,5.370413406138301,8.9,20,0.8160,10000,last,0,runs/spec_offline/mopo_hopper_seed42/r_spec_timing_hopper_eval.json
